target_date,vintage,generated_at,analog_date,analog_date_2,hour,predicted_lmp,p10,p90,analog_lmp,analog_lmp_2,band_err,backfilled
2026-07-10,pre_dam,2026-10-03T03:06:36.956563+00:00,2025-07-11,2026-07-07,1,47.51,36.94,56.93,64.56,32.64,,True
2026-07-10,pre_dam,2026-10-03T03:06:36.956563+00:00,2025-07-11,2026-07-07,2,42.59,36.62,42.59,47.59,31.11,,True
2026-07-10,pre_dam,2026-10-03T03:06:36.956563+00:00,2025-07-11,2026-07-07,3,40.22,36.31,40.99,41.97,30.27,,True
2026-07-10,pre_dam,2026-10-03T03:06:36.956563+00:00,2025-07-11,2026-07-07,4,37.79,36.0,39.04,38.13,29.34,,True
2026-07-10,pre_dam,2026-10-03T03:06:36.956563+00:00,2025-07-11,2026-07-07,5,37.46,34.82,38.48,45.65,29.34,,True
2026-07-10,pre_dam,2026-10-03T03:06:36.956563+00:00,2025-07-11,2026-07-07,6,37.6,35.32,39.08,41.29,31.12,,True
2026-07-10,pre_dam,2026-10-03T03:06:36.956563+00:00,2025-07-11,2026-07-07,7,47.75,38.53,50.4,53.43,34.96,,True
2026-07-10,pre_dam,2026-10-03T03:06:36.956563+00:00,2025-07-11,2026-07-07,8,55.35,41.09,67.33,57.55,40.67,,True
2026-07-10,pre_dam,2026-10-03T03:06:36.956563+00:00,2025-07-11,2026-07-07,9,61.29,51.29,80.38,65.79,42.42,,True
2026-07-10,pre_dam,2026-10-03T03:06:36.956563+00:00,2025-07-11,2026-07-07,10,88.44,69.64,100.16,79.65,47.74,,True
2026-07-10,pre_dam,2026-10-03T03:06:36.956563+00:00,2025-07-11,2026-07-07,11,91.19,70.25,100.43,84.5,46.8,,True
2026-07-10,pre_dam,2026-10-03T03:06:36.956563+00:00,2025-07-11,2026-07-07,12,87.92,70.73,100.11,84.96,55.66,,True
2026-07-10,pre_dam,2026-10-03T03:06:36.956563+00:00,2025-07-11,2026-07-07,13,74.82,64.14,98.74,90.39,65.88,,True
2026-07-10,pre_dam,2026-10-03T03:06:36.956563+00:00,2025-07-11,2026-07-07,14,75.65,59.31,88.76,94.34,65.84,,True
2026-07-10,pre_dam,2026-10-03T03:06:36.956563+00:00,2025-07-11,2026-07-07,15,86.08,71.27,99.65,93.18,65.82,,True
2026-07-10,pre_dam,2026-10-03T03:06:36.956563+00:00,2025-07-11,2026-07-07,16,75.37,46.53,109.23,96.64,68.82,,True
2026-07-10,pre_dam,2026-10-03T03:06:36.956563+00:00,2025-07-11,2026-07-07,17,68.79,55.91,109.86,91.09,82.86,,True
2026-07-10,pre_dam,2026-10-03T03:06:36.956563+00:00,2025-07-11,2026-07-07,18,81.86,65.47,113.63,93.19,90.3,,True
2026-07-10,pre_dam,2026-10-03T03:06:36.956563+00:00,2025-07-11,2026-07-07,19,88.33,63.93,114.44,97.23,117.82,,True
2026-07-10,pre_dam,2026-10-03T03:06:36.956563+00:00,2025-07-11,2026-07-07,20,95.96,77.33,114.74,95.13,86.31,,True
2026-07-10,pre_dam,2026-10-03T03:06:36.956563+00:00,2025-07-11,2026-07-07,21,77.11,59.9,95.91,91.25,83.06,,True
2026-07-10,pre_dam,2026-10-03T03:06:36.956563+00:00,2025-07-11,2026-07-07,22,73.49,50.48,79.2,57.14,57.57,,True
2026-07-10,pre_dam,2026-10-03T03:06:36.956563+00:00,2025-07-11,2026-07-07,23,52.72,42.83,61.06,48.26,52.46,,True
2026-07-10,pre_dam,2026-10-03T03:06:36.956563+00:00,2025-07-11,2026-07-07,24,47.62,38.51,53.13,45.28,41.89,,True
2026-07-11,pre_dam,2026-10-03T03:09:12.711461+00:00,2026-07-05,2026-07-04,1,51.87,40.11,58.78,38.24,39.5,,True
2026-07-11,pre_dam,2026-10-03T03:09:12.711461+00:00,2026-07-05,2026-07-04,2,46.66,37.19,46.66,31.55,38.97,,True
2026-07-11,pre_dam,2026-10-03T03:09:12.711461+00:00,2026-07-05,2026-07-04,3,39.81,33.35,40.68,31.39,33.35,,True
2026-07-11,pre_dam,2026-10-03T03:09:12.711461+00:00,2026-07-05,2026-07-04,4,38.93,32.42,39.01,26.72,32.54,,True
2026-07-11,pre_dam,2026-10-03T03:09:12.711461+00:00,2026-07-05,2026-07-04,5,41.86,33.0,43.8,28.24,31.22,,True
2026-07-11,pre_dam,2026-10-03T03:09:12.711461+00:00,2026-07-05,2026-07-04,6,41.63,35.1,43.22,25.21,32.0,,True
2026-07-11,pre_dam,2026-10-03T03:09:12.711461+00:00,2026-07-05,2026-07-04,7,44.76,37.14,48.48,30.34,35.37,,True
2026-07-11,pre_dam,2026-10-03T03:09:12.711461+00:00,2026-07-05,2026-07-04,8,49.1,40.39,53.25,31.43,37.63,,True
2026-07-11,pre_dam,2026-10-03T03:09:12.711461+00:00,2026-07-05,2026-07-04,9,49.36,40.57,54.67,34.76,38.05,,True
2026-07-11,pre_dam,2026-10-03T03:09:12.711461+00:00,2026-07-05,2026-07-04,10,51.83,43.74,64.56,40.9,48.26,,True
2026-07-11,pre_dam,2026-10-03T03:09:12.711461+00:00,2026-07-05,2026-07-04,11,61.91,49.06,76.61,39.19,59.77,,True
2026-07-11,pre_dam,2026-10-03T03:09:12.711461+00:00,2026-07-05,2026-07-04,12,63.84,49.04,86.89,41.5,71.26,,True
2026-07-11,pre_dam,2026-10-03T03:09:12.711461+00:00,2026-07-05,2026-07-04,13,73.63,55.64,99.38,49.97,79.73,,True
2026-07-11,pre_dam,2026-10-03T03:09:12.711461+00:00,2026-07-05,2026-07-04,14,71.87,56.33,97.83,49.02,62.73,,True
2026-07-11,pre_dam,2026-10-03T03:09:12.711461+00:00,2026-07-05,2026-07-04,15,71.98,57.3,95.48,52.08,61.27,,True
2026-07-11,pre_dam,2026-10-03T03:09:12.711461+00:00,2026-07-05,2026-07-04,16,68.89,56.21,94.32,55.61,61.89,,True
2026-07-11,pre_dam,2026-10-03T03:09:12.711461+00:00,2026-07-05,2026-07-04,17,81.04,70.05,101.35,72.99,122.06,,True
2026-07-11,pre_dam,2026-10-03T03:09:12.711461+00:00,2026-07-05,2026-07-04,18,87.6,73.96,111.58,72.83,65.3,,True
2026-07-11,pre_dam,2026-10-03T03:09:12.711461+00:00,2026-07-05,2026-07-04,19,90.8,71.66,110.57,75.41,92.22,,True
2026-07-11,pre_dam,2026-10-03T03:09:12.711461+00:00,2026-07-05,2026-07-04,20,109.39,84.66,114.04,67.64,62.7,,True
2026-07-11,pre_dam,2026-10-03T03:09:12.711461+00:00,2026-07-05,2026-07-04,21,84.82,60.18,106.92,51.87,60.08,,True
2026-07-11,pre_dam,2026-10-03T03:09:12.711461+00:00,2026-07-05,2026-07-04,22,74.8,61.16,95.74,46.01,65.01,,True
2026-07-11,pre_dam,2026-10-03T03:09:12.711461+00:00,2026-07-05,2026-07-04,23,51.2,43.0,59.12,42.16,46.33,,True
2026-07-11,pre_dam,2026-10-03T03:09:12.711461+00:00,2026-07-05,2026-07-04,24,44.15,38.59,53.0,35.22,43.38,,True
2026-07-12,pre_dam,2026-10-03T03:11:57.395574+00:00,2026-07-11,2026-07-05,1,47.03,37.43,63.7,49.9,38.24,,True
2026-07-12,pre_dam,2026-10-03T03:11:57.395574+00:00,2026-07-11,2026-07-05,2,37.44,30.88,45.76,39.37,31.55,,True
2026-07-12,pre_dam,2026-10-03T03:11:57.395574+00:00,2026-07-11,2026-07-05,3,34.71,29.79,43.41,38.1,31.39,,True
2026-07-12,pre_dam,2026-10-03T03:11:57.395574+00:00,2026-07-11,2026-07-05,4,32.86,28.48,36.0,35.22,26.72,,True
2026-07-12,pre_dam,2026-10-03T03:11:57.395574+00:00,2026-07-11,2026-07-05,5,29.73,21.87,33.72,32.56,28.24,,True
2026-07-12,pre_dam,2026-10-03T03:11:57.395574+00:00,2026-07-11,2026-07-05,6,29.31,21.45,33.46,33.21,25.21,,True
2026-07-12,pre_dam,2026-10-03T03:11:57.395574+00:00,2026-07-11,2026-07-05,7,34.58,33.71,36.17,36.13,30.34,,True
2026-07-12,pre_dam,2026-10-03T03:11:57.395574+00:00,2026-07-11,2026-07-05,8,38.52,35.44,41.74,40.49,31.43,,True
2026-07-12,pre_dam,2026-10-03T03:11:57.395574+00:00,2026-07-11,2026-07-05,9,41.12,37.06,43.13,45.85,34.76,,True
2026-07-12,pre_dam,2026-10-03T03:11:57.395574+00:00,2026-07-11,2026-07-05,10,41.2,38.47,47.44,47.0,40.9,,True
2026-07-12,pre_dam,2026-10-03T03:11:57.395574+00:00,2026-07-11,2026-07-05,11,48.19,40.47,56.25,50.82,39.19,,True
2026-07-12,pre_dam,2026-10-03T03:11:57.395574+00:00,2026-07-11,2026-07-05,12,48.47,44.11,61.02,56.33,41.5,,True
2026-07-12,pre_dam,2026-10-03T03:11:57.395574+00:00,2026-07-11,2026-07-05,13,55.66,50.52,73.45,61.49,49.97,,True
2026-07-12,pre_dam,2026-10-03T03:11:57.395574+00:00,2026-07-11,2026-07-05,14,55.76,49.93,75.87,62.25,49.02,,True
2026-07-12,pre_dam,2026-10-03T03:11:57.395574+00:00,2026-07-11,2026-07-05,15,63.66,52.42,75.43,54.66,52.08,,True
2026-07-12,pre_dam,2026-10-03T03:11:57.395574+00:00,2026-07-11,2026-07-05,16,65.48,56.86,82.9,71.85,55.61,,True
2026-07-12,pre_dam,2026-10-03T03:11:57.395574+00:00,2026-07-11,2026-07-05,17,73.29,60.51,89.84,80.04,72.99,,True
2026-07-12,pre_dam,2026-10-03T03:11:57.395574+00:00,2026-07-11,2026-07-05,18,89.98,71.44,100.03,78.67,72.83,,True
2026-07-12,pre_dam,2026-10-03T03:11:57.395574+00:00,2026-07-11,2026-07-05,19,89.86,66.08,106.33,83.46,75.41,,True
2026-07-12,pre_dam,2026-10-03T03:11:57.395574+00:00,2026-07-11,2026-07-05,20,103.31,78.41,110.08,81.6,67.64,,True
2026-07-12,pre_dam,2026-10-03T03:11:57.395574+00:00,2026-07-11,2026-07-05,21,77.82,57.97,84.92,76.7,51.87,,True
2026-07-12,pre_dam,2026-10-03T03:11:57.395574+00:00,2026-07-11,2026-07-05,22,61.91,50.9,77.28,67.18,46.01,,True
2026-07-12,pre_dam,2026-10-03T03:11:57.395574+00:00,2026-07-11,2026-07-05,23,52.37,45.53,63.27,53.79,42.16,,True
2026-07-12,pre_dam,2026-10-03T03:11:57.395574+00:00,2026-07-11,2026-07-05,24,43.96,38.14,47.36,46.4,35.22,,True
2026-07-13,pre_dam,2026-10-03T03:13:46.327902+00:00,2025-08-13,2025-07-25,1,40.15,34.69,47.37,59.65,66.5,,True
2026-07-13,pre_dam,2026-10-03T03:13:46.327902+00:00,2025-08-13,2025-07-25,2,36.23,31.23,43.38,47.11,44.18,,True
2026-07-13,pre_dam,2026-10-03T03:13:46.327902+00:00,2025-08-13,2025-07-25,3,36.63,31.15,42.08,39.8,43.27,,True
2026-07-13,pre_dam,2026-10-03T03:13:46.327902+00:00,2025-08-13,2025-07-25,4,34.01,29.76,40.69,37.68,38.68,,True
2026-07-13,pre_dam,2026-10-03T03:13:46.327902+00:00,2025-08-13,2025-07-25,5,34.98,29.27,37.71,37.76,33.6,,True
2026-07-13,pre_dam,2026-10-03T03:13:46.327902+00:00,2025-08-13,2025-07-25,6,35.97,29.26,39.41,38.13,33.65,,True
2026-07-13,pre_dam,2026-10-03T03:13:46.327902+00:00,2025-08-13,2025-07-25,7,37.74,32.75,41.1,45.8,38.83,,True
2026-07-13,pre_dam,2026-10-03T03:13:46.327902+00:00,2025-08-13,2025-07-25,8,49.74,38.81,51.12,58.85,48.77,,True
2026-07-13,pre_dam,2026-10-03T03:13:46.327902+00:00,2025-08-13,2025-07-25,9,51.88,40.23,67.99,76.56,64.2,,True
2026-07-13,pre_dam,2026-10-03T03:13:46.327902+00:00,2025-08-13,2025-07-25,10,54.97,47.82,70.83,114.86,77.02,,True
2026-07-13,pre_dam,2026-10-03T03:13:46.327902+00:00,2025-08-13,2025-07-25,11,69.41,61.44,84.01,118.75,92.2,,True
2026-07-13,pre_dam,2026-10-03T03:13:46.327902+00:00,2025-08-13,2025-07-25,12,77.61,66.81,96.6,127.41,108.01,,True
2026-07-13,pre_dam,2026-10-03T03:13:46.327902+00:00,2025-08-13,2025-07-25,13,90.14,69.81,104.37,123.98,106.04,,True
2026-07-13,pre_dam,2026-10-03T03:13:46.327902+00:00,2025-08-13,2025-07-25,14,97.59,69.27,104.11,115.63,107.26,,True
2026-07-13,pre_dam,2026-10-03T03:13:46.327902+00:00,2025-08-13,2025-07-25,15,103.81,70.84,119.0,121.36,107.25,,True
2026-07-13,pre_dam,2026-10-03T03:13:46.327902+00:00,2025-08-13,2025-07-25,16,101.62,79.31,134.18,166.68,171.3,,True
2026-07-13,pre_dam,2026-10-03T03:13:46.327902+00:00,2025-08-13,2025-07-25,17,104.72,69.47,129.55,204.99,194.86,,True
2026-07-13,pre_dam,2026-10-03T03:13:46.327902+00:00,2025-08-13,2025-07-25,18,137.35,85.07,173.65,198.06,197.64,,True
2026-07-13,pre_dam,2026-10-03T03:13:46.327902+00:00,2025-08-13,2025-07-25,19,147.36,85.58,162.01,167.37,208.95,,True
2026-07-13,pre_dam,2026-10-03T03:13:46.327902+00:00,2025-08-13,2025-07-25,20,154.57,81.95,167.81,155.47,177.28,,True
2026-07-13,pre_dam,2026-10-03T03:13:46.327902+00:00,2025-08-13,2025-07-25,21,136.65,81.38,158.82,119.67,131.69,,True
2026-07-13,pre_dam,2026-10-03T03:13:46.327902+00:00,2025-08-13,2025-07-25,22,74.96,69.87,95.27,112.86,81.37,,True
2026-07-13,pre_dam,2026-10-03T03:13:46.327902+00:00,2025-08-13,2025-07-25,23,64.96,52.36,83.93,61.82,59.2,,True
2026-07-13,pre_dam,2026-10-03T03:13:46.327902+00:00,2025-08-13,2025-07-25,24,46.73,40.79,51.0,44.66,38.99,,True
2026-07-14,pre_dam,2026-10-03T03:15:38.970031+00:00,2025-06-24,2025-06-23,1,41.62,34.15,42.73,77.72,59.48,,True
2026-07-14,pre_dam,2026-10-03T03:15:38.970031+00:00,2025-06-24,2025-06-23,2,37.03,30.32,37.63,61.19,50.12,,True
2026-07-14,pre_dam,2026-10-03T03:15:38.970031+00:00,2025-06-24,2025-06-23,3,35.53,28.92,38.56,52.23,45.91,,True
2026-07-14,pre_dam,2026-10-03T03:15:38.970031+00:00,2025-06-24,2025-06-23,4,34.18,28.85,38.14,50.6,39.36,,True
2026-07-14,pre_dam,2026-10-03T03:15:38.970031+00:00,2025-06-24,2025-06-23,5,36.16,28.38,38.63,45.51,40.31,,True
2026-07-14,pre_dam,2026-10-03T03:15:38.970031+00:00,2025-06-24,2025-06-23,6,45.36,36.66,76.6,42.59,40.15,,True
2026-07-14,pre_dam,2026-10-03T03:15:38.970031+00:00,2025-06-24,2025-06-23,7,40.3,40.3,52.93,67.96,61.98,,True
2026-07-14,pre_dam,2026-10-03T03:15:38.970031+00:00,2025-06-24,2025-06-23,8,58.0,49.22,64.78,75.81,82.95,,True
2026-07-14,pre_dam,2026-10-03T03:15:38.970031+00:00,2025-06-24,2025-06-23,9,61.14,57.02,76.6,91.04,84.99,,True
2026-07-14,pre_dam,2026-10-03T03:15:38.970031+00:00,2025-06-24,2025-06-23,10,75.2,64.99,87.57,91.49,88.51,,True
2026-07-14,pre_dam,2026-10-03T03:15:38.970031+00:00,2025-06-24,2025-06-23,11,100.01,78.16,114.23,96.4,52.2,,True
2026-07-14,pre_dam,2026-10-03T03:15:38.970031+00:00,2025-06-24,2025-06-23,12,111.14,81.36,128.77,149.55,129.92,,True
2026-07-14,pre_dam,2026-10-03T03:15:38.970031+00:00,2025-06-24,2025-06-23,13,128.76,76.95,145.07,174.28,132.84,,True
2026-07-14,pre_dam,2026-10-03T03:15:38.970031+00:00,2025-06-24,2025-06-23,14,129.36,69.44,136.5,172.37,142.03,,True
2026-07-14,pre_dam,2026-10-03T03:15:38.970031+00:00,2025-06-24,2025-06-23,15,136.9,70.75,143.34,180.2,140.9,,True
2026-07-14,pre_dam,2026-10-03T03:15:38.970031+00:00,2025-06-24,2025-06-23,16,146.66,69.37,146.66,201.2,82.99,,True
2026-07-14,pre_dam,2026-10-03T03:15:38.970031+00:00,2025-06-24,2025-06-23,17,126.17,63.64,130.35,212.87,158.37,,True
2026-07-14,pre_dam,2026-10-03T03:15:38.970031+00:00,2025-06-24,2025-06-23,18,144.65,64.89,144.65,217.06,123.52,,True
2026-07-14,pre_dam,2026-10-03T03:15:38.970031+00:00,2025-06-24,2025-06-23,19,166.15,69.17,166.15,232.71,234.83,,True
2026-07-14,pre_dam,2026-10-03T03:15:38.970031+00:00,2025-06-24,2025-06-23,20,176.21,79.76,176.21,230.94,213.74,,True
2026-07-14,pre_dam,2026-10-03T03:15:38.970031+00:00,2025-06-24,2025-06-23,21,167.13,79.48,186.18,181.82,170.72,,True
2026-07-14,pre_dam,2026-10-03T03:15:38.970031+00:00,2025-06-24,2025-06-23,22,124.52,76.37,136.99,102.65,102.25,,True
2026-07-14,pre_dam,2026-10-03T03:15:38.970031+00:00,2025-06-24,2025-06-23,23,95.23,63.43,123.98,79.47,75.1,,True
2026-07-14,pre_dam,2026-10-03T03:15:38.970031+00:00,2025-06-24,2025-06-23,24,68.18,49.08,68.18,78.12,56.1,,True
2026-07-16,pre_dam,2026-10-03T03:17:29.482460+00:00,2026-07-15,2025-06-25,1,57.9,40.6,72.8,62.88,80.23,,True
2026-07-16,pre_dam,2026-10-03T03:17:29.482460+00:00,2026-07-15,2025-06-25,2,52.26,40.24,53.6,58.99,60.84,,True
2026-07-16,pre_dam,2026-10-03T03:17:29.482460+00:00,2026-07-15,2025-06-25,3,49.53,40.8,54.29,53.81,48.74,,True
2026-07-16,pre_dam,2026-10-03T03:17:29.482460+00:00,2026-07-15,2025-06-25,4,45.27,39.84,53.21,50.38,28.22,,True
2026-07-16,pre_dam,2026-10-03T03:17:29.482460+00:00,2026-07-15,2025-06-25,5,46.18,37.77,51.99,46.5,27.98,,True
2026-07-16,pre_dam,2026-10-03T03:17:29.482460+00:00,2026-07-15,2025-06-25,6,46.62,37.68,55.65,48.89,38.35,,True
2026-07-16,pre_dam,2026-10-03T03:17:29.482460+00:00,2026-07-15,2025-06-25,7,55.58,39.78,65.92,71.45,46.98,,True
2026-07-16,pre_dam,2026-10-03T03:17:29.482460+00:00,2026-07-15,2025-06-25,8,106.25,49.4,109.22,126.33,73.92,,True
2026-07-16,pre_dam,2026-10-03T03:17:29.482460+00:00,2026-07-15,2025-06-25,9,112.62,52.29,142.92,125.47,70.45,,True
2026-07-16,pre_dam,2026-10-03T03:17:29.482460+00:00,2026-07-15,2025-06-25,10,111.94,59.16,153.88,163.04,71.79,,True
2026-07-16,pre_dam,2026-10-03T03:17:29.482460+00:00,2026-07-15,2025-06-25,11,110.05,57.13,158.84,163.22,71.51,,True
2026-07-16,pre_dam,2026-10-03T03:17:29.482460+00:00,2026-07-15,2025-06-25,12,119.56,58.35,170.14,163.3,86.87,,True
2026-07-16,pre_dam,2026-10-03T03:17:29.482460+00:00,2026-07-15,2025-06-25,13,128.65,61.83,180.14,186.63,99.29,,True
2026-07-16,pre_dam,2026-10-03T03:17:29.482460+00:00,2026-07-15,2025-06-25,14,121.05,62.23,154.66,188.45,103.81,,True
2026-07-16,pre_dam,2026-10-03T03:17:29.482460+00:00,2026-07-15,2025-06-25,15,127.38,60.52,158.25,160.11,94.01,,True
2026-07-16,pre_dam,2026-10-03T03:17:29.482460+00:00,2026-07-15,2025-06-25,16,127.64,60.93,159.42,152.35,123.66,,True
2026-07-16,pre_dam,2026-10-03T03:17:29.482460+00:00,2026-07-15,2025-06-25,17,133.45,60.56,156.65,154.83,198.77,,True
2026-07-16,pre_dam,2026-10-03T03:17:29.482460+00:00,2026-07-15,2025-06-25,18,125.69,62.86,170.97,154.94,243.71,,True
2026-07-16,pre_dam,2026-10-03T03:17:29.482460+00:00,2026-07-15,2025-06-25,19,131.81,65.1,173.04,177.84,229.01,,True
2026-07-16,pre_dam,2026-10-03T03:17:29.482460+00:00,2026-07-15,2025-06-25,20,125.54,66.35,161.17,166.93,177.98,,True
2026-07-16,pre_dam,2026-10-03T03:17:29.482460+00:00,2026-07-15,2025-06-25,21,103.06,61.1,134.46,118.02,93.32,,True
2026-07-16,pre_dam,2026-10-03T03:17:29.482460+00:00,2026-07-15,2025-06-25,22,89.38,60.35,121.12,94.18,76.66,,True
2026-07-16,pre_dam,2026-10-03T03:17:29.482460+00:00,2026-07-15,2025-06-25,23,66.88,48.19,97.73,92.53,59.77,,True
2026-07-16,pre_dam,2026-10-03T03:17:29.482460+00:00,2026-07-15,2025-06-25,24,51.24,38.58,57.95,57.98,46.44,,True
2026-07-18,pre_dam,2026-10-03T03:19:13.708548+00:00,2025-08-17,2025-06-28,1,36.85,30.33,42.03,67.16,24.83,,True
2026-07-18,pre_dam,2026-10-03T03:19:13.708548+00:00,2025-08-17,2025-06-28,2,31.29,24.8,33.5,63.12,21.13,,True
2026-07-18,pre_dam,2026-10-03T03:19:13.708548+00:00,2025-08-17,2025-06-28,3,26.96,20.09,32.58,43.63,15.09,,True
2026-07-18,pre_dam,2026-10-03T03:19:13.708548+00:00,2025-08-17,2025-06-28,4,26.89,18.33,31.69,39.68,17.05,,True
2026-07-18,pre_dam,2026-10-03T03:19:13.708548+00:00,2025-08-17,2025-06-28,5,27.55,17.87,32.76,39.84,15.01,,True
2026-07-18,pre_dam,2026-10-03T03:19:13.708548+00:00,2025-08-17,2025-06-28,6,30.69,22.15,34.0,37.97,14.53,,True
2026-07-18,pre_dam,2026-10-03T03:19:13.708548+00:00,2025-08-17,2025-06-28,7,34.78,28.68,39.36,35.26,23.99,,True
2026-07-18,pre_dam,2026-10-03T03:19:13.708548+00:00,2025-08-17,2025-06-28,8,40.95,31.54,43.61,37.62,30.73,,True
2026-07-18,pre_dam,2026-10-03T03:19:13.708548+00:00,2025-08-17,2025-06-28,9,42.03,35.67,51.64,39.33,38.22,,True
2026-07-18,pre_dam,2026-10-03T03:19:13.708548+00:00,2025-08-17,2025-06-28,10,43.78,36.36,53.5,42.42,42.83,,True
2026-07-18,pre_dam,2026-10-03T03:19:13.708548+00:00,2025-08-17,2025-06-28,11,45.33,35.91,52.55,52.42,47.56,,True
2026-07-18,pre_dam,2026-10-03T03:19:13.708548+00:00,2025-08-17,2025-06-28,12,47.48,35.93,55.12,60.04,61.56,,True
2026-07-18,pre_dam,2026-10-03T03:19:13.708548+00:00,2025-08-17,2025-06-28,13,49.6,38.89,59.51,68.1,65.34,,True
2026-07-18,pre_dam,2026-10-03T03:19:13.708548+00:00,2025-08-17,2025-06-28,14,47.09,37.19,56.18,67.9,60.23,,True
2026-07-18,pre_dam,2026-10-03T03:19:13.708548+00:00,2025-08-17,2025-06-28,15,47.61,38.38,57.68,74.44,50.77,,True
2026-07-18,pre_dam,2026-10-03T03:19:13.708548+00:00,2025-08-17,2025-06-28,16,48.46,36.67,55.63,83.34,46.46,,True
2026-07-18,pre_dam,2026-10-03T03:19:13.708548+00:00,2025-08-17,2025-06-28,17,47.51,41.39,60.13,113.97,54.78,,True
2026-07-18,pre_dam,2026-10-03T03:19:13.708548+00:00,2025-08-17,2025-06-28,18,48.32,36.94,54.69,108.28,70.18,,True
2026-07-18,pre_dam,2026-10-03T03:19:13.708548+00:00,2025-08-17,2025-06-28,19,54.4,44.96,64.2,97.8,75.01,,True
2026-07-18,pre_dam,2026-10-03T03:19:13.708548+00:00,2025-08-17,2025-06-28,20,50.67,42.86,58.45,67.52,75.63,,True
2026-07-18,pre_dam,2026-10-03T03:19:13.708548+00:00,2025-08-17,2025-06-28,21,47.27,36.53,54.46,72.66,51.24,,True
2026-07-18,pre_dam,2026-10-03T03:19:13.708548+00:00,2025-08-17,2025-06-28,22,45.15,35.77,47.28,43.91,46.3,,True
2026-07-18,pre_dam,2026-10-03T03:19:13.708548+00:00,2025-08-17,2025-06-28,23,39.14,33.17,42.19,38.51,38.47,,True
2026-07-18,pre_dam,2026-10-03T03:19:13.708548+00:00,2025-08-17,2025-06-28,24,35.97,32.13,41.7,39.73,38.13,,True
2026-07-20,pre_dam,2026-10-03T03:20:58.299829+00:00,2025-07-03,2025-08-05,1,31.31,28.91,37.64,66.49,51.01,,True
2026-07-20,pre_dam,2026-10-03T03:20:58.299829+00:00,2025-07-03,2025-08-05,2,29.51,28.56,34.35,43.44,45.36,,True
2026-07-20,pre_dam,2026-10-03T03:20:58.299829+00:00,2025-07-03,2025-08-05,3,27.72,22.61,33.5,38.6,43.39,,True
2026-07-20,pre_dam,2026-10-03T03:20:58.299829+00:00,2025-07-03,2025-08-05,4,27.07,23.03,33.57,37.15,42.23,,True
2026-07-20,pre_dam,2026-10-03T03:20:58.299829+00:00,2025-07-03,2025-08-05,5,29.22,24.42,35.14,36.18,45.31,,True
2026-07-20,pre_dam,2026-10-03T03:20:58.299829+00:00,2025-07-03,2025-08-05,6,29.6,25.2,36.45,36.04,35.87,,True
2026-07-20,pre_dam,2026-10-03T03:20:58.299829+00:00,2025-07-03,2025-08-05,7,33.25,27.02,38.2,41.65,40.99,,True
2026-07-20,pre_dam,2026-10-03T03:20:58.299829+00:00,2025-07-03,2025-08-05,8,35.18,29.3,39.3,46.85,39.01,,True
2026-07-20,pre_dam,2026-10-03T03:20:58.299829+00:00,2025-07-03,2025-08-05,9,35.59,32.81,40.46,48.14,37.54,,True
2026-07-20,pre_dam,2026-10-03T03:20:58.299829+00:00,2025-07-03,2025-08-05,10,41.5,37.94,43.35,49.34,40.88,,True
2026-07-20,pre_dam,2026-10-03T03:20:58.299829+00:00,2025-07-03,2025-08-05,11,41.78,36.21,46.0,56.95,45.51,,True
2026-07-20,pre_dam,2026-10-03T03:20:58.299829+00:00,2025-07-03,2025-08-05,12,43.98,38.63,50.27,69.8,64.07,,True
2026-07-20,pre_dam,2026-10-03T03:20:58.299829+00:00,2025-07-03,2025-08-05,13,47.67,40.03,51.11,77.26,69.69,,True
2026-07-20,pre_dam,2026-10-03T03:20:58.299829+00:00,2025-07-03,2025-08-05,14,46.67,38.35,47.89,84.97,70.93,,True
2026-07-20,pre_dam,2026-10-03T03:20:58.299829+00:00,2025-07-03,2025-08-05,15,49.99,39.78,56.64,87.1,87.11,,True
2026-07-20,pre_dam,2026-10-03T03:20:58.299829+00:00,2025-07-03,2025-08-05,16,55.94,38.83,68.43,78.7,85.78,,True
2026-07-20,pre_dam,2026-10-03T03:20:58.299829+00:00,2025-07-03,2025-08-05,17,64.61,43.36,74.45,86.72,80.5,,True
2026-07-20,pre_dam,2026-10-03T03:20:58.299829+00:00,2025-07-03,2025-08-05,18,69.54,44.58,69.54,90.54,89.52,,True
2026-07-20,pre_dam,2026-10-03T03:20:58.299829+00:00,2025-07-03,2025-08-05,19,74.69,50.41,74.69,95.71,95.81,,True
2026-07-20,pre_dam,2026-10-03T03:20:58.299829+00:00,2025-07-03,2025-08-05,20,65.18,48.49,65.18,100.7,95.12,,True
2026-07-20,pre_dam,2026-10-03T03:20:58.299829+00:00,2025-07-03,2025-08-05,21,50.94,41.78,63.09,88.3,89.68,,True
2026-07-20,pre_dam,2026-10-03T03:20:58.299829+00:00,2025-07-03,2025-08-05,22,46.83,41.51,58.57,65.99,63.77,,True
2026-07-20,pre_dam,2026-10-03T03:20:58.299829+00:00,2025-07-03,2025-08-05,23,42.37,35.71,46.68,49.05,41.16,,True
2026-07-20,pre_dam,2026-10-03T03:20:58.299829+00:00,2025-07-03,2025-08-05,24,35.52,30.85,35.52,48.15,37.17,,True
2026-07-21,pre_dam,2026-10-03T03:23:01.555303+00:00,2025-06-19,2026-05-19,1,32.53,22.62,33.88,45.04,1.57,,True
2026-07-21,pre_dam,2026-10-03T03:23:01.555303+00:00,2025-06-19,2026-05-19,2,27.55,21.22,32.86,13.25,1.04,,True
2026-07-21,pre_dam,2026-10-03T03:23:01.555303+00:00,2025-06-19,2026-05-19,3,21.59,17.03,27.15,12.09,1.3,,True
2026-07-21,pre_dam,2026-10-03T03:23:01.555303+00:00,2025-06-19,2026-05-19,4,20.47,16.39,23.93,15.69,1.67,,True
2026-07-21,pre_dam,2026-10-03T03:23:01.555303+00:00,2025-06-19,2026-05-19,5,23.77,20.83,28.45,12.35,0.95,,True
2026-07-21,pre_dam,2026-10-03T03:23:01.555303+00:00,2025-06-19,2026-05-19,6,27.71,22.08,29.35,28.65,-0.93,,True
2026-07-21,pre_dam,2026-10-03T03:23:01.555303+00:00,2025-06-19,2026-05-19,7,33.13,30.71,37.66,32.69,-1.6,,True
2026-07-21,pre_dam,2026-10-03T03:23:01.555303+00:00,2025-06-19,2026-05-19,8,37.82,33.4,40.5,35.64,-1.42,,True
2026-07-21,pre_dam,2026-10-03T03:23:01.555303+00:00,2025-06-19,2026-05-19,9,38.29,34.19,41.43,34.41,-0.42,,True
2026-07-21,pre_dam,2026-10-03T03:23:01.555303+00:00,2025-06-19,2026-05-19,10,38.42,35.17,46.71,38.4,-92.06,,True
2026-07-21,pre_dam,2026-10-03T03:23:01.555303+00:00,2025-06-19,2026-05-19,11,43.71,35.63,47.18,41.32,-92.17,,True
2026-07-21,pre_dam,2026-10-03T03:23:01.555303+00:00,2025-06-19,2026-05-19,12,41.56,36.33,49.06,67.77,-4.19,,True
2026-07-21,pre_dam,2026-10-03T03:23:01.555303+00:00,2025-06-19,2026-05-19,13,43.75,36.81,50.33,68.52,1.24,,True
2026-07-21,pre_dam,2026-10-03T03:23:01.555303+00:00,2025-06-19,2026-05-19,14,46.42,35.07,49.93,66.69,4.39,,True
2026-07-21,pre_dam,2026-10-03T03:23:01.555303+00:00,2025-06-19,2026-05-19,15,46.88,38.29,50.2,75.86,4.4,,True
2026-07-21,pre_dam,2026-10-03T03:23:01.555303+00:00,2025-06-19,2026-05-19,16,49.41,37.13,52.17,74.16,4.27,,True
2026-07-21,pre_dam,2026-10-03T03:23:01.555303+00:00,2025-06-19,2026-05-19,17,50.52,43.0,55.8,75.21,0.52,,True
2026-07-21,pre_dam,2026-10-03T03:23:01.555303+00:00,2025-06-19,2026-05-19,18,57.84,44.27,64.63,76.02,-0.37,,True
2026-07-21,pre_dam,2026-10-03T03:23:01.555303+00:00,2025-06-19,2026-05-19,19,50.47,43.87,63.25,67.05,-0.4,,True
2026-07-21,pre_dam,2026-10-03T03:23:01.555303+00:00,2025-06-19,2026-05-19,20,54.45,41.58,60.38,72.83,1.18,,True
2026-07-21,pre_dam,2026-10-03T03:23:01.555303+00:00,2025-06-19,2026-05-19,21,47.53,37.35,49.97,58.45,1.81,,True
2026-07-21,pre_dam,2026-10-03T03:23:01.555303+00:00,2025-06-19,2026-05-19,22,43.05,35.34,46.17,44.86,2.19,,True
2026-07-21,pre_dam,2026-10-03T03:23:01.555303+00:00,2025-06-19,2026-05-19,23,38.61,32.06,42.1,33.79,4.52,,True
2026-07-21,pre_dam,2026-10-03T03:23:01.555303+00:00,2025-06-19,2026-05-19,24,32.54,27.69,39.02,32.82,5.24,,True
2026-07-23,pre_dam,2026-10-03T03:24:52.505655+00:00,2025-09-18,2025-08-04,1,29.4,20.97,30.87,43.56,57.27,,True
2026-07-23,pre_dam,2026-10-03T03:24:52.505655+00:00,2025-09-18,2025-08-04,2,25.56,20.57,29.78,42.95,41.99,,True
2026-07-23,pre_dam,2026-10-03T03:24:52.505655+00:00,2025-09-18,2025-08-04,3,25.54,20.07,30.0,38.83,38.1,,True
2026-07-23,pre_dam,2026-10-03T03:24:52.505655+00:00,2025-09-18,2025-08-04,4,25.53,20.3,29.75,40.52,36.68,,True
2026-07-23,pre_dam,2026-10-03T03:24:52.505655+00:00,2025-09-18,2025-08-04,5,27.21,20.57,30.96,40.72,39.14,,True
2026-07-23,pre_dam,2026-10-03T03:24:52.505655+00:00,2025-09-18,2025-08-04,6,26.9,23.49,32.29,42.11,35.15,,True
2026-07-23,pre_dam,2026-10-03T03:24:52.505655+00:00,2025-09-18,2025-08-04,7,32.13,23.66,34.84,48.66,34.14,,True
2026-07-23,pre_dam,2026-10-03T03:24:52.505655+00:00,2025-09-18,2025-08-04,8,34.9,23.11,36.3,46.48,37.28,,True
2026-07-23,pre_dam,2026-10-03T03:24:52.505655+00:00,2025-09-18,2025-08-04,9,34.46,24.43,37.48,44.67,36.92,,True
2026-07-23,pre_dam,2026-10-03T03:24:52.505655+00:00,2025-09-18,2025-08-04,10,33.99,23.28,38.41,42.15,41.01,,True
2026-07-23,pre_dam,2026-10-03T03:24:52.505655+00:00,2025-09-18,2025-08-04,11,35.32,23.66,38.22,44.28,46.23,,True
2026-07-23,pre_dam,2026-10-03T03:24:52.505655+00:00,2025-09-18,2025-08-04,12,35.25,24.03,38.64,43.25,61.06,,True
2026-07-23,pre_dam,2026-10-03T03:24:52.505655+00:00,2025-09-18,2025-08-04,13,35.43,24.5,40.75,52.5,65.52,,True
2026-07-23,pre_dam,2026-10-03T03:24:52.505655+00:00,2025-09-18,2025-08-04,14,39.03,25.07,40.04,59.72,71.31,,True
2026-07-23,pre_dam,2026-10-03T03:24:52.505655+00:00,2025-09-18,2025-08-04,15,37.8,24.92,41.22,62.3,82.86,,True
2026-07-23,pre_dam,2026-10-03T03:24:52.505655+00:00,2025-09-18,2025-08-04,16,41.47,25.8,49.16,78.84,94.61,,True
2026-07-23,pre_dam,2026-10-03T03:24:52.505655+00:00,2025-09-18,2025-08-04,17,42.66,26.17,49.53,100.04,97.96,,True
2026-07-23,pre_dam,2026-10-03T03:24:52.505655+00:00,2025-09-18,2025-08-04,18,42.58,26.08,51.36,108.54,98.92,,True
2026-07-23,pre_dam,2026-10-03T03:24:52.505655+00:00,2025-09-18,2025-08-04,19,47.92,27.23,58.05,120.52,102.96,,True
2026-07-23,pre_dam,2026-10-03T03:24:52.505655+00:00,2025-09-18,2025-08-04,20,47.75,28.88,55.67,101.74,105.04,,True
2026-07-23,pre_dam,2026-10-03T03:24:52.505655+00:00,2025-09-18,2025-08-04,21,44.78,30.51,50.63,71.43,95.32,,True
2026-07-23,pre_dam,2026-10-03T03:24:52.505655+00:00,2025-09-18,2025-08-04,22,40.84,29.78,48.15,46.66,60.34,,True
2026-07-23,pre_dam,2026-10-03T03:24:52.505655+00:00,2025-09-18,2025-08-04,23,36.35,24.68,39.28,45.45,39.18,,True
2026-07-23,pre_dam,2026-10-03T03:24:52.505655+00:00,2025-09-18,2025-08-04,24,32.56,23.51,36.92,40.75,37.36,,True
2026-07-25,pre_dam,2026-10-03T03:06:36.634436+00:00,2026-07-12,2026-07-05,1,31.48,23.67,36.71,38.79,38.24,,True
2026-07-25,pre_dam,2026-10-03T03:06:36.634436+00:00,2026-07-12,2026-07-05,2,30.04,22.03,33.25,34.71,31.55,,True
2026-07-25,pre_dam,2026-10-03T03:06:36.634436+00:00,2026-07-12,2026-07-05,3,28.2,21.23,32.04,33.45,31.39,,True
2026-07-25,pre_dam,2026-10-03T03:06:36.634436+00:00,2026-07-12,2026-07-05,4,26.78,21.17,30.76,32.53,26.72,,True
2026-07-25,pre_dam,2026-10-03T03:06:36.634436+00:00,2026-07-12,2026-07-05,5,26.32,21.62,30.8,27.71,28.24,,True
2026-07-25,pre_dam,2026-10-03T03:06:36.634436+00:00,2026-07-12,2026-07-05,6,26.92,20.55,30.81,23.94,25.21,,True
2026-07-25,pre_dam,2026-10-03T03:06:36.634436+00:00,2026-07-12,2026-07-05,7,29.91,23.06,34.23,30.01,30.34,,True
2026-07-25,pre_dam,2026-10-03T03:06:36.634436+00:00,2026-07-12,2026-07-05,8,33.48,26.6,38.4,33.67,31.43,,True
2026-07-25,pre_dam,2026-10-03T03:06:36.634436+00:00,2026-07-12,2026-07-05,9,33.94,27.76,38.61,34.08,34.76,,True
2026-07-25,pre_dam,2026-10-03T03:06:36.634436+00:00,2026-07-12,2026-07-05,10,33.92,29.2,39.95,36.99,40.9,,True
2026-07-25,pre_dam,2026-10-03T03:06:36.634436+00:00,2026-07-12,2026-07-05,11,36.86,30.89,40.64,44.21,39.19,,True
2026-07-25,pre_dam,2026-10-03T03:06:36.634436+00:00,2026-07-12,2026-07-05,12,41.07,31.66,43.19,47.06,41.5,,True
2026-07-25,pre_dam,2026-10-03T03:06:36.634436+00:00,2026-07-12,2026-07-05,13,42.63,31.48,44.35,52.15,49.97,,True
2026-07-25,pre_dam,2026-10-03T03:06:36.634436+00:00,2026-07-12,2026-07-05,14,45.63,34.41,47.96,51.14,49.02,,True
2026-07-25,pre_dam,2026-10-03T03:06:36.634436+00:00,2026-07-12,2026-07-05,15,46.84,33.44,52.43,51.91,52.08,,True
2026-07-25,pre_dam,2026-10-03T03:06:36.634436+00:00,2026-07-12,2026-07-05,16,48.67,34.3,54.24,67.54,55.61,,True
2026-07-25,pre_dam,2026-10-03T03:06:36.634436+00:00,2026-07-12,2026-07-05,17,55.65,35.84,61.3,77.33,72.99,,True
2026-07-25,pre_dam,2026-10-03T03:06:36.634436+00:00,2026-07-12,2026-07-05,18,56.31,37.31,64.09,86.47,72.83,,True
2026-07-25,pre_dam,2026-10-03T03:06:36.634436+00:00,2026-07-12,2026-07-05,19,55.5,37.29,67.99,89.78,75.41,,True
2026-07-25,pre_dam,2026-10-03T03:06:36.634436+00:00,2026-07-12,2026-07-05,20,53.61,39.35,64.7,90.82,67.64,,True
2026-07-25,pre_dam,2026-10-03T03:06:36.634436+00:00,2026-07-12,2026-07-05,21,48.09,35.57,57.2,77.5,51.87,,True
2026-07-25,pre_dam,2026-10-03T03:06:36.634436+00:00,2026-07-12,2026-07-05,22,41.29,29.03,44.79,72.05,46.01,,True
2026-07-25,pre_dam,2026-10-03T03:06:36.634436+00:00,2026-07-12,2026-07-05,23,38.43,26.63,39.05,56.47,42.16,,True
2026-07-25,pre_dam,2026-10-03T03:06:36.634436+00:00,2026-07-12,2026-07-05,24,35.47,26.2,37.96,42.31,35.22,,True
2026-07-26,pre_dam,2026-10-03T03:08:57.542806+00:00,2025-07-20,2026-07-12,1,33.43,23.82,36.59,44.85,38.79,,True
2026-07-26,pre_dam,2026-10-03T03:08:57.542806+00:00,2025-07-20,2026-07-12,2,33.39,23.91,35.52,35.31,34.71,,True
2026-07-26,pre_dam,2026-10-03T03:08:57.542806+00:00,2025-07-20,2026-07-12,3,29.64,22.0,33.75,34.49,33.45,,True
2026-07-26,pre_dam,2026-10-03T03:08:57.542806+00:00,2025-07-20,2026-07-12,4,29.26,21.16,32.71,34.08,32.53,,True
2026-07-26,pre_dam,2026-10-03T03:08:57.542806+00:00,2025-07-20,2026-07-12,5,27.89,21.41,32.16,32.82,27.71,,True
2026-07-26,pre_dam,2026-10-03T03:08:57.542806+00:00,2025-07-20,2026-07-12,6,37.3,28.12,45.53,32.18,23.94,,True
2026-07-26,pre_dam,2026-10-03T03:08:57.542806+00:00,2025-07-20,2026-07-12,7,31.75,23.96,34.19,33.32,30.01,,True
2026-07-26,pre_dam,2026-10-03T03:08:57.542806+00:00,2025-07-20,2026-07-12,8,34.16,28.96,37.51,34.79,33.67,,True
2026-07-26,pre_dam,2026-10-03T03:08:57.542806+00:00,2025-07-20,2026-07-12,9,34.18,30.62,39.5,36.27,34.08,,True
2026-07-26,pre_dam,2026-10-03T03:08:57.542806+00:00,2025-07-20,2026-07-12,10,40.2,31.35,43.51,44.14,36.99,,True
2026-07-26,pre_dam,2026-10-03T03:08:57.542806+00:00,2025-07-20,2026-07-12,11,40.16,30.21,43.84,43.51,44.21,,True
2026-07-26,pre_dam,2026-10-03T03:08:57.542806+00:00,2025-07-20,2026-07-12,12,42.9,30.43,45.61,46.48,47.06,,True
2026-07-26,pre_dam,2026-10-03T03:08:57.542806+00:00,2025-07-20,2026-07-12,13,44.11,32.92,46.88,45.91,52.15,,True
2026-07-26,pre_dam,2026-10-03T03:08:57.542806+00:00,2025-07-20,2026-07-12,14,47.61,34.62,47.61,43.24,51.14,,True
2026-07-26,pre_dam,2026-10-03T03:08:57.542806+00:00,2025-07-20,2026-07-12,15,47.99,38.06,54.98,45.35,51.91,,True
2026-07-26,pre_dam,2026-10-03T03:08:57.542806+00:00,2025-07-20,2026-07-12,16,52.63,38.89,62.45,65.62,67.54,,True
2026-07-26,pre_dam,2026-10-03T03:08:57.542806+00:00,2025-07-20,2026-07-12,17,64.91,45.67,72.94,93.28,77.33,,True
2026-07-26,pre_dam,2026-10-03T03:08:57.542806+00:00,2025-07-20,2026-07-12,18,67.6,48.46,74.2,95.67,86.47,,True
2026-07-26,pre_dam,2026-10-03T03:08:57.542806+00:00,2025-07-20,2026-07-12,19,64.95,47.88,76.81,98.27,89.78,,True
2026-07-26,pre_dam,2026-10-03T03:08:57.542806+00:00,2025-07-20,2026-07-12,20,62.08,44.31,76.6,89.77,90.82,,True
2026-07-26,pre_dam,2026-10-03T03:08:57.542806+00:00,2025-07-20,2026-07-12,21,55.64,38.8,70.21,79.72,77.5,,True
2026-07-26,pre_dam,2026-10-03T03:08:57.542806+00:00,2025-07-20,2026-07-12,22,49.22,35.16,59.67,57.46,72.05,,True
2026-07-26,pre_dam,2026-10-03T03:08:57.542806+00:00,2025-07-20,2026-07-12,23,45.19,32.43,51.16,45.79,56.47,,True
2026-07-26,pre_dam,2026-10-03T03:08:57.542806+00:00,2025-07-20,2026-07-12,24,41.05,30.06,44.12,39.52,42.31,,True
2026-07-27,pre_dam,2026-10-03T03:11:33.067016+00:00,2025-06-18,2025-08-07,1,40.41,24.01,41.14,35.79,50.14,,True
2026-07-27,pre_dam,2026-10-03T03:11:33.067016+00:00,2025-06-18,2025-08-07,2,36.54,24.01,37.53,40.13,40.93,,True
2026-07-27,pre_dam,2026-10-03T03:11:33.067016+00:00,2025-06-18,2025-08-07,3,33.6,23.97,35.96,37.07,41.71,,True
2026-07-27,pre_dam,2026-10-03T03:11:33.067016+00:00,2025-06-18,2025-08-07,4,32.87,23.62,33.81,36.94,37.64,,True
2026-07-27,pre_dam,2026-10-03T03:11:33.067016+00:00,2025-06-18,2025-08-07,5,33.91,23.55,35.36,28.35,39.98,,True
2026-07-27,pre_dam,2026-10-03T03:11:33.067016+00:00,2025-06-18,2025-08-07,6,33.6,23.39,37.89,38.42,34.07,,True
2026-07-27,pre_dam,2026-10-03T03:11:33.067016+00:00,2025-06-18,2025-08-07,7,34.48,25.32,41.24,39.08,36.43,,True
2026-07-27,pre_dam,2026-10-03T03:11:33.067016+00:00,2025-06-18,2025-08-07,8,36.73,26.79,42.78,44.86,39.73,,True
2026-07-27,pre_dam,2026-10-03T03:11:33.067016+00:00,2025-06-18,2025-08-07,9,41.38,33.02,45.69,45.27,40.85,,True
2026-07-27,pre_dam,2026-10-03T03:11:33.067016+00:00,2025-06-18,2025-08-07,10,44.27,36.09,52.11,61.83,53.86,,True
2026-07-27,pre_dam,2026-10-03T03:11:33.067016+00:00,2025-06-18,2025-08-07,11,52.55,37.69,55.85,74.64,57.32,,True
2026-07-27,pre_dam,2026-10-03T03:11:33.067016+00:00,2025-06-18,2025-08-07,12,51.09,38.13,65.16,76.45,88.86,,True
2026-07-27,pre_dam,2026-10-03T03:11:33.067016+00:00,2025-06-18,2025-08-07,13,55.17,40.27,67.92,77.01,90.72,,True
2026-07-27,pre_dam,2026-10-03T03:11:33.067016+00:00,2025-06-18,2025-08-07,14,62.58,42.67,76.33,76.35,98.71,,True
2026-07-27,pre_dam,2026-10-03T03:11:33.067016+00:00,2025-06-18,2025-08-07,15,63.86,43.9,76.92,78.78,115.64,,True
2026-07-27,pre_dam,2026-10-03T03:11:33.067016+00:00,2025-06-18,2025-08-07,16,62.15,42.92,73.01,84.75,111.99,,True
2026-07-27,pre_dam,2026-10-03T03:11:33.067016+00:00,2025-06-18,2025-08-07,17,70.36,43.17,96.24,86.11,108.14,,True
2026-07-27,pre_dam,2026-10-03T03:11:33.067016+00:00,2025-06-18,2025-08-07,18,77.09,46.85,93.14,76.65,105.96,,True
2026-07-27,pre_dam,2026-10-03T03:11:33.067016+00:00,2025-06-18,2025-08-07,19,84.69,54.27,105.12,78.06,110.6,,True
2026-07-27,pre_dam,2026-10-03T03:11:33.067016+00:00,2025-06-18,2025-08-07,20,85.39,59.52,101.01,57.71,97.99,,True
2026-07-27,pre_dam,2026-10-03T03:11:33.067016+00:00,2025-06-18,2025-08-07,21,79.19,52.99,103.73,38.21,97.94,,True
2026-07-27,pre_dam,2026-10-03T03:11:33.067016+00:00,2025-06-18,2025-08-07,22,60.37,49.27,85.66,38.57,78.76,,True
2026-07-27,pre_dam,2026-10-03T03:11:33.067016+00:00,2025-06-18,2025-08-07,23,46.42,38.66,61.42,35.49,60.6,,True
2026-07-27,pre_dam,2026-10-03T03:11:33.067016+00:00,2025-06-18,2025-08-07,24,39.8,32.24,45.59,34.76,38.28,,True
2026-07-30,pre_dam,2026-10-03T03:13:19.733597+00:00,2026-07-27,2026-06-10,1,29.72,22.61,34.92,35.4,12.23,,True
2026-07-30,pre_dam,2026-10-03T03:13:19.733597+00:00,2026-07-27,2026-06-10,2,29.42,22.03,33.71,32.17,28.64,,True
2026-07-30,pre_dam,2026-10-03T03:13:19.733597+00:00,2026-07-27,2026-06-10,3,25.31,19.39,32.05,30.3,29.38,,True
2026-07-30,pre_dam,2026-10-03T03:13:19.733597+00:00,2026-07-27,2026-06-10,4,25.13,19.53,31.56,29.22,25.93,,True
2026-07-30,pre_dam,2026-10-03T03:13:19.733597+00:00,2026-07-27,2026-06-10,5,24.62,20.04,31.59,31.79,29.34,,True
2026-07-30,pre_dam,2026-10-03T03:13:19.733597+00:00,2026-07-27,2026-06-10,6,27.45,18.64,32.06,35.39,11.68,,True
2026-07-30,pre_dam,2026-10-03T03:13:19.733597+00:00,2026-07-27,2026-06-10,7,30.03,26.66,37.69,42.68,32.6,,True
2026-07-30,pre_dam,2026-10-03T03:13:19.733597+00:00,2026-07-27,2026-06-10,8,29.11,21.23,39.23,30.2,37.58,,True
2026-07-30,pre_dam,2026-10-03T03:13:19.733597+00:00,2026-07-27,2026-06-10,9,30.91,28.75,38.37,28.98,41.7,,True
2026-07-30,pre_dam,2026-10-03T03:13:19.733597+00:00,2026-07-27,2026-06-10,10,40.8,37.51,44.92,59.74,48.6,,True
2026-07-30,pre_dam,2026-10-03T03:13:19.733597+00:00,2026-07-27,2026-06-10,11,42.07,33.67,47.65,73.95,46.87,,True
2026-07-30,pre_dam,2026-10-03T03:13:19.733597+00:00,2026-07-27,2026-06-10,12,48.38,37.03,48.38,98.57,50.62,,True
2026-07-30,pre_dam,2026-10-03T03:13:19.733597+00:00,2026-07-27,2026-06-10,13,43.6,31.05,48.99,56.09,49.92,,True
2026-07-30,pre_dam,2026-10-03T03:13:19.733597+00:00,2026-07-27,2026-06-10,14,52.02,38.5,52.67,113.0,41.13,,True
2026-07-30,pre_dam,2026-10-03T03:13:19.733597+00:00,2026-07-27,2026-06-10,15,54.62,40.78,65.59,66.15,28.16,,True
2026-07-30,pre_dam,2026-10-03T03:13:19.733597+00:00,2026-07-27,2026-06-10,16,44.61,29.58,53.83,63.38,18.84,,True
2026-07-30,pre_dam,2026-10-03T03:13:19.733597+00:00,2026-07-27,2026-06-10,17,46.46,32.93,52.42,76.17,10.22,,True
2026-07-30,pre_dam,2026-10-03T03:13:19.733597+00:00,2026-07-27,2026-06-10,18,43.62,28.07,63.63,75.59,11.61,,True
2026-07-30,pre_dam,2026-10-03T03:13:19.733597+00:00,2026-07-27,2026-06-10,19,48.95,35.64,69.41,73.59,20.35,,True
2026-07-30,pre_dam,2026-10-03T03:13:19.733597+00:00,2026-07-27,2026-06-10,20,43.9,36.5,67.24,75.05,13.36,,True
2026-07-30,pre_dam,2026-10-03T03:13:19.733597+00:00,2026-07-27,2026-06-10,21,46.64,39.29,60.34,75.24,28.81,,True
2026-07-30,pre_dam,2026-10-03T03:13:19.733597+00:00,2026-07-27,2026-06-10,22,44.97,38.31,48.92,51.74,49.99,,True
2026-07-30,pre_dam,2026-10-03T03:13:19.733597+00:00,2026-07-27,2026-06-10,23,40.64,31.69,46.48,61.3,40.6,,True
2026-07-30,pre_dam,2026-10-03T03:13:19.733597+00:00,2026-07-27,2026-06-10,24,33.51,25.97,40.71,30.43,33.18,,True
2026-07-31,pre_dam,2026-10-03T03:15:08.006332+00:00,2026-07-07,2026-07-10,1,37.71,26.59,39.82,32.64,45.18,,True
2026-07-31,pre_dam,2026-10-03T03:15:08.006332+00:00,2026-07-07,2026-07-10,2,34.36,26.05,34.36,31.11,41.68,,True
2026-07-31,pre_dam,2026-10-03T03:15:08.006332+00:00,2026-07-07,2026-07-10,3,30.97,25.68,36.1,30.27,39.13,,True
2026-07-31,pre_dam,2026-10-03T03:15:08.006332+00:00,2026-07-07,2026-07-10,4,30.04,25.84,35.79,29.34,36.12,,True
2026-07-31,pre_dam,2026-10-03T03:15:08.006332+00:00,2026-07-07,2026-07-10,5,31.73,25.31,33.1,29.34,41.17,,True
2026-07-31,pre_dam,2026-10-03T03:15:08.006332+00:00,2026-07-07,2026-07-10,6,32.24,25.16,36.1,31.12,42.14,,True
2026-07-31,pre_dam,2026-10-03T03:15:08.006332+00:00,2026-07-07,2026-07-10,7,33.47,25.09,39.01,34.96,52.71,,True
2026-07-31,pre_dam,2026-10-03T03:15:08.006332+00:00,2026-07-07,2026-07-10,8,33.26,28.37,40.12,40.67,63.64,,True
2026-07-31,pre_dam,2026-10-03T03:15:08.006332+00:00,2026-07-07,2026-07-10,9,33.04,30.99,42.99,42.42,72.29,,True
2026-07-31,pre_dam,2026-10-03T03:15:08.006332+00:00,2026-07-07,2026-07-10,10,34.72,32.95,48.53,47.74,72.71,,True
2026-07-31,pre_dam,2026-10-03T03:15:08.006332+00:00,2026-07-07,2026-07-10,11,38.11,34.71,48.64,46.8,75.33,,True
2026-07-31,pre_dam,2026-10-03T03:15:08.006332+00:00,2026-07-07,2026-07-10,12,50.11,40.36,52.26,55.66,82.0,,True
2026-07-31,pre_dam,2026-10-03T03:15:08.006332+00:00,2026-07-07,2026-07-10,13,55.26,45.46,55.26,65.88,83.93,,True
2026-07-31,pre_dam,2026-10-03T03:15:08.006332+00:00,2026-07-07,2026-07-10,14,55.65,45.29,55.65,65.84,83.45,,True
2026-07-31,pre_dam,2026-10-03T03:15:08.006332+00:00,2026-07-07,2026-07-10,15,54.12,46.39,54.12,65.82,85.23,,True
2026-07-31,pre_dam,2026-10-03T03:15:08.006332+00:00,2026-07-07,2026-07-10,16,62.82,49.6,62.82,68.82,90.94,,True
2026-07-31,pre_dam,2026-10-03T03:15:08.006332+00:00,2026-07-07,2026-07-10,17,68.33,52.11,68.58,82.86,103.56,,True
2026-07-31,pre_dam,2026-10-03T03:15:08.006332+00:00,2026-07-07,2026-07-10,18,72.22,54.01,81.28,90.3,104.8,,True
2026-07-31,pre_dam,2026-10-03T03:15:08.006332+00:00,2026-07-07,2026-07-10,19,78.85,59.48,105.47,117.82,107.38,,True
2026-07-31,pre_dam,2026-10-03T03:15:08.006332+00:00,2026-07-07,2026-07-10,20,71.98,54.86,71.98,86.31,104.22,,True
2026-07-31,pre_dam,2026-10-03T03:15:08.006332+00:00,2026-07-07,2026-07-10,21,59.71,49.26,65.33,83.06,87.24,,True
2026-07-31,pre_dam,2026-10-03T03:15:08.006332+00:00,2026-07-07,2026-07-10,22,47.83,47.83,51.74,57.57,81.04,,True
2026-07-31,pre_dam,2026-10-03T03:15:08.006332+00:00,2026-07-07,2026-07-10,23,38.01,31.5,47.82,52.46,62.32,,True
2026-07-31,pre_dam,2026-10-03T03:15:08.006332+00:00,2026-07-07,2026-07-10,24,34.85,26.03,40.37,41.89,48.96,,True
2026-08-01,pre_dam,2026-10-03T03:16:57.109000+00:00,2026-07-26,2025-07-05,1,39.76,28.5,45.26,30.95,33.3,,True
2026-08-01,pre_dam,2026-10-03T03:16:57.109000+00:00,2026-07-26,2025-07-05,2,34.26,25.88,40.98,31.41,22.47,,True
2026-08-01,pre_dam,2026-10-03T03:16:57.109000+00:00,2026-07-26,2025-07-05,3,32.01,25.07,38.75,30.41,17.52,,True
2026-08-01,pre_dam,2026-10-03T03:16:57.109000+00:00,2026-07-26,2025-07-05,4,30.47,24.97,36.82,28.19,15.99,,True
2026-08-01,pre_dam,2026-10-03T03:16:57.109000+00:00,2026-07-26,2025-07-05,5,30.06,23.89,36.43,29.64,16.24,,True
2026-08-01,pre_dam,2026-10-03T03:16:57.109000+00:00,2026-07-26,2025-07-05,6,29.02,22.85,34.24,28.59,14.97,,True
2026-08-01,pre_dam,2026-10-03T03:16:57.109000+00:00,2026-07-26,2025-07-05,7,30.7,22.75,39.12,30.64,30.44,,True
2026-08-01,pre_dam,2026-10-03T03:16:57.109000+00:00,2026-07-26,2025-07-05,8,31.87,26.12,41.3,33.27,36.58,,True
2026-08-01,pre_dam,2026-10-03T03:16:57.109000+00:00,2026-07-26,2025-07-05,9,31.59,27.1,44.13,35.36,38.75,,True
2026-08-01,pre_dam,2026-10-03T03:16:57.109000+00:00,2026-07-26,2025-07-05,10,37.65,29.58,48.24,40.54,37.89,,True
2026-08-01,pre_dam,2026-10-03T03:16:57.109000+00:00,2026-07-26,2025-07-05,11,41.71,30.63,52.2,42.4,42.14,,True
2026-08-01,pre_dam,2026-10-03T03:16:57.109000+00:00,2026-07-26,2025-07-05,12,51.74,40.89,65.68,47.24,44.22,,True
2026-08-01,pre_dam,2026-10-03T03:16:57.109000+00:00,2026-07-26,2025-07-05,13,56.4,42.97,66.59,52.15,49.54,,True
2026-08-01,pre_dam,2026-10-03T03:16:57.109000+00:00,2026-07-26,2025-07-05,14,60.65,47.39,74.99,53.84,53.6,,True
2026-08-01,pre_dam,2026-10-03T03:16:57.109000+00:00,2026-07-26,2025-07-05,15,58.69,47.56,67.84,61.22,67.88,,True
2026-08-01,pre_dam,2026-10-03T03:16:57.109000+00:00,2026-07-26,2025-07-05,16,63.7,50.71,83.12,64.87,75.57,,True
2026-08-01,pre_dam,2026-10-03T03:16:57.109000+00:00,2026-07-26,2025-07-05,17,65.16,54.23,87.78,86.9,76.06,,True
2026-08-01,pre_dam,2026-10-03T03:16:57.109000+00:00,2026-07-26,2025-07-05,18,70.59,55.1,81.19,82.71,60.54,,True
2026-08-01,pre_dam,2026-10-03T03:16:57.109000+00:00,2026-07-26,2025-07-05,19,70.16,57.86,79.89,82.2,73.72,,True
2026-08-01,pre_dam,2026-10-03T03:16:57.109000+00:00,2026-07-26,2025-07-05,20,56.02,48.71,61.35,77.26,75.77,,True
2026-08-01,pre_dam,2026-10-03T03:16:57.109000+00:00,2026-07-26,2025-07-05,21,53.55,39.98,60.78,77.46,62.81,,True
2026-08-01,pre_dam,2026-10-03T03:16:57.109000+00:00,2026-07-26,2025-07-05,22,45.95,36.31,53.1,60.77,48.51,,True
2026-08-01,pre_dam,2026-10-03T03:16:57.109000+00:00,2026-07-26,2025-07-05,23,37.29,28.23,49.56,49.94,44.34,,True
2026-08-01,pre_dam,2026-10-03T03:16:57.109000+00:00,2026-07-26,2025-07-05,24,33.32,25.63,42.51,42.75,37.64,,True
2026-08-02,pre_dam,2026-10-03T03:18:45.649364+00:00,2026-06-14,2026-07-18,1,32.78,22.62,40.12,28.56,37.97,,True
2026-08-02,pre_dam,2026-10-03T03:18:45.649364+00:00,2026-06-14,2026-07-18,2,32.86,22.36,38.09,28.15,31.44,,True
2026-08-02,pre_dam,2026-10-03T03:18:45.649364+00:00,2026-06-14,2026-07-18,3,31.17,22.67,37.03,26.66,31.65,,True
2026-08-02,pre_dam,2026-10-03T03:18:45.649364+00:00,2026-06-14,2026-07-18,4,28.27,22.25,36.93,24.5,26.34,,True
2026-08-02,pre_dam,2026-10-03T03:18:45.649364+00:00,2026-06-14,2026-07-18,5,27.12,21.93,36.45,23.04,25.29,,True
2026-08-02,pre_dam,2026-10-03T03:18:45.649364+00:00,2026-06-14,2026-07-18,6,26.45,21.35,35.95,23.02,21.68,,True
2026-08-02,pre_dam,2026-10-03T03:18:45.649364+00:00,2026-06-14,2026-07-18,7,29.61,22.45,36.65,32.69,28.32,,True
2026-08-02,pre_dam,2026-10-03T03:18:45.649364+00:00,2026-06-14,2026-07-18,8,29.82,21.35,37.75,33.3,34.74,,True
2026-08-02,pre_dam,2026-10-03T03:18:45.649364+00:00,2026-06-14,2026-07-18,9,29.37,23.93,39.37,31.42,40.56,,True
2026-08-02,pre_dam,2026-10-03T03:18:45.649364+00:00,2026-06-14,2026-07-18,10,40.82,37.74,52.97,31.18,47.93,,True
2026-08-02,pre_dam,2026-10-03T03:18:45.649364+00:00,2026-06-14,2026-07-18,11,42.44,37.76,56.53,37.5,52.8,,True
2026-08-02,pre_dam,2026-10-03T03:18:45.649364+00:00,2026-06-14,2026-07-18,12,43.43,40.19,57.13,37.05,53.73,,True
2026-08-02,pre_dam,2026-10-03T03:18:45.649364+00:00,2026-06-14,2026-07-18,13,40.57,36.56,47.62,27.82,57.65,,True
2026-08-02,pre_dam,2026-10-03T03:18:45.649364+00:00,2026-06-14,2026-07-18,14,40.68,35.32,52.17,27.76,57.06,,True
2026-08-02,pre_dam,2026-10-03T03:18:45.649364+00:00,2026-06-14,2026-07-18,15,40.73,34.75,50.75,27.41,50.19,,True
2026-08-02,pre_dam,2026-10-03T03:18:45.649364+00:00,2026-06-14,2026-07-18,16,41.09,35.34,52.45,16.03,46.62,,True
2026-08-02,pre_dam,2026-10-03T03:18:45.649364+00:00,2026-06-14,2026-07-18,17,40.05,34.5,53.05,26.77,52.47,,True
2026-08-02,pre_dam,2026-10-03T03:18:45.649364+00:00,2026-06-14,2026-07-18,18,45.82,35.83,53.13,26.88,47.35,,True
2026-08-02,pre_dam,2026-10-03T03:18:45.649364+00:00,2026-06-14,2026-07-18,19,47.56,41.28,60.92,15.7,43.93,,True
2026-08-02,pre_dam,2026-10-03T03:18:45.649364+00:00,2026-06-14,2026-07-18,20,45.99,41.7,59.15,44.63,46.61,,True
2026-08-02,pre_dam,2026-10-03T03:18:45.649364+00:00,2026-06-14,2026-07-18,21,37.1,31.76,46.46,40.34,48.56,,True
2026-08-02,pre_dam,2026-10-03T03:18:45.649364+00:00,2026-06-14,2026-07-18,22,39.45,36.55,50.9,35.19,48.56,,True
2026-08-02,pre_dam,2026-10-03T03:18:45.649364+00:00,2026-06-14,2026-07-18,23,37.54,32.63,47.96,28.47,41.62,,True
2026-08-02,pre_dam,2026-10-03T03:18:45.649364+00:00,2026-06-14,2026-07-18,24,30.27,24.44,38.82,31.45,38.02,,True
2026-08-03,pre_dam,2026-10-03T03:20:31.824413+00:00,2025-06-17,2025-06-27,1,29.27,22.39,34.37,23.32,38.79,,True
2026-08-03,pre_dam,2026-10-03T03:20:31.824413+00:00,2025-06-17,2025-06-27,2,30.59,23.79,34.13,25.47,33.09,,True
2026-08-03,pre_dam,2026-10-03T03:20:31.824413+00:00,2025-06-17,2025-06-27,3,28.56,20.07,32.37,21.17,28.78,,True
2026-08-03,pre_dam,2026-10-03T03:20:31.824413+00:00,2025-06-17,2025-06-27,4,28.43,20.47,34.32,19.96,28.87,,True
2026-08-03,pre_dam,2026-10-03T03:20:31.824413+00:00,2025-06-17,2025-06-27,5,26.31,19.35,32.24,19.11,16.66,,True
2026-08-03,pre_dam,2026-10-03T03:20:31.824413+00:00,2025-06-17,2025-06-27,6,26.9,19.6,35.21,29.96,32.26,,True
2026-08-03,pre_dam,2026-10-03T03:20:31.824413+00:00,2025-06-17,2025-06-27,7,29.14,21.22,36.08,32.42,32.7,,True
2026-08-03,pre_dam,2026-10-03T03:20:31.824413+00:00,2025-06-17,2025-06-27,8,28.42,18.87,36.2,35.06,36.17,,True
2026-08-03,pre_dam,2026-10-03T03:20:31.824413+00:00,2025-06-17,2025-06-27,9,27.92,19.35,39.39,36.99,37.42,,True
2026-08-03,pre_dam,2026-10-03T03:20:31.824413+00:00,2025-06-17,2025-06-27,10,33.39,23.54,45.19,34.04,44.11,,True
2026-08-03,pre_dam,2026-10-03T03:20:31.824413+00:00,2025-06-17,2025-06-27,11,37.13,26.53,47.82,21.42,44.59,,True
2026-08-03,pre_dam,2026-10-03T03:20:31.824413+00:00,2025-06-17,2025-06-27,12,38.56,32.01,48.87,35.6,44.07,,True
2026-08-03,pre_dam,2026-10-03T03:20:31.824413+00:00,2025-06-17,2025-06-27,13,43.59,31.76,48.25,39.3,47.32,,True
2026-08-03,pre_dam,2026-10-03T03:20:31.824413+00:00,2025-06-17,2025-06-27,14,38.88,28.21,59.5,39.55,47.52,,True
2026-08-03,pre_dam,2026-10-03T03:20:31.824413+00:00,2025-06-17,2025-06-27,15,38.87,28.46,56.08,40.27,55.05,,True
2026-08-03,pre_dam,2026-10-03T03:20:31.824413+00:00,2025-06-17,2025-06-27,16,40.74,29.89,56.79,50.42,71.95,,True
2026-08-03,pre_dam,2026-10-03T03:20:31.824413+00:00,2025-06-17,2025-06-27,17,44.37,30.36,59.88,54.92,78.23,,True
2026-08-03,pre_dam,2026-10-03T03:20:31.824413+00:00,2025-06-17,2025-06-27,18,46.28,29.13,60.05,69.27,79.12,,True
2026-08-03,pre_dam,2026-10-03T03:20:31.824413+00:00,2025-06-17,2025-06-27,19,49.94,36.5,69.73,72.79,81.19,,True
2026-08-03,pre_dam,2026-10-03T03:20:31.824413+00:00,2025-06-17,2025-06-27,20,50.38,34.33,62.43,71.12,78.23,,True
2026-08-03,pre_dam,2026-10-03T03:20:31.824413+00:00,2025-06-17,2025-06-27,21,41.74,29.76,59.63,37.83,58.18,,True
2026-08-03,pre_dam,2026-10-03T03:20:31.824413+00:00,2025-06-17,2025-06-27,22,42.81,35.22,52.71,36.5,46.67,,True
2026-08-03,pre_dam,2026-10-03T03:20:31.824413+00:00,2025-06-17,2025-06-27,23,34.08,26.41,46.3,37.11,39.94,,True
2026-08-03,pre_dam,2026-10-03T03:20:31.824413+00:00,2025-06-17,2025-06-27,24,28.03,22.71,38.84,35.55,35.84,,True
2026-08-04,pre_dam,2026-10-03T03:22:34.036340+00:00,2025-07-03,2026-07-20,1,28.0,21.67,33.49,66.49,30.2,,True
2026-08-04,pre_dam,2026-10-03T03:22:34.036340+00:00,2025-07-03,2026-07-20,2,24.75,21.67,35.51,43.44,26.57,,True
2026-08-04,pre_dam,2026-10-03T03:22:34.036340+00:00,2025-07-03,2026-07-20,3,24.13,21.59,35.68,38.6,27.16,,True
2026-08-04,pre_dam,2026-10-03T03:22:34.036340+00:00,2025-07-03,2026-07-20,4,22.71,21.52,35.55,37.15,25.48,,True
2026-08-04,pre_dam,2026-10-03T03:22:34.036340+00:00,2025-07-03,2026-07-20,5,22.19,20.58,33.4,36.18,24.92,,True
2026-08-04,pre_dam,2026-10-03T03:22:34.036340+00:00,2025-07-03,2026-07-20,6,24.03,19.36,38.13,36.04,31.25,,True
2026-08-04,pre_dam,2026-10-03T03:22:34.036340+00:00,2025-07-03,2026-07-20,7,26.99,24.42,43.18,41.65,37.52,,True
2026-08-04,pre_dam,2026-10-03T03:22:34.036340+00:00,2025-07-03,2026-07-20,8,37.01,27.38,46.5,46.85,35.0,,True
2026-08-04,pre_dam,2026-10-03T03:22:34.036340+00:00,2025-07-03,2026-07-20,9,31.6,26.54,46.85,48.14,36.71,,True
2026-08-04,pre_dam,2026-10-03T03:22:34.036340+00:00,2025-07-03,2026-07-20,10,33.86,28.0,48.87,49.34,40.46,,True
2026-08-04,pre_dam,2026-10-03T03:22:34.036340+00:00,2025-07-03,2026-07-20,11,38.96,30.64,49.87,56.95,38.61,,True
2026-08-04,pre_dam,2026-10-03T03:22:34.036340+00:00,2025-07-03,2026-07-20,12,37.02,29.89,51.34,69.8,38.49,,True
2026-08-04,pre_dam,2026-10-03T03:22:34.036340+00:00,2025-07-03,2026-07-20,13,40.2,30.15,52.23,77.26,42.08,,True
2026-08-04,pre_dam,2026-10-03T03:22:34.036340+00:00,2025-07-03,2026-07-20,14,37.33,30.12,56.52,84.97,43.4,,True
2026-08-04,pre_dam,2026-10-03T03:22:34.036340+00:00,2025-07-03,2026-07-20,15,41.49,32.52,62.26,87.1,44.17,,True
2026-08-04,pre_dam,2026-10-03T03:22:34.036340+00:00,2025-07-03,2026-07-20,16,51.67,41.45,79.51,78.7,50.43,,True
2026-08-04,pre_dam,2026-10-03T03:22:34.036340+00:00,2025-07-03,2026-07-20,17,58.94,35.87,81.71,86.72,58.56,,True
2026-08-04,pre_dam,2026-10-03T03:22:34.036340+00:00,2025-07-03,2026-07-20,18,67.95,35.65,92.77,90.54,62.41,,True
2026-08-04,pre_dam,2026-10-03T03:22:34.036340+00:00,2025-07-03,2026-07-20,19,73.75,38.95,101.82,95.71,63.45,,True
2026-08-04,pre_dam,2026-10-03T03:22:34.036340+00:00,2025-07-03,2026-07-20,20,63.27,46.14,86.44,100.7,58.36,,True
2026-08-04,pre_dam,2026-10-03T03:22:34.036340+00:00,2025-07-03,2026-07-20,21,53.01,34.34,69.36,88.3,53.52,,True
2026-08-04,pre_dam,2026-10-03T03:22:34.036340+00:00,2025-07-03,2026-07-20,22,55.11,46.0,68.74,65.99,39.73,,True
2026-08-04,pre_dam,2026-10-03T03:22:34.036340+00:00,2025-07-03,2026-07-20,23,38.46,25.88,51.45,49.05,38.5,,True
2026-08-04,pre_dam,2026-10-03T03:22:34.036340+00:00,2025-07-03,2026-07-20,24,31.48,21.41,43.63,48.15,34.84,,True
2026-08-05,pre_dam,2026-10-03T03:24:30.121981+00:00,2026-07-10,2025-07-11,1,29.83,18.75,38.21,45.18,64.56,,True
2026-08-05,pre_dam,2026-10-03T03:24:30.121981+00:00,2026-07-10,2025-07-11,2,28.6,17.8,34.45,41.68,47.59,,True
2026-08-05,pre_dam,2026-10-03T03:24:30.121981+00:00,2026-07-10,2025-07-11,3,24.5,17.59,32.82,39.13,41.97,,True
2026-08-05,pre_dam,2026-10-03T03:24:30.121981+00:00,2026-07-10,2025-07-11,4,22.64,17.38,32.52,36.12,38.13,,True
2026-08-05,pre_dam,2026-10-03T03:24:30.121981+00:00,2026-07-10,2025-07-11,5,23.24,16.8,33.82,41.17,45.65,,True
2026-08-05,pre_dam,2026-10-03T03:24:30.121981+00:00,2026-07-10,2025-07-11,6,26.65,19.29,37.96,42.14,41.29,,True
2026-08-05,pre_dam,2026-10-03T03:24:30.121981+00:00,2026-07-10,2025-07-11,7,30.22,23.4,42.86,52.71,53.43,,True
2026-08-05,pre_dam,2026-10-03T03:24:30.121981+00:00,2026-07-10,2025-07-11,8,29.4,23.01,42.96,63.64,57.55,,True
2026-08-05,pre_dam,2026-10-03T03:24:30.121981+00:00,2026-07-10,2025-07-11,9,30.54,22.55,45.03,72.29,65.79,,True
2026-08-05,pre_dam,2026-10-03T03:24:30.121981+00:00,2026-07-10,2025-07-11,10,39.32,26.41,62.73,72.71,79.65,,True
2026-08-05,pre_dam,2026-10-03T03:24:30.121981+00:00,2026-07-10,2025-07-11,11,38.88,28.99,82.42,75.33,84.5,,True
2026-08-05,pre_dam,2026-10-03T03:24:30.121981+00:00,2026-07-10,2025-07-11,12,47.45,36.15,84.32,82.0,84.96,,True
2026-08-05,pre_dam,2026-10-03T03:24:30.121981+00:00,2026-07-10,2025-07-11,13,47.95,35.6,82.16,83.93,90.39,,True
2026-08-05,pre_dam,2026-10-03T03:24:30.121981+00:00,2026-07-10,2025-07-11,14,55.12,40.99,94.6,83.45,94.34,,True
2026-08-05,pre_dam,2026-10-03T03:24:30.121981+00:00,2026-07-10,2025-07-11,15,70.55,43.82,102.5,85.23,93.18,,True
2026-08-05,pre_dam,2026-10-03T03:24:30.121981+00:00,2026-07-10,2025-07-11,16,67.81,42.94,102.34,90.94,96.64,,True
2026-08-05,pre_dam,2026-10-03T03:24:30.121981+00:00,2026-07-10,2025-07-11,17,90.48,49.1,117.43,103.56,91.09,,True
2026-08-05,pre_dam,2026-10-03T03:24:30.121981+00:00,2026-07-10,2025-07-11,18,95.48,52.47,131.76,104.8,93.19,,True
2026-08-05,pre_dam,2026-10-03T03:24:30.121981+00:00,2026-07-10,2025-07-11,19,102.1,50.64,120.41,107.38,97.23,,True
2026-08-05,pre_dam,2026-10-03T03:24:30.121981+00:00,2026-07-10,2025-07-11,20,95.19,48.07,107.61,104.22,95.13,,True
2026-08-05,pre_dam,2026-10-03T03:24:30.121981+00:00,2026-07-10,2025-07-11,21,102.8,48.11,103.08,87.24,91.25,,True
2026-08-05,pre_dam,2026-10-03T03:24:30.121981+00:00,2026-07-10,2025-07-11,22,87.97,49.24,111.06,81.04,57.14,,True
2026-08-05,pre_dam,2026-10-03T03:24:30.121981+00:00,2026-07-10,2025-07-11,23,41.54,36.48,55.05,62.32,48.26,,True
2026-08-05,pre_dam,2026-10-03T03:24:30.121981+00:00,2026-07-10,2025-07-11,24,33.42,23.93,44.78,48.96,45.28,,True
2026-08-06,pre_dam,2026-10-03T03:06:36.972455+00:00,2026-08-05,2025-07-10,1,44.46,32.08,52.67,34.44,69.2,,True
2026-08-06,pre_dam,2026-10-03T03:06:36.972455+00:00,2026-08-05,2025-07-10,2,42.07,26.41,42.07,32.79,39.97,,True
2026-08-06,pre_dam,2026-10-03T03:06:36.972455+00:00,2026-08-05,2025-07-10,3,38.94,25.45,40.79,30.31,37.14,,True
2026-08-06,pre_dam,2026-10-03T03:06:36.972455+00:00,2026-08-05,2025-07-10,4,36.18,26.0,40.38,27.7,30.18,,True
2026-08-06,pre_dam,2026-10-03T03:06:36.972455+00:00,2026-08-05,2025-07-10,5,36.45,26.49,40.35,32.87,37.0,,True
2026-08-06,pre_dam,2026-10-03T03:06:36.972455+00:00,2026-08-05,2025-07-10,6,39.6,32.15,47.2,35.63,39.34,,True
2026-08-06,pre_dam,2026-10-03T03:06:36.972455+00:00,2026-08-05,2025-07-10,7,45.48,34.73,50.95,38.71,47.78,,True
2026-08-06,pre_dam,2026-10-03T03:06:36.972455+00:00,2026-08-05,2025-07-10,8,54.15,37.96,68.98,51.72,49.32,,True
2026-08-06,pre_dam,2026-10-03T03:06:36.972455+00:00,2026-08-05,2025-07-10,9,61.74,40.41,80.86,50.67,58.13,,True
2026-08-06,pre_dam,2026-10-03T03:06:36.972455+00:00,2026-08-05,2025-07-10,10,67.75,43.95,98.02,64.69,69.03,,True
2026-08-06,pre_dam,2026-10-03T03:06:36.972455+00:00,2026-08-05,2025-07-10,11,80.47,49.07,100.58,75.03,77.59,,True
2026-08-06,pre_dam,2026-10-03T03:06:36.972455+00:00,2026-08-05,2025-07-10,12,96.07,55.45,120.97,88.34,94.04,,True
2026-08-06,pre_dam,2026-10-03T03:06:36.972455+00:00,2026-08-05,2025-07-10,13,84.73,48.61,116.75,56.96,91.29,,True
2026-08-06,pre_dam,2026-10-03T03:06:36.972455+00:00,2026-08-05,2025-07-10,14,124.03,55.97,144.66,105.02,90.81,,True
2026-08-06,pre_dam,2026-10-03T03:06:36.972455+00:00,2026-08-05,2025-07-10,15,122.58,45.29,151.17,97.59,90.15,,True
2026-08-06,pre_dam,2026-10-03T03:06:36.972455+00:00,2026-08-05,2025-07-10,16,143.98,60.01,184.11,125.69,88.46,,True
2026-08-06,pre_dam,2026-10-03T03:06:36.972455+00:00,2026-08-05,2025-07-10,17,124.32,66.75,166.63,83.73,115.09,,True
2026-08-06,pre_dam,2026-10-03T03:06:36.972455+00:00,2026-08-05,2025-07-10,18,106.27,51.8,154.32,83.54,136.43,,True
2026-08-06,pre_dam,2026-10-03T03:06:36.972455+00:00,2026-08-05,2025-07-10,19,169.55,78.9,184.44,138.63,112.59,,True
2026-08-06,pre_dam,2026-10-03T03:06:36.972455+00:00,2026-08-05,2025-07-10,20,121.71,62.85,167.49,117.44,98.64,,True
2026-08-06,pre_dam,2026-10-03T03:06:36.972455+00:00,2026-08-05,2025-07-10,21,90.37,57.03,119.83,107.73,94.62,,True
2026-08-06,pre_dam,2026-10-03T03:06:36.972455+00:00,2026-08-05,2025-07-10,22,111.8,67.69,116.89,100.76,77.01,,True
2026-08-06,pre_dam,2026-10-03T03:06:36.972455+00:00,2026-08-05,2025-07-10,23,61.23,44.28,97.37,100.0,48.94,,True
2026-08-06,pre_dam,2026-10-03T03:06:36.972455+00:00,2026-08-05,2025-07-10,24,54.48,38.1,62.03,52.95,42.0,,True
2026-08-07,pre_dam,2026-10-03T03:08:58.453324+00:00,2025-07-10,2026-08-06,1,31.78,23.51,64.16,69.2,22.35,,True
2026-08-07,pre_dam,2026-10-03T03:08:58.453324+00:00,2025-07-10,2026-08-06,2,33.28,29.76,65.21,39.97,35.6,,True
2026-08-07,pre_dam,2026-10-03T03:08:58.453324+00:00,2025-07-10,2026-08-06,3,32.95,28.55,60.72,37.14,34.53,,True
2026-08-07,pre_dam,2026-10-03T03:08:58.453324+00:00,2025-07-10,2026-08-06,4,32.09,29.05,59.58,30.18,33.94,,True
2026-08-07,pre_dam,2026-10-03T03:08:58.453324+00:00,2025-07-10,2026-08-06,5,27.42,22.82,59.44,37.0,23.73,,True
2026-08-07,pre_dam,2026-10-03T03:08:58.453324+00:00,2025-07-10,2026-08-06,6,37.61,28.96,67.02,39.34,40.34,,True
2026-08-07,pre_dam,2026-10-03T03:08:58.453324+00:00,2025-07-10,2026-08-06,7,43.42,32.53,77.75,47.78,51.11,,True
2026-08-07,pre_dam,2026-10-03T03:08:58.453324+00:00,2025-07-10,2026-08-06,8,57.56,37.55,91.0,49.32,65.26,,True
2026-08-07,pre_dam,2026-10-03T03:08:58.453324+00:00,2025-07-10,2026-08-06,9,39.68,32.51,77.42,58.13,36.51,,True
2026-08-07,pre_dam,2026-10-03T03:08:58.453324+00:00,2025-07-10,2026-08-06,10,47.38,35.08,88.42,69.03,46.36,,True
2026-08-07,pre_dam,2026-10-03T03:08:58.453324+00:00,2025-07-10,2026-08-06,11,50.6,39.43,96.07,77.59,53.03,,True
2026-08-07,pre_dam,2026-10-03T03:08:58.453324+00:00,2025-07-10,2026-08-06,12,62.97,47.36,89.96,94.04,60.93,,True
2026-08-07,pre_dam,2026-10-03T03:08:58.453324+00:00,2025-07-10,2026-08-06,13,65.65,50.02,95.04,91.29,64.21,,True
2026-08-07,pre_dam,2026-10-03T03:08:58.453324+00:00,2025-07-10,2026-08-06,14,64.56,49.79,97.03,90.81,64.79,,True
2026-08-07,pre_dam,2026-10-03T03:08:58.453324+00:00,2025-07-10,2026-08-06,15,64.08,48.76,99.53,90.15,62.3,,True
2026-08-07,pre_dam,2026-10-03T03:08:58.453324+00:00,2025-07-10,2026-08-06,16,70.51,53.82,111.01,88.46,73.99,,True
2026-08-07,pre_dam,2026-10-03T03:08:58.453324+00:00,2025-07-10,2026-08-06,17,71.64,52.33,113.46,115.09,83.58,,True
2026-08-07,pre_dam,2026-10-03T03:08:58.453324+00:00,2025-07-10,2026-08-06,18,81.6,54.1,122.4,136.43,83.9,,True
2026-08-07,pre_dam,2026-10-03T03:08:58.453324+00:00,2025-07-10,2026-08-06,19,73.55,57.24,101.21,112.59,74.55,,True
2026-08-07,pre_dam,2026-10-03T03:08:58.453324+00:00,2025-07-10,2026-08-06,20,71.32,48.41,117.39,98.64,65.87,,True
2026-08-07,pre_dam,2026-10-03T03:08:58.453324+00:00,2025-07-10,2026-08-06,21,76.22,50.25,102.54,94.62,59.08,,True
2026-08-07,pre_dam,2026-10-03T03:08:58.453324+00:00,2025-07-10,2026-08-06,22,67.29,49.68,98.56,77.01,55.06,,True
2026-08-07,pre_dam,2026-10-03T03:08:58.453324+00:00,2025-07-10,2026-08-06,23,38.52,32.9,71.51,48.94,43.75,,True
2026-08-07,pre_dam,2026-10-03T03:08:58.453324+00:00,2025-07-10,2026-08-06,24,28.9,24.74,57.26,42.0,32.45,,True
2026-08-08,pre_dam,2026-10-03T03:11:40.876674+00:00,2026-08-01,2025-07-06,1,36.71,30.29,47.32,24.13,36.21,,True
2026-08-08,pre_dam,2026-10-03T03:11:40.876674+00:00,2026-08-01,2025-07-06,2,42.82,31.82,58.56,22.9,26.56,,True
2026-08-08,pre_dam,2026-10-03T03:11:40.876674+00:00,2026-08-01,2025-07-06,3,41.91,30.76,56.48,21.68,21.12,,True
2026-08-08,pre_dam,2026-10-03T03:11:40.876674+00:00,2026-08-01,2025-07-06,4,37.74,30.22,55.44,21.38,18.59,,True
2026-08-08,pre_dam,2026-10-03T03:11:40.876674+00:00,2026-08-01,2025-07-06,5,26.53,19.63,39.57,20.87,15.7,,True
2026-08-08,pre_dam,2026-10-03T03:11:40.876674+00:00,2026-08-01,2025-07-06,6,36.28,28.19,48.0,20.75,18.78,,True
2026-08-08,pre_dam,2026-10-03T03:11:40.876674+00:00,2026-08-01,2025-07-06,7,40.25,29.0,53.93,32.52,17.45,,True
2026-08-08,pre_dam,2026-10-03T03:11:40.876674+00:00,2026-08-01,2025-07-06,8,43.61,33.24,56.69,23.86,34.06,,True
2026-08-08,pre_dam,2026-10-03T03:11:40.876674+00:00,2026-08-01,2025-07-06,9,44.97,38.09,61.55,27.11,36.42,,True
2026-08-08,pre_dam,2026-10-03T03:11:40.876674+00:00,2026-08-01,2025-07-06,10,58.06,43.99,77.01,60.1,37.17,,True
2026-08-08,pre_dam,2026-10-03T03:11:40.876674+00:00,2026-08-01,2025-07-06,11,62.12,46.84,77.14,65.69,42.28,,True
2026-08-08,pre_dam,2026-10-03T03:11:40.876674+00:00,2026-08-01,2025-07-06,12,80.57,60.05,114.41,70.8,43.12,,True
2026-08-08,pre_dam,2026-10-03T03:11:40.876674+00:00,2026-08-01,2025-07-06,13,62.03,39.88,67.85,44.4,51.21,,True
2026-08-08,pre_dam,2026-10-03T03:11:40.876674+00:00,2026-08-01,2025-07-06,14,66.32,46.2,92.28,47.84,58.19,,True
2026-08-08,pre_dam,2026-10-03T03:11:40.876674+00:00,2026-08-01,2025-07-06,15,83.28,52.48,122.47,46.02,68.25,,True
2026-08-08,pre_dam,2026-10-03T03:11:40.876674+00:00,2026-08-01,2025-07-06,16,77.99,55.36,114.11,47.71,73.6,,True
2026-08-08,pre_dam,2026-10-03T03:11:40.876674+00:00,2026-08-01,2025-07-06,17,70.51,40.87,91.02,45.24,89.99,,True
2026-08-08,pre_dam,2026-10-03T03:11:40.876674+00:00,2026-08-01,2025-07-06,18,73.63,52.77,106.13,42.67,93.37,,True
2026-08-08,pre_dam,2026-10-03T03:11:40.876674+00:00,2026-08-01,2025-07-06,19,81.66,57.42,113.52,69.46,92.79,,True
2026-08-08,pre_dam,2026-10-03T03:11:40.876674+00:00,2026-08-01,2025-07-06,20,65.58,56.56,93.32,63.97,96.8,,True
2026-08-08,pre_dam,2026-10-03T03:11:40.876674+00:00,2026-08-01,2025-07-06,21,64.89,47.37,90.57,34.63,102.71,,True
2026-08-08,pre_dam,2026-10-03T03:11:40.876674+00:00,2026-08-01,2025-07-06,22,54.28,45.79,77.3,54.95,76.93,,True
2026-08-08,pre_dam,2026-10-03T03:11:40.876674+00:00,2026-08-01,2025-07-06,23,48.34,44.94,66.66,40.93,42.79,,True
2026-08-08,pre_dam,2026-10-03T03:11:40.876674+00:00,2026-08-01,2025-07-06,24,37.28,32.42,57.75,26.39,44.09,,True
2026-08-09,pre_dam,2026-10-03T03:13:25.616483+00:00,2025-07-05,2025-08-23,1,45.39,33.18,57.15,33.3,38.4,,True
2026-08-09,pre_dam,2026-10-03T03:13:25.616483+00:00,2025-07-05,2025-08-23,2,41.06,32.24,49.33,22.47,34.04,,True
2026-08-09,pre_dam,2026-10-03T03:13:25.616483+00:00,2025-07-05,2025-08-23,3,37.79,30.73,51.46,17.52,31.51,,True
2026-08-09,pre_dam,2026-10-03T03:13:25.616483+00:00,2025-07-05,2025-08-23,4,36.35,30.54,52.39,15.99,28.82,,True
2026-08-09,pre_dam,2026-10-03T03:13:25.616483+00:00,2025-07-05,2025-08-23,5,35.18,30.47,41.09,16.24,26.87,,True
2026-08-09,pre_dam,2026-10-03T03:13:25.616483+00:00,2025-07-05,2025-08-23,6,34.47,29.94,44.23,14.97,30.39,,True
2026-08-09,pre_dam,2026-10-03T03:13:25.616483+00:00,2025-07-05,2025-08-23,7,36.8,30.99,48.78,30.44,31.33,,True
2026-08-09,pre_dam,2026-10-03T03:13:25.616483+00:00,2025-07-05,2025-08-23,8,44.75,35.0,53.45,36.58,35.76,,True
2026-08-09,pre_dam,2026-10-03T03:13:25.616483+00:00,2025-07-05,2025-08-23,9,43.92,38.76,59.89,38.75,36.26,,True
2026-08-09,pre_dam,2026-10-03T03:13:25.616483+00:00,2025-07-05,2025-08-23,10,49.13,39.62,62.1,37.89,36.92,,True
2026-08-09,pre_dam,2026-10-03T03:13:25.616483+00:00,2025-07-05,2025-08-23,11,60.41,41.1,67.69,42.14,34.93,,True
2026-08-09,pre_dam,2026-10-03T03:13:25.616483+00:00,2025-07-05,2025-08-23,12,65.83,44.13,79.55,44.22,35.88,,True
2026-08-09,pre_dam,2026-10-03T03:13:25.616483+00:00,2025-07-05,2025-08-23,13,70.14,49.24,81.98,49.54,39.59,,True
2026-08-09,pre_dam,2026-10-03T03:13:25.616483+00:00,2025-07-05,2025-08-23,14,75.56,57.71,88.1,53.6,40.18,,True
2026-08-09,pre_dam,2026-10-03T03:13:25.616483+00:00,2025-07-05,2025-08-23,15,77.0,60.47,93.25,67.88,40.31,,True
2026-08-09,pre_dam,2026-10-03T03:13:25.616483+00:00,2025-07-05,2025-08-23,16,81.07,62.74,100.97,75.57,42.12,,True
2026-08-09,pre_dam,2026-10-03T03:13:25.616483+00:00,2025-07-05,2025-08-23,17,80.76,60.05,109.32,76.06,58.82,,True
2026-08-09,pre_dam,2026-10-03T03:13:25.616483+00:00,2025-07-05,2025-08-23,18,104.22,67.8,116.28,60.54,61.41,,True
2026-08-09,pre_dam,2026-10-03T03:13:25.616483+00:00,2025-07-05,2025-08-23,19,106.06,69.64,120.93,73.72,54.53,,True
2026-08-09,pre_dam,2026-10-03T03:13:25.616483+00:00,2025-07-05,2025-08-23,20,102.31,65.3,112.85,75.77,47.18,,True
2026-08-09,pre_dam,2026-10-03T03:13:25.616483+00:00,2025-07-05,2025-08-23,21,80.22,55.51,94.45,62.81,36.39,,True
2026-08-09,pre_dam,2026-10-03T03:13:25.616483+00:00,2025-07-05,2025-08-23,22,73.65,59.65,86.31,48.51,38.41,,True
2026-08-09,pre_dam,2026-10-03T03:13:25.616483+00:00,2025-07-05,2025-08-23,23,58.77,42.14,65.89,44.34,39.54,,True
2026-08-09,pre_dam,2026-10-03T03:13:25.616483+00:00,2025-07-05,2025-08-23,24,50.16,37.45,58.82,37.64,37.95,,True
2026-08-10,pre_dam,2026-10-03T03:15:19.702109+00:00,2025-09-22,2025-06-22,1,41.37,35.08,54.61,34.31,27.86,,True
2026-08-10,pre_dam,2026-10-03T03:15:19.702109+00:00,2025-09-22,2025-06-22,2,39.27,33.23,51.87,34.45,24.11,,True
2026-08-10,pre_dam,2026-10-03T03:15:19.702109+00:00,2025-09-22,2025-06-22,3,34.67,31.26,39.94,34.38,23.57,,True
2026-08-10,pre_dam,2026-10-03T03:15:19.702109+00:00,2025-09-22,2025-06-22,4,34.21,30.6,38.05,35.52,15.71,,True
2026-08-10,pre_dam,2026-10-03T03:15:19.702109+00:00,2025-09-22,2025-06-22,5,32.18,25.79,39.48,35.65,15.47,,True
2026-08-10,pre_dam,2026-10-03T03:15:19.702109+00:00,2025-09-22,2025-06-22,6,35.28,29.25,48.2,41.41,16.26,,True
2026-08-10,pre_dam,2026-10-03T03:15:19.702109+00:00,2025-09-22,2025-06-22,7,39.25,26.48,49.33,49.19,14.53,,True
2026-08-10,pre_dam,2026-10-03T03:15:19.702109+00:00,2025-09-22,2025-06-22,8,45.46,35.75,58.21,59.99,38.71,,True
2026-08-10,pre_dam,2026-10-03T03:15:19.702109+00:00,2025-09-22,2025-06-22,9,55.22,41.59,65.0,59.97,38.63,,True
2026-08-10,pre_dam,2026-10-03T03:15:19.702109+00:00,2025-09-22,2025-06-22,10,58.79,44.44,74.74,67.36,39.41,,True
2026-08-10,pre_dam,2026-10-03T03:15:19.702109+00:00,2025-09-22,2025-06-22,11,70.98,54.13,91.02,74.73,56.42,,True
2026-08-10,pre_dam,2026-10-03T03:15:19.702109+00:00,2025-09-22,2025-06-22,12,85.21,54.97,101.4,77.22,63.65,,True
2026-08-10,pre_dam,2026-10-03T03:15:19.702109+00:00,2025-09-22,2025-06-22,13,91.34,59.87,93.11,83.58,58.82,,True
2026-08-10,pre_dam,2026-10-03T03:15:19.702109+00:00,2025-09-22,2025-06-22,14,91.11,65.39,120.07,88.77,58.35,,True
2026-08-10,pre_dam,2026-10-03T03:15:19.702109+00:00,2025-09-22,2025-06-22,15,100.74,66.11,123.83,100.59,62.82,,True
2026-08-10,pre_dam,2026-10-03T03:15:19.702109+00:00,2025-09-22,2025-06-22,16,110.58,73.3,134.42,107.45,78.37,,True
2026-08-10,pre_dam,2026-10-03T03:15:19.702109+00:00,2025-09-22,2025-06-22,17,127.25,79.38,141.49,108.67,79.62,,True
2026-08-10,pre_dam,2026-10-03T03:15:19.702109+00:00,2025-09-22,2025-06-22,18,115.81,79.92,136.75,110.54,100.64,,True
2026-08-10,pre_dam,2026-10-03T03:15:19.702109+00:00,2025-09-22,2025-06-22,19,130.85,92.64,144.12,124.25,102.83,,True
2026-08-10,pre_dam,2026-10-03T03:15:19.702109+00:00,2025-09-22,2025-06-22,20,113.2,86.37,136.24,104.61,98.57,,True
2026-08-10,pre_dam,2026-10-03T03:15:19.702109+00:00,2025-09-22,2025-06-22,21,110.96,73.98,136.68,79.76,78.61,,True
2026-08-10,pre_dam,2026-10-03T03:15:19.702109+00:00,2025-09-22,2025-06-22,22,90.84,69.11,109.38,61.54,56.18,,True
2026-08-10,pre_dam,2026-10-03T03:15:19.702109+00:00,2025-09-22,2025-06-22,23,86.55,62.12,100.03,44.22,43.59,,True
2026-08-10,pre_dam,2026-10-03T03:15:19.702109+00:00,2025-09-22,2025-06-22,24,57.39,45.62,69.44,45.61,40.19,,True
2026-08-11,pre_dam,2026-10-03T03:17:02.248716+00:00,2025-07-10,2026-08-07,1,48.83,38.1,57.31,69.2,33.54,,True
2026-08-11,pre_dam,2026-10-03T03:17:02.248716+00:00,2025-07-10,2026-08-07,2,45.0,37.52,53.09,39.97,52.1,,True
2026-08-11,pre_dam,2026-10-03T03:17:02.248716+00:00,2025-07-10,2026-08-07,3,38.67,38.67,41.25,37.14,48.96,,True
2026-08-11,pre_dam,2026-10-03T03:17:02.248716+00:00,2025-07-10,2026-08-07,4,43.08,37.49,46.6,30.18,48.07,,True
2026-08-11,pre_dam,2026-10-03T03:17:02.248716+00:00,2025-07-10,2026-08-07,5,39.43,36.36,45.65,37.0,28.2,,True
2026-08-11,pre_dam,2026-10-03T03:17:02.248716+00:00,2025-07-10,2026-08-07,6,54.28,41.04,66.25,39.34,60.1,,True
2026-08-11,pre_dam,2026-10-03T03:17:02.248716+00:00,2025-07-10,2026-08-07,7,60.79,45.16,64.68,47.78,64.32,,True
2026-08-11,pre_dam,2026-10-03T03:17:02.248716+00:00,2025-07-10,2026-08-07,8,70.06,49.98,70.06,49.32,65.65,,True
2026-08-11,pre_dam,2026-10-03T03:17:02.248716+00:00,2025-07-10,2026-08-07,9,72.21,57.89,84.52,58.13,72.17,,True
2026-08-11,pre_dam,2026-10-03T03:17:02.248716+00:00,2025-07-10,2026-08-07,10,79.43,56.99,91.15,69.03,82.64,,True
2026-08-11,pre_dam,2026-10-03T03:17:02.248716+00:00,2025-07-10,2026-08-07,11,87.88,64.89,102.25,77.59,82.15,,True
2026-08-11,pre_dam,2026-10-03T03:17:02.248716+00:00,2025-07-10,2026-08-07,12,96.43,71.92,112.63,94.04,151.51,,True
2026-08-11,pre_dam,2026-10-03T03:17:02.248716+00:00,2025-07-10,2026-08-07,13,98.79,68.24,119.17,91.29,42.75,,True
2026-08-11,pre_dam,2026-10-03T03:17:02.248716+00:00,2025-07-10,2026-08-07,14,111.53,74.71,140.85,90.81,111.86,,True
2026-08-11,pre_dam,2026-10-03T03:17:02.248716+00:00,2025-07-10,2026-08-07,15,109.89,77.08,134.72,90.15,151.55,,True
2026-08-11,pre_dam,2026-10-03T03:17:02.248716+00:00,2025-07-10,2026-08-07,16,159.77,81.22,179.5,88.46,134.03,,True
2026-08-11,pre_dam,2026-10-03T03:17:02.248716+00:00,2025-07-10,2026-08-07,17,169.66,95.73,185.28,115.09,81.45,,True
2026-08-11,pre_dam,2026-10-03T03:17:02.248716+00:00,2025-07-10,2026-08-07,18,168.45,98.5,194.36,136.43,114.57,,True
2026-08-11,pre_dam,2026-10-03T03:17:02.248716+00:00,2025-07-10,2026-08-07,19,147.05,87.47,173.54,112.59,102.02,,True
2026-08-11,pre_dam,2026-10-03T03:17:02.248716+00:00,2025-07-10,2026-08-07,20,128.77,76.43,161.43,98.64,102.13,,True
2026-08-11,pre_dam,2026-10-03T03:17:02.248716+00:00,2025-07-10,2026-08-07,21,117.89,68.94,129.33,94.62,95.13,,True
2026-08-11,pre_dam,2026-10-03T03:17:02.248716+00:00,2025-07-10,2026-08-07,22,81.12,60.54,102.59,77.01,76.85,,True
2026-08-11,pre_dam,2026-10-03T03:17:02.248716+00:00,2025-07-10,2026-08-07,23,63.86,46.35,91.41,48.94,74.9,,True
2026-08-11,pre_dam,2026-10-03T03:17:02.248716+00:00,2025-07-10,2026-08-07,24,57.29,40.43,70.63,42.0,53.75,,True
2026-08-12,pre_dam,2026-10-03T03:18:48.343591+00:00,2026-08-11,2025-07-09,1,46.64,42.06,62.02,50.49,58.3,,True
2026-08-12,pre_dam,2026-10-03T03:18:48.343591+00:00,2026-08-11,2025-07-09,2,45.72,37.86,57.32,45.99,45.09,,True
2026-08-12,pre_dam,2026-10-03T03:18:48.343591+00:00,2026-08-11,2025-07-09,3,41.95,37.69,52.31,44.1,37.57,,True
2026-08-12,pre_dam,2026-10-03T03:18:48.343591+00:00,2026-08-11,2025-07-09,4,41.69,35.81,50.68,43.11,37.46,,True
2026-08-12,pre_dam,2026-10-03T03:18:48.343591+00:00,2026-08-11,2025-07-09,5,42.86,35.71,55.75,47.38,37.05,,True
2026-08-12,pre_dam,2026-10-03T03:18:48.343591+00:00,2026-08-11,2025-07-09,6,47.86,40.33,60.4,53.52,36.81,,True
2026-08-12,pre_dam,2026-10-03T03:18:48.343591+00:00,2026-08-11,2025-07-09,7,53.26,39.97,62.46,52.4,48.0,,True
2026-08-12,pre_dam,2026-10-03T03:18:48.343591+00:00,2026-08-11,2025-07-09,8,65.92,50.7,91.06,89.95,82.68,,True
2026-08-12,pre_dam,2026-10-03T03:18:48.343591+00:00,2026-08-11,2025-07-09,9,64.03,53.95,87.61,82.14,76.82,,True
2026-08-12,pre_dam,2026-10-03T03:18:48.343591+00:00,2026-08-11,2025-07-09,10,69.81,61.37,89.7,82.13,76.39,,True
2026-08-12,pre_dam,2026-10-03T03:18:48.343591+00:00,2026-08-11,2025-07-09,11,79.53,67.19,104.98,87.63,94.34,,True
2026-08-12,pre_dam,2026-10-03T03:18:48.343591+00:00,2026-08-11,2025-07-09,12,87.72,69.77,107.34,88.05,91.14,,True
2026-08-12,pre_dam,2026-10-03T03:18:48.343591+00:00,2026-08-11,2025-07-09,13,97.05,75.43,111.72,97.92,93.12,,True
2026-08-12,pre_dam,2026-10-03T03:18:48.343591+00:00,2026-08-11,2025-07-09,14,93.99,76.08,103.49,105.27,99.07,,True
2026-08-12,pre_dam,2026-10-03T03:18:48.343591+00:00,2026-08-11,2025-07-09,15,103.77,77.93,103.77,110.49,121.91,,True
2026-08-12,pre_dam,2026-10-03T03:18:48.343591+00:00,2026-08-11,2025-07-09,16,93.28,75.21,107.96,106.46,136.98,,True
2026-08-12,pre_dam,2026-10-03T03:18:48.343591+00:00,2026-08-11,2025-07-09,17,79.17,71.79,109.58,111.4,55.96,,True
2026-08-12,pre_dam,2026-10-03T03:18:48.343591+00:00,2026-08-11,2025-07-09,18,122.81,88.21,140.47,114.1,59.48,,True
2026-08-12,pre_dam,2026-10-03T03:18:48.343591+00:00,2026-08-11,2025-07-09,19,85.8,76.22,107.37,125.96,87.25,,True
2026-08-12,pre_dam,2026-10-03T03:18:48.343591+00:00,2026-08-11,2025-07-09,20,87.8,75.86,114.58,121.84,94.08,,True
2026-08-12,pre_dam,2026-10-03T03:18:48.343591+00:00,2026-08-11,2025-07-09,21,80.95,69.91,101.68,115.69,94.87,,True
2026-08-12,pre_dam,2026-10-03T03:18:48.343591+00:00,2026-08-11,2025-07-09,22,71.66,63.04,96.63,108.82,77.41,,True
2026-08-12,pre_dam,2026-10-03T03:18:48.343591+00:00,2026-08-11,2025-07-09,23,64.17,51.02,83.01,77.89,57.07,,True
2026-08-12,pre_dam,2026-10-03T03:18:48.343591+00:00,2026-08-11,2025-07-09,24,48.19,40.68,58.99,58.8,38.12,,True
2026-08-13,pre_dam,2026-10-03T03:20:33.717571+00:00,2026-08-12,2026-08-11,1,47.97,37.25,59.45,57.99,50.49,,True
2026-08-13,pre_dam,2026-10-03T03:20:33.717571+00:00,2026-08-12,2026-08-11,2,41.71,36.62,57.29,50.78,45.99,,True
2026-08-13,pre_dam,2026-10-03T03:20:33.717571+00:00,2026-08-12,2026-08-11,3,40.17,35.41,50.79,48.26,44.1,,True
2026-08-13,pre_dam,2026-10-03T03:20:33.717571+00:00,2026-08-12,2026-08-11,4,38.37,35.16,48.94,48.05,43.11,,True
2026-08-13,pre_dam,2026-10-03T03:20:33.717571+00:00,2026-08-12,2026-08-11,5,37.83,34.43,49.58,47.06,47.38,,True
2026-08-13,pre_dam,2026-10-03T03:20:33.717571+00:00,2026-08-12,2026-08-11,6,44.38,39.53,60.24,52.84,53.52,,True
2026-08-13,pre_dam,2026-10-03T03:20:33.717571+00:00,2026-08-12,2026-08-11,7,53.62,44.14,68.52,54.6,52.4,,True
2026-08-13,pre_dam,2026-10-03T03:20:33.717571+00:00,2026-08-12,2026-08-11,8,68.09,53.11,72.65,72.22,89.95,,True
2026-08-13,pre_dam,2026-10-03T03:20:33.717571+00:00,2026-08-12,2026-08-11,9,70.67,52.81,84.6,79.72,82.14,,True
2026-08-13,pre_dam,2026-10-03T03:20:33.717571+00:00,2026-08-12,2026-08-11,10,69.55,61.15,82.61,84.4,82.13,,True
2026-08-13,pre_dam,2026-10-03T03:20:33.717571+00:00,2026-08-12,2026-08-11,11,83.85,68.1,91.93,83.85,87.63,,True
2026-08-13,pre_dam,2026-10-03T03:20:33.717571+00:00,2026-08-12,2026-08-11,12,87.01,67.75,101.99,88.09,88.05,,True
2026-08-13,pre_dam,2026-10-03T03:20:33.717571+00:00,2026-08-12,2026-08-11,13,85.54,72.99,93.89,91.33,97.92,,True
2026-08-13,pre_dam,2026-10-03T03:20:33.717571+00:00,2026-08-12,2026-08-11,14,97.52,77.84,109.0,111.06,105.27,,True
2026-08-13,pre_dam,2026-10-03T03:20:33.717571+00:00,2026-08-12,2026-08-11,15,96.18,75.65,109.05,110.92,110.49,,True
2026-08-13,pre_dam,2026-10-03T03:20:33.717571+00:00,2026-08-12,2026-08-11,16,102.01,72.56,109.61,111.98,106.46,,True
2026-08-13,pre_dam,2026-10-03T03:20:33.717571+00:00,2026-08-12,2026-08-11,17,101.26,73.42,135.6,108.14,111.4,,True
2026-08-13,pre_dam,2026-10-03T03:20:33.717571+00:00,2026-08-12,2026-08-11,18,120.01,76.08,149.35,114.89,114.1,,True
2026-08-13,pre_dam,2026-10-03T03:20:33.717571+00:00,2026-08-12,2026-08-11,19,119.79,87.14,149.4,118.66,125.96,,True
2026-08-13,pre_dam,2026-10-03T03:20:33.717571+00:00,2026-08-12,2026-08-11,20,108.75,78.06,125.39,118.41,121.84,,True
2026-08-13,pre_dam,2026-10-03T03:20:33.717571+00:00,2026-08-12,2026-08-11,21,89.62,74.54,110.44,111.72,115.69,,True
2026-08-13,pre_dam,2026-10-03T03:20:33.717571+00:00,2026-08-12,2026-08-11,22,85.21,67.87,102.61,98.39,108.82,,True
2026-08-13,pre_dam,2026-10-03T03:20:33.717571+00:00,2026-08-12,2026-08-11,23,66.23,51.64,80.21,80.37,77.89,,True
2026-08-13,pre_dam,2026-10-03T03:20:33.717571+00:00,2026-08-12,2026-08-11,24,58.19,45.98,68.77,62.68,58.8,,True
2026-08-14,pre_dam,2026-10-03T03:22:33.711614+00:00,2026-08-12,2026-08-13,1,51.45,40.38,68.34,57.99,52.18,,True
2026-08-14,pre_dam,2026-10-03T03:22:33.711614+00:00,2026-08-12,2026-08-13,2,50.04,39.44,61.38,50.78,45.19,,True
2026-08-14,pre_dam,2026-10-03T03:22:33.711614+00:00,2026-08-12,2026-08-13,3,44.28,37.94,53.28,48.26,37.31,,True
2026-08-14,pre_dam,2026-10-03T03:22:33.711614+00:00,2026-08-12,2026-08-13,4,43.4,38.47,53.44,48.05,38.91,,True
2026-08-14,pre_dam,2026-10-03T03:22:33.711614+00:00,2026-08-12,2026-08-13,5,40.17,33.75,48.08,47.06,36.46,,True
2026-08-14,pre_dam,2026-10-03T03:22:33.711614+00:00,2026-08-12,2026-08-13,6,50.13,41.32,67.48,52.84,50.29,,True
2026-08-14,pre_dam,2026-10-03T03:22:33.711614+00:00,2026-08-12,2026-08-13,7,59.87,43.62,71.57,54.6,49.77,,True
2026-08-14,pre_dam,2026-10-03T03:22:33.711614+00:00,2026-08-12,2026-08-13,8,59.64,46.05,70.13,72.22,54.96,,True
2026-08-14,pre_dam,2026-10-03T03:22:33.711614+00:00,2026-08-12,2026-08-13,9,69.66,55.96,75.59,79.72,74.53,,True
2026-08-14,pre_dam,2026-10-03T03:22:33.711614+00:00,2026-08-12,2026-08-13,10,67.8,58.78,75.37,84.4,75.77,,True
2026-08-14,pre_dam,2026-10-03T03:22:33.711614+00:00,2026-08-12,2026-08-13,11,77.2,62.54,87.52,83.85,81.96,,True
2026-08-14,pre_dam,2026-10-03T03:22:33.711614+00:00,2026-08-12,2026-08-13,12,78.04,62.94,96.36,88.09,85.45,,True
2026-08-14,pre_dam,2026-10-03T03:22:33.711614+00:00,2026-08-12,2026-08-13,13,80.4,65.33,100.26,91.33,93.13,,True
2026-08-14,pre_dam,2026-10-03T03:22:33.711614+00:00,2026-08-12,2026-08-13,14,79.59,67.69,109.0,111.06,96.52,,True
2026-08-14,pre_dam,2026-10-03T03:22:33.711614+00:00,2026-08-12,2026-08-13,15,89.86,70.25,103.7,110.92,110.47,,True
2026-08-14,pre_dam,2026-10-03T03:22:33.711614+00:00,2026-08-12,2026-08-13,16,93.16,67.77,101.4,111.98,107.84,,True
2026-08-14,pre_dam,2026-10-03T03:22:33.711614+00:00,2026-08-12,2026-08-13,17,100.66,73.61,115.61,108.14,110.29,,True
2026-08-14,pre_dam,2026-10-03T03:22:33.711614+00:00,2026-08-12,2026-08-13,18,132.04,89.18,132.04,114.89,114.57,,True
2026-08-14,pre_dam,2026-10-03T03:22:33.711614+00:00,2026-08-12,2026-08-13,19,97.85,81.19,118.84,118.66,131.38,,True
2026-08-14,pre_dam,2026-10-03T03:22:33.711614+00:00,2026-08-12,2026-08-13,20,93.13,73.89,115.74,118.41,122.68,,True
2026-08-14,pre_dam,2026-10-03T03:22:33.711614+00:00,2026-08-12,2026-08-13,21,79.34,64.7,100.63,111.72,105.68,,True
2026-08-14,pre_dam,2026-10-03T03:22:33.711614+00:00,2026-08-12,2026-08-13,22,74.37,64.51,91.32,98.39,95.06,,True
2026-08-14,pre_dam,2026-10-03T03:22:33.711614+00:00,2026-08-12,2026-08-13,23,69.88,52.48,93.3,80.37,90.27,,True
2026-08-14,pre_dam,2026-10-03T03:22:33.711614+00:00,2026-08-12,2026-08-13,24,57.41,43.31,66.03,62.68,71.88,,True
2026-08-15,pre_dam,2026-10-03T03:24:35.812250+00:00,2026-07-26,2025-07-19,1,44.45,35.89,51.74,30.95,39.52,,True
2026-08-15,pre_dam,2026-10-03T03:24:35.812250+00:00,2026-07-26,2025-07-19,2,39.5,34.34,41.37,31.41,31.91,,True
2026-08-15,pre_dam,2026-10-03T03:24:35.812250+00:00,2026-07-26,2025-07-19,3,36.75,32.13,39.15,30.41,30.36,,True
2026-08-15,pre_dam,2026-10-03T03:24:35.812250+00:00,2026-07-26,2025-07-19,4,35.76,31.57,38.2,28.19,28.98,,True
2026-08-15,pre_dam,2026-10-03T03:24:35.812250+00:00,2026-07-26,2025-07-19,5,33.27,30.23,38.36,29.64,30.76,,True
2026-08-15,pre_dam,2026-10-03T03:24:35.812250+00:00,2026-07-26,2025-07-19,6,35.92,31.3,43.18,28.59,30.76,,True
2026-08-15,pre_dam,2026-10-03T03:24:35.812250+00:00,2026-07-26,2025-07-19,7,37.9,34.14,42.4,30.64,32.1,,True
2026-08-15,pre_dam,2026-10-03T03:24:35.812250+00:00,2026-07-26,2025-07-19,8,40.45,36.07,47.78,33.27,37.36,,True
2026-08-15,pre_dam,2026-10-03T03:24:35.812250+00:00,2026-07-26,2025-07-19,9,43.91,41.52,52.66,35.36,43.35,,True
2026-08-15,pre_dam,2026-10-03T03:24:35.812250+00:00,2026-07-26,2025-07-19,10,51.1,47.34,57.31,40.54,44.78,,True
2026-08-15,pre_dam,2026-10-03T03:24:35.812250+00:00,2026-07-26,2025-07-19,11,57.5,47.65,66.54,42.4,47.33,,True
2026-08-15,pre_dam,2026-10-03T03:24:35.812250+00:00,2026-07-26,2025-07-19,12,61.29,50.65,75.99,47.24,47.28,,True
2026-08-15,pre_dam,2026-10-03T03:24:35.812250+00:00,2026-07-26,2025-07-19,13,67.91,56.35,79.44,52.15,48.17,,True
2026-08-15,pre_dam,2026-10-03T03:24:35.812250+00:00,2026-07-26,2025-07-19,14,67.85,56.52,78.12,53.84,51.26,,True
2026-08-15,pre_dam,2026-10-03T03:24:35.812250+00:00,2026-07-26,2025-07-19,15,68.39,60.12,80.83,61.22,57.22,,True
2026-08-15,pre_dam,2026-10-03T03:24:35.812250+00:00,2026-07-26,2025-07-19,16,67.7,59.27,77.01,64.87,55.61,,True
2026-08-15,pre_dam,2026-10-03T03:24:35.812250+00:00,2026-07-26,2025-07-19,17,71.24,62.92,80.92,86.9,71.0,,True
2026-08-15,pre_dam,2026-10-03T03:24:35.812250+00:00,2026-07-26,2025-07-19,18,79.62,79.62,90.59,82.71,84.74,,True
2026-08-15,pre_dam,2026-10-03T03:24:35.812250+00:00,2026-07-26,2025-07-19,19,80.61,71.04,96.3,82.2,83.58,,True
2026-08-15,pre_dam,2026-10-03T03:24:35.812250+00:00,2026-07-26,2025-07-19,20,82.12,64.33,94.27,77.26,73.05,,True
2026-08-15,pre_dam,2026-10-03T03:24:35.812250+00:00,2026-07-26,2025-07-19,21,65.49,52.99,85.07,77.46,58.85,,True
2026-08-15,pre_dam,2026-10-03T03:24:35.812250+00:00,2026-07-26,2025-07-19,22,56.74,42.56,78.26,60.77,49.8,,True
2026-08-15,pre_dam,2026-10-03T03:24:35.812250+00:00,2026-07-26,2025-07-19,23,50.91,39.43,67.69,49.94,43.62,,True
2026-08-15,pre_dam,2026-10-03T03:24:35.812250+00:00,2026-07-26,2025-07-19,24,42.16,34.03,50.86,42.75,39.14,,True
2026-08-16,pre_dam,2026-10-03T03:06:37.279927+00:00,2025-07-20,2026-07-18,1,40.8,33.39,44.96,44.85,37.97,,True
2026-08-16,pre_dam,2026-10-03T03:06:37.279927+00:00,2025-07-20,2026-07-18,2,39.8,32.48,44.7,35.31,31.44,,True
2026-08-16,pre_dam,2026-10-03T03:06:37.279927+00:00,2025-07-20,2026-07-18,3,37.44,31.24,40.82,34.49,31.65,,True
2026-08-16,pre_dam,2026-10-03T03:06:37.279927+00:00,2025-07-20,2026-07-18,4,33.83,29.79,35.87,34.08,26.34,,True
2026-08-16,pre_dam,2026-10-03T03:06:37.279927+00:00,2025-07-20,2026-07-18,5,33.11,28.69,35.86,32.82,25.29,,True
2026-08-16,pre_dam,2026-10-03T03:06:37.279927+00:00,2025-07-20,2026-07-18,6,33.77,28.66,37.66,32.18,21.68,,True
2026-08-16,pre_dam,2026-10-03T03:06:37.279927+00:00,2025-07-20,2026-07-18,7,34.19,27.04,36.41,33.32,28.32,,True
2026-08-16,pre_dam,2026-10-03T03:06:37.279927+00:00,2025-07-20,2026-07-18,8,34.48,31.46,39.0,34.79,34.74,,True
2026-08-16,pre_dam,2026-10-03T03:06:37.279927+00:00,2025-07-20,2026-07-18,9,39.95,35.62,44.22,36.27,40.56,,True
2026-08-16,pre_dam,2026-10-03T03:06:37.279927+00:00,2025-07-20,2026-07-18,10,46.18,37.3,54.7,44.14,47.93,,True
2026-08-16,pre_dam,2026-10-03T03:06:37.279927+00:00,2025-07-20,2026-07-18,11,52.06,40.03,57.85,43.51,52.8,,True
2026-08-16,pre_dam,2026-10-03T03:06:37.279927+00:00,2025-07-20,2026-07-18,12,59.49,48.88,66.89,46.48,53.73,,True
2026-08-16,pre_dam,2026-10-03T03:06:37.279927+00:00,2025-07-20,2026-07-18,13,61.32,47.05,77.08,45.91,57.65,,True
2026-08-16,pre_dam,2026-10-03T03:06:37.279927+00:00,2025-07-20,2026-07-18,14,63.66,53.99,80.9,43.24,57.06,,True
2026-08-16,pre_dam,2026-10-03T03:06:37.279927+00:00,2025-07-20,2026-07-18,15,70.94,62.21,81.35,45.35,50.19,,True
2026-08-16,pre_dam,2026-10-03T03:06:37.279927+00:00,2025-07-20,2026-07-18,16,81.02,72.37,83.31,65.62,46.62,,True
2026-08-16,pre_dam,2026-10-03T03:06:37.279927+00:00,2025-07-20,2026-07-18,17,80.05,75.0,92.15,93.28,52.47,,True
2026-08-16,pre_dam,2026-10-03T03:06:37.279927+00:00,2025-07-20,2026-07-18,18,86.29,76.24,95.59,95.67,47.35,,True
2026-08-16,pre_dam,2026-10-03T03:06:37.279927+00:00,2025-07-20,2026-07-18,19,97.51,80.93,106.38,98.27,43.93,,True
2026-08-16,pre_dam,2026-10-03T03:06:37.279927+00:00,2025-07-20,2026-07-18,20,92.06,79.59,95.7,89.77,46.61,,True
2026-08-16,pre_dam,2026-10-03T03:06:37.279927+00:00,2025-07-20,2026-07-18,21,79.5,66.92,88.86,79.72,48.56,,True
2026-08-16,pre_dam,2026-10-03T03:06:37.279927+00:00,2025-07-20,2026-07-18,22,64.93,50.03,80.74,57.46,48.56,,True
2026-08-16,pre_dam,2026-10-03T03:06:37.279927+00:00,2025-07-20,2026-07-18,23,53.24,39.0,57.12,45.79,41.62,,True
2026-08-16,pre_dam,2026-10-03T03:06:37.279927+00:00,2025-07-20,2026-07-18,24,46.58,38.09,48.94,39.52,38.02,,True
2026-08-17,pre_dam,2026-10-03T03:08:53.553728+00:00,2026-08-12,2026-08-13,1,47.67,39.57,58.79,57.99,52.18,,True
2026-08-17,pre_dam,2026-10-03T03:08:53.553728+00:00,2026-08-12,2026-08-13,2,42.98,34.02,48.97,50.78,45.19,,True
2026-08-17,pre_dam,2026-10-03T03:08:53.553728+00:00,2026-08-12,2026-08-13,3,37.81,31.78,40.68,48.26,37.31,,True
2026-08-17,pre_dam,2026-10-03T03:08:53.553728+00:00,2026-08-12,2026-08-13,4,37.85,33.06,41.72,48.05,38.91,,True
2026-08-17,pre_dam,2026-10-03T03:08:53.553728+00:00,2026-08-12,2026-08-13,5,36.36,27.03,39.2,47.06,36.46,,True
2026-08-17,pre_dam,2026-10-03T03:08:53.553728+00:00,2026-08-12,2026-08-13,6,40.46,33.41,44.14,52.84,50.29,,True
2026-08-17,pre_dam,2026-10-03T03:08:53.553728+00:00,2026-08-12,2026-08-13,7,43.52,30.29,49.09,54.6,49.77,,True
2026-08-17,pre_dam,2026-10-03T03:08:53.553728+00:00,2026-08-12,2026-08-13,8,50.93,35.46,53.38,72.22,54.96,,True
2026-08-17,pre_dam,2026-10-03T03:08:53.553728+00:00,2026-08-12,2026-08-13,9,62.25,46.33,66.53,79.72,74.53,,True
2026-08-17,pre_dam,2026-10-03T03:08:53.553728+00:00,2026-08-12,2026-08-13,10,69.89,57.86,83.17,84.4,75.77,,True
2026-08-17,pre_dam,2026-10-03T03:08:53.553728+00:00,2026-08-12,2026-08-13,11,74.55,58.24,87.99,83.85,81.96,,True
2026-08-17,pre_dam,2026-10-03T03:08:53.553728+00:00,2026-08-12,2026-08-13,12,87.72,61.09,102.29,88.09,85.45,,True
2026-08-17,pre_dam,2026-10-03T03:08:53.553728+00:00,2026-08-12,2026-08-13,13,95.01,62.8,95.01,91.33,93.13,,True
2026-08-17,pre_dam,2026-10-03T03:08:53.553728+00:00,2026-08-12,2026-08-13,14,90.89,63.38,102.27,111.06,96.52,,True
2026-08-17,pre_dam,2026-10-03T03:08:53.553728+00:00,2026-08-12,2026-08-13,15,90.03,62.49,101.09,110.92,110.47,,True
2026-08-17,pre_dam,2026-10-03T03:08:53.553728+00:00,2026-08-12,2026-08-13,16,100.7,64.7,100.7,111.98,107.84,,True
2026-08-17,pre_dam,2026-10-03T03:08:53.553728+00:00,2026-08-12,2026-08-13,17,109.19,58.14,113.05,108.14,110.29,,True
2026-08-17,pre_dam,2026-10-03T03:08:53.553728+00:00,2026-08-12,2026-08-13,18,109.96,65.55,119.47,114.89,114.57,,True
2026-08-17,pre_dam,2026-10-03T03:08:53.553728+00:00,2026-08-12,2026-08-13,19,118.26,75.32,128.82,118.66,131.38,,True
2026-08-17,pre_dam,2026-10-03T03:08:53.553728+00:00,2026-08-12,2026-08-13,20,110.94,72.16,115.94,118.41,122.68,,True
2026-08-17,pre_dam,2026-10-03T03:08:53.553728+00:00,2026-08-12,2026-08-13,21,108.2,78.64,126.97,111.72,105.68,,True
2026-08-17,pre_dam,2026-10-03T03:08:53.553728+00:00,2026-08-12,2026-08-13,22,73.55,63.93,85.9,98.39,95.06,,True
2026-08-17,pre_dam,2026-10-03T03:08:53.553728+00:00,2026-08-12,2026-08-13,23,66.19,52.11,67.53,80.37,90.27,,True
2026-08-17,pre_dam,2026-10-03T03:08:53.553728+00:00,2026-08-12,2026-08-13,24,50.6,43.52,59.71,62.68,71.88,,True
2026-08-18,pre_dam,2026-10-03T03:11:26.532187+00:00,2026-08-12,2026-08-13,1,44.29,33.91,49.03,57.99,52.18,,True
2026-08-18,pre_dam,2026-10-03T03:11:26.532187+00:00,2026-08-12,2026-08-13,2,43.7,36.71,47.33,50.78,45.19,,True
2026-08-18,pre_dam,2026-10-03T03:11:26.532187+00:00,2026-08-12,2026-08-13,3,41.63,34.5,44.98,48.26,37.31,,True
2026-08-18,pre_dam,2026-10-03T03:11:26.532187+00:00,2026-08-12,2026-08-13,4,40.36,34.37,45.79,48.05,38.91,,True
2026-08-18,pre_dam,2026-10-03T03:11:26.532187+00:00,2026-08-12,2026-08-13,5,44.54,37.67,49.87,47.06,36.46,,True
2026-08-18,pre_dam,2026-10-03T03:11:26.532187+00:00,2026-08-12,2026-08-13,6,51.45,42.05,60.71,52.84,50.29,,True
2026-08-18,pre_dam,2026-10-03T03:11:26.532187+00:00,2026-08-12,2026-08-13,7,53.69,47.49,66.14,54.6,49.77,,True
2026-08-18,pre_dam,2026-10-03T03:11:26.532187+00:00,2026-08-12,2026-08-13,8,60.52,46.98,63.25,72.22,54.96,,True
2026-08-18,pre_dam,2026-10-03T03:11:26.532187+00:00,2026-08-12,2026-08-13,9,64.58,56.73,73.4,79.72,74.53,,True
2026-08-18,pre_dam,2026-10-03T03:11:26.532187+00:00,2026-08-12,2026-08-13,10,68.9,65.43,79.8,84.4,75.77,,True
2026-08-18,pre_dam,2026-10-03T03:11:26.532187+00:00,2026-08-12,2026-08-13,11,73.37,69.49,87.46,83.85,81.96,,True
2026-08-18,pre_dam,2026-10-03T03:11:26.532187+00:00,2026-08-12,2026-08-13,12,80.35,72.39,94.11,88.09,85.45,,True
2026-08-18,pre_dam,2026-10-03T03:11:26.532187+00:00,2026-08-12,2026-08-13,13,90.51,76.2,99.74,91.33,93.13,,True
2026-08-18,pre_dam,2026-10-03T03:11:26.532187+00:00,2026-08-12,2026-08-13,14,94.65,78.34,105.87,111.06,96.52,,True
2026-08-18,pre_dam,2026-10-03T03:11:26.532187+00:00,2026-08-12,2026-08-13,15,97.29,80.0,117.38,110.92,110.47,,True
2026-08-18,pre_dam,2026-10-03T03:11:26.532187+00:00,2026-08-12,2026-08-13,16,90.57,73.15,120.92,111.98,107.84,,True
2026-08-18,pre_dam,2026-10-03T03:11:26.532187+00:00,2026-08-12,2026-08-13,17,92.52,79.51,119.18,108.14,110.29,,True
2026-08-18,pre_dam,2026-10-03T03:11:26.532187+00:00,2026-08-12,2026-08-13,18,91.84,79.93,119.6,114.89,114.57,,True
2026-08-18,pre_dam,2026-10-03T03:11:26.532187+00:00,2026-08-12,2026-08-13,19,101.53,86.96,129.16,118.66,131.38,,True
2026-08-18,pre_dam,2026-10-03T03:11:26.532187+00:00,2026-08-12,2026-08-13,20,91.69,80.72,128.2,118.41,122.68,,True
2026-08-18,pre_dam,2026-10-03T03:11:26.532187+00:00,2026-08-12,2026-08-13,21,85.29,65.03,94.8,111.72,105.68,,True
2026-08-18,pre_dam,2026-10-03T03:11:26.532187+00:00,2026-08-12,2026-08-13,22,67.17,53.8,91.49,98.39,95.06,,True
2026-08-18,pre_dam,2026-10-03T03:11:26.532187+00:00,2026-08-12,2026-08-13,23,59.87,43.27,65.22,80.37,90.27,,True
2026-08-18,pre_dam,2026-10-03T03:11:26.532187+00:00,2026-08-12,2026-08-13,24,52.88,39.73,57.6,62.68,71.88,,True
2026-08-19,pre_dam,2026-10-03T03:13:19.766266+00:00,2026-07-30,2026-08-12,1,39.22,32.93,47.66,23.74,57.99,,True
2026-08-19,pre_dam,2026-10-03T03:13:19.766266+00:00,2026-07-30,2026-08-12,2,40.25,32.38,45.14,21.8,50.78,,True
2026-08-19,pre_dam,2026-10-03T03:13:19.766266+00:00,2026-07-30,2026-08-12,3,37.25,30.87,40.68,21.36,48.26,,True
2026-08-19,pre_dam,2026-10-03T03:13:19.766266+00:00,2026-07-30,2026-08-12,4,36.44,32.2,39.59,21.12,48.05,,True
2026-08-19,pre_dam,2026-10-03T03:13:19.766266+00:00,2026-07-30,2026-08-12,5,39.06,33.55,46.35,22.11,47.06,,True
2026-08-19,pre_dam,2026-10-03T03:13:19.766266+00:00,2026-07-30,2026-08-12,6,43.29,35.07,55.25,22.29,52.84,,True
2026-08-19,pre_dam,2026-10-03T03:13:19.766266+00:00,2026-07-30,2026-08-12,7,53.57,44.7,63.85,25.3,54.6,,True
2026-08-19,pre_dam,2026-10-03T03:13:19.766266+00:00,2026-07-30,2026-08-12,8,55.32,40.55,60.48,28.1,72.22,,True
2026-08-19,pre_dam,2026-10-03T03:13:19.766266+00:00,2026-07-30,2026-08-12,9,63.59,47.84,65.85,26.42,79.72,,True
2026-08-19,pre_dam,2026-10-03T03:13:19.766266+00:00,2026-07-30,2026-08-12,10,68.74,53.36,68.74,29.97,84.4,,True
2026-08-19,pre_dam,2026-10-03T03:13:19.766266+00:00,2026-07-30,2026-08-12,11,74.28,56.73,74.28,30.91,83.85,,True
2026-08-19,pre_dam,2026-10-03T03:13:19.766266+00:00,2026-07-30,2026-08-12,12,76.88,57.71,76.88,33.26,88.09,,True
2026-08-19,pre_dam,2026-10-03T03:13:19.766266+00:00,2026-07-30,2026-08-12,13,81.85,55.81,81.85,35.9,91.33,,True
2026-08-19,pre_dam,2026-10-03T03:13:19.766266+00:00,2026-07-30,2026-08-12,14,79.51,58.09,79.51,37.31,111.06,,True
2026-08-19,pre_dam,2026-10-03T03:13:19.766266+00:00,2026-07-30,2026-08-12,15,75.68,57.99,75.68,33.47,110.92,,True
2026-08-19,pre_dam,2026-10-03T03:13:19.766266+00:00,2026-07-30,2026-08-12,16,81.02,60.48,86.18,41.01,111.98,,True
2026-08-19,pre_dam,2026-10-03T03:13:19.766266+00:00,2026-07-30,2026-08-12,17,80.55,74.16,95.69,48.65,108.14,,True
2026-08-19,pre_dam,2026-10-03T03:13:19.766266+00:00,2026-07-30,2026-08-12,18,88.45,75.68,98.04,48.39,114.89,,True
2026-08-19,pre_dam,2026-10-03T03:13:19.766266+00:00,2026-07-30,2026-08-12,19,91.04,75.04,108.75,58.83,118.66,,True
2026-08-19,pre_dam,2026-10-03T03:13:19.766266+00:00,2026-07-30,2026-08-12,20,98.18,83.73,105.54,53.06,118.41,,True
2026-08-19,pre_dam,2026-10-03T03:13:19.766266+00:00,2026-07-30,2026-08-12,21,79.55,68.59,94.25,48.73,111.72,,True
2026-08-19,pre_dam,2026-10-03T03:13:19.766266+00:00,2026-07-30,2026-08-12,22,73.78,55.51,94.69,38.33,98.39,,True
2026-08-19,pre_dam,2026-10-03T03:13:19.766266+00:00,2026-07-30,2026-08-12,23,52.51,43.88,80.61,31.08,80.37,,True
2026-08-19,pre_dam,2026-10-03T03:13:19.766266+00:00,2026-07-30,2026-08-12,24,42.01,35.29,52.38,26.38,62.68,,True
2026-08-20,pre_dam,2026-10-03T03:15:14.022614+00:00,2025-08-04,2025-08-22,1,42.52,33.33,46.27,57.27,47.88,,True
2026-08-20,pre_dam,2026-10-03T03:15:14.022614+00:00,2025-08-04,2025-08-22,2,40.47,32.19,41.34,41.99,44.2,,True
2026-08-20,pre_dam,2026-10-03T03:15:14.022614+00:00,2025-08-04,2025-08-22,3,37.41,30.27,37.41,38.1,40.77,,True
2026-08-20,pre_dam,2026-10-03T03:15:14.022614+00:00,2025-08-04,2025-08-22,4,35.31,30.25,37.69,36.68,38.41,,True
2026-08-20,pre_dam,2026-10-03T03:15:14.022614+00:00,2025-08-04,2025-08-22,5,34.56,28.5,37.42,39.14,37.89,,True
2026-08-20,pre_dam,2026-10-03T03:15:14.022614+00:00,2025-08-04,2025-08-22,6,38.99,33.83,46.62,35.15,33.94,,True
2026-08-20,pre_dam,2026-10-03T03:15:14.022614+00:00,2025-08-04,2025-08-22,7,44.63,35.57,51.46,34.14,35.04,,True
2026-08-20,pre_dam,2026-10-03T03:15:14.022614+00:00,2025-08-04,2025-08-22,8,45.79,33.94,52.17,37.28,35.32,,True
2026-08-20,pre_dam,2026-10-03T03:15:14.022614+00:00,2025-08-04,2025-08-22,9,45.97,36.9,53.69,36.92,43.63,,True
2026-08-20,pre_dam,2026-10-03T03:15:14.022614+00:00,2025-08-04,2025-08-22,10,53.76,44.12,61.17,41.01,44.19,,True
2026-08-20,pre_dam,2026-10-03T03:15:14.022614+00:00,2025-08-04,2025-08-22,11,57.32,47.18,66.75,46.23,51.53,,True
2026-08-20,pre_dam,2026-10-03T03:15:14.022614+00:00,2025-08-04,2025-08-22,12,58.49,49.47,66.7,61.06,55.62,,True
2026-08-20,pre_dam,2026-10-03T03:15:14.022614+00:00,2025-08-04,2025-08-22,13,57.51,51.55,67.34,65.52,57.64,,True
2026-08-20,pre_dam,2026-10-03T03:15:14.022614+00:00,2025-08-04,2025-08-22,14,59.5,51.94,67.16,71.31,60.85,,True
2026-08-20,pre_dam,2026-10-03T03:15:14.022614+00:00,2025-08-04,2025-08-22,15,66.65,59.24,70.25,82.86,74.05,,True
2026-08-20,pre_dam,2026-10-03T03:15:14.022614+00:00,2025-08-04,2025-08-22,16,68.87,61.64,72.23,94.61,83.86,,True
2026-08-20,pre_dam,2026-10-03T03:15:14.022614+00:00,2025-08-04,2025-08-22,17,73.08,57.2,80.48,97.96,81.97,,True
2026-08-20,pre_dam,2026-10-03T03:15:14.022614+00:00,2025-08-04,2025-08-22,18,79.23,58.7,89.53,98.92,96.66,,True
2026-08-20,pre_dam,2026-10-03T03:15:14.022614+00:00,2025-08-04,2025-08-22,19,80.75,64.05,97.21,102.96,85.15,,True
2026-08-20,pre_dam,2026-10-03T03:15:14.022614+00:00,2025-08-04,2025-08-22,20,82.2,68.69,103.83,105.04,71.53,,True
2026-08-20,pre_dam,2026-10-03T03:15:14.022614+00:00,2025-08-04,2025-08-22,21,69.33,60.74,76.5,95.32,78.06,,True
2026-08-20,pre_dam,2026-10-03T03:15:14.022614+00:00,2025-08-04,2025-08-22,22,61.15,54.53,70.21,60.34,59.87,,True
2026-08-20,pre_dam,2026-10-03T03:15:14.022614+00:00,2025-08-04,2025-08-22,23,59.39,46.87,63.12,39.18,39.17,,True
2026-08-20,pre_dam,2026-10-03T03:15:14.022614+00:00,2025-08-04,2025-08-22,24,43.37,34.46,49.97,37.36,37.84,,True
2026-08-21,pre_dam,2026-10-03T03:17:00.458368+00:00,2026-08-20,2025-08-22,1,40.41,35.25,43.01,38.14,47.88,,True
2026-08-21,pre_dam,2026-10-03T03:17:00.458368+00:00,2026-08-20,2025-08-22,2,36.85,33.92,38.27,36.74,44.2,,True
2026-08-21,pre_dam,2026-10-03T03:17:00.458368+00:00,2026-08-20,2025-08-22,3,35.25,31.68,36.86,34.61,40.77,,True
2026-08-21,pre_dam,2026-10-03T03:17:00.458368+00:00,2026-08-20,2025-08-22,4,34.95,32.65,37.88,34.75,38.41,,True
2026-08-21,pre_dam,2026-10-03T03:17:00.458368+00:00,2026-08-20,2025-08-22,5,35.49,33.35,39.14,37.16,37.89,,True
2026-08-21,pre_dam,2026-10-03T03:17:00.458368+00:00,2026-08-20,2025-08-22,6,38.52,35.42,47.11,46.93,33.94,,True
2026-08-21,pre_dam,2026-10-03T03:17:00.458368+00:00,2026-08-20,2025-08-22,7,42.61,37.63,50.94,47.15,35.04,,True
2026-08-21,pre_dam,2026-10-03T03:17:00.458368+00:00,2026-08-20,2025-08-22,8,41.89,35.99,46.64,42.23,35.32,,True
2026-08-21,pre_dam,2026-10-03T03:17:00.458368+00:00,2026-08-20,2025-08-22,9,40.22,34.9,47.08,36.96,43.63,,True
2026-08-21,pre_dam,2026-10-03T03:17:00.458368+00:00,2026-08-20,2025-08-22,10,49.74,39.47,54.43,46.7,44.19,,True
2026-08-21,pre_dam,2026-10-03T03:17:00.458368+00:00,2026-08-20,2025-08-22,11,51.88,40.13,53.33,45.35,51.53,,True
2026-08-21,pre_dam,2026-10-03T03:17:00.458368+00:00,2026-08-20,2025-08-22,12,53.79,42.5,57.56,45.92,55.62,,True
2026-08-21,pre_dam,2026-10-03T03:17:00.458368+00:00,2026-08-20,2025-08-22,13,60.01,48.3,61.4,51.56,57.64,,True
2026-08-21,pre_dam,2026-10-03T03:17:00.458368+00:00,2026-08-20,2025-08-22,14,61.44,51.09,65.89,59.51,60.85,,True
2026-08-21,pre_dam,2026-10-03T03:17:00.458368+00:00,2026-08-20,2025-08-22,15,63.09,53.87,66.71,56.33,74.05,,True
2026-08-21,pre_dam,2026-10-03T03:17:00.458368+00:00,2026-08-20,2025-08-22,16,68.64,60.4,73.11,67.99,83.86,,True
2026-08-21,pre_dam,2026-10-03T03:17:00.458368+00:00,2026-08-20,2025-08-22,17,77.58,61.66,81.21,73.27,81.97,,True
2026-08-21,pre_dam,2026-10-03T03:17:00.458368+00:00,2026-08-20,2025-08-22,18,67.53,53.94,80.59,44.92,96.66,,True
2026-08-21,pre_dam,2026-10-03T03:17:00.458368+00:00,2026-08-20,2025-08-22,19,90.99,71.41,92.84,88.81,85.15,,True
2026-08-21,pre_dam,2026-10-03T03:17:00.458368+00:00,2026-08-20,2025-08-22,20,85.9,67.0,93.34,89.87,71.53,,True
2026-08-21,pre_dam,2026-10-03T03:17:00.458368+00:00,2026-08-20,2025-08-22,21,76.21,58.29,81.28,79.01,78.06,,True
2026-08-21,pre_dam,2026-10-03T03:17:00.458368+00:00,2026-08-20,2025-08-22,22,60.25,47.94,65.22,61.04,59.87,,True
2026-08-21,pre_dam,2026-10-03T03:17:00.458368+00:00,2026-08-20,2025-08-22,23,56.32,44.99,56.53,55.02,39.17,,True
2026-08-21,pre_dam,2026-10-03T03:17:00.458368+00:00,2026-08-20,2025-08-22,24,41.08,34.58,45.57,42.49,37.84,,True
2026-08-22,pre_dam,2026-10-03T03:18:49.617775+00:00,2025-08-23,2025-06-29,1,35.14,31.39,39.24,38.4,37.83,,True
2026-08-22,pre_dam,2026-10-03T03:18:49.617775+00:00,2025-08-23,2025-06-29,2,34.21,31.33,37.04,34.04,33.47,,True
2026-08-22,pre_dam,2026-10-03T03:18:49.617775+00:00,2025-08-23,2025-06-29,3,33.8,29.44,35.44,31.51,29.16,,True
2026-08-22,pre_dam,2026-10-03T03:18:49.617775+00:00,2025-08-23,2025-06-29,4,34.11,28.61,35.24,28.82,27.05,,True
2026-08-22,pre_dam,2026-10-03T03:18:49.617775+00:00,2025-08-23,2025-06-29,5,32.84,28.76,34.56,26.87,15.36,,True
2026-08-22,pre_dam,2026-10-03T03:18:49.617775+00:00,2025-08-23,2025-06-29,6,32.4,29.59,34.45,30.39,15.31,,True
2026-08-22,pre_dam,2026-10-03T03:18:49.617775+00:00,2025-08-23,2025-06-29,7,34.11,27.04,37.89,31.33,14.95,,True
2026-08-22,pre_dam,2026-10-03T03:18:49.617775+00:00,2025-08-23,2025-06-29,8,36.64,30.24,39.95,35.76,33.59,,True
2026-08-22,pre_dam,2026-10-03T03:18:49.617775+00:00,2025-08-23,2025-06-29,9,37.71,31.51,42.48,36.26,37.48,,True
2026-08-22,pre_dam,2026-10-03T03:18:49.617775+00:00,2025-08-23,2025-06-29,10,39.18,34.59,48.05,36.92,37.77,,True
2026-08-22,pre_dam,2026-10-03T03:18:49.617775+00:00,2025-08-23,2025-06-29,11,44.21,36.61,50.6,34.93,47.57,,True
2026-08-22,pre_dam,2026-10-03T03:18:49.617775+00:00,2025-08-23,2025-06-29,12,45.79,36.84,50.66,35.88,50.92,,True
2026-08-22,pre_dam,2026-10-03T03:18:49.617775+00:00,2025-08-23,2025-06-29,13,50.72,42.84,56.4,39.59,61.6,,True
2026-08-22,pre_dam,2026-10-03T03:18:49.617775+00:00,2025-08-23,2025-06-29,14,55.16,45.92,56.97,40.18,67.71,,True
2026-08-22,pre_dam,2026-10-03T03:18:49.617775+00:00,2025-08-23,2025-06-29,15,54.79,47.18,66.48,40.31,86.92,,True
2026-08-22,pre_dam,2026-10-03T03:18:49.617775+00:00,2025-08-23,2025-06-29,16,59.93,50.96,71.32,42.12,82.61,,True
2026-08-22,pre_dam,2026-10-03T03:18:49.617775+00:00,2025-08-23,2025-06-29,17,61.89,52.82,73.94,58.82,94.77,,True
2026-08-22,pre_dam,2026-10-03T03:18:49.617775+00:00,2025-08-23,2025-06-29,18,63.6,55.7,76.04,61.41,96.62,,True
2026-08-22,pre_dam,2026-10-03T03:18:49.617775+00:00,2025-08-23,2025-06-29,19,66.24,56.7,82.77,54.53,101.69,,True
2026-08-22,pre_dam,2026-10-03T03:18:49.617775+00:00,2025-08-23,2025-06-29,20,68.31,50.95,83.85,47.18,96.31,,True
2026-08-22,pre_dam,2026-10-03T03:18:49.617775+00:00,2025-08-23,2025-06-29,21,60.35,51.52,65.28,36.39,121.94,,True
2026-08-22,pre_dam,2026-10-03T03:18:49.617775+00:00,2025-08-23,2025-06-29,22,43.28,36.25,48.95,38.41,63.76,,True
2026-08-22,pre_dam,2026-10-03T03:18:49.617775+00:00,2025-08-23,2025-06-29,23,39.8,31.63,43.53,39.54,45.58,,True
2026-08-22,pre_dam,2026-10-03T03:18:49.617775+00:00,2025-08-23,2025-06-29,24,36.37,31.73,42.79,37.95,43.67,,True
2026-08-23,pre_dam,2026-10-03T03:20:38.104998+00:00,2026-06-07,2026-06-14,1,39.16,28.69,39.99,17.8,28.56,,True
2026-08-23,pre_dam,2026-10-03T03:20:38.104998+00:00,2026-06-07,2026-06-14,2,37.2,27.89,37.36,19.33,28.15,,True
2026-08-23,pre_dam,2026-10-03T03:20:38.104998+00:00,2026-06-07,2026-06-14,3,36.28,28.14,36.69,15.87,26.66,,True
2026-08-23,pre_dam,2026-10-03T03:20:38.104998+00:00,2026-06-07,2026-06-14,4,30.75,25.61,32.96,14.69,24.5,,True
2026-08-23,pre_dam,2026-10-03T03:20:38.104998+00:00,2026-06-07,2026-06-14,5,29.92,24.21,30.63,10.29,23.04,,True
2026-08-23,pre_dam,2026-10-03T03:20:38.104998+00:00,2026-06-07,2026-06-14,6,28.04,21.06,30.07,12.73,23.02,,True
2026-08-23,pre_dam,2026-10-03T03:20:38.104998+00:00,2026-06-07,2026-06-14,7,26.9,18.72,27.99,24.96,32.69,,True
2026-08-23,pre_dam,2026-10-03T03:20:38.104998+00:00,2026-06-07,2026-06-14,8,28.17,25.82,31.96,22.8,33.3,,True
2026-08-23,pre_dam,2026-10-03T03:20:38.104998+00:00,2026-06-07,2026-06-14,9,31.05,26.87,34.25,27.43,31.42,,True
2026-08-23,pre_dam,2026-10-03T03:20:38.104998+00:00,2026-06-07,2026-06-14,10,36.27,28.14,40.93,30.14,31.18,,True
2026-08-23,pre_dam,2026-10-03T03:20:38.104998+00:00,2026-06-07,2026-06-14,11,39.02,29.13,46.5,31.42,37.5,,True
2026-08-23,pre_dam,2026-10-03T03:20:38.104998+00:00,2026-06-07,2026-06-14,12,37.49,29.95,46.78,32.95,37.05,,True
2026-08-23,pre_dam,2026-10-03T03:20:38.104998+00:00,2026-06-07,2026-06-14,13,45.0,30.02,47.81,31.16,27.82,,True
2026-08-23,pre_dam,2026-10-03T03:20:38.104998+00:00,2026-06-07,2026-06-14,14,44.42,30.72,49.52,31.17,27.76,,True
2026-08-23,pre_dam,2026-10-03T03:20:38.104998+00:00,2026-06-07,2026-06-14,15,45.13,34.3,53.4,32.38,27.41,,True
2026-08-23,pre_dam,2026-10-03T03:20:38.104998+00:00,2026-06-07,2026-06-14,16,46.13,31.81,57.01,25.97,16.03,,True
2026-08-23,pre_dam,2026-10-03T03:20:38.104998+00:00,2026-06-07,2026-06-14,17,49.71,31.68,63.16,36.32,26.77,,True
2026-08-23,pre_dam,2026-10-03T03:20:38.104998+00:00,2026-06-07,2026-06-14,18,52.33,37.55,69.64,36.23,26.88,,True
2026-08-23,pre_dam,2026-10-03T03:20:38.104998+00:00,2026-06-07,2026-06-14,19,54.31,35.81,68.54,36.15,15.7,,True
2026-08-23,pre_dam,2026-10-03T03:20:38.104998+00:00,2026-06-07,2026-06-14,20,49.52,37.59,64.04,18.58,44.63,,True
2026-08-23,pre_dam,2026-10-03T03:20:38.104998+00:00,2026-06-07,2026-06-14,21,56.16,42.39,70.81,40.77,40.34,,True
2026-08-23,pre_dam,2026-10-03T03:20:38.104998+00:00,2026-06-07,2026-06-14,22,39.59,29.44,53.89,28.0,35.19,,True
2026-08-23,pre_dam,2026-10-03T03:20:38.104998+00:00,2026-06-07,2026-06-14,23,38.43,27.72,43.54,20.58,28.47,,True
2026-08-23,pre_dam,2026-10-03T03:20:38.104998+00:00,2026-06-07,2026-06-14,24,36.01,28.02,42.98,18.83,31.45,,True
2026-08-24,pre_dam,2026-10-03T03:22:37.365127+00:00,2025-09-04,2025-06-05,1,34.06,30.71,39.73,29.6,18.69,,True
2026-08-24,pre_dam,2026-10-03T03:22:37.365127+00:00,2025-09-04,2025-06-05,2,32.06,29.67,37.29,24.97,15.15,,True
2026-08-24,pre_dam,2026-10-03T03:22:37.365127+00:00,2025-09-04,2025-06-05,3,29.1,25.13,33.88,23.17,14.45,,True
2026-08-24,pre_dam,2026-10-03T03:22:37.365127+00:00,2025-09-04,2025-06-05,4,28.24,20.25,33.45,23.72,25.82,,True
2026-08-24,pre_dam,2026-10-03T03:22:37.365127+00:00,2025-09-04,2025-06-05,5,28.7,22.86,36.76,27.35,30.43,,True
2026-08-24,pre_dam,2026-10-03T03:22:37.365127+00:00,2025-09-04,2025-06-05,6,31.71,22.57,36.08,36.4,31.55,,True
2026-08-24,pre_dam,2026-10-03T03:22:37.365127+00:00,2025-09-04,2025-06-05,7,31.98,23.02,37.8,38.23,32.83,,True
2026-08-24,pre_dam,2026-10-03T03:22:37.365127+00:00,2025-09-04,2025-06-05,8,34.64,23.37,39.07,37.72,36.78,,True
2026-08-24,pre_dam,2026-10-03T03:22:37.365127+00:00,2025-09-04,2025-06-05,9,38.56,24.68,41.2,34.99,38.16,,True
2026-08-24,pre_dam,2026-10-03T03:22:37.365127+00:00,2025-09-04,2025-06-05,10,42.0,28.61,48.81,36.18,35.43,,True
2026-08-24,pre_dam,2026-10-03T03:22:37.365127+00:00,2025-09-04,2025-06-05,11,42.86,29.12,45.9,36.23,19.88,,True
2026-08-24,pre_dam,2026-10-03T03:22:37.365127+00:00,2025-09-04,2025-06-05,12,45.98,35.38,48.31,36.69,35.82,,True
2026-08-24,pre_dam,2026-10-03T03:22:37.365127+00:00,2025-09-04,2025-06-05,13,42.77,28.6,53.53,36.66,20.28,,True
2026-08-24,pre_dam,2026-10-03T03:22:37.365127+00:00,2025-09-04,2025-06-05,14,42.92,26.94,56.71,36.82,21.65,,True
2026-08-24,pre_dam,2026-10-03T03:22:37.365127+00:00,2025-09-04,2025-06-05,15,43.97,33.6,59.13,37.75,24.39,,True
2026-08-24,pre_dam,2026-10-03T03:22:37.365127+00:00,2025-09-04,2025-06-05,16,44.18,35.08,56.25,42.25,23.5,,True
2026-08-24,pre_dam,2026-10-03T03:22:37.365127+00:00,2025-09-04,2025-06-05,17,52.93,39.56,59.33,52.02,28.56,,True
2026-08-24,pre_dam,2026-10-03T03:22:37.365127+00:00,2025-09-04,2025-06-05,18,52.43,44.86,59.86,51.68,53.95,,True
2026-08-24,pre_dam,2026-10-03T03:22:37.365127+00:00,2025-09-04,2025-06-05,19,64.73,52.23,65.31,53.96,60.26,,True
2026-08-24,pre_dam,2026-10-03T03:22:37.365127+00:00,2025-09-04,2025-06-05,20,62.79,51.82,67.34,50.85,56.2,,True
2026-08-24,pre_dam,2026-10-03T03:22:37.365127+00:00,2025-09-04,2025-06-05,21,60.04,49.02,62.67,44.93,46.56,,True
2026-08-24,pre_dam,2026-10-03T03:22:37.365127+00:00,2025-09-04,2025-06-05,22,51.12,41.97,57.89,36.86,36.24,,True
2026-08-24,pre_dam,2026-10-03T03:22:37.365127+00:00,2025-09-04,2025-06-05,23,43.23,39.04,52.62,36.65,36.88,,True
2026-08-24,pre_dam,2026-10-03T03:22:37.365127+00:00,2025-09-04,2025-06-05,24,43.11,35.81,51.65,32.65,34.05,,True
2026-08-25,pre_dam,2026-10-03T03:24:30.961632+00:00,2025-09-26,2025-09-24,1,38.11,27.27,45.61,51.46,51.3,,True
2026-08-25,pre_dam,2026-10-03T03:24:30.961632+00:00,2025-09-26,2025-09-24,2,35.84,25.1,40.3,49.87,48.12,,True
2026-08-25,pre_dam,2026-10-03T03:24:30.961632+00:00,2025-09-26,2025-09-24,3,36.39,24.37,37.85,46.11,44.48,,True
2026-08-25,pre_dam,2026-10-03T03:24:30.961632+00:00,2025-09-26,2025-09-24,4,36.27,23.26,36.52,49.01,42.65,,True
2026-08-25,pre_dam,2026-10-03T03:24:30.961632+00:00,2025-09-26,2025-09-24,5,35.51,23.93,41.29,44.53,45.51,,True
2026-08-25,pre_dam,2026-10-03T03:24:30.961632+00:00,2025-09-26,2025-09-24,6,40.75,36.0,50.12,53.38,66.07,,True
2026-08-25,pre_dam,2026-10-03T03:24:30.961632+00:00,2025-09-26,2025-09-24,7,48.5,41.08,57.75,75.46,104.25,,True
2026-08-25,pre_dam,2026-10-03T03:24:30.961632+00:00,2025-09-26,2025-09-24,8,50.76,41.21,59.74,88.84,104.06,,True
2026-08-25,pre_dam,2026-10-03T03:24:30.961632+00:00,2025-09-26,2025-09-24,9,47.43,40.3,55.25,86.85,94.94,,True
2026-08-25,pre_dam,2026-10-03T03:24:30.961632+00:00,2025-09-26,2025-09-24,10,49.61,43.93,55.3,77.74,101.66,,True
2026-08-25,pre_dam,2026-10-03T03:24:30.961632+00:00,2025-09-26,2025-09-24,11,47.11,44.69,58.59,76.62,102.42,,True
2026-08-25,pre_dam,2026-10-03T03:24:30.961632+00:00,2025-09-26,2025-09-24,12,57.26,52.58,63.56,86.22,103.68,,True
2026-08-25,pre_dam,2026-10-03T03:24:30.961632+00:00,2025-09-26,2025-09-24,13,57.35,54.36,63.26,98.41,113.13,,True
2026-08-25,pre_dam,2026-10-03T03:24:30.961632+00:00,2025-09-26,2025-09-24,14,61.99,56.05,65.67,101.31,117.21,,True
2026-08-25,pre_dam,2026-10-03T03:24:30.961632+00:00,2025-09-26,2025-09-24,15,67.97,59.16,82.52,101.77,115.32,,True
2026-08-25,pre_dam,2026-10-03T03:24:30.961632+00:00,2025-09-26,2025-09-24,16,78.49,65.04,83.0,98.38,114.57,,True
2026-08-25,pre_dam,2026-10-03T03:24:30.961632+00:00,2025-09-26,2025-09-24,17,77.79,67.9,100.14,115.11,120.85,,True
2026-08-25,pre_dam,2026-10-03T03:24:30.961632+00:00,2025-09-26,2025-09-24,18,81.49,70.83,98.47,92.99,101.09,,True
2026-08-25,pre_dam,2026-10-03T03:24:30.961632+00:00,2025-09-26,2025-09-24,19,94.51,73.07,107.79,130.42,112.32,,True
2026-08-25,pre_dam,2026-10-03T03:24:30.961632+00:00,2025-09-26,2025-09-24,20,99.39,75.25,114.54,103.79,121.66,,True
2026-08-25,pre_dam,2026-10-03T03:24:30.961632+00:00,2025-09-26,2025-09-24,21,77.9,69.61,95.43,107.92,97.31,,True
2026-08-25,pre_dam,2026-10-03T03:24:30.961632+00:00,2025-09-26,2025-09-24,22,64.47,55.59,71.66,95.16,67.6,,True
2026-08-25,pre_dam,2026-10-03T03:24:30.961632+00:00,2025-09-26,2025-09-24,23,50.92,42.51,56.57,76.73,47.82,,True
2026-08-25,pre_dam,2026-10-03T03:24:30.961632+00:00,2025-09-26,2025-09-24,24,43.28,38.33,51.45,51.73,43.86,,True
2026-08-26,pre_dam,2026-10-03T03:06:40.491942+00:00,2025-07-01,2026-08-14,1,46.64,32.52,47.2,70.55,46.38,,True
2026-08-26,pre_dam,2026-10-03T03:06:40.491942+00:00,2025-07-01,2026-08-14,2,41.43,31.32,41.43,42.33,37.66,,True
2026-08-26,pre_dam,2026-10-03T03:06:40.491942+00:00,2025-07-01,2026-08-14,3,38.26,28.5,38.26,35.61,35.86,,True
2026-08-26,pre_dam,2026-10-03T03:06:40.491942+00:00,2025-07-01,2026-08-14,4,37.84,28.53,37.84,31.52,36.56,,True
2026-08-26,pre_dam,2026-10-03T03:06:40.491942+00:00,2025-07-01,2026-08-14,5,38.83,31.22,39.02,29.89,35.27,,True
2026-08-26,pre_dam,2026-10-03T03:06:40.491942+00:00,2025-07-01,2026-08-14,6,41.59,36.69,43.56,35.95,42.26,,True
2026-08-26,pre_dam,2026-10-03T03:06:40.491942+00:00,2025-07-01,2026-08-14,7,46.39,38.16,46.73,38.67,41.51,,True
2026-08-26,pre_dam,2026-10-03T03:06:40.491942+00:00,2025-07-01,2026-08-14,8,46.63,38.81,48.51,41.7,50.24,,True
2026-08-26,pre_dam,2026-10-03T03:06:40.491942+00:00,2025-07-01,2026-08-14,9,43.88,34.62,47.76,45.17,57.73,,True
2026-08-26,pre_dam,2026-10-03T03:06:40.491942+00:00,2025-07-01,2026-08-14,10,46.11,34.41,52.14,48.55,65.69,,True
2026-08-26,pre_dam,2026-10-03T03:06:40.491942+00:00,2025-07-01,2026-08-14,11,47.64,34.8,53.61,55.54,77.16,,True
2026-08-26,pre_dam,2026-10-03T03:06:40.491942+00:00,2025-07-01,2026-08-14,12,53.57,38.45,62.25,69.52,84.26,,True
2026-08-26,pre_dam,2026-10-03T03:06:40.491942+00:00,2025-07-01,2026-08-14,13,55.77,42.1,69.29,73.66,84.45,,True
2026-08-26,pre_dam,2026-10-03T03:06:40.491942+00:00,2025-07-01,2026-08-14,14,63.13,45.57,70.4,73.32,85.89,,True
2026-08-26,pre_dam,2026-10-03T03:06:40.491942+00:00,2025-07-01,2026-08-14,15,64.48,49.69,67.17,79.48,86.75,,True
2026-08-26,pre_dam,2026-10-03T03:06:40.491942+00:00,2025-07-01,2026-08-14,16,83.38,54.17,83.38,79.64,84.36,,True
2026-08-26,pre_dam,2026-10-03T03:06:40.491942+00:00,2025-07-01,2026-08-14,17,96.09,58.97,96.09,79.6,93.4,,True
2026-08-26,pre_dam,2026-10-03T03:06:40.491942+00:00,2025-07-01,2026-08-14,18,99.36,62.03,99.36,95.32,95.09,,True
2026-08-26,pre_dam,2026-10-03T03:06:40.491942+00:00,2025-07-01,2026-08-14,19,84.57,67.21,93.57,98.13,104.21,,True
2026-08-26,pre_dam,2026-10-03T03:06:40.491942+00:00,2025-07-01,2026-08-14,20,90.33,60.6,90.33,92.28,89.24,,True
2026-08-26,pre_dam,2026-10-03T03:06:40.491942+00:00,2025-07-01,2026-08-14,21,87.11,56.74,87.11,89.14,91.3,,True
2026-08-26,pre_dam,2026-10-03T03:06:40.491942+00:00,2025-07-01,2026-08-14,22,60.19,40.91,64.1,66.01,85.46,,True
2026-08-26,pre_dam,2026-10-03T03:06:40.491942+00:00,2025-07-01,2026-08-14,23,51.04,39.44,54.76,46.8,80.22,,True
2026-08-26,pre_dam,2026-10-03T03:06:40.491942+00:00,2025-07-01,2026-08-14,24,46.5,33.71,49.46,46.91,50.15,,True
2026-08-27,pre_dam,2026-10-03T03:09:12.558916+00:00,2026-08-19,2026-06-22,1,35.63,33.04,40.29,44.63,24.56,,True
2026-08-27,pre_dam,2026-10-03T03:09:12.558916+00:00,2026-08-19,2026-06-22,2,32.33,26.81,33.82,39.84,23.45,,True
2026-08-27,pre_dam,2026-10-03T03:09:12.558916+00:00,2026-08-19,2026-06-22,3,30.85,24.96,33.89,37.67,22.82,,True
2026-08-27,pre_dam,2026-10-03T03:09:12.558916+00:00,2026-08-19,2026-06-22,4,29.96,24.45,33.47,37.43,22.82,,True
2026-08-27,pre_dam,2026-10-03T03:09:12.558916+00:00,2026-08-19,2026-06-22,5,30.11,23.76,34.47,38.16,22.49,,True
2026-08-27,pre_dam,2026-10-03T03:09:12.558916+00:00,2026-08-19,2026-06-22,6,34.23,28.29,40.74,49.49,25.61,,True
2026-08-27,pre_dam,2026-10-03T03:09:12.558916+00:00,2026-08-19,2026-06-22,7,37.94,32.76,47.58,54.71,19.79,,True
2026-08-27,pre_dam,2026-10-03T03:09:12.558916+00:00,2026-08-19,2026-06-22,8,36.63,34.06,48.94,50.52,12.99,,True
2026-08-27,pre_dam,2026-10-03T03:09:12.558916+00:00,2026-08-19,2026-06-22,9,35.44,32.5,48.97,48.87,21.48,,True
2026-08-27,pre_dam,2026-10-03T03:09:12.558916+00:00,2026-08-19,2026-06-22,10,37.78,32.8,50.4,59.53,17.43,,True
2026-08-27,pre_dam,2026-10-03T03:09:12.558916+00:00,2026-08-19,2026-06-22,11,39.9,33.97,53.5,62.35,12.86,,True
2026-08-27,pre_dam,2026-10-03T03:09:12.558916+00:00,2026-08-19,2026-06-22,12,44.93,42.31,56.27,63.24,20.01,,True
2026-08-27,pre_dam,2026-10-03T03:09:12.558916+00:00,2026-08-19,2026-06-22,13,45.99,43.01,56.01,67.0,21.13,,True
2026-08-27,pre_dam,2026-10-03T03:09:12.558916+00:00,2026-08-19,2026-06-22,14,51.12,44.73,59.8,69.31,30.64,,True
2026-08-27,pre_dam,2026-10-03T03:09:12.558916+00:00,2026-08-19,2026-06-22,15,51.55,46.24,62.9,70.25,32.48,,True
2026-08-27,pre_dam,2026-10-03T03:09:12.558916+00:00,2026-08-19,2026-06-22,16,59.31,55.26,70.55,71.97,31.41,,True
2026-08-27,pre_dam,2026-10-03T03:09:12.558916+00:00,2026-08-19,2026-06-22,17,67.51,59.47,87.28,76.8,16.59,,True
2026-08-27,pre_dam,2026-10-03T03:09:12.558916+00:00,2026-08-19,2026-06-22,18,67.8,59.55,90.89,83.83,36.23,,True
2026-08-27,pre_dam,2026-10-03T03:09:12.558916+00:00,2026-08-19,2026-06-22,19,79.51,69.63,89.93,99.55,48.67,,True
2026-08-27,pre_dam,2026-10-03T03:09:12.558916+00:00,2026-08-19,2026-06-22,20,73.39,69.32,91.21,126.3,50.63,,True
2026-08-27,pre_dam,2026-10-03T03:09:12.558916+00:00,2026-08-19,2026-06-22,21,61.46,51.38,70.96,80.13,49.85,,True
2026-08-27,pre_dam,2026-10-03T03:09:12.558916+00:00,2026-08-19,2026-06-22,22,56.65,41.72,68.3,72.92,39.72,,True
2026-08-27,pre_dam,2026-10-03T03:09:12.558916+00:00,2026-08-19,2026-06-22,23,45.88,38.63,54.67,55.37,31.48,,True
2026-08-27,pre_dam,2026-10-03T03:09:12.558916+00:00,2026-08-19,2026-06-22,24,41.81,36.94,49.81,42.39,29.31,,True
2026-08-28,pre_dam,2026-10-03T03:11:51.549226+00:00,2026-07-23,2025-09-18,1,40.26,30.33,46.57,28.64,43.56,,True
2026-08-28,pre_dam,2026-10-03T03:11:51.549226+00:00,2026-07-23,2025-09-18,2,37.51,30.35,42.9,30.18,42.95,,True
2026-08-28,pre_dam,2026-10-03T03:11:51.549226+00:00,2026-07-23,2025-09-18,3,36.68,27.57,39.26,27.35,38.83,,True
2026-08-28,pre_dam,2026-10-03T03:11:51.549226+00:00,2026-07-23,2025-09-18,4,32.45,27.42,37.17,28.09,40.52,,True
2026-08-28,pre_dam,2026-10-03T03:11:51.549226+00:00,2026-07-23,2025-09-18,5,32.99,26.54,39.64,30.59,40.72,,True
2026-08-28,pre_dam,2026-10-03T03:11:51.549226+00:00,2026-07-23,2025-09-18,6,33.43,29.7,44.6,30.47,42.11,,True
2026-08-28,pre_dam,2026-10-03T03:11:51.549226+00:00,2026-07-23,2025-09-18,7,38.52,36.01,50.75,33.31,48.66,,True
2026-08-28,pre_dam,2026-10-03T03:11:51.549226+00:00,2026-07-23,2025-09-18,8,40.29,36.05,47.13,33.57,46.48,,True
2026-08-28,pre_dam,2026-10-03T03:11:51.549226+00:00,2026-07-23,2025-09-18,9,43.91,36.74,48.53,33.1,44.67,,True
2026-08-28,pre_dam,2026-10-03T03:11:51.549226+00:00,2026-07-23,2025-09-18,10,43.82,38.04,51.02,33.6,42.15,,True
2026-08-28,pre_dam,2026-10-03T03:11:51.549226+00:00,2026-07-23,2025-09-18,11,52.08,38.46,59.27,34.06,44.28,,True
2026-08-28,pre_dam,2026-10-03T03:11:51.549226+00:00,2026-07-23,2025-09-18,12,56.34,40.95,59.37,34.98,43.25,,True
2026-08-28,pre_dam,2026-10-03T03:11:51.549226+00:00,2026-07-23,2025-09-18,13,58.53,44.21,63.25,40.05,52.5,,True
2026-08-28,pre_dam,2026-10-03T03:11:51.549226+00:00,2026-07-23,2025-09-18,14,59.2,46.04,63.67,39.73,59.72,,True
2026-08-28,pre_dam,2026-10-03T03:11:51.549226+00:00,2026-07-23,2025-09-18,15,55.86,49.74,65.76,37.4,62.3,,True
2026-08-28,pre_dam,2026-10-03T03:11:51.549226+00:00,2026-07-23,2025-09-18,16,57.17,55.86,73.08,38.9,78.84,,True
2026-08-28,pre_dam,2026-10-03T03:11:51.549226+00:00,2026-07-23,2025-09-18,17,62.87,57.74,72.14,47.6,100.04,,True
2026-08-28,pre_dam,2026-10-03T03:11:51.549226+00:00,2026-07-23,2025-09-18,18,69.51,57.3,80.74,50.91,108.54,,True
2026-08-28,pre_dam,2026-10-03T03:11:51.549226+00:00,2026-07-23,2025-09-18,19,72.06,68.22,99.46,56.38,120.52,,True
2026-08-28,pre_dam,2026-10-03T03:11:51.549226+00:00,2026-07-23,2025-09-18,20,70.02,61.33,92.34,57.36,101.74,,True
2026-08-28,pre_dam,2026-10-03T03:11:51.549226+00:00,2026-07-23,2025-09-18,21,64.47,54.6,72.3,48.22,71.43,,True
2026-08-28,pre_dam,2026-10-03T03:11:51.549226+00:00,2026-07-23,2025-09-18,22,60.08,49.78,68.46,40.86,46.66,,True
2026-08-28,pre_dam,2026-10-03T03:11:51.549226+00:00,2026-07-23,2025-09-18,23,43.62,39.61,53.69,39.66,45.45,,True
2026-08-28,pre_dam,2026-10-03T03:11:51.549226+00:00,2026-07-23,2025-09-18,24,38.92,34.51,45.61,36.71,40.75,,True
2026-08-29,pre_dam,2026-10-03T03:13:35.484375+00:00,2026-06-07,2025-09-14,1,35.18,32.74,39.12,17.8,34.4,,True
2026-08-29,pre_dam,2026-10-03T03:13:35.484375+00:00,2026-06-07,2025-09-14,2,34.25,32.68,36.72,19.33,33.6,,True
2026-08-29,pre_dam,2026-10-03T03:13:35.484375+00:00,2026-06-07,2025-09-14,3,33.25,28.63,35.26,15.87,33.14,,True
2026-08-29,pre_dam,2026-10-03T03:13:35.484375+00:00,2026-06-07,2025-09-14,4,32.32,31.49,35.45,14.69,33.11,,True
2026-08-29,pre_dam,2026-10-03T03:13:35.484375+00:00,2026-06-07,2025-09-14,5,32.04,31.46,36.48,10.29,33.12,,True
2026-08-29,pre_dam,2026-10-03T03:13:35.484375+00:00,2026-06-07,2025-09-14,6,32.04,30.82,36.04,12.73,32.37,,True
2026-08-29,pre_dam,2026-10-03T03:13:35.484375+00:00,2026-06-07,2025-09-14,7,36.76,32.52,41.82,24.96,33.6,,True
2026-08-29,pre_dam,2026-10-03T03:13:35.484375+00:00,2026-06-07,2025-09-14,8,36.58,33.22,42.14,22.8,38.56,,True
2026-08-29,pre_dam,2026-10-03T03:13:35.484375+00:00,2026-06-07,2025-09-14,9,37.58,33.18,42.35,27.43,43.57,,True
2026-08-29,pre_dam,2026-10-03T03:13:35.484375+00:00,2026-06-07,2025-09-14,10,39.0,34.18,47.03,30.14,39.21,,True
2026-08-29,pre_dam,2026-10-03T03:13:35.484375+00:00,2026-06-07,2025-09-14,11,40.33,34.55,44.71,31.42,37.6,,True
2026-08-29,pre_dam,2026-10-03T03:13:35.484375+00:00,2026-06-07,2025-09-14,12,43.93,34.49,54.79,32.95,38.46,,True
2026-08-29,pre_dam,2026-10-03T03:13:35.484375+00:00,2026-06-07,2025-09-14,13,53.27,39.5,58.95,31.16,42.7,,True
2026-08-29,pre_dam,2026-10-03T03:13:35.484375+00:00,2026-06-07,2025-09-14,14,51.98,42.1,59.15,31.17,41.84,,True
2026-08-29,pre_dam,2026-10-03T03:13:35.484375+00:00,2026-06-07,2025-09-14,15,52.62,39.96,60.21,32.38,43.29,,True
2026-08-29,pre_dam,2026-10-03T03:13:35.484375+00:00,2026-06-07,2025-09-14,16,55.32,45.15,65.87,25.97,48.69,,True
2026-08-29,pre_dam,2026-10-03T03:13:35.484375+00:00,2026-06-07,2025-09-14,17,61.11,50.74,67.71,36.32,67.19,,True
2026-08-29,pre_dam,2026-10-03T03:13:35.484375+00:00,2026-06-07,2025-09-14,18,67.23,57.4,71.44,36.23,83.56,,True
2026-08-29,pre_dam,2026-10-03T03:13:35.484375+00:00,2026-06-07,2025-09-14,19,72.95,56.67,77.32,36.15,86.14,,True
2026-08-29,pre_dam,2026-10-03T03:13:35.484375+00:00,2026-06-07,2025-09-14,20,62.43,51.27,76.1,18.58,70.5,,True
2026-08-29,pre_dam,2026-10-03T03:13:35.484375+00:00,2026-06-07,2025-09-14,21,51.23,43.92,60.54,40.77,47.95,,True
2026-08-29,pre_dam,2026-10-03T03:13:35.484375+00:00,2026-06-07,2025-09-14,22,45.48,36.04,59.19,28.0,43.54,,True
2026-08-29,pre_dam,2026-10-03T03:13:35.484375+00:00,2026-06-07,2025-09-14,23,38.3,32.93,44.41,20.58,39.5,,True
2026-08-29,pre_dam,2026-10-03T03:13:35.484375+00:00,2026-06-07,2025-09-14,24,36.26,32.99,42.82,18.83,36.02,,True
2026-08-30,pre_dam,2026-10-03T03:15:28.298653+00:00,2025-07-20,2025-06-29,1,36.05,33.94,37.02,44.85,37.83,,True
2026-08-30,pre_dam,2026-10-03T03:15:28.298653+00:00,2025-07-20,2025-06-29,2,33.07,28.94,33.96,35.31,33.47,,True
2026-08-30,pre_dam,2026-10-03T03:15:28.298653+00:00,2025-07-20,2025-06-29,3,30.65,24.67,33.25,34.49,29.16,,True
2026-08-30,pre_dam,2026-10-03T03:15:28.298653+00:00,2025-07-20,2025-06-29,4,30.21,24.37,32.83,34.08,27.05,,True
2026-08-30,pre_dam,2026-10-03T03:15:28.298653+00:00,2025-07-20,2025-06-29,5,29.57,26.54,32.61,32.82,15.36,,True
2026-08-30,pre_dam,2026-10-03T03:15:28.298653+00:00,2025-07-20,2025-06-29,6,28.98,23.49,32.92,32.18,15.31,,True
2026-08-30,pre_dam,2026-10-03T03:15:28.298653+00:00,2025-07-20,2025-06-29,7,31.28,23.53,33.99,33.32,14.95,,True
2026-08-30,pre_dam,2026-10-03T03:15:28.298653+00:00,2025-07-20,2025-06-29,8,31.18,23.68,34.41,34.79,33.59,,True
2026-08-30,pre_dam,2026-10-03T03:15:28.298653+00:00,2025-07-20,2025-06-29,9,31.42,24.12,35.88,36.27,37.48,,True
2026-08-30,pre_dam,2026-10-03T03:15:28.298653+00:00,2025-07-20,2025-06-29,10,36.98,29.95,43.02,44.14,37.77,,True
2026-08-30,pre_dam,2026-10-03T03:15:28.298653+00:00,2025-07-20,2025-06-29,11,34.96,26.66,47.23,43.51,47.57,,True
2026-08-30,pre_dam,2026-10-03T03:15:28.298653+00:00,2025-07-20,2025-06-29,12,38.35,31.45,48.84,46.48,50.92,,True
2026-08-30,pre_dam,2026-10-03T03:15:28.298653+00:00,2025-07-20,2025-06-29,13,38.0,29.53,49.08,45.91,61.6,,True
2026-08-30,pre_dam,2026-10-03T03:15:28.298653+00:00,2025-07-20,2025-06-29,14,37.62,31.61,51.62,43.24,67.71,,True
2026-08-30,pre_dam,2026-10-03T03:15:28.298653+00:00,2025-07-20,2025-06-29,15,43.21,34.97,56.37,45.35,86.92,,True
2026-08-30,pre_dam,2026-10-03T03:15:28.298653+00:00,2025-07-20,2025-06-29,16,47.26,37.54,59.4,65.62,82.61,,True
2026-08-30,pre_dam,2026-10-03T03:15:28.298653+00:00,2025-07-20,2025-06-29,17,57.95,46.58,66.36,93.28,94.77,,True
2026-08-30,pre_dam,2026-10-03T03:15:28.298653+00:00,2025-07-20,2025-06-29,18,62.13,50.56,72.05,95.67,96.62,,True
2026-08-30,pre_dam,2026-10-03T03:15:28.298653+00:00,2025-07-20,2025-06-29,19,64.77,51.27,75.08,98.27,101.69,,True
2026-08-30,pre_dam,2026-10-03T03:15:28.298653+00:00,2025-07-20,2025-06-29,20,54.9,45.03,66.81,89.77,96.31,,True
2026-08-30,pre_dam,2026-10-03T03:15:28.298653+00:00,2025-07-20,2025-06-29,21,49.85,39.11,60.58,79.72,121.94,,True
2026-08-30,pre_dam,2026-10-03T03:15:28.298653+00:00,2025-07-20,2025-06-29,22,42.19,34.78,50.53,57.46,63.76,,True
2026-08-30,pre_dam,2026-10-03T03:15:28.298653+00:00,2025-07-20,2025-06-29,23,36.31,35.45,44.93,45.79,45.58,,True
2026-08-30,pre_dam,2026-10-03T03:15:28.298653+00:00,2025-07-20,2025-06-29,24,36.68,34.91,42.6,39.52,43.67,,True
2026-08-31,pre_dam,2026-10-03T03:17:22.699759+00:00,2026-08-26,2025-06-17,1,34.91,32.74,36.33,35.48,23.32,,True
2026-08-31,pre_dam,2026-10-03T03:17:22.699759+00:00,2026-08-26,2025-06-17,2,32.58,27.26,34.47,32.39,25.47,,True
2026-08-31,pre_dam,2026-10-03T03:17:22.699759+00:00,2026-08-26,2025-06-17,3,31.96,27.03,33.31,31.74,21.17,,True
2026-08-31,pre_dam,2026-10-03T03:17:22.699759+00:00,2026-08-26,2025-06-17,4,32.11,26.98,33.28,31.45,19.96,,True
2026-08-31,pre_dam,2026-10-03T03:17:22.699759+00:00,2026-08-26,2025-06-17,5,31.9,24.88,34.97,31.05,19.11,,True
2026-08-31,pre_dam,2026-10-03T03:17:22.699759+00:00,2026-08-26,2025-06-17,6,34.41,31.58,36.0,33.05,29.96,,True
2026-08-31,pre_dam,2026-10-03T03:17:22.699759+00:00,2026-08-26,2025-06-17,7,36.67,27.3,41.09,34.47,32.42,,True
2026-08-31,pre_dam,2026-10-03T03:17:22.699759+00:00,2026-08-26,2025-06-17,8,38.03,34.14,43.42,33.94,35.06,,True
2026-08-31,pre_dam,2026-10-03T03:17:22.699759+00:00,2026-08-26,2025-06-17,9,39.19,35.99,49.8,33.74,36.99,,True
2026-08-31,pre_dam,2026-10-03T03:17:22.699759+00:00,2026-08-26,2025-06-17,10,41.67,36.97,48.94,36.26,34.04,,True
2026-08-31,pre_dam,2026-10-03T03:17:22.699759+00:00,2026-08-26,2025-06-17,11,49.09,37.76,50.5,33.92,21.42,,True
2026-08-31,pre_dam,2026-10-03T03:17:22.699759+00:00,2026-08-26,2025-06-17,12,51.68,41.51,61.56,37.94,35.6,,True
2026-08-31,pre_dam,2026-10-03T03:17:22.699759+00:00,2026-08-26,2025-06-17,13,52.91,44.5,57.56,38.27,39.3,,True
2026-08-31,pre_dam,2026-10-03T03:17:22.699759+00:00,2026-08-26,2025-06-17,14,55.35,48.8,67.09,42.88,39.55,,True
2026-08-31,pre_dam,2026-10-03T03:17:22.699759+00:00,2026-08-26,2025-06-17,15,59.63,47.37,62.48,48.12,40.27,,True
2026-08-31,pre_dam,2026-10-03T03:17:22.699759+00:00,2026-08-26,2025-06-17,16,56.26,50.84,70.94,61.65,50.42,,True
2026-08-31,pre_dam,2026-10-03T03:17:22.699759+00:00,2026-08-26,2025-06-17,17,61.98,59.37,77.67,75.9,54.92,,True
2026-08-31,pre_dam,2026-10-03T03:17:22.699759+00:00,2026-08-26,2025-06-17,18,64.67,58.04,78.64,77.1,69.27,,True
2026-08-31,pre_dam,2026-10-03T03:17:22.699759+00:00,2026-08-26,2025-06-17,19,73.19,59.85,86.59,85.12,72.79,,True
2026-08-31,pre_dam,2026-10-03T03:17:22.699759+00:00,2026-08-26,2025-06-17,20,74.45,60.01,80.45,83.04,71.12,,True
2026-08-31,pre_dam,2026-10-03T03:17:22.699759+00:00,2026-08-26,2025-06-17,21,57.86,45.27,68.92,56.13,37.83,,True
2026-08-31,pre_dam,2026-10-03T03:17:22.699759+00:00,2026-08-26,2025-06-17,22,52.64,41.81,59.07,47.08,36.5,,True
2026-08-31,pre_dam,2026-10-03T03:17:22.699759+00:00,2026-08-26,2025-06-17,23,40.92,36.84,44.29,39.84,37.11,,True
2026-08-31,pre_dam,2026-10-03T03:17:22.699759+00:00,2026-08-26,2025-06-17,24,40.91,36.25,45.32,40.54,35.55,,True
2026-09-01,pre_dam,2026-10-03T03:19:09.736560+00:00,2025-07-03,2026-08-17,1,40.05,32.01,42.02,66.49,34.32,,True
2026-09-01,pre_dam,2026-10-03T03:19:09.736560+00:00,2025-07-03,2026-08-17,2,39.15,30.65,39.15,43.44,37.99,,True
2026-09-01,pre_dam,2026-10-03T03:19:09.736560+00:00,2025-07-03,2026-08-17,3,37.33,30.71,38.66,38.6,35.3,,True
2026-09-01,pre_dam,2026-10-03T03:19:09.736560+00:00,2025-07-03,2026-08-17,4,35.62,28.22,40.64,37.15,35.01,,True
2026-09-01,pre_dam,2026-10-03T03:19:09.736560+00:00,2025-07-03,2026-08-17,5,35.06,24.64,35.91,36.18,40.58,,True
2026-09-01,pre_dam,2026-10-03T03:19:09.736560+00:00,2025-07-03,2026-08-17,6,37.46,33.06,46.26,36.04,54.2,,True
2026-09-01,pre_dam,2026-10-03T03:19:09.736560+00:00,2025-07-03,2026-08-17,7,47.88,37.26,50.79,41.65,56.46,,True
2026-09-01,pre_dam,2026-10-03T03:19:09.736560+00:00,2025-07-03,2026-08-17,8,55.5,40.61,57.6,46.85,53.24,,True
2026-09-01,pre_dam,2026-10-03T03:19:09.736560+00:00,2025-07-03,2026-08-17,9,54.63,43.0,59.36,48.14,51.21,,True
2026-09-01,pre_dam,2026-10-03T03:19:09.736560+00:00,2025-07-03,2026-08-17,10,59.2,45.19,68.68,49.34,55.78,,True
2026-09-01,pre_dam,2026-10-03T03:19:09.736560+00:00,2025-07-03,2026-08-17,11,66.92,50.35,87.14,56.95,65.04,,True
2026-09-01,pre_dam,2026-10-03T03:19:09.736560+00:00,2025-07-03,2026-08-17,12,77.48,57.4,101.56,69.8,81.7,,True
2026-09-01,pre_dam,2026-10-03T03:19:09.736560+00:00,2025-07-03,2026-08-17,13,80.41,56.61,95.78,77.26,88.22,,True
2026-09-01,pre_dam,2026-10-03T03:19:09.736560+00:00,2025-07-03,2026-08-17,14,82.26,59.57,104.87,84.97,99.3,,True
2026-09-01,pre_dam,2026-10-03T03:19:09.736560+00:00,2025-07-03,2026-08-17,15,96.65,62.06,114.68,87.1,102.15,,True
2026-09-01,pre_dam,2026-10-03T03:19:09.736560+00:00,2025-07-03,2026-08-17,16,120.72,60.79,126.78,78.7,103.26,,True
2026-09-01,pre_dam,2026-10-03T03:19:09.736560+00:00,2025-07-03,2026-08-17,17,133.91,64.83,158.48,86.72,110.35,,True
2026-09-01,pre_dam,2026-10-03T03:19:09.736560+00:00,2025-07-03,2026-08-17,18,132.4,81.53,153.72,90.54,115.89,,True
2026-09-01,pre_dam,2026-10-03T03:19:09.736560+00:00,2025-07-03,2026-08-17,19,138.17,86.71,170.47,95.71,166.07,,True
2026-09-01,pre_dam,2026-10-03T03:19:09.736560+00:00,2025-07-03,2026-08-17,20,111.43,77.79,147.29,100.7,135.32,,True
2026-09-01,pre_dam,2026-10-03T03:19:09.736560+00:00,2025-07-03,2026-08-17,21,92.55,66.86,114.3,88.3,93.07,,True
2026-09-01,pre_dam,2026-10-03T03:19:09.736560+00:00,2025-07-03,2026-08-17,22,72.12,54.39,86.91,65.99,86.98,,True
2026-09-01,pre_dam,2026-10-03T03:19:09.736560+00:00,2025-07-03,2026-08-17,23,54.36,40.75,69.94,49.05,62.04,,True
2026-09-01,pre_dam,2026-10-03T03:19:09.736560+00:00,2025-07-03,2026-08-17,24,49.87,38.74,57.61,48.15,56.75,,True
2026-09-02,pre_dam,2026-10-03T03:20:57.297875+00:00,2026-08-10,2026-08-27,1,49.29,39.75,56.48,41.41,32.75,,True
2026-09-02,pre_dam,2026-10-03T03:20:57.297875+00:00,2026-08-10,2026-08-27,2,48.43,38.57,54.87,40.65,30.2,,True
2026-09-02,pre_dam,2026-10-03T03:20:57.297875+00:00,2026-08-10,2026-08-27,3,45.53,36.14,49.05,35.63,29.63,,True
2026-09-02,pre_dam,2026-10-03T03:20:57.297875+00:00,2026-08-10,2026-08-27,4,44.11,36.52,44.11,37.58,29.44,,True
2026-09-02,pre_dam,2026-10-03T03:20:57.297875+00:00,2026-08-10,2026-08-27,5,45.06,38.79,48.5,37.57,28.64,,True
2026-09-02,pre_dam,2026-10-03T03:20:57.297875+00:00,2026-08-10,2026-08-27,6,54.57,41.62,61.14,48.37,31.42,,True
2026-09-02,pre_dam,2026-10-03T03:20:57.297875+00:00,2026-08-10,2026-08-27,7,63.0,46.84,75.79,58.02,36.45,,True
2026-09-02,pre_dam,2026-10-03T03:20:57.297875+00:00,2026-08-10,2026-08-27,8,63.89,47.2,71.28,74.81,39.25,,True
2026-09-02,pre_dam,2026-10-03T03:20:57.297875+00:00,2026-08-10,2026-08-27,9,64.55,51.3,73.98,80.24,41.99,,True
2026-09-02,pre_dam,2026-10-03T03:20:57.297875+00:00,2026-08-10,2026-08-27,10,70.75,56.04,85.02,87.16,42.68,,True
2026-09-02,pre_dam,2026-10-03T03:20:57.297875+00:00,2026-08-10,2026-08-27,11,72.85,56.24,89.11,96.98,43.23,,True
2026-09-02,pre_dam,2026-10-03T03:20:57.297875+00:00,2026-08-10,2026-08-27,12,91.28,60.02,112.87,104.45,47.9,,True
2026-09-02,pre_dam,2026-10-03T03:20:57.297875+00:00,2026-08-10,2026-08-27,13,81.82,64.92,123.47,97.14,53.28,,True
2026-09-02,pre_dam,2026-10-03T03:20:57.297875+00:00,2026-08-10,2026-08-27,14,99.89,60.14,127.24,103.14,52.59,,True
2026-09-02,pre_dam,2026-10-03T03:20:57.297875+00:00,2026-08-10,2026-08-27,15,105.88,70.05,127.08,102.56,58.56,,True
2026-09-02,pre_dam,2026-10-03T03:20:57.297875+00:00,2026-08-10,2026-08-27,16,121.47,71.06,153.16,131.36,67.01,,True
2026-09-02,pre_dam,2026-10-03T03:20:57.297875+00:00,2026-08-10,2026-08-27,17,112.81,75.18,148.77,157.89,71.87,,True
2026-09-02,pre_dam,2026-10-03T03:20:57.297875+00:00,2026-08-10,2026-08-27,18,118.47,71.65,149.39,155.68,81.38,,True
2026-09-02,pre_dam,2026-10-03T03:20:57.297875+00:00,2026-08-10,2026-08-27,19,112.22,72.91,151.2,166.17,110.3,,True
2026-09-02,pre_dam,2026-10-03T03:20:57.297875+00:00,2026-08-10,2026-08-27,20,110.53,68.91,159.29,133.92,92.48,,True
2026-09-02,pre_dam,2026-10-03T03:20:57.297875+00:00,2026-08-10,2026-08-27,21,86.79,59.77,122.16,109.0,67.97,,True
2026-09-02,pre_dam,2026-10-03T03:20:57.297875+00:00,2026-08-10,2026-08-27,22,76.44,52.11,99.32,96.29,63.66,,True
2026-09-02,pre_dam,2026-10-03T03:20:57.297875+00:00,2026-08-10,2026-08-27,23,74.37,45.22,82.66,87.27,45.76,,True
2026-09-02,pre_dam,2026-10-03T03:20:57.297875+00:00,2026-08-10,2026-08-27,24,58.37,43.53,60.65,65.9,38.29,,True
2026-09-03,pre_dam,2026-10-03T03:23:05.484637+00:00,2026-08-11,2026-08-17,1,46.59,40.36,63.05,50.49,34.32,,True
2026-09-03,pre_dam,2026-10-03T03:23:05.484637+00:00,2026-08-11,2026-08-17,2,46.75,39.59,52.51,45.99,37.99,,True
2026-09-03,pre_dam,2026-10-03T03:23:05.484637+00:00,2026-08-11,2026-08-17,3,43.34,38.57,43.8,44.1,35.3,,True
2026-09-03,pre_dam,2026-10-03T03:23:05.484637+00:00,2026-08-11,2026-08-17,4,44.43,37.17,44.48,43.11,35.01,,True
2026-09-03,pre_dam,2026-10-03T03:23:05.484637+00:00,2026-08-11,2026-08-17,5,44.62,38.29,45.5,47.38,40.58,,True
2026-09-03,pre_dam,2026-10-03T03:23:05.484637+00:00,2026-08-11,2026-08-17,6,53.13,41.75,59.94,53.52,54.2,,True
2026-09-03,pre_dam,2026-10-03T03:23:05.484637+00:00,2026-08-11,2026-08-17,7,61.83,47.69,66.88,52.4,56.46,,True
2026-09-03,pre_dam,2026-10-03T03:23:05.484637+00:00,2026-08-11,2026-08-17,8,67.09,49.26,71.28,89.95,53.24,,True
2026-09-03,pre_dam,2026-10-03T03:23:05.484637+00:00,2026-08-11,2026-08-17,9,79.79,56.64,80.13,82.14,51.21,,True
2026-09-03,pre_dam,2026-10-03T03:23:05.484637+00:00,2026-08-11,2026-08-17,10,73.25,66.72,99.21,82.13,55.78,,True
2026-09-03,pre_dam,2026-10-03T03:23:05.484637+00:00,2026-08-11,2026-08-17,11,85.93,72.12,113.16,87.63,65.04,,True
2026-09-03,pre_dam,2026-10-03T03:23:05.484637+00:00,2026-08-11,2026-08-17,12,103.43,77.6,116.68,88.05,81.7,,True
2026-09-03,pre_dam,2026-10-03T03:23:05.484637+00:00,2026-08-11,2026-08-17,13,96.77,71.08,105.69,97.92,88.22,,True
2026-09-03,pre_dam,2026-10-03T03:23:05.484637+00:00,2026-08-11,2026-08-17,14,108.85,76.6,117.48,105.27,99.3,,True
2026-09-03,pre_dam,2026-10-03T03:23:05.484637+00:00,2026-08-11,2026-08-17,15,114.22,75.37,140.73,110.49,102.15,,True
2026-09-03,pre_dam,2026-10-03T03:23:05.484637+00:00,2026-08-11,2026-08-17,16,131.83,82.31,152.92,106.46,103.26,,True
2026-09-03,pre_dam,2026-10-03T03:23:05.484637+00:00,2026-08-11,2026-08-17,17,137.93,78.3,148.37,111.4,110.35,,True
2026-09-03,pre_dam,2026-10-03T03:23:05.484637+00:00,2026-08-11,2026-08-17,18,143.7,78.13,144.67,114.1,115.89,,True
2026-09-03,pre_dam,2026-10-03T03:23:05.484637+00:00,2026-08-11,2026-08-17,19,199.68,86.65,199.68,125.96,166.07,,True
2026-09-03,pre_dam,2026-10-03T03:23:05.484637+00:00,2026-08-11,2026-08-17,20,203.05,82.38,215.57,121.84,135.32,,True
2026-09-03,pre_dam,2026-10-03T03:23:05.484637+00:00,2026-08-11,2026-08-17,21,100.41,67.8,111.46,115.69,93.07,,True
2026-09-03,pre_dam,2026-10-03T03:23:05.484637+00:00,2026-08-11,2026-08-17,22,83.79,63.41,95.7,108.82,86.98,,True
2026-09-03,pre_dam,2026-10-03T03:23:05.484637+00:00,2026-08-11,2026-08-17,23,62.88,51.12,70.68,77.89,62.04,,True
2026-09-03,pre_dam,2026-10-03T03:23:05.484637+00:00,2026-08-11,2026-08-17,24,51.65,45.36,61.8,58.8,56.75,,True
2026-09-04,pre_dam,2026-10-03T03:24:57.902416+00:00,2026-08-14,2026-08-17,1,46.99,42.21,52.3,46.38,34.32,,True
2026-09-04,pre_dam,2026-10-03T03:24:57.902416+00:00,2026-08-14,2026-08-17,2,42.79,39.92,45.05,37.66,37.99,,True
2026-09-04,pre_dam,2026-10-03T03:24:57.902416+00:00,2026-08-14,2026-08-17,3,42.2,40.47,45.2,35.86,35.3,,True
2026-09-04,pre_dam,2026-10-03T03:24:57.902416+00:00,2026-08-14,2026-08-17,4,40.26,39.59,45.21,36.56,35.01,,True
2026-09-04,pre_dam,2026-10-03T03:24:57.902416+00:00,2026-08-14,2026-08-17,5,42.88,40.02,47.45,35.27,40.58,,True
2026-09-04,pre_dam,2026-10-03T03:24:57.902416+00:00,2026-08-14,2026-08-17,6,50.43,45.55,53.98,42.26,54.2,,True
2026-09-04,pre_dam,2026-10-03T03:24:57.902416+00:00,2026-08-14,2026-08-17,7,61.52,51.39,69.33,41.51,56.46,,True
2026-09-04,pre_dam,2026-10-03T03:24:57.902416+00:00,2026-08-14,2026-08-17,8,61.68,49.03,67.86,50.24,53.24,,True
2026-09-04,pre_dam,2026-10-03T03:24:57.902416+00:00,2026-08-14,2026-08-17,9,73.22,55.76,87.61,57.73,51.21,,True
2026-09-04,pre_dam,2026-10-03T03:24:57.902416+00:00,2026-08-14,2026-08-17,10,71.58,60.4,82.7,65.69,55.78,,True
2026-09-04,pre_dam,2026-10-03T03:24:57.902416+00:00,2026-08-14,2026-08-17,11,81.05,64.48,82.45,77.16,65.04,,True
2026-09-04,pre_dam,2026-10-03T03:24:57.902416+00:00,2026-08-14,2026-08-17,12,87.2,68.51,90.6,84.26,81.7,,True
2026-09-04,pre_dam,2026-10-03T03:24:57.902416+00:00,2026-08-14,2026-08-17,13,87.13,71.62,91.04,84.45,88.22,,True
2026-09-04,pre_dam,2026-10-03T03:24:57.902416+00:00,2026-08-14,2026-08-17,14,90.41,73.35,90.96,85.89,99.3,,True
2026-09-04,pre_dam,2026-10-03T03:24:57.902416+00:00,2026-08-14,2026-08-17,15,85.8,70.58,88.17,86.75,102.15,,True
2026-09-04,pre_dam,2026-10-03T03:24:57.902416+00:00,2026-08-14,2026-08-17,16,93.2,72.0,98.76,84.36,103.26,,True
2026-09-04,pre_dam,2026-10-03T03:24:57.902416+00:00,2026-08-14,2026-08-17,17,86.85,69.26,113.23,93.4,110.35,,True
2026-09-04,pre_dam,2026-10-03T03:24:57.902416+00:00,2026-08-14,2026-08-17,18,96.17,67.64,130.27,95.09,115.89,,True
2026-09-04,pre_dam,2026-10-03T03:24:57.902416+00:00,2026-08-14,2026-08-17,19,84.79,68.48,119.66,104.21,166.07,,True
2026-09-04,pre_dam,2026-10-03T03:24:57.902416+00:00,2026-08-14,2026-08-17,20,88.84,67.4,98.57,89.24,135.32,,True
2026-09-04,pre_dam,2026-10-03T03:24:57.902416+00:00,2026-08-14,2026-08-17,21,76.41,65.05,90.53,91.3,93.07,,True
2026-09-04,pre_dam,2026-10-03T03:24:57.902416+00:00,2026-08-14,2026-08-17,22,70.72,53.56,90.61,85.46,86.98,,True
2026-09-04,pre_dam,2026-10-03T03:24:57.902416+00:00,2026-08-14,2026-08-17,23,56.09,49.2,70.91,80.22,62.04,,True
2026-09-04,pre_dam,2026-10-03T03:24:57.902416+00:00,2026-08-14,2026-08-17,24,46.49,43.21,49.67,50.15,56.75,,True
2026-09-05,pre_dam,2026-10-03T03:06:41.303633+00:00,2026-08-30,2025-07-20,1,40.87,36.53,49.55,35.01,44.85,,True
2026-09-05,pre_dam,2026-10-03T03:06:41.303633+00:00,2026-08-30,2025-07-20,2,39.17,35.9,43.64,32.96,35.31,,True
2026-09-05,pre_dam,2026-10-03T03:06:41.303633+00:00,2026-08-30,2025-07-20,3,37.24,35.05,39.12,32.86,34.49,,True
2026-09-05,pre_dam,2026-10-03T03:06:41.303633+00:00,2026-08-30,2025-07-20,4,36.64,34.0,38.28,32.85,34.08,,True
2026-09-05,pre_dam,2026-10-03T03:06:41.303633+00:00,2026-08-30,2025-07-20,5,36.47,33.58,39.84,31.95,32.82,,True
2026-09-05,pre_dam,2026-10-03T03:06:41.303633+00:00,2026-08-30,2025-07-20,6,35.66,33.1,37.8,33.19,32.18,,True
2026-09-05,pre_dam,2026-10-03T03:06:41.303633+00:00,2026-08-30,2025-07-20,7,36.04,33.51,44.69,31.83,33.32,,True
2026-09-05,pre_dam,2026-10-03T03:06:41.303633+00:00,2026-08-30,2025-07-20,8,38.61,33.88,45.68,33.81,34.79,,True
2026-09-05,pre_dam,2026-10-03T03:06:41.303633+00:00,2026-08-30,2025-07-20,9,39.63,34.46,45.77,34.26,36.27,,True
2026-09-05,pre_dam,2026-10-03T03:06:41.303633+00:00,2026-08-30,2025-07-20,10,41.02,36.11,46.24,35.24,44.14,,True
2026-09-05,pre_dam,2026-10-03T03:06:41.303633+00:00,2026-08-30,2025-07-20,11,43.63,36.91,49.54,39.33,43.51,,True
2026-09-05,pre_dam,2026-10-03T03:06:41.303633+00:00,2026-08-30,2025-07-20,12,48.81,42.17,61.16,37.79,46.48,,True
2026-09-05,pre_dam,2026-10-03T03:06:41.303633+00:00,2026-08-30,2025-07-20,13,53.87,45.71,62.46,39.97,45.91,,True
2026-09-05,pre_dam,2026-10-03T03:06:41.303633+00:00,2026-08-30,2025-07-20,14,58.66,45.1,76.07,43.27,43.24,,True
2026-09-05,pre_dam,2026-10-03T03:06:41.303633+00:00,2026-08-30,2025-07-20,15,60.7,49.29,77.11,45.4,45.35,,True
2026-09-05,pre_dam,2026-10-03T03:06:41.303633+00:00,2026-08-30,2025-07-20,16,66.37,53.24,79.88,50.43,65.62,,True
2026-09-05,pre_dam,2026-10-03T03:06:41.303633+00:00,2026-08-30,2025-07-20,17,68.06,57.43,85.3,66.91,93.28,,True
2026-09-05,pre_dam,2026-10-03T03:06:41.303633+00:00,2026-08-30,2025-07-20,18,71.53,56.93,87.56,67.2,95.67,,True
2026-09-05,pre_dam,2026-10-03T03:06:41.303633+00:00,2026-08-30,2025-07-20,19,69.77,53.31,93.06,79.73,98.27,,True
2026-09-05,pre_dam,2026-10-03T03:06:41.303633+00:00,2026-08-30,2025-07-20,20,68.52,53.21,87.51,71.34,89.77,,True
2026-09-05,pre_dam,2026-10-03T03:06:41.303633+00:00,2026-08-30,2025-07-20,21,62.2,48.02,90.45,53.54,79.72,,True
2026-09-05,pre_dam,2026-10-03T03:06:41.303633+00:00,2026-08-30,2025-07-20,22,47.49,40.81,61.07,49.12,57.46,,True
2026-09-05,pre_dam,2026-10-03T03:06:41.303633+00:00,2026-08-30,2025-07-20,23,43.12,36.8,52.25,39.34,45.79,,True
2026-09-05,pre_dam,2026-10-03T03:06:41.303633+00:00,2026-08-30,2025-07-20,24,40.1,35.88,52.25,41.74,39.52,,True
2026-09-06,pre_dam,2026-10-03T03:09:02.210099+00:00,2025-09-14,2025-09-27,1,37.95,35.29,42.48,34.4,50.06,,True
2026-09-06,pre_dam,2026-10-03T03:09:02.210099+00:00,2025-09-14,2025-09-27,2,34.66,34.13,36.71,33.6,44.52,,True
2026-09-06,pre_dam,2026-10-03T03:09:02.210099+00:00,2025-09-14,2025-09-27,3,33.15,33.15,36.38,33.14,38.29,,True
2026-09-06,pre_dam,2026-10-03T03:09:02.210099+00:00,2025-09-14,2025-09-27,4,32.69,32.69,36.31,33.11,40.24,,True
2026-09-06,pre_dam,2026-10-03T03:09:02.210099+00:00,2025-09-14,2025-09-27,5,32.13,32.13,36.44,33.12,43.0,,True
2026-09-06,pre_dam,2026-10-03T03:09:02.210099+00:00,2025-09-14,2025-09-27,6,33.64,33.37,37.53,32.37,40.68,,True
2026-09-06,pre_dam,2026-10-03T03:09:02.210099+00:00,2025-09-14,2025-09-27,7,34.44,33.98,38.2,33.6,58.36,,True
2026-09-06,pre_dam,2026-10-03T03:09:02.210099+00:00,2025-09-14,2025-09-27,8,34.92,33.84,38.0,38.56,71.5,,True
2026-09-06,pre_dam,2026-10-03T03:09:02.210099+00:00,2025-09-14,2025-09-27,9,34.76,33.4,37.06,43.57,71.1,,True
2026-09-06,pre_dam,2026-10-03T03:09:02.210099+00:00,2025-09-14,2025-09-27,10,34.81,32.48,38.61,39.21,70.07,,True
2026-09-06,pre_dam,2026-10-03T03:09:02.210099+00:00,2025-09-14,2025-09-27,11,36.86,34.62,41.25,37.6,83.29,,True
2026-09-06,pre_dam,2026-10-03T03:09:02.210099+00:00,2025-09-14,2025-09-27,12,37.89,33.9,40.72,38.46,83.78,,True
2026-09-06,pre_dam,2026-10-03T03:09:02.210099+00:00,2025-09-14,2025-09-27,13,38.78,36.58,46.42,42.7,61.14,,True
2026-09-06,pre_dam,2026-10-03T03:09:02.210099+00:00,2025-09-14,2025-09-27,14,40.48,36.48,46.11,41.84,71.17,,True
2026-09-06,pre_dam,2026-10-03T03:09:02.210099+00:00,2025-09-14,2025-09-27,15,47.72,39.97,50.53,43.29,81.07,,True
2026-09-06,pre_dam,2026-10-03T03:09:02.210099+00:00,2025-09-14,2025-09-27,16,52.08,44.07,52.53,48.69,94.47,,True
2026-09-06,pre_dam,2026-10-03T03:09:02.210099+00:00,2025-09-14,2025-09-27,17,54.7,48.49,65.39,67.19,108.77,,True
2026-09-06,pre_dam,2026-10-03T03:09:02.210099+00:00,2025-09-14,2025-09-27,18,63.58,54.49,71.77,83.56,103.09,,True
2026-09-06,pre_dam,2026-10-03T03:09:02.210099+00:00,2025-09-14,2025-09-27,19,63.53,53.1,72.22,86.14,102.05,,True
2026-09-06,pre_dam,2026-10-03T03:09:02.210099+00:00,2025-09-14,2025-09-27,20,59.69,47.88,69.38,70.5,107.85,,True
2026-09-06,pre_dam,2026-10-03T03:09:02.210099+00:00,2025-09-14,2025-09-27,21,52.01,41.45,61.97,47.95,105.73,,True
2026-09-06,pre_dam,2026-10-03T03:09:02.210099+00:00,2025-09-14,2025-09-27,22,43.9,38.03,52.24,43.54,63.79,,True
2026-09-06,pre_dam,2026-10-03T03:09:02.210099+00:00,2025-09-14,2025-09-27,23,40.67,36.3,48.53,39.5,49.34,,True
2026-09-06,pre_dam,2026-10-03T03:09:02.210099+00:00,2025-09-14,2025-09-27,24,38.59,35.06,45.17,36.02,44.66,,True
2026-09-07,pre_dam,2026-10-03T03:11:41.637311+00:00,2025-09-11,2025-06-05,1,39.36,35.27,41.24,39.34,18.69,,True
2026-09-07,pre_dam,2026-10-03T03:11:41.637311+00:00,2025-09-11,2025-06-05,2,37.94,35.2,41.34,45.39,15.15,,True
2026-09-07,pre_dam,2026-10-03T03:11:41.637311+00:00,2025-09-11,2025-06-05,3,37.48,33.66,39.31,35.08,14.45,,True
2026-09-07,pre_dam,2026-10-03T03:11:41.637311+00:00,2025-09-11,2025-06-05,4,34.44,33.51,37.82,34.29,25.82,,True
2026-09-07,pre_dam,2026-10-03T03:11:41.637311+00:00,2025-09-11,2025-06-05,5,34.34,32.96,37.75,35.46,30.43,,True
2026-09-07,pre_dam,2026-10-03T03:11:41.637311+00:00,2025-09-11,2025-06-05,6,35.6,33.06,40.33,43.02,31.55,,True
2026-09-07,pre_dam,2026-10-03T03:11:41.637311+00:00,2025-09-11,2025-06-05,7,34.86,32.56,38.88,49.56,32.83,,True
2026-09-07,pre_dam,2026-10-03T03:11:41.637311+00:00,2025-09-11,2025-06-05,8,36.55,33.4,39.18,47.21,36.78,,True
2026-09-07,pre_dam,2026-10-03T03:11:41.637311+00:00,2025-09-11,2025-06-05,9,36.61,33.45,38.71,38.81,38.16,,True
2026-09-07,pre_dam,2026-10-03T03:11:41.637311+00:00,2025-09-11,2025-06-05,10,36.83,34.12,37.95,38.09,35.43,,True
2026-09-07,pre_dam,2026-10-03T03:11:41.637311+00:00,2025-09-11,2025-06-05,11,39.5,36.32,40.37,37.44,19.88,,True
2026-09-07,pre_dam,2026-10-03T03:11:41.637311+00:00,2025-09-11,2025-06-05,12,41.14,38.35,46.66,39.42,35.82,,True
2026-09-07,pre_dam,2026-10-03T03:11:41.637311+00:00,2025-09-11,2025-06-05,13,42.24,41.03,49.58,42.41,20.28,,True
2026-09-07,pre_dam,2026-10-03T03:11:41.637311+00:00,2025-09-11,2025-06-05,14,45.78,40.63,49.84,45.79,21.65,,True
2026-09-07,pre_dam,2026-10-03T03:11:41.637311+00:00,2025-09-11,2025-06-05,15,52.77,44.88,55.66,48.03,24.39,,True
2026-09-07,pre_dam,2026-10-03T03:11:41.637311+00:00,2025-09-11,2025-06-05,16,61.8,48.49,61.8,53.73,23.5,,True
2026-09-07,pre_dam,2026-10-03T03:11:41.637311+00:00,2025-09-11,2025-06-05,17,66.31,51.11,71.07,67.42,28.56,,True
2026-09-07,pre_dam,2026-10-03T03:11:41.637311+00:00,2025-09-11,2025-06-05,18,69.63,57.71,74.37,74.02,53.95,,True
2026-09-07,pre_dam,2026-10-03T03:11:41.637311+00:00,2025-09-11,2025-06-05,19,66.9,59.12,76.69,83.25,60.26,,True
2026-09-07,pre_dam,2026-10-03T03:11:41.637311+00:00,2025-09-11,2025-06-05,20,66.81,58.35,75.18,71.55,56.2,,True
2026-09-07,pre_dam,2026-10-03T03:11:41.637311+00:00,2025-09-11,2025-06-05,21,60.45,45.92,66.28,48.12,46.56,,True
2026-09-07,pre_dam,2026-10-03T03:11:41.637311+00:00,2025-09-11,2025-06-05,22,49.03,43.74,59.93,43.92,36.24,,True
2026-09-07,pre_dam,2026-10-03T03:11:41.637311+00:00,2025-09-11,2025-06-05,23,41.49,38.35,50.39,44.14,36.88,,True
2026-09-07,pre_dam,2026-10-03T03:11:41.637311+00:00,2025-09-11,2025-06-05,24,39.6,36.12,46.78,42.16,34.05,,True
2026-09-08,pre_dam,2026-10-03T03:13:25.699948+00:00,2026-08-31,2026-08-25,1,42.29,37.4,44.53,34.82,34.36,,True
2026-09-08,pre_dam,2026-10-03T03:13:25.699948+00:00,2026-08-31,2026-08-25,2,38.11,35.28,39.74,33.67,33.31,,True
2026-09-08,pre_dam,2026-10-03T03:13:25.699948+00:00,2026-08-31,2026-08-25,3,36.12,34.56,38.85,33.58,33.19,,True
2026-09-08,pre_dam,2026-10-03T03:13:25.699948+00:00,2026-08-31,2026-08-25,4,36.26,35.13,38.75,32.41,33.21,,True
2026-09-08,pre_dam,2026-10-03T03:13:25.699948+00:00,2026-08-31,2026-08-25,5,35.93,35.48,38.65,32.3,34.45,,True
2026-09-08,pre_dam,2026-10-03T03:13:25.699948+00:00,2026-08-31,2026-08-25,6,38.65,35.8,46.9,35.06,36.75,,True
2026-09-08,pre_dam,2026-10-03T03:13:25.699948+00:00,2026-08-31,2026-08-25,7,42.33,38.74,46.36,39.48,39.45,,True
2026-09-08,pre_dam,2026-10-03T03:13:25.699948+00:00,2026-08-31,2026-08-25,8,42.37,38.62,50.57,44.79,38.99,,True
2026-09-08,pre_dam,2026-10-03T03:13:25.699948+00:00,2026-08-31,2026-08-25,9,43.07,39.44,51.14,42.83,34.21,,True
2026-09-08,pre_dam,2026-10-03T03:13:25.699948+00:00,2026-08-31,2026-08-25,10,41.97,39.17,50.82,50.18,35.13,,True
2026-09-08,pre_dam,2026-10-03T03:13:25.699948+00:00,2026-08-31,2026-08-25,11,43.14,38.52,52.92,51.78,35.21,,True
2026-09-08,pre_dam,2026-10-03T03:13:25.699948+00:00,2026-08-31,2026-08-25,12,49.68,43.24,57.42,61.9,40.26,,True
2026-09-08,pre_dam,2026-10-03T03:13:25.699948+00:00,2026-08-31,2026-08-25,13,54.29,46.55,57.56,64.73,43.23,,True
2026-09-08,pre_dam,2026-10-03T03:13:25.699948+00:00,2026-08-31,2026-08-25,14,57.58,50.98,60.76,67.83,44.61,,True
2026-09-08,pre_dam,2026-10-03T03:13:25.699948+00:00,2026-08-31,2026-08-25,15,62.51,52.62,71.37,80.73,46.98,,True
2026-09-08,pre_dam,2026-10-03T03:13:25.699948+00:00,2026-08-31,2026-08-25,16,66.64,55.44,91.07,88.87,56.55,,True
2026-09-08,pre_dam,2026-10-03T03:13:25.699948+00:00,2026-08-31,2026-08-25,17,73.53,60.82,108.67,99.77,67.12,,True
2026-09-08,pre_dam,2026-10-03T03:13:25.699948+00:00,2026-08-31,2026-08-25,18,80.3,63.47,106.18,116.75,79.59,,True
2026-09-08,pre_dam,2026-10-03T03:13:25.699948+00:00,2026-08-31,2026-08-25,19,77.49,65.26,98.98,88.64,92.29,,True
2026-09-08,pre_dam,2026-10-03T03:13:25.699948+00:00,2026-08-31,2026-08-25,20,77.11,62.08,91.26,82.97,82.7,,True
2026-09-08,pre_dam,2026-10-03T03:13:25.699948+00:00,2026-08-31,2026-08-25,21,60.68,48.08,70.61,78.26,66.62,,True
2026-09-08,pre_dam,2026-10-03T03:13:25.699948+00:00,2026-08-31,2026-08-25,22,49.16,41.57,57.88,57.6,48.98,,True
2026-09-08,pre_dam,2026-10-03T03:13:25.699948+00:00,2026-08-31,2026-08-25,23,45.7,38.82,47.12,44.34,46.09,,True
2026-09-08,pre_dam,2026-10-03T03:13:25.699948+00:00,2026-08-31,2026-08-25,24,43.35,36.55,44.56,41.88,42.27,,True
2026-09-09,pre_dam,2026-10-03T03:15:13.645437+00:00,2026-07-29,2026-06-10,1,41.06,35.24,42.61,24.59,12.23,,True
2026-09-09,pre_dam,2026-10-03T03:15:13.645437+00:00,2026-07-29,2026-06-10,2,38.11,31.09,41.93,23.38,28.64,,True
2026-09-09,pre_dam,2026-10-03T03:15:13.645437+00:00,2026-07-29,2026-06-10,3,38.17,34.22,40.12,22.65,29.38,,True
2026-09-09,pre_dam,2026-10-03T03:15:13.645437+00:00,2026-07-29,2026-06-10,4,37.8,33.87,39.85,22.45,25.93,,True
2026-09-09,pre_dam,2026-10-03T03:15:13.645437+00:00,2026-07-29,2026-06-10,5,38.1,34.11,41.28,22.85,29.34,,True
2026-09-09,pre_dam,2026-10-03T03:15:13.645437+00:00,2026-07-29,2026-06-10,6,41.84,37.01,45.14,22.25,11.68,,True
2026-09-09,pre_dam,2026-10-03T03:15:13.645437+00:00,2026-07-29,2026-06-10,7,46.17,39.88,50.9,37.48,32.6,,True
2026-09-09,pre_dam,2026-10-03T03:15:13.645437+00:00,2026-07-29,2026-06-10,8,48.61,40.52,56.81,26.39,37.58,,True
2026-09-09,pre_dam,2026-10-03T03:15:13.645437+00:00,2026-07-29,2026-06-10,9,49.31,41.23,57.25,22.57,41.7,,True
2026-09-09,pre_dam,2026-10-03T03:15:13.645437+00:00,2026-07-29,2026-06-10,10,54.23,41.57,61.77,40.76,48.6,,True
2026-09-09,pre_dam,2026-10-03T03:15:13.645437+00:00,2026-07-29,2026-06-10,11,52.89,44.25,61.7,41.28,46.87,,True
2026-09-09,pre_dam,2026-10-03T03:15:13.645437+00:00,2026-07-29,2026-06-10,12,54.8,44.53,64.78,40.42,50.62,,True
2026-09-09,pre_dam,2026-10-03T03:15:13.645437+00:00,2026-07-29,2026-06-10,13,60.26,53.66,74.44,27.32,49.92,,True
2026-09-09,pre_dam,2026-10-03T03:15:13.645437+00:00,2026-07-29,2026-06-10,14,61.69,55.05,80.15,42.58,41.13,,True
2026-09-09,pre_dam,2026-10-03T03:15:13.645437+00:00,2026-07-29,2026-06-10,15,62.29,52.18,76.47,54.03,28.16,,True
2026-09-09,pre_dam,2026-10-03T03:15:13.645437+00:00,2026-07-29,2026-06-10,16,73.73,58.26,84.72,31.66,18.84,,True
2026-09-09,pre_dam,2026-10-03T03:15:13.645437+00:00,2026-07-29,2026-06-10,17,87.7,57.99,92.84,34.59,10.22,,True
2026-09-09,pre_dam,2026-10-03T03:15:13.645437+00:00,2026-07-29,2026-06-10,18,75.34,58.81,90.1,32.23,11.61,,True
2026-09-09,pre_dam,2026-10-03T03:15:13.645437+00:00,2026-07-29,2026-06-10,19,78.89,59.32,85.78,40.76,20.35,,True
2026-09-09,pre_dam,2026-10-03T03:15:13.645437+00:00,2026-07-29,2026-06-10,20,81.98,62.43,90.28,39.65,13.36,,True
2026-09-09,pre_dam,2026-10-03T03:15:13.645437+00:00,2026-07-29,2026-06-10,21,68.58,56.26,78.22,37.98,28.81,,True
2026-09-09,pre_dam,2026-10-03T03:15:13.645437+00:00,2026-07-29,2026-06-10,22,52.14,41.61,60.25,36.74,49.99,,True
2026-09-09,pre_dam,2026-10-03T03:15:13.645437+00:00,2026-07-29,2026-06-10,23,45.65,39.14,46.0,30.02,40.6,,True
2026-09-09,pre_dam,2026-10-03T03:15:13.645437+00:00,2026-07-29,2026-06-10,24,42.37,34.87,42.37,27.46,33.18,,True
2026-09-10,pre_dam,2026-10-03T03:17:05.127157+00:00,2026-07-22,2026-08-28,1,39.62,35.95,42.01,15.13,35.65,,True
2026-09-10,pre_dam,2026-10-03T03:17:05.127157+00:00,2026-07-22,2026-08-28,2,36.65,34.26,39.68,16.31,35.13,,True
2026-09-10,pre_dam,2026-10-03T03:17:05.127157+00:00,2026-07-22,2026-08-28,3,36.51,33.82,38.99,16.55,33.22,,True
2026-09-10,pre_dam,2026-10-03T03:17:05.127157+00:00,2026-07-22,2026-08-28,4,34.22,28.59,37.01,16.32,33.31,,True
2026-09-10,pre_dam,2026-10-03T03:17:05.127157+00:00,2026-07-22,2026-08-28,5,35.9,34.0,41.21,19.47,35.75,,True
2026-09-10,pre_dam,2026-10-03T03:17:05.127157+00:00,2026-07-22,2026-08-28,6,43.54,37.45,43.54,19.05,35.73,,True
2026-09-10,pre_dam,2026-10-03T03:17:05.127157+00:00,2026-07-22,2026-08-28,7,44.79,40.12,47.67,16.74,45.11,,True
2026-09-10,pre_dam,2026-10-03T03:17:05.127157+00:00,2026-07-22,2026-08-28,8,45.42,39.73,47.45,22.77,43.92,,True
2026-09-10,pre_dam,2026-10-03T03:17:05.127157+00:00,2026-07-22,2026-08-28,9,44.01,39.7,49.1,21.55,44.62,,True
2026-09-10,pre_dam,2026-10-03T03:17:05.127157+00:00,2026-07-22,2026-08-28,10,42.26,41.49,46.21,20.72,45.82,,True
2026-09-10,pre_dam,2026-10-03T03:17:05.127157+00:00,2026-07-22,2026-08-28,11,42.96,40.48,48.75,20.88,43.62,,True
2026-09-10,pre_dam,2026-10-03T03:17:05.127157+00:00,2026-07-22,2026-08-28,12,45.35,41.0,49.52,21.2,48.37,,True
2026-09-10,pre_dam,2026-10-03T03:17:05.127157+00:00,2026-07-22,2026-08-28,13,45.15,40.72,48.19,21.73,52.47,,True
2026-09-10,pre_dam,2026-10-03T03:17:05.127157+00:00,2026-07-22,2026-08-28,14,49.49,44.15,52.21,22.43,50.81,,True
2026-09-10,pre_dam,2026-10-03T03:17:05.127157+00:00,2026-07-22,2026-08-28,15,50.79,45.57,52.37,21.47,47.56,,True
2026-09-10,pre_dam,2026-10-03T03:17:05.127157+00:00,2026-07-22,2026-08-28,16,51.5,46.75,59.44,19.48,49.42,,True
2026-09-10,pre_dam,2026-10-03T03:17:05.127157+00:00,2026-07-22,2026-08-28,17,59.14,52.73,67.25,21.21,58.59,,True
2026-09-10,pre_dam,2026-10-03T03:17:05.127157+00:00,2026-07-22,2026-08-28,18,65.83,54.97,72.44,26.19,65.88,,True
2026-09-10,pre_dam,2026-10-03T03:17:05.127157+00:00,2026-07-22,2026-08-28,19,68.32,58.11,76.4,28.33,83.4,,True
2026-09-10,pre_dam,2026-10-03T03:17:05.127157+00:00,2026-07-22,2026-08-28,20,69.37,57.71,76.71,29.47,76.9,,True
2026-09-10,pre_dam,2026-10-03T03:17:05.127157+00:00,2026-07-22,2026-08-28,21,62.82,50.79,68.06,27.43,49.0,,True
2026-09-10,pre_dam,2026-10-03T03:17:05.127157+00:00,2026-07-22,2026-08-28,22,49.91,43.22,57.05,28.43,47.52,,True
2026-09-10,pre_dam,2026-10-03T03:17:05.127157+00:00,2026-07-22,2026-08-28,23,44.56,40.88,48.06,24.77,38.9,,True
2026-09-10,pre_dam,2026-10-03T03:17:05.127157+00:00,2026-07-22,2026-08-28,24,43.1,38.08,43.54,21.99,37.82,,True
2026-09-11,pre_dam,2026-10-03T03:18:58.456564+00:00,2025-09-11,2026-09-07,1,40.74,36.2,41.34,39.34,39.88,,True
2026-09-11,pre_dam,2026-10-03T03:18:58.456564+00:00,2025-09-11,2026-09-07,2,38.46,35.54,38.46,45.39,37.42,,True
2026-09-11,pre_dam,2026-10-03T03:18:58.456564+00:00,2025-09-11,2026-09-07,3,35.78,33.89,38.04,35.08,34.43,,True
2026-09-11,pre_dam,2026-10-03T03:18:58.456564+00:00,2025-09-11,2026-09-07,4,35.61,33.89,37.45,34.29,35.0,,True
2026-09-11,pre_dam,2026-10-03T03:18:58.456564+00:00,2025-09-11,2026-09-07,5,36.41,34.59,38.1,35.46,34.87,,True
2026-09-11,pre_dam,2026-10-03T03:18:58.456564+00:00,2025-09-11,2026-09-07,6,42.42,36.22,48.33,43.02,34.55,,True
2026-09-11,pre_dam,2026-10-03T03:18:58.456564+00:00,2025-09-11,2026-09-07,7,52.57,44.17,73.99,49.56,36.14,,True
2026-09-11,pre_dam,2026-10-03T03:18:58.456564+00:00,2025-09-11,2026-09-07,8,46.33,40.42,50.95,47.21,34.28,,True
2026-09-11,pre_dam,2026-10-03T03:18:58.456564+00:00,2025-09-11,2026-09-07,9,44.97,39.76,51.03,38.81,34.23,,True
2026-09-11,pre_dam,2026-10-03T03:18:58.456564+00:00,2025-09-11,2026-09-07,10,45.62,38.98,48.75,38.09,36.84,,True
2026-09-11,pre_dam,2026-10-03T03:18:58.456564+00:00,2025-09-11,2026-09-07,11,42.87,39.33,45.07,37.44,36.83,,True
2026-09-11,pre_dam,2026-10-03T03:18:58.456564+00:00,2025-09-11,2026-09-07,12,45.05,38.67,50.18,39.42,37.7,,True
2026-09-11,pre_dam,2026-10-03T03:18:58.456564+00:00,2025-09-11,2026-09-07,13,49.95,40.54,52.55,42.41,41.52,,True
2026-09-11,pre_dam,2026-10-03T03:18:58.456564+00:00,2025-09-11,2026-09-07,14,52.78,40.74,53.69,45.79,42.2,,True
2026-09-11,pre_dam,2026-10-03T03:18:58.456564+00:00,2025-09-11,2026-09-07,15,53.12,41.8,54.42,48.03,41.48,,True
2026-09-11,pre_dam,2026-10-03T03:18:58.456564+00:00,2025-09-11,2026-09-07,16,59.42,46.16,62.38,53.73,48.44,,True
2026-09-11,pre_dam,2026-10-03T03:18:58.456564+00:00,2025-09-11,2026-09-07,17,64.73,55.46,71.18,67.42,57.25,,True
2026-09-11,pre_dam,2026-10-03T03:18:58.456564+00:00,2025-09-11,2026-09-07,18,70.77,59.79,81.05,74.02,78.81,,True
2026-09-11,pre_dam,2026-10-03T03:18:58.456564+00:00,2025-09-11,2026-09-07,19,77.04,62.62,82.53,83.25,80.8,,True
2026-09-11,pre_dam,2026-10-03T03:18:58.456564+00:00,2025-09-11,2026-09-07,20,73.73,59.88,82.31,71.55,66.69,,True
2026-09-11,pre_dam,2026-10-03T03:18:58.456564+00:00,2025-09-11,2026-09-07,21,61.28,47.0,62.9,48.12,49.88,,True
2026-09-11,pre_dam,2026-10-03T03:18:58.456564+00:00,2025-09-11,2026-09-07,22,48.62,39.69,52.05,43.92,42.55,,True
2026-09-11,pre_dam,2026-10-03T03:18:58.456564+00:00,2025-09-11,2026-09-07,23,52.54,40.31,75.36,44.14,40.26,,True
2026-09-11,pre_dam,2026-10-03T03:18:58.456564+00:00,2025-09-11,2026-09-07,24,45.01,38.26,60.04,42.16,42.24,,True
2026-09-12,pre_dam,2026-10-03T03:20:46.927562+00:00,2026-08-30,2026-09-05,1,36.01,33.94,38.19,35.01,43.82,,True
2026-09-12,pre_dam,2026-10-03T03:20:46.927562+00:00,2026-08-30,2026-09-05,2,33.39,33.39,36.7,32.96,37.12,,True
2026-09-12,pre_dam,2026-10-03T03:20:46.927562+00:00,2026-08-30,2026-09-05,3,33.42,32.26,36.17,32.86,35.74,,True
2026-09-12,pre_dam,2026-10-03T03:20:46.927562+00:00,2026-08-30,2026-09-05,4,32.13,32.06,34.43,32.85,35.66,,True
2026-09-12,pre_dam,2026-10-03T03:20:46.927562+00:00,2026-08-30,2026-09-05,5,30.96,28.63,38.49,31.95,35.28,,True
2026-09-12,pre_dam,2026-10-03T03:20:46.927562+00:00,2026-08-30,2026-09-05,6,36.09,33.34,43.2,33.19,38.86,,True
2026-09-12,pre_dam,2026-10-03T03:20:46.927562+00:00,2026-08-30,2026-09-05,7,37.51,33.24,46.06,31.83,39.87,,True
2026-09-12,pre_dam,2026-10-03T03:20:46.927562+00:00,2026-08-30,2026-09-05,8,38.12,34.71,42.51,33.81,38.36,,True
2026-09-12,pre_dam,2026-10-03T03:20:46.927562+00:00,2026-08-30,2026-09-05,9,37.69,34.56,42.37,34.26,38.97,,True
2026-09-12,pre_dam,2026-10-03T03:20:46.927562+00:00,2026-08-30,2026-09-05,10,38.71,34.82,41.81,35.24,41.14,,True
2026-09-12,pre_dam,2026-10-03T03:20:46.927562+00:00,2026-08-30,2026-09-05,11,39.09,35.59,44.04,39.33,43.12,,True
2026-09-12,pre_dam,2026-10-03T03:20:46.927562+00:00,2026-08-30,2026-09-05,12,40.26,39.12,43.18,37.79,46.8,,True
2026-09-12,pre_dam,2026-10-03T03:20:46.927562+00:00,2026-08-30,2026-09-05,13,40.7,39.96,46.44,39.97,48.26,,True
2026-09-12,pre_dam,2026-10-03T03:20:46.927562+00:00,2026-08-30,2026-09-05,14,46.04,41.33,48.38,43.27,48.11,,True
2026-09-12,pre_dam,2026-10-03T03:20:46.927562+00:00,2026-08-30,2026-09-05,15,47.92,42.61,51.28,45.4,54.04,,True
2026-09-12,pre_dam,2026-10-03T03:20:46.927562+00:00,2026-08-30,2026-09-05,16,52.69,45.38,62.12,50.43,55.57,,True
2026-09-12,pre_dam,2026-10-03T03:20:46.927562+00:00,2026-08-30,2026-09-05,17,58.18,48.63,69.98,66.91,56.5,,True
2026-09-12,pre_dam,2026-10-03T03:20:46.927562+00:00,2026-08-30,2026-09-05,18,67.65,51.66,70.73,67.2,60.7,,True
2026-09-12,pre_dam,2026-10-03T03:20:46.927562+00:00,2026-08-30,2026-09-05,19,67.27,54.11,75.29,79.73,59.94,,True
2026-09-12,pre_dam,2026-10-03T03:20:46.927562+00:00,2026-08-30,2026-09-05,20,58.89,47.33,63.48,71.34,53.41,,True
2026-09-12,pre_dam,2026-10-03T03:20:46.927562+00:00,2026-08-30,2026-09-05,21,50.46,42.28,58.39,53.54,50.68,,True
2026-09-12,pre_dam,2026-10-03T03:20:46.927562+00:00,2026-08-30,2026-09-05,22,43.13,40.6,51.81,49.12,48.24,,True
2026-09-12,pre_dam,2026-10-03T03:20:46.927562+00:00,2026-08-30,2026-09-05,23,39.99,36.43,45.42,39.34,45.38,,True
2026-09-12,pre_dam,2026-10-03T03:20:46.927562+00:00,2026-08-30,2026-09-05,24,39.84,35.62,46.58,41.74,44.02,,True
2026-09-13,pre_dam,2026-10-03T03:22:47.446806+00:00,2025-08-24,2026-09-12,1,38.17,34.7,39.07,30.11,37.17,,True
2026-09-13,pre_dam,2026-10-03T03:22:47.446806+00:00,2025-08-24,2026-09-12,2,36.58,32.81,38.42,25.57,34.28,,True
2026-09-13,pre_dam,2026-10-03T03:22:47.446806+00:00,2025-08-24,2026-09-12,3,35.37,32.95,35.77,24.63,33.75,,True
2026-09-13,pre_dam,2026-10-03T03:22:47.446806+00:00,2025-08-24,2026-09-12,4,34.14,29.74,34.71,22.47,33.32,,True
2026-09-13,pre_dam,2026-10-03T03:22:47.446806+00:00,2025-08-24,2026-09-12,5,33.12,28.75,33.96,24.19,33.01,,True
2026-09-13,pre_dam,2026-10-03T03:22:47.446806+00:00,2025-08-24,2026-09-12,6,36.05,34.49,37.38,23.74,34.7,,True
2026-09-13,pre_dam,2026-10-03T03:22:47.446806+00:00,2025-08-24,2026-09-12,7,36.94,35.42,41.67,27.26,36.03,,True
2026-09-13,pre_dam,2026-10-03T03:22:47.446806+00:00,2025-08-24,2026-09-12,8,39.2,36.16,41.47,30.23,36.17,,True
2026-09-13,pre_dam,2026-10-03T03:22:47.446806+00:00,2025-08-24,2026-09-12,9,40.36,36.74,42.69,33.83,37.81,,True
2026-09-13,pre_dam,2026-10-03T03:22:47.446806+00:00,2025-08-24,2026-09-12,10,39.58,37.69,40.77,34.13,40.12,,True
2026-09-13,pre_dam,2026-10-03T03:22:47.446806+00:00,2025-08-24,2026-09-12,11,40.43,37.14,42.95,35.27,37.98,,True
2026-09-13,pre_dam,2026-10-03T03:22:47.446806+00:00,2025-08-24,2026-09-12,12,40.71,37.12,42.62,36.05,38.2,,True
2026-09-13,pre_dam,2026-10-03T03:22:47.446806+00:00,2025-08-24,2026-09-12,13,41.81,37.89,46.24,35.81,42.04,,True
2026-09-13,pre_dam,2026-10-03T03:22:47.446806+00:00,2025-08-24,2026-09-12,14,44.65,39.07,49.1,33.25,42.18,,True
2026-09-13,pre_dam,2026-10-03T03:22:47.446806+00:00,2025-08-24,2026-09-12,15,48.41,42.37,55.28,33.13,50.66,,True
2026-09-13,pre_dam,2026-10-03T03:22:47.446806+00:00,2025-08-24,2026-09-12,16,52.99,45.24,73.41,31.28,63.99,,True
2026-09-13,pre_dam,2026-10-03T03:22:47.446806+00:00,2025-08-24,2026-09-12,17,57.09,47.53,69.52,33.36,61.97,,True
2026-09-13,pre_dam,2026-10-03T03:22:47.446806+00:00,2025-08-24,2026-09-12,18,59.04,48.18,77.03,42.35,71.19,,True
2026-09-13,pre_dam,2026-10-03T03:22:47.446806+00:00,2025-08-24,2026-09-12,19,57.68,48.14,73.02,57.05,70.37,,True
2026-09-13,pre_dam,2026-10-03T03:22:47.446806+00:00,2025-08-24,2026-09-12,20,55.23,43.89,68.55,54.28,66.17,,True
2026-09-13,pre_dam,2026-10-03T03:22:47.446806+00:00,2025-08-24,2026-09-12,21,48.54,40.82,59.3,53.43,57.44,,True
2026-09-13,pre_dam,2026-10-03T03:22:47.446806+00:00,2025-08-24,2026-09-12,22,42.55,35.52,51.36,39.29,52.28,,True
2026-09-13,pre_dam,2026-10-03T03:22:47.446806+00:00,2025-08-24,2026-09-12,23,39.48,34.04,46.38,36.37,45.81,,True
2026-09-13,pre_dam,2026-10-03T03:22:47.446806+00:00,2025-08-24,2026-09-12,24,36.98,32.59,40.47,35.93,42.01,,True
2026-09-14,pre_dam,2026-10-03T03:24:46.691243+00:00,2026-05-06,2025-09-19,1,32.47,31.13,35.87,33.46,44.87,,True
2026-09-14,pre_dam,2026-10-03T03:24:46.691243+00:00,2026-05-06,2025-09-19,2,33.87,31.31,36.05,34.06,38.75,,True
2026-09-14,pre_dam,2026-10-03T03:24:46.691243+00:00,2026-05-06,2025-09-19,3,32.12,31.28,36.44,31.44,37.44,,True
2026-09-14,pre_dam,2026-10-03T03:24:46.691243+00:00,2026-05-06,2025-09-19,4,34.75,32.83,35.52,28.84,37.29,,True
2026-09-14,pre_dam,2026-10-03T03:24:46.691243+00:00,2026-05-06,2025-09-19,5,34.86,32.89,42.67,31.13,38.76,,True
2026-09-14,pre_dam,2026-10-03T03:24:46.691243+00:00,2026-05-06,2025-09-19,6,37.24,35.23,46.47,38.47,41.75,,True
2026-09-14,pre_dam,2026-10-03T03:24:46.691243+00:00,2026-05-06,2025-09-19,7,40.33,36.45,49.54,52.65,45.31,,True
2026-09-14,pre_dam,2026-10-03T03:24:46.691243+00:00,2026-05-06,2025-09-19,8,42.89,37.01,52.03,51.23,42.57,,True
2026-09-14,pre_dam,2026-10-03T03:24:46.691243+00:00,2026-05-06,2025-09-19,9,42.58,37.81,51.77,42.59,42.23,,True
2026-09-14,pre_dam,2026-10-03T03:24:46.691243+00:00,2026-05-06,2025-09-19,10,41.99,38.52,50.94,40.49,42.44,,True
2026-09-14,pre_dam,2026-10-03T03:24:46.691243+00:00,2026-05-06,2025-09-19,11,41.56,38.8,49.77,36.29,44.79,,True
2026-09-14,pre_dam,2026-10-03T03:24:46.691243+00:00,2026-05-06,2025-09-19,12,41.8,38.95,49.6,35.21,45.6,,True
2026-09-14,pre_dam,2026-10-03T03:24:46.691243+00:00,2026-05-06,2025-09-19,13,40.49,38.03,47.15,13.04,44.81,,True
2026-09-14,pre_dam,2026-10-03T03:24:46.691243+00:00,2026-05-06,2025-09-19,14,40.91,38.07,45.93,26.83,44.69,,True
2026-09-14,pre_dam,2026-10-03T03:24:46.691243+00:00,2026-05-06,2025-09-19,15,42.75,38.5,48.38,28.78,44.67,,True
2026-09-14,pre_dam,2026-10-03T03:24:46.691243+00:00,2026-05-06,2025-09-19,16,47.69,44.51,54.96,30.81,50.66,,True
2026-09-14,pre_dam,2026-10-03T03:24:46.691243+00:00,2026-05-06,2025-09-19,17,59.48,46.31,63.45,19.03,69.66,,True
2026-09-14,pre_dam,2026-10-03T03:24:46.691243+00:00,2026-05-06,2025-09-19,18,67.84,55.06,74.64,15.71,70.78,,True
2026-09-14,pre_dam,2026-10-03T03:24:46.691243+00:00,2026-05-06,2025-09-19,19,69.34,58.09,76.19,55.37,66.05,,True
2026-09-14,pre_dam,2026-10-03T03:24:46.691243+00:00,2026-05-06,2025-09-19,20,63.26,50.39,71.47,64.23,58.89,,True
2026-09-14,pre_dam,2026-10-03T03:24:46.691243+00:00,2026-05-06,2025-09-19,21,47.67,41.96,53.84,49.98,42.58,,True
2026-09-14,pre_dam,2026-10-03T03:24:46.691243+00:00,2026-05-06,2025-09-19,22,42.45,38.38,47.49,38.57,43.7,,True
2026-09-14,pre_dam,2026-10-03T03:24:46.691243+00:00,2026-05-06,2025-09-19,23,38.56,35.69,41.81,33.95,42.1,,True
2026-09-14,pre_dam,2026-10-03T03:24:46.691243+00:00,2026-05-06,2025-09-19,24,36.06,33.94,37.45,33.22,38.33,,True
2026-09-15,pre_dam,2026-10-03T03:06:37.549716+00:00,2026-04-29,2025-06-09,1,32.62,32.53,39.82,27.62,14.59,,True
2026-09-15,pre_dam,2026-10-03T03:06:37.549716+00:00,2026-04-29,2025-06-09,2,31.82,31.82,39.66,28.01,17.57,,True
2026-09-15,pre_dam,2026-10-03T03:06:37.549716+00:00,2026-04-29,2025-06-09,3,31.44,31.44,39.56,28.06,15.47,,True
2026-09-15,pre_dam,2026-10-03T03:06:37.549716+00:00,2026-04-29,2025-06-09,4,31.09,31.09,39.67,28.0,16.1,,True
2026-09-15,pre_dam,2026-10-03T03:06:37.549716+00:00,2026-04-29,2025-06-09,5,32.66,32.66,39.63,28.12,25.03,,True
2026-09-15,pre_dam,2026-10-03T03:06:37.549716+00:00,2026-04-29,2025-06-09,6,36.54,34.16,49.36,40.92,24.52,,True
2026-09-15,pre_dam,2026-10-03T03:06:37.549716+00:00,2026-04-29,2025-06-09,7,40.35,36.95,47.59,55.8,31.74,,True
2026-09-15,pre_dam,2026-10-03T03:06:37.549716+00:00,2026-04-29,2025-06-09,8,40.38,35.82,47.35,49.22,35.97,,True
2026-09-15,pre_dam,2026-10-03T03:06:37.549716+00:00,2026-04-29,2025-06-09,9,36.72,35.84,39.66,16.84,36.84,,True
2026-09-15,pre_dam,2026-10-03T03:06:37.549716+00:00,2026-04-29,2025-06-09,10,34.69,34.69,39.55,15.0,36.62,,True
2026-09-15,pre_dam,2026-10-03T03:06:37.549716+00:00,2026-04-29,2025-06-09,11,36.02,34.66,37.95,15.08,23.85,,True
2026-09-15,pre_dam,2026-10-03T03:06:37.549716+00:00,2026-04-29,2025-06-09,12,35.83,34.56,37.98,15.37,40.09,,True
2026-09-15,pre_dam,2026-10-03T03:06:37.549716+00:00,2026-04-29,2025-06-09,13,41.31,35.43,41.31,15.25,41.51,,True
2026-09-15,pre_dam,2026-10-03T03:06:37.549716+00:00,2026-04-29,2025-06-09,14,40.05,36.02,43.42,14.76,40.15,,True
2026-09-15,pre_dam,2026-10-03T03:06:37.549716+00:00,2026-04-29,2025-06-09,15,40.28,35.99,45.8,14.78,40.78,,True
2026-09-15,pre_dam,2026-10-03T03:06:37.549716+00:00,2026-04-29,2025-06-09,16,42.34,36.39,50.55,9.01,22.53,,True
2026-09-15,pre_dam,2026-10-03T03:06:37.549716+00:00,2026-04-29,2025-06-09,17,46.85,37.93,59.14,10.52,47.44,,True
2026-09-15,pre_dam,2026-10-03T03:06:37.549716+00:00,2026-04-29,2025-06-09,18,53.21,44.06,68.34,49.9,46.63,,True
2026-09-15,pre_dam,2026-10-03T03:06:37.549716+00:00,2026-04-29,2025-06-09,19,52.52,46.76,67.41,62.97,40.38,,True
2026-09-15,pre_dam,2026-10-03T03:06:37.549716+00:00,2026-04-29,2025-06-09,20,51.88,44.75,67.8,64.87,48.45,,True
2026-09-15,pre_dam,2026-10-03T03:06:37.549716+00:00,2026-04-29,2025-06-09,21,43.96,37.19,54.12,52.56,43.83,,True
2026-09-15,pre_dam,2026-10-03T03:06:37.549716+00:00,2026-04-29,2025-06-09,22,41.74,36.93,51.88,40.6,32.17,,True
2026-09-15,pre_dam,2026-10-03T03:06:37.549716+00:00,2026-04-29,2025-06-09,23,37.87,35.67,42.49,36.2,29.12,,True
2026-09-15,pre_dam,2026-10-03T03:06:37.549716+00:00,2026-04-29,2025-06-09,24,36.55,35.73,39.42,31.88,27.29,,True
2026-09-16,pre_dam,2026-10-03T03:09:04.623222+00:00,2026-09-08,2025-09-24,1,33.44,29.09,34.83,34.79,51.3,,True
2026-09-16,pre_dam,2026-10-03T03:09:04.623222+00:00,2026-09-08,2025-09-24,2,32.66,27.78,34.37,33.07,48.12,,True
2026-09-16,pre_dam,2026-10-03T03:09:04.623222+00:00,2026-09-08,2025-09-24,3,32.19,27.3,34.26,33.72,44.48,,True
2026-09-16,pre_dam,2026-10-03T03:09:04.623222+00:00,2026-09-08,2025-09-24,4,32.06,27.27,34.16,34.43,42.65,,True
2026-09-16,pre_dam,2026-10-03T03:09:04.623222+00:00,2026-09-08,2025-09-24,5,33.69,27.59,35.02,35.36,45.51,,True
2026-09-16,pre_dam,2026-10-03T03:09:04.623222+00:00,2026-09-08,2025-09-24,6,37.97,35.37,40.83,38.61,66.07,,True
2026-09-16,pre_dam,2026-10-03T03:09:04.623222+00:00,2026-09-08,2025-09-24,7,40.82,36.47,42.95,43.51,104.25,,True
2026-09-16,pre_dam,2026-10-03T03:09:04.623222+00:00,2026-09-08,2025-09-24,8,40.4,35.64,42.25,43.28,104.06,,True
2026-09-16,pre_dam,2026-10-03T03:09:04.623222+00:00,2026-09-08,2025-09-24,9,36.44,33.25,43.73,41.54,94.94,,True
2026-09-16,pre_dam,2026-10-03T03:09:04.623222+00:00,2026-09-08,2025-09-24,10,40.27,39.08,50.91,48.97,101.66,,True
2026-09-16,pre_dam,2026-10-03T03:09:04.623222+00:00,2026-09-08,2025-09-24,11,39.51,39.51,49.51,48.77,102.42,,True
2026-09-16,pre_dam,2026-10-03T03:09:04.623222+00:00,2026-09-08,2025-09-24,12,41.86,41.71,50.11,52.51,103.68,,True
2026-09-16,pre_dam,2026-10-03T03:09:04.623222+00:00,2026-09-08,2025-09-24,13,43.9,42.41,50.07,69.89,113.13,,True
2026-09-16,pre_dam,2026-10-03T03:09:04.623222+00:00,2026-09-08,2025-09-24,14,44.06,42.87,58.46,63.1,117.21,,True
2026-09-16,pre_dam,2026-10-03T03:09:04.623222+00:00,2026-09-08,2025-09-24,15,47.79,43.13,57.38,56.38,115.32,,True
2026-09-16,pre_dam,2026-10-03T03:09:04.623222+00:00,2026-09-08,2025-09-24,16,49.34,45.39,63.47,71.29,114.57,,True
2026-09-16,pre_dam,2026-10-03T03:09:04.623222+00:00,2026-09-08,2025-09-24,17,54.85,50.94,68.65,81.76,120.85,,True
2026-09-16,pre_dam,2026-10-03T03:09:04.623222+00:00,2026-09-08,2025-09-24,18,60.49,55.11,67.48,78.72,101.09,,True
2026-09-16,pre_dam,2026-10-03T03:09:04.623222+00:00,2026-09-08,2025-09-24,19,63.3,54.98,72.31,82.42,112.32,,True
2026-09-16,pre_dam,2026-10-03T03:09:04.623222+00:00,2026-09-08,2025-09-24,20,62.13,53.47,69.52,82.58,121.66,,True
2026-09-16,pre_dam,2026-10-03T03:09:04.623222+00:00,2026-09-08,2025-09-24,21,47.51,43.93,59.82,78.32,97.31,,True
2026-09-16,pre_dam,2026-10-03T03:09:04.623222+00:00,2026-09-08,2025-09-24,22,40.89,37.54,47.29,48.44,67.6,,True
2026-09-16,pre_dam,2026-10-03T03:09:04.623222+00:00,2026-09-08,2025-09-24,23,40.34,35.35,43.7,39.14,47.82,,True
2026-09-16,pre_dam,2026-10-03T03:09:04.623222+00:00,2026-09-08,2025-09-24,24,38.26,33.31,40.75,37.62,43.86,,True
2026-09-17,pre_dam,2026-10-03T03:11:45.987025+00:00,2026-09-16,2026-09-08,1,39.95,34.72,39.95,34.22,34.79,,True
2026-09-17,pre_dam,2026-10-03T03:11:45.987025+00:00,2026-09-16,2026-09-08,2,38.14,34.4,38.14,37.21,33.07,,True
2026-09-17,pre_dam,2026-10-03T03:11:45.987025+00:00,2026-09-16,2026-09-08,3,37.79,34.22,40.04,38.19,33.72,,True
2026-09-17,pre_dam,2026-10-03T03:11:45.987025+00:00,2026-09-16,2026-09-08,4,36.25,32.81,37.44,36.81,34.43,,True
2026-09-17,pre_dam,2026-10-03T03:11:45.987025+00:00,2026-09-16,2026-09-08,5,37.55,34.47,40.14,38.19,35.36,,True
2026-09-17,pre_dam,2026-10-03T03:11:45.987025+00:00,2026-09-16,2026-09-08,6,40.8,37.06,45.45,46.88,38.61,,True
2026-09-17,pre_dam,2026-10-03T03:11:45.987025+00:00,2026-09-16,2026-09-08,7,45.95,40.3,59.19,54.11,43.51,,True
2026-09-17,pre_dam,2026-10-03T03:11:45.987025+00:00,2026-09-16,2026-09-08,8,44.4,38.37,50.86,48.33,43.28,,True
2026-09-17,pre_dam,2026-10-03T03:11:45.987025+00:00,2026-09-16,2026-09-08,9,44.74,39.08,49.01,48.43,41.54,,True
2026-09-17,pre_dam,2026-10-03T03:11:45.987025+00:00,2026-09-16,2026-09-08,10,44.37,40.36,53.94,52.51,48.97,,True
2026-09-17,pre_dam,2026-10-03T03:11:45.987025+00:00,2026-09-16,2026-09-08,11,42.44,40.78,54.03,50.77,48.77,,True
2026-09-17,pre_dam,2026-10-03T03:11:45.987025+00:00,2026-09-16,2026-09-08,12,47.95,43.99,57.08,56.62,52.51,,True
2026-09-17,pre_dam,2026-10-03T03:11:45.987025+00:00,2026-09-16,2026-09-08,13,48.19,44.79,56.08,60.53,69.89,,True
2026-09-17,pre_dam,2026-10-03T03:11:45.987025+00:00,2026-09-16,2026-09-08,14,50.02,39.57,54.27,53.93,63.1,,True
2026-09-17,pre_dam,2026-10-03T03:11:45.987025+00:00,2026-09-16,2026-09-08,15,51.48,47.55,59.4,61.4,56.38,,True
2026-09-17,pre_dam,2026-10-03T03:11:45.987025+00:00,2026-09-16,2026-09-08,16,58.57,51.55,67.16,74.87,71.29,,True
2026-09-17,pre_dam,2026-10-03T03:11:45.987025+00:00,2026-09-16,2026-09-08,17,64.0,57.28,74.03,77.09,81.76,,True
2026-09-17,pre_dam,2026-10-03T03:11:45.987025+00:00,2026-09-16,2026-09-08,18,69.61,59.67,89.43,87.4,78.72,,True
2026-09-17,pre_dam,2026-10-03T03:11:45.987025+00:00,2026-09-16,2026-09-08,19,71.56,61.17,90.96,87.45,82.42,,True
2026-09-17,pre_dam,2026-10-03T03:11:45.987025+00:00,2026-09-16,2026-09-08,20,64.56,57.02,79.62,78.47,82.58,,True
2026-09-17,pre_dam,2026-10-03T03:11:45.987025+00:00,2026-09-16,2026-09-08,21,50.9,44.82,58.28,56.03,78.32,,True
2026-09-17,pre_dam,2026-10-03T03:11:45.987025+00:00,2026-09-16,2026-09-08,22,43.13,39.22,48.86,46.12,48.44,,True
2026-09-17,pre_dam,2026-10-03T03:11:45.987025+00:00,2026-09-16,2026-09-08,23,41.25,37.58,44.98,39.47,39.14,,True
2026-09-17,pre_dam,2026-10-03T03:11:45.987025+00:00,2026-09-16,2026-09-08,24,41.43,35.19,44.49,44.04,37.62,,True
2026-09-18,pre_dam,2026-10-03T03:13:29.354462+00:00,2026-09-14,2025-08-26,1,41.01,34.9,46.28,33.43,33.99,,True
2026-09-18,pre_dam,2026-10-03T03:13:29.354462+00:00,2026-09-14,2025-08-26,2,39.71,34.41,44.17,35.32,32.03,,True
2026-09-18,pre_dam,2026-10-03T03:13:29.354462+00:00,2026-09-14,2025-08-26,3,37.84,33.47,42.53,35.73,29.53,,True
2026-09-18,pre_dam,2026-10-03T03:13:29.354462+00:00,2026-09-14,2025-08-26,4,34.88,33.86,39.7,36.01,31.6,,True
2026-09-18,pre_dam,2026-10-03T03:13:29.354462+00:00,2026-09-14,2025-08-26,5,37.72,34.33,43.84,37.78,32.01,,True
2026-09-18,pre_dam,2026-10-03T03:13:29.354462+00:00,2026-09-14,2025-08-26,6,43.92,34.82,47.74,42.57,33.23,,True
2026-09-18,pre_dam,2026-10-03T03:13:29.354462+00:00,2026-09-14,2025-08-26,7,47.07,40.36,51.02,55.18,37.54,,True
2026-09-18,pre_dam,2026-10-03T03:13:29.354462+00:00,2026-09-14,2025-08-26,8,50.38,39.97,53.21,46.03,39.44,,True
2026-09-18,pre_dam,2026-10-03T03:13:29.354462+00:00,2026-09-14,2025-08-26,9,48.09,39.99,51.91,39.19,40.05,,True
2026-09-18,pre_dam,2026-10-03T03:13:29.354462+00:00,2026-09-14,2025-08-26,10,46.26,38.61,54.95,36.82,37.03,,True
2026-09-18,pre_dam,2026-10-03T03:13:29.354462+00:00,2026-09-14,2025-08-26,11,49.13,38.35,53.86,35.23,34.09,,True
2026-09-18,pre_dam,2026-10-03T03:13:29.354462+00:00,2026-09-14,2025-08-26,12,49.19,38.1,56.81,36.58,33.69,,True
2026-09-18,pre_dam,2026-10-03T03:13:29.354462+00:00,2026-09-14,2025-08-26,13,50.63,38.17,63.1,38.92,36.58,,True
2026-09-18,pre_dam,2026-10-03T03:13:29.354462+00:00,2026-09-14,2025-08-26,14,48.24,37.3,65.99,38.7,36.44,,True
2026-09-18,pre_dam,2026-10-03T03:13:29.354462+00:00,2026-09-14,2025-08-26,15,46.5,36.31,65.9,41.75,38.7,,True
2026-09-18,pre_dam,2026-10-03T03:13:29.354462+00:00,2026-09-14,2025-08-26,16,48.33,38.58,66.6,45.2,39.54,,True
2026-09-18,pre_dam,2026-10-03T03:13:29.354462+00:00,2026-09-14,2025-08-26,17,52.91,41.11,77.6,56.85,42.45,,True
2026-09-18,pre_dam,2026-10-03T03:13:29.354462+00:00,2026-09-14,2025-08-26,18,56.14,44.34,78.96,71.58,49.01,,True
2026-09-18,pre_dam,2026-10-03T03:13:29.354462+00:00,2026-09-14,2025-08-26,19,54.56,47.76,81.06,75.98,50.74,,True
2026-09-18,pre_dam,2026-10-03T03:13:29.354462+00:00,2026-09-14,2025-08-26,20,56.97,48.68,81.13,74.27,60.92,,True
2026-09-18,pre_dam,2026-10-03T03:13:29.354462+00:00,2026-09-14,2025-08-26,21,48.69,41.96,59.36,52.05,61.36,,True
2026-09-18,pre_dam,2026-10-03T03:13:29.354462+00:00,2026-09-14,2025-08-26,22,46.81,39.24,55.98,46.13,42.46,,True
2026-09-18,pre_dam,2026-10-03T03:13:29.354462+00:00,2026-09-14,2025-08-26,23,43.36,35.91,49.93,39.11,39.52,,True
2026-09-18,pre_dam,2026-10-03T03:13:29.354462+00:00,2026-09-14,2025-08-26,24,40.02,35.49,45.74,38.03,38.66,,True
2026-09-19,pre_dam,2026-10-03T03:15:17.640729+00:00,2025-10-11,2025-09-21,1,37.97,34.4,42.25,35.18,30.64,,True
2026-09-19,pre_dam,2026-10-03T03:15:17.640729+00:00,2025-10-11,2025-09-21,2,36.71,34.15,41.04,39.25,30.44,,True
2026-09-19,pre_dam,2026-10-03T03:15:17.640729+00:00,2025-10-11,2025-09-21,3,35.31,33.24,40.64,37.37,28.71,,True
2026-09-19,pre_dam,2026-10-03T03:15:17.640729+00:00,2025-10-11,2025-09-21,4,34.49,33.05,40.41,37.25,28.41,,True
2026-09-19,pre_dam,2026-10-03T03:15:17.640729+00:00,2025-10-11,2025-09-21,5,34.52,32.94,39.66,39.31,30.2,,True
2026-09-19,pre_dam,2026-10-03T03:15:17.640729+00:00,2025-10-11,2025-09-21,6,37.34,34.03,45.72,39.9,33.44,,True
2026-09-19,pre_dam,2026-10-03T03:15:17.640729+00:00,2025-10-11,2025-09-21,7,38.88,34.74,50.04,41.05,36.74,,True
2026-09-19,pre_dam,2026-10-03T03:15:17.640729+00:00,2025-10-11,2025-09-21,8,39.94,34.88,50.32,39.32,38.36,,True
2026-09-19,pre_dam,2026-10-03T03:15:17.640729+00:00,2025-10-11,2025-09-21,9,37.08,34.48,43.43,42.9,39.28,,True
2026-09-19,pre_dam,2026-10-03T03:15:17.640729+00:00,2025-10-11,2025-09-21,10,34.81,34.53,44.09,65.11,39.58,,True
2026-09-19,pre_dam,2026-10-03T03:15:17.640729+00:00,2025-10-11,2025-09-21,11,34.35,34.04,44.14,65.95,41.68,,True
2026-09-19,pre_dam,2026-10-03T03:15:17.640729+00:00,2025-10-11,2025-09-21,12,37.87,35.05,47.26,72.56,40.53,,True
2026-09-19,pre_dam,2026-10-03T03:15:17.640729+00:00,2025-10-11,2025-09-21,13,37.87,35.39,47.56,70.3,42.71,,True
2026-09-19,pre_dam,2026-10-03T03:15:17.640729+00:00,2025-10-11,2025-09-21,14,39.85,36.93,49.24,68.8,45.99,,True
2026-09-19,pre_dam,2026-10-03T03:15:17.640729+00:00,2025-10-11,2025-09-21,15,36.93,35.58,41.85,68.89,43.83,,True
2026-09-19,pre_dam,2026-10-03T03:15:17.640729+00:00,2025-10-11,2025-09-21,16,44.77,37.46,51.42,69.17,46.96,,True
2026-09-19,pre_dam,2026-10-03T03:15:17.640729+00:00,2025-10-11,2025-09-21,17,50.44,41.34,56.59,75.91,74.13,,True
2026-09-19,pre_dam,2026-10-03T03:15:17.640729+00:00,2025-10-11,2025-09-21,18,53.05,44.94,59.95,95.48,78.5,,True
2026-09-19,pre_dam,2026-10-03T03:15:17.640729+00:00,2025-10-11,2025-09-21,19,53.57,45.71,60.44,76.12,80.06,,True
2026-09-19,pre_dam,2026-10-03T03:15:17.640729+00:00,2025-10-11,2025-09-21,20,52.82,45.45,60.22,51.93,51.01,,True
2026-09-19,pre_dam,2026-10-03T03:15:17.640729+00:00,2025-10-11,2025-09-21,21,45.44,38.05,57.92,42.06,43.19,,True
2026-09-19,pre_dam,2026-10-03T03:15:17.640729+00:00,2025-10-11,2025-09-21,22,42.66,37.11,52.1,44.38,44.73,,True
2026-09-19,pre_dam,2026-10-03T03:15:17.640729+00:00,2025-10-11,2025-09-21,23,40.09,34.24,47.14,42.13,39.74,,True
2026-09-19,pre_dam,2026-10-03T03:15:17.640729+00:00,2025-10-11,2025-09-21,24,37.82,31.87,46.1,37.88,37.99,,True
2026-09-20,pre_dam,2026-10-03T03:17:00.007368+00:00,2025-09-21,2026-09-19,1,37.45,31.85,39.08,30.64,41.76,,True
2026-09-20,pre_dam,2026-10-03T03:17:00.007368+00:00,2025-09-21,2026-09-19,2,38.07,31.9,40.52,30.44,42.77,,True
2026-09-20,pre_dam,2026-10-03T03:17:00.007368+00:00,2025-09-21,2026-09-19,3,33.99,31.72,35.55,28.71,37.66,,True
2026-09-20,pre_dam,2026-10-03T03:17:00.007368+00:00,2025-09-21,2026-09-19,4,32.49,31.76,35.63,28.41,37.41,,True
2026-09-20,pre_dam,2026-10-03T03:17:00.007368+00:00,2025-09-21,2026-09-19,5,32.67,31.43,35.58,30.2,36.11,,True
2026-09-20,pre_dam,2026-10-03T03:17:00.007368+00:00,2025-09-21,2026-09-19,6,35.81,31.78,37.18,33.44,38.65,,True
2026-09-20,pre_dam,2026-10-03T03:17:00.007368+00:00,2025-09-21,2026-09-19,7,38.85,31.83,41.1,36.74,46.69,,True
2026-09-20,pre_dam,2026-10-03T03:17:00.007368+00:00,2025-09-21,2026-09-19,8,39.06,33.75,41.68,38.36,41.83,,True
2026-09-20,pre_dam,2026-10-03T03:17:00.007368+00:00,2025-09-21,2026-09-19,9,39.36,33.6,42.44,39.28,46.77,,True
2026-09-20,pre_dam,2026-10-03T03:17:00.007368+00:00,2025-09-21,2026-09-19,10,39.63,34.58,42.2,39.58,42.04,,True
2026-09-20,pre_dam,2026-10-03T03:17:00.007368+00:00,2025-09-21,2026-09-19,11,36.14,35.8,38.95,41.68,37.5,,True
2026-09-20,pre_dam,2026-10-03T03:17:00.007368+00:00,2025-09-21,2026-09-19,12,39.09,35.4,43.09,40.53,40.04,,True
2026-09-20,pre_dam,2026-10-03T03:17:00.007368+00:00,2025-09-21,2026-09-19,13,38.91,35.58,42.92,42.71,40.18,,True
2026-09-20,pre_dam,2026-10-03T03:17:00.007368+00:00,2025-09-21,2026-09-19,14,39.06,34.72,41.16,45.99,39.58,,True
2026-09-20,pre_dam,2026-10-03T03:17:00.007368+00:00,2025-09-21,2026-09-19,15,39.55,34.54,47.74,43.83,42.85,,True
2026-09-20,pre_dam,2026-10-03T03:17:00.007368+00:00,2025-09-21,2026-09-19,16,40.15,35.8,48.98,46.96,47.92,,True
2026-09-20,pre_dam,2026-10-03T03:17:00.007368+00:00,2025-09-21,2026-09-19,17,46.12,37.79,56.97,74.13,55.39,,True
2026-09-20,pre_dam,2026-10-03T03:17:00.007368+00:00,2025-09-21,2026-09-19,18,48.97,42.74,65.38,78.5,63.88,,True
2026-09-20,pre_dam,2026-10-03T03:17:00.007368+00:00,2025-09-21,2026-09-19,19,51.69,44.43,68.64,80.06,62.2,,True
2026-09-20,pre_dam,2026-10-03T03:17:00.007368+00:00,2025-09-21,2026-09-19,20,47.83,41.73,61.12,51.01,56.02,,True
2026-09-20,pre_dam,2026-10-03T03:17:00.007368+00:00,2025-09-21,2026-09-19,21,41.87,34.47,51.11,43.19,42.67,,True
2026-09-20,pre_dam,2026-10-03T03:17:00.007368+00:00,2025-09-21,2026-09-19,22,40.42,32.91,43.06,44.73,45.22,,True
2026-09-20,pre_dam,2026-10-03T03:17:00.007368+00:00,2025-09-21,2026-09-19,23,38.84,30.13,45.52,39.74,44.53,,True
2026-09-20,pre_dam,2026-10-03T03:17:00.007368+00:00,2025-09-21,2026-09-19,24,32.94,29.52,43.51,37.99,41.87,,True
2026-09-21,pre_dam,2026-10-03T03:18:46.286490+00:00,2026-03-10,2025-05-20,1,35.26,29.15,40.19,36.7,6.55,,True
2026-09-21,pre_dam,2026-10-03T03:18:46.286490+00:00,2026-03-10,2025-05-20,2,36.28,29.53,42.0,36.1,6.91,,True
2026-09-21,pre_dam,2026-10-03T03:18:46.286490+00:00,2026-03-10,2025-05-20,3,33.74,26.04,38.99,36.11,6.55,,True
2026-09-21,pre_dam,2026-10-03T03:18:46.286490+00:00,2026-03-10,2025-05-20,4,30.47,25.37,36.48,36.68,6.46,,True
2026-09-21,pre_dam,2026-10-03T03:18:46.286490+00:00,2026-03-10,2025-05-20,5,32.58,30.0,36.92,43.37,6.95,,True
2026-09-21,pre_dam,2026-10-03T03:18:46.286490+00:00,2026-03-10,2025-05-20,6,37.28,33.91,41.67,41.13,14.82,,True
2026-09-21,pre_dam,2026-10-03T03:18:46.286490+00:00,2026-03-10,2025-05-20,7,43.94,37.71,46.91,49.48,22.41,,True
2026-09-21,pre_dam,2026-10-03T03:18:46.286490+00:00,2026-03-10,2025-05-20,8,42.17,36.98,47.57,60.59,25.37,,True
2026-09-21,pre_dam,2026-10-03T03:18:46.286490+00:00,2026-03-10,2025-05-20,9,41.12,36.33,44.37,59.85,30.52,,True
2026-09-21,pre_dam,2026-10-03T03:18:46.286490+00:00,2026-03-10,2025-05-20,10,40.98,36.53,42.88,44.55,30.37,,True
2026-09-21,pre_dam,2026-10-03T03:18:46.286490+00:00,2026-03-10,2025-05-20,11,42.31,36.04,44.07,50.82,26.69,,True
2026-09-21,pre_dam,2026-10-03T03:18:46.286490+00:00,2026-03-10,2025-05-20,12,43.03,36.1,47.37,53.12,32.01,,True
2026-09-21,pre_dam,2026-10-03T03:18:46.286490+00:00,2026-03-10,2025-05-20,13,41.46,36.2,44.68,54.03,28.17,,True
2026-09-21,pre_dam,2026-10-03T03:18:46.286490+00:00,2026-03-10,2025-05-20,14,39.95,35.76,46.91,52.96,25.52,,True
2026-09-21,pre_dam,2026-10-03T03:18:46.286490+00:00,2026-03-10,2025-05-20,15,40.36,35.63,45.86,51.8,28.35,,True
2026-09-21,pre_dam,2026-10-03T03:18:46.286490+00:00,2026-03-10,2025-05-20,16,43.43,37.13,48.56,52.59,24.55,,True
2026-09-21,pre_dam,2026-10-03T03:18:46.286490+00:00,2026-03-10,2025-05-20,17,50.0,39.06,52.33,53.17,31.7,,True
2026-09-21,pre_dam,2026-10-03T03:18:46.286490+00:00,2026-03-10,2025-05-20,18,57.78,43.52,59.38,53.02,31.25,,True
2026-09-21,pre_dam,2026-10-03T03:18:46.286490+00:00,2026-03-10,2025-05-20,19,55.81,46.98,60.16,58.92,32.81,,True
2026-09-21,pre_dam,2026-10-03T03:18:46.286490+00:00,2026-03-10,2025-05-20,20,52.29,41.84,57.31,53.62,33.31,,True
2026-09-21,pre_dam,2026-10-03T03:18:46.286490+00:00,2026-03-10,2025-05-20,21,45.43,37.54,49.11,44.44,30.33,,True
2026-09-21,pre_dam,2026-10-03T03:18:46.286490+00:00,2026-03-10,2025-05-20,22,39.38,36.09,44.18,40.04,13.75,,True
2026-09-21,pre_dam,2026-10-03T03:18:46.286490+00:00,2026-03-10,2025-05-20,23,37.59,33.39,41.08,39.0,14.02,,True
2026-09-21,pre_dam,2026-10-03T03:18:46.286490+00:00,2026-03-10,2025-05-20,24,39.07,31.28,41.77,39.06,6.37,,True
2026-09-22,pre_dam,2026-10-03T03:20:31.715970+00:00,2026-09-21,2025-05-20,1,31.4,24.44,35.03,26.62,6.55,,True
2026-09-22,pre_dam,2026-10-03T03:20:31.715970+00:00,2026-09-21,2025-05-20,2,34.05,29.55,36.57,33.73,6.91,,True
2026-09-22,pre_dam,2026-10-03T03:20:31.715970+00:00,2026-09-21,2025-05-20,3,33.92,28.81,37.36,34.08,6.55,,True
2026-09-22,pre_dam,2026-10-03T03:20:31.715970+00:00,2026-09-21,2025-05-20,4,33.24,28.8,36.14,33.77,6.46,,True
2026-09-22,pre_dam,2026-10-03T03:20:31.715970+00:00,2026-09-21,2025-05-20,5,32.13,26.9,34.51,33.11,6.95,,True
2026-09-22,pre_dam,2026-10-03T03:20:31.715970+00:00,2026-09-21,2025-05-20,6,39.47,36.17,47.38,41.8,14.82,,True
2026-09-22,pre_dam,2026-10-03T03:20:31.715970+00:00,2026-09-21,2025-05-20,7,46.55,37.59,56.83,49.41,22.41,,True
2026-09-22,pre_dam,2026-10-03T03:20:31.715970+00:00,2026-09-21,2025-05-20,8,45.37,35.85,53.51,46.9,25.37,,True
2026-09-22,pre_dam,2026-10-03T03:20:31.715970+00:00,2026-09-21,2025-05-20,9,44.34,35.37,51.89,43.64,30.52,,True
2026-09-22,pre_dam,2026-10-03T03:20:31.715970+00:00,2026-09-21,2025-05-20,10,38.59,35.67,43.81,38.13,30.37,,True
2026-09-22,pre_dam,2026-10-03T03:20:31.715970+00:00,2026-09-21,2025-05-20,11,37.37,33.9,40.29,36.86,26.69,,True
2026-09-22,pre_dam,2026-10-03T03:20:31.715970+00:00,2026-09-21,2025-05-20,12,37.5,33.34,38.73,36.64,32.01,,True
2026-09-22,pre_dam,2026-10-03T03:20:31.715970+00:00,2026-09-21,2025-05-20,13,41.83,34.42,44.33,40.54,28.17,,True
2026-09-22,pre_dam,2026-10-03T03:20:31.715970+00:00,2026-09-21,2025-05-20,14,39.46,33.01,43.18,38.12,25.52,,True
2026-09-22,pre_dam,2026-10-03T03:20:31.715970+00:00,2026-09-21,2025-05-20,15,37.72,33.03,38.81,36.38,28.35,,True
2026-09-22,pre_dam,2026-10-03T03:20:31.715970+00:00,2026-09-21,2025-05-20,16,44.75,34.95,50.57,42.89,24.55,,True
2026-09-22,pre_dam,2026-10-03T03:20:31.715970+00:00,2026-09-21,2025-05-20,17,49.29,36.79,53.41,54.23,31.7,,True
2026-09-22,pre_dam,2026-10-03T03:20:31.715970+00:00,2026-09-21,2025-05-20,18,52.56,43.3,58.48,60.97,31.25,,True
2026-09-22,pre_dam,2026-10-03T03:20:31.715970+00:00,2026-09-21,2025-05-20,19,55.23,46.75,68.94,63.08,32.81,,True
2026-09-22,pre_dam,2026-10-03T03:20:31.715970+00:00,2026-09-21,2025-05-20,20,52.1,42.11,56.84,51.08,33.31,,True
2026-09-22,pre_dam,2026-10-03T03:20:31.715970+00:00,2026-09-21,2025-05-20,21,47.61,37.57,52.92,43.88,30.33,,True
2026-09-22,pre_dam,2026-10-03T03:20:31.715970+00:00,2026-09-21,2025-05-20,22,42.55,36.71,48.63,41.28,13.75,,True
2026-09-22,pre_dam,2026-10-03T03:20:31.715970+00:00,2026-09-21,2025-05-20,23,37.54,32.53,42.49,38.5,14.02,,True
2026-09-22,pre_dam,2026-10-03T03:20:31.715970+00:00,2026-09-21,2025-05-20,24,36.31,30.45,41.51,39.05,6.37,,True
2026-09-23,pre_dam,2026-10-03T03:22:32.503145+00:00,2025-05-20,2026-09-21,1,31.58,26.23,35.41,6.55,26.62,,True
2026-09-23,pre_dam,2026-10-03T03:22:32.503145+00:00,2025-05-20,2026-09-21,2,30.62,25.81,33.34,6.91,33.73,,True
2026-09-23,pre_dam,2026-10-03T03:22:32.503145+00:00,2025-05-20,2026-09-21,3,30.17,24.36,34.18,6.55,34.08,,True
2026-09-23,pre_dam,2026-10-03T03:22:32.503145+00:00,2025-05-20,2026-09-21,4,29.56,24.37,33.2,6.46,33.77,,True
2026-09-23,pre_dam,2026-10-03T03:22:32.503145+00:00,2025-05-20,2026-09-21,5,32.32,26.82,34.85,6.95,33.11,,True
2026-09-23,pre_dam,2026-10-03T03:22:32.503145+00:00,2025-05-20,2026-09-21,6,36.65,32.83,40.26,14.82,41.8,,True
2026-09-23,pre_dam,2026-10-03T03:22:32.503145+00:00,2025-05-20,2026-09-21,7,46.01,37.0,50.92,22.41,49.41,,True
2026-09-23,pre_dam,2026-10-03T03:22:32.503145+00:00,2025-05-20,2026-09-21,8,40.41,36.06,46.79,25.37,46.9,,True
2026-09-23,pre_dam,2026-10-03T03:22:32.503145+00:00,2025-05-20,2026-09-21,9,37.58,33.84,42.33,30.52,43.64,,True
2026-09-23,pre_dam,2026-10-03T03:22:32.503145+00:00,2025-05-20,2026-09-21,10,36.87,31.94,43.22,30.37,38.13,,True
2026-09-23,pre_dam,2026-10-03T03:22:32.503145+00:00,2025-05-20,2026-09-21,11,39.09,31.76,40.99,26.69,36.86,,True
2026-09-23,pre_dam,2026-10-03T03:22:32.503145+00:00,2025-05-20,2026-09-21,12,33.52,32.76,37.78,32.01,36.64,,True
2026-09-23,pre_dam,2026-10-03T03:22:32.503145+00:00,2025-05-20,2026-09-21,13,36.81,33.35,38.95,28.17,40.54,,True
2026-09-23,pre_dam,2026-10-03T03:22:32.503145+00:00,2025-05-20,2026-09-21,14,33.94,33.37,37.19,25.52,38.12,,True
2026-09-23,pre_dam,2026-10-03T03:22:32.503145+00:00,2025-05-20,2026-09-21,15,34.52,33.38,37.89,28.35,36.38,,True
2026-09-23,pre_dam,2026-10-03T03:22:32.503145+00:00,2025-05-20,2026-09-21,16,39.64,35.01,40.47,24.55,42.89,,True
2026-09-23,pre_dam,2026-10-03T03:22:32.503145+00:00,2025-05-20,2026-09-21,17,45.87,38.09,47.44,31.7,54.23,,True
2026-09-23,pre_dam,2026-10-03T03:22:32.503145+00:00,2025-05-20,2026-09-21,18,50.93,41.25,55.77,31.25,60.97,,True
2026-09-23,pre_dam,2026-10-03T03:22:32.503145+00:00,2025-05-20,2026-09-21,19,56.31,42.05,56.98,32.81,63.08,,True
2026-09-23,pre_dam,2026-10-03T03:22:32.503145+00:00,2025-05-20,2026-09-21,20,50.24,40.42,52.15,33.31,51.08,,True
2026-09-23,pre_dam,2026-10-03T03:22:32.503145+00:00,2025-05-20,2026-09-21,21,42.88,36.07,45.53,30.33,43.88,,True
2026-09-23,pre_dam,2026-10-03T03:22:32.503145+00:00,2025-05-20,2026-09-21,22,38.03,35.17,41.79,13.75,41.28,,True
2026-09-23,pre_dam,2026-10-03T03:22:32.503145+00:00,2025-05-20,2026-09-21,23,37.83,33.32,40.92,14.02,38.5,,True
2026-09-23,pre_dam,2026-10-03T03:22:32.503145+00:00,2025-05-20,2026-09-21,24,36.0,31.59,41.42,6.37,39.05,,True
2026-09-24,pre_dam,2026-10-03T03:24:23.662026+00:00,2025-10-01,2025-10-02,1,33.37,24.44,33.48,28.35,31.2,,True
2026-09-24,pre_dam,2026-10-03T03:24:23.662026+00:00,2025-10-01,2025-10-02,2,33.37,24.77,34.27,26.59,31.42,,True
2026-09-24,pre_dam,2026-10-03T03:24:23.662026+00:00,2025-10-01,2025-10-02,3,32.26,25.07,34.52,26.27,31.09,,True
2026-09-24,pre_dam,2026-10-03T03:24:23.662026+00:00,2025-10-01,2025-10-02,4,32.03,25.45,34.32,25.95,35.78,,True
2026-09-24,pre_dam,2026-10-03T03:24:23.662026+00:00,2025-10-01,2025-10-02,5,32.85,27.79,35.86,33.89,39.18,,True
2026-09-24,pre_dam,2026-10-03T03:24:23.662026+00:00,2025-10-01,2025-10-02,6,36.3,33.59,41.38,42.24,43.39,,True
2026-09-24,pre_dam,2026-10-03T03:24:23.662026+00:00,2025-10-01,2025-10-02,7,46.47,39.63,58.48,68.82,53.31,,True
2026-09-24,pre_dam,2026-10-03T03:24:23.662026+00:00,2025-10-01,2025-10-02,8,46.07,39.66,51.67,72.58,46.0,,True
2026-09-24,pre_dam,2026-10-03T03:24:23.662026+00:00,2025-10-01,2025-10-02,9,39.69,35.47,44.35,38.37,36.6,,True
2026-09-24,pre_dam,2026-10-03T03:24:23.662026+00:00,2025-10-01,2025-10-02,10,35.35,33.46,41.82,37.39,53.95,,True
2026-09-24,pre_dam,2026-10-03T03:24:23.662026+00:00,2025-10-01,2025-10-02,11,32.62,27.87,39.86,34.25,44.53,,True
2026-09-24,pre_dam,2026-10-03T03:24:23.662026+00:00,2025-10-01,2025-10-02,12,37.67,32.61,42.25,36.95,53.46,,True
2026-09-24,pre_dam,2026-10-03T03:24:23.662026+00:00,2025-10-01,2025-10-02,13,36.51,33.53,39.94,37.52,56.84,,True
2026-09-24,pre_dam,2026-10-03T03:24:23.662026+00:00,2025-10-01,2025-10-02,14,36.57,34.37,40.57,36.51,61.71,,True
2026-09-24,pre_dam,2026-10-03T03:24:23.662026+00:00,2025-10-01,2025-10-02,15,37.51,33.73,41.4,36.77,59.78,,True
2026-09-24,pre_dam,2026-10-03T03:24:23.662026+00:00,2025-10-01,2025-10-02,16,38.46,36.48,43.85,37.75,67.37,,True
2026-09-24,pre_dam,2026-10-03T03:24:23.662026+00:00,2025-10-01,2025-10-02,17,46.11,41.41,50.09,55.24,64.46,,True
2026-09-24,pre_dam,2026-10-03T03:24:23.662026+00:00,2025-10-01,2025-10-02,18,52.39,45.21,61.8,75.41,83.26,,True
2026-09-24,pre_dam,2026-10-03T03:24:23.662026+00:00,2025-10-01,2025-10-02,19,55.68,48.61,60.77,80.0,84.05,,True
2026-09-24,pre_dam,2026-10-03T03:24:23.662026+00:00,2025-10-01,2025-10-02,20,55.95,47.5,60.43,62.3,69.46,,True
2026-09-24,pre_dam,2026-10-03T03:24:23.662026+00:00,2025-10-01,2025-10-02,21,46.11,38.35,50.12,51.52,50.07,,True
2026-09-24,pre_dam,2026-10-03T03:24:23.662026+00:00,2025-10-01,2025-10-02,22,45.65,38.44,45.65,41.82,43.46,,True
2026-09-24,pre_dam,2026-10-03T03:24:23.662026+00:00,2025-10-01,2025-10-02,23,38.01,36.28,41.14,37.95,58.07,,True
2026-09-24,pre_dam,2026-10-03T03:24:23.662026+00:00,2025-10-01,2025-10-02,24,38.75,36.54,39.79,36.25,40.03,,True
2026-09-25,pre_dam,2026-10-03T03:06:38.015482+00:00,2025-10-03,2025-08-27,1,33.38,26.61,34.17,35.89,29.78,,True
2026-09-25,pre_dam,2026-10-03T03:06:38.015482+00:00,2025-10-03,2025-08-27,2,33.95,27.25,36.18,37.15,26.98,,True
2026-09-25,pre_dam,2026-10-03T03:06:38.015482+00:00,2025-10-03,2025-08-27,3,34.58,27.51,35.99,36.01,22.91,,True
2026-09-25,pre_dam,2026-10-03T03:06:38.015482+00:00,2025-10-03,2025-08-27,4,34.15,28.63,35.57,35.67,22.88,,True
2026-09-25,pre_dam,2026-10-03T03:06:38.015482+00:00,2025-10-03,2025-08-27,5,33.56,27.64,36.11,37.51,26.55,,True
2026-09-25,pre_dam,2026-10-03T03:06:38.015482+00:00,2025-10-03,2025-08-27,6,42.56,38.39,50.51,49.37,31.92,,True
2026-09-25,pre_dam,2026-10-03T03:06:38.015482+00:00,2025-10-03,2025-08-27,7,49.62,40.65,56.27,62.05,36.51,,True
2026-09-25,pre_dam,2026-10-03T03:06:38.015482+00:00,2025-10-03,2025-08-27,8,41.92,32.27,46.1,64.16,47.01,,True
2026-09-25,pre_dam,2026-10-03T03:06:38.015482+00:00,2025-10-03,2025-08-27,9,42.48,37.63,46.57,45.68,46.38,,True
2026-09-25,pre_dam,2026-10-03T03:06:38.015482+00:00,2025-10-03,2025-08-27,10,38.56,36.47,43.09,47.54,38.13,,True
2026-09-25,pre_dam,2026-10-03T03:06:38.015482+00:00,2025-10-03,2025-08-27,11,37.73,28.26,40.31,54.53,34.27,,True
2026-09-25,pre_dam,2026-10-03T03:06:38.015482+00:00,2025-10-03,2025-08-27,12,40.21,36.85,44.82,49.63,35.55,,True
2026-09-25,pre_dam,2026-10-03T03:06:38.015482+00:00,2025-10-03,2025-08-27,13,39.34,36.76,46.02,49.05,36.64,,True
2026-09-25,pre_dam,2026-10-03T03:06:38.015482+00:00,2025-10-03,2025-08-27,14,37.53,29.03,42.85,58.42,37.64,,True
2026-09-25,pre_dam,2026-10-03T03:06:38.015482+00:00,2025-10-03,2025-08-27,15,41.52,36.64,43.63,49.35,39.25,,True
2026-09-25,pre_dam,2026-10-03T03:06:38.015482+00:00,2025-10-03,2025-08-27,16,44.86,38.27,47.04,58.44,38.69,,True
2026-09-25,pre_dam,2026-10-03T03:06:38.015482+00:00,2025-10-03,2025-08-27,17,47.93,37.92,53.0,77.86,40.95,,True
2026-09-25,pre_dam,2026-10-03T03:06:38.015482+00:00,2025-10-03,2025-08-27,18,52.6,39.89,60.47,110.29,44.15,,True
2026-09-25,pre_dam,2026-10-03T03:06:38.015482+00:00,2025-10-03,2025-08-27,19,54.92,42.8,65.97,115.51,46.54,,True
2026-09-25,pre_dam,2026-10-03T03:06:38.015482+00:00,2025-10-03,2025-08-27,20,54.62,40.27,58.54,82.37,46.32,,True
2026-09-25,pre_dam,2026-10-03T03:06:38.015482+00:00,2025-10-03,2025-08-27,21,44.13,34.83,50.99,62.02,38.06,,True
2026-09-25,pre_dam,2026-10-03T03:06:38.015482+00:00,2025-10-03,2025-08-27,22,41.61,34.86,45.5,47.33,33.49,,True
2026-09-25,pre_dam,2026-10-03T03:06:38.015482+00:00,2025-10-03,2025-08-27,23,38.99,33.2,40.36,42.26,31.88,,True
2026-09-25,pre_dam,2026-10-03T03:06:38.015482+00:00,2025-10-03,2025-08-27,24,38.14,31.67,40.64,39.26,30.58,,True
2026-09-26,pre_dam,2026-10-03T03:08:58.766868+00:00,2025-09-07,2025-09-06,1,36.76,31.96,38.2,34.78,21.27,,True
2026-09-26,pre_dam,2026-10-03T03:08:58.766868+00:00,2025-09-07,2025-09-06,2,41.11,30.83,41.11,34.29,26.01,,True
2026-09-26,pre_dam,2026-10-03T03:08:58.766868+00:00,2025-09-07,2025-09-06,3,33.97,29.27,36.31,34.04,22.34,,True
2026-09-26,pre_dam,2026-10-03T03:08:58.766868+00:00,2025-09-07,2025-09-06,4,33.53,29.26,35.71,27.89,21.43,,True
2026-09-26,pre_dam,2026-10-03T03:08:58.766868+00:00,2025-09-07,2025-09-06,5,36.97,28.78,39.83,32.25,25.5,,True
2026-09-26,pre_dam,2026-10-03T03:08:58.766868+00:00,2025-09-07,2025-09-06,6,38.65,30.09,44.12,28.53,27.85,,True
2026-09-26,pre_dam,2026-10-03T03:08:58.766868+00:00,2025-09-07,2025-09-06,7,40.04,31.69,46.02,31.42,29.45,,True
2026-09-26,pre_dam,2026-10-03T03:08:58.766868+00:00,2025-09-07,2025-09-06,8,39.49,32.09,46.37,35.67,31.66,,True
2026-09-26,pre_dam,2026-10-03T03:08:58.766868+00:00,2025-09-07,2025-09-06,9,40.41,32.22,49.32,35.56,34.54,,True
2026-09-26,pre_dam,2026-10-03T03:08:58.766868+00:00,2025-09-07,2025-09-06,10,38.24,31.38,46.78,32.4,34.37,,True
2026-09-26,pre_dam,2026-10-03T03:08:58.766868+00:00,2025-09-07,2025-09-06,11,39.65,29.89,48.33,33.46,37.94,,True
2026-09-26,pre_dam,2026-10-03T03:08:58.766868+00:00,2025-09-07,2025-09-06,12,37.98,31.23,41.33,37.35,41.12,,True
2026-09-26,pre_dam,2026-10-03T03:08:58.766868+00:00,2025-09-07,2025-09-06,13,37.47,31.27,43.66,34.17,40.87,,True
2026-09-26,pre_dam,2026-10-03T03:08:58.766868+00:00,2025-09-07,2025-09-06,14,37.51,31.25,43.81,33.11,40.89,,True
2026-09-26,pre_dam,2026-10-03T03:08:58.766868+00:00,2025-09-07,2025-09-06,15,38.36,32.43,45.85,32.24,37.88,,True
2026-09-26,pre_dam,2026-10-03T03:08:58.766868+00:00,2025-09-07,2025-09-06,16,40.24,33.53,50.02,33.25,40.5,,True
2026-09-26,pre_dam,2026-10-03T03:08:58.766868+00:00,2025-09-07,2025-09-06,17,46.11,35.37,53.87,36.79,44.63,,True
2026-09-26,pre_dam,2026-10-03T03:08:58.766868+00:00,2025-09-07,2025-09-06,18,51.36,39.0,58.91,50.06,52.26,,True
2026-09-26,pre_dam,2026-10-03T03:08:58.766868+00:00,2025-09-07,2025-09-06,19,53.74,41.44,62.06,69.1,59.25,,True
2026-09-26,pre_dam,2026-10-03T03:08:58.766868+00:00,2025-09-07,2025-09-06,20,47.5,38.24,53.08,70.89,48.1,,True
2026-09-26,pre_dam,2026-10-03T03:08:58.766868+00:00,2025-09-07,2025-09-06,21,45.76,34.13,51.12,69.44,44.9,,True
2026-09-26,pre_dam,2026-10-03T03:08:58.766868+00:00,2025-09-07,2025-09-06,22,41.03,32.6,43.93,52.8,39.85,,True
2026-09-26,pre_dam,2026-10-03T03:08:58.766868+00:00,2025-09-07,2025-09-06,23,41.31,32.27,42.86,36.17,37.17,,True
2026-09-26,pre_dam,2026-10-03T03:08:58.766868+00:00,2025-09-07,2025-09-06,24,40.02,30.88,41.97,37.93,31.41,,True
2026-09-27,pre_dam,2026-10-03T03:11:32.899726+00:00,2025-10-12,2025-09-06,1,33.67,29.45,40.82,63.9,21.27,,True
2026-09-27,pre_dam,2026-10-03T03:11:32.899726+00:00,2025-10-12,2025-09-06,2,34.16,29.13,40.18,42.63,26.01,,True
2026-09-27,pre_dam,2026-10-03T03:11:32.899726+00:00,2025-10-12,2025-09-06,3,33.28,28.33,39.32,39.28,22.34,,True
2026-09-27,pre_dam,2026-10-03T03:11:32.899726+00:00,2025-10-12,2025-09-06,4,30.76,27.79,39.18,39.2,21.43,,True
2026-09-27,pre_dam,2026-10-03T03:11:32.899726+00:00,2025-10-12,2025-09-06,5,33.86,28.22,41.26,41.2,25.5,,True
2026-09-27,pre_dam,2026-10-03T03:11:32.899726+00:00,2025-10-12,2025-09-06,6,34.41,28.16,41.13,33.26,27.85,,True
2026-09-27,pre_dam,2026-10-03T03:11:32.899726+00:00,2025-10-12,2025-09-06,7,36.75,28.9,44.21,37.93,29.45,,True
2026-09-27,pre_dam,2026-10-03T03:11:32.899726+00:00,2025-10-12,2025-09-06,8,38.94,30.38,45.54,41.49,31.66,,True
2026-09-27,pre_dam,2026-10-03T03:11:32.899726+00:00,2025-10-12,2025-09-06,9,37.99,30.49,41.4,41.9,34.54,,True
2026-09-27,pre_dam,2026-10-03T03:11:32.899726+00:00,2025-10-12,2025-09-06,10,34.91,29.52,41.16,38.18,34.37,,True
2026-09-27,pre_dam,2026-10-03T03:11:32.899726+00:00,2025-10-12,2025-09-06,11,37.29,31.65,40.63,36.51,37.94,,True
2026-09-27,pre_dam,2026-10-03T03:11:32.899726+00:00,2025-10-12,2025-09-06,12,37.03,32.35,38.37,41.84,41.12,,True
2026-09-27,pre_dam,2026-10-03T03:11:32.899726+00:00,2025-10-12,2025-09-06,13,36.4,32.98,40.19,48.86,40.87,,True
2026-09-27,pre_dam,2026-10-03T03:11:32.899726+00:00,2025-10-12,2025-09-06,14,36.55,32.89,39.95,38.8,40.89,,True
2026-09-27,pre_dam,2026-10-03T03:11:32.899726+00:00,2025-10-12,2025-09-06,15,36.03,32.29,40.71,39.34,37.88,,True
2026-09-27,pre_dam,2026-10-03T03:11:32.899726+00:00,2025-10-12,2025-09-06,16,39.28,33.77,44.35,42.21,40.5,,True
2026-09-27,pre_dam,2026-10-03T03:11:32.899726+00:00,2025-10-12,2025-09-06,17,45.24,34.83,54.42,51.53,44.63,,True
2026-09-27,pre_dam,2026-10-03T03:11:32.899726+00:00,2025-10-12,2025-09-06,18,52.04,40.18,54.69,83.37,52.26,,True
2026-09-27,pre_dam,2026-10-03T03:11:32.899726+00:00,2025-10-12,2025-09-06,19,50.91,41.34,60.43,76.39,59.25,,True
2026-09-27,pre_dam,2026-10-03T03:11:32.899726+00:00,2025-10-12,2025-09-06,20,46.98,39.47,56.57,46.45,48.1,,True
2026-09-27,pre_dam,2026-10-03T03:11:32.899726+00:00,2025-10-12,2025-09-06,21,43.77,34.18,55.9,35.86,44.9,,True
2026-09-27,pre_dam,2026-10-03T03:11:32.899726+00:00,2025-10-12,2025-09-06,22,40.03,33.46,46.2,33.43,39.85,,True
2026-09-27,pre_dam,2026-10-03T03:11:32.899726+00:00,2025-10-12,2025-09-06,23,40.81,33.35,45.76,41.56,37.17,,True
2026-09-27,pre_dam,2026-10-03T03:11:32.899726+00:00,2025-10-12,2025-09-06,24,41.2,33.14,46.58,36.23,31.41,,True
2026-09-28,pre_dam,2026-10-03T03:13:22.178635+00:00,2025-10-14,2026-09-17,1,35.81,28.81,41.99,45.88,47.66,,True
2026-09-28,pre_dam,2026-10-03T03:13:22.178635+00:00,2025-10-14,2026-09-17,2,37.14,32.65,44.2,44.77,43.84,,True
2026-09-28,pre_dam,2026-10-03T03:13:22.178635+00:00,2025-10-14,2026-09-17,3,35.17,30.17,42.94,45.01,40.59,,True
2026-09-28,pre_dam,2026-10-03T03:13:22.178635+00:00,2025-10-14,2026-09-17,4,34.06,26.14,42.57,44.97,38.17,,True
2026-09-28,pre_dam,2026-10-03T03:13:22.178635+00:00,2025-10-14,2026-09-17,5,34.27,26.19,42.88,44.52,43.55,,True
2026-09-28,pre_dam,2026-10-03T03:13:22.178635+00:00,2025-10-14,2026-09-17,6,37.5,31.27,47.96,53.96,52.0,,True
2026-09-28,pre_dam,2026-10-03T03:13:22.178635+00:00,2025-10-14,2026-09-17,7,41.98,32.91,59.46,86.56,61.62,,True
2026-09-28,pre_dam,2026-10-03T03:13:22.178635+00:00,2025-10-14,2026-09-17,8,47.15,37.64,60.27,99.09,62.13,,True
2026-09-28,pre_dam,2026-10-03T03:13:22.178635+00:00,2025-10-14,2026-09-17,9,45.55,37.27,66.22,85.29,62.05,,True
2026-09-28,pre_dam,2026-10-03T03:13:22.178635+00:00,2025-10-14,2026-09-17,10,41.19,36.35,55.14,74.63,68.95,,True
2026-09-28,pre_dam,2026-10-03T03:13:22.178635+00:00,2025-10-14,2026-09-17,11,41.66,33.98,63.75,90.94,71.53,,True
2026-09-28,pre_dam,2026-10-03T03:13:22.178635+00:00,2025-10-14,2026-09-17,12,44.94,35.24,65.95,65.39,71.19,,True
2026-09-28,pre_dam,2026-10-03T03:13:22.178635+00:00,2025-10-14,2026-09-17,13,43.96,38.21,64.19,69.37,77.2,,True
2026-09-28,pre_dam,2026-10-03T03:13:22.178635+00:00,2025-10-14,2026-09-17,14,48.44,36.6,69.51,66.53,80.67,,True
2026-09-28,pre_dam,2026-10-03T03:13:22.178635+00:00,2025-10-14,2026-09-17,15,47.81,38.83,70.46,56.52,77.45,,True
2026-09-28,pre_dam,2026-10-03T03:13:22.178635+00:00,2025-10-14,2026-09-17,16,51.78,40.79,66.04,65.17,78.99,,True
2026-09-28,pre_dam,2026-10-03T03:13:22.178635+00:00,2025-10-14,2026-09-17,17,59.83,43.99,73.55,76.76,87.91,,True
2026-09-28,pre_dam,2026-10-03T03:13:22.178635+00:00,2025-10-14,2026-09-17,18,63.49,47.78,81.81,103.96,91.02,,True
2026-09-28,pre_dam,2026-10-03T03:13:22.178635+00:00,2025-10-14,2026-09-17,19,68.27,49.92,84.02,94.72,88.69,,True
2026-09-28,pre_dam,2026-10-03T03:13:22.178635+00:00,2025-10-14,2026-09-17,20,67.75,48.62,83.58,68.28,84.36,,True
2026-09-28,pre_dam,2026-10-03T03:13:22.178635+00:00,2025-10-14,2026-09-17,21,56.35,41.97,74.41,56.19,61.37,,True
2026-09-28,pre_dam,2026-10-03T03:13:22.178635+00:00,2025-10-14,2026-09-17,22,44.48,37.07,60.14,75.81,61.06,,True
2026-09-28,pre_dam,2026-10-03T03:13:22.178635+00:00,2025-10-14,2026-09-17,23,44.3,36.59,55.13,126.91,51.61,,True
2026-09-28,pre_dam,2026-10-03T03:13:22.178635+00:00,2025-10-14,2026-09-17,24,44.03,35.8,53.08,113.22,44.22,,True
2026-09-29,pre_dam,2026-10-03T03:15:11.918930+00:00,2026-06-26,2026-09-17,1,40.6,30.39,40.6,29.09,47.66,,True
2026-09-29,pre_dam,2026-10-03T03:15:11.918930+00:00,2026-06-26,2026-09-17,2,41.08,35.61,42.63,24.38,43.84,,True
2026-09-29,pre_dam,2026-10-03T03:15:11.918930+00:00,2026-06-26,2026-09-17,3,41.9,34.72,42.06,24.23,40.59,,True
2026-09-29,pre_dam,2026-10-03T03:15:11.918930+00:00,2026-06-26,2026-09-17,4,44.88,35.09,44.88,24.02,38.17,,True
2026-09-29,pre_dam,2026-10-03T03:15:11.918930+00:00,2026-06-26,2026-09-17,5,45.6,36.68,49.61,23.62,43.55,,True
2026-09-29,pre_dam,2026-10-03T03:15:11.918930+00:00,2026-06-26,2026-09-17,6,45.66,36.88,52.71,31.23,52.0,,True
2026-09-29,pre_dam,2026-10-03T03:15:11.918930+00:00,2026-06-26,2026-09-17,7,49.68,37.39,55.2,36.5,61.62,,True
2026-09-29,pre_dam,2026-10-03T03:15:11.918930+00:00,2026-06-26,2026-09-17,8,54.8,40.61,64.3,40.82,62.13,,True
2026-09-29,pre_dam,2026-10-03T03:15:11.918930+00:00,2026-06-26,2026-09-17,9,54.89,40.26,54.89,40.09,62.05,,True
2026-09-29,pre_dam,2026-10-03T03:15:11.918930+00:00,2026-06-26,2026-09-17,10,53.33,39.0,58.67,13.97,68.95,,True
2026-09-29,pre_dam,2026-10-03T03:15:11.918930+00:00,2026-06-26,2026-09-17,11,53.63,39.23,58.81,36.14,71.53,,True
2026-09-29,pre_dam,2026-10-03T03:15:11.918930+00:00,2026-06-26,2026-09-17,12,53.7,39.39,58.36,34.95,71.19,,True
2026-09-29,pre_dam,2026-10-03T03:15:11.918930+00:00,2026-06-26,2026-09-17,13,55.3,38.32,57.51,39.73,77.2,,True
2026-09-29,pre_dam,2026-10-03T03:15:11.918930+00:00,2026-06-26,2026-09-17,14,57.37,40.89,58.2,42.13,80.67,,True
2026-09-29,pre_dam,2026-10-03T03:15:11.918930+00:00,2026-06-26,2026-09-17,15,60.11,45.55,64.61,40.64,77.45,,True
2026-09-29,pre_dam,2026-10-03T03:15:11.918930+00:00,2026-06-26,2026-09-17,16,65.36,52.82,66.26,35.08,78.99,,True
2026-09-29,pre_dam,2026-10-03T03:15:11.918930+00:00,2026-06-26,2026-09-17,17,72.2,59.05,88.01,33.44,87.91,,True
2026-09-29,pre_dam,2026-10-03T03:15:11.918930+00:00,2026-06-26,2026-09-17,18,80.03,64.01,95.07,51.25,91.02,,True
2026-09-29,pre_dam,2026-10-03T03:15:11.918930+00:00,2026-06-26,2026-09-17,19,83.23,65.78,99.0,55.03,88.69,,True
2026-09-29,pre_dam,2026-10-03T03:15:11.918930+00:00,2026-06-26,2026-09-17,20,78.79,62.44,92.69,52.78,84.36,,True
2026-09-29,pre_dam,2026-10-03T03:15:11.918930+00:00,2026-06-26,2026-09-17,21,58.42,46.52,64.51,53.94,61.37,,True
2026-09-29,pre_dam,2026-10-03T03:15:11.918930+00:00,2026-06-26,2026-09-17,22,47.56,41.32,55.88,43.99,61.06,,True
2026-09-29,pre_dam,2026-10-03T03:15:11.918930+00:00,2026-06-26,2026-09-17,23,45.65,39.61,55.55,37.61,51.61,,True
2026-09-29,pre_dam,2026-10-03T03:15:11.918930+00:00,2026-06-26,2026-09-17,24,45.77,38.85,51.91,35.96,44.22,,True
2026-09-30,pre_dam,2026-10-03T03:16:56.255451+00:00,2026-09-15,2025-08-20,1,44.54,35.59,47.88,32.68,38.07,,True
2026-09-30,pre_dam,2026-10-03T03:16:56.255451+00:00,2026-09-15,2025-08-20,2,43.75,35.46,48.31,30.31,35.22,,True
2026-09-30,pre_dam,2026-10-03T03:16:56.255451+00:00,2026-09-15,2025-08-20,3,42.23,33.78,45.81,28.14,35.82,,True
2026-09-30,pre_dam,2026-10-03T03:16:56.255451+00:00,2026-09-15,2025-08-20,4,42.08,33.58,44.99,28.75,32.76,,True
2026-09-30,pre_dam,2026-10-03T03:16:56.255451+00:00,2026-09-15,2025-08-20,5,44.62,35.17,48.39,31.29,33.61,,True
2026-09-30,pre_dam,2026-10-03T03:16:56.255451+00:00,2026-09-15,2025-08-20,6,49.05,37.31,56.12,39.29,38.51,,True
2026-09-30,pre_dam,2026-10-03T03:16:56.255451+00:00,2026-09-15,2025-08-20,7,53.44,38.6,62.18,38.71,38.64,,True
2026-09-30,pre_dam,2026-10-03T03:16:56.255451+00:00,2026-09-15,2025-08-20,8,53.26,38.89,60.87,34.41,40.82,,True
2026-09-30,pre_dam,2026-10-03T03:16:56.255451+00:00,2026-09-15,2025-08-20,9,49.07,38.07,55.87,32.33,44.6,,True
2026-09-30,pre_dam,2026-10-03T03:16:56.255451+00:00,2026-09-15,2025-08-20,10,47.5,37.93,52.12,35.79,49.75,,True
2026-09-30,pre_dam,2026-10-03T03:16:56.255451+00:00,2026-09-15,2025-08-20,11,47.76,37.27,54.17,34.77,41.01,,True
2026-09-30,pre_dam,2026-10-03T03:16:56.255451+00:00,2026-09-15,2025-08-20,12,49.0,39.79,57.03,37.79,50.93,,True
2026-09-30,pre_dam,2026-10-03T03:16:56.255451+00:00,2026-09-15,2025-08-20,13,53.22,41.28,60.74,38.05,60.59,,True
2026-09-30,pre_dam,2026-10-03T03:16:56.255451+00:00,2026-09-15,2025-08-20,14,60.12,46.46,69.52,41.87,60.93,,True
2026-09-30,pre_dam,2026-10-03T03:16:56.255451+00:00,2026-09-15,2025-08-20,15,62.52,46.38,70.82,40.07,61.67,,True
2026-09-30,pre_dam,2026-10-03T03:16:56.255451+00:00,2026-09-15,2025-08-20,16,71.3,55.82,87.14,42.77,65.3,,True
2026-09-30,pre_dam,2026-10-03T03:16:56.255451+00:00,2026-09-15,2025-08-20,17,82.09,62.3,101.51,47.73,67.59,,True
2026-09-30,pre_dam,2026-10-03T03:16:56.255451+00:00,2026-09-15,2025-08-20,18,86.12,64.07,100.45,53.5,67.91,,True
2026-09-30,pre_dam,2026-10-03T03:16:56.255451+00:00,2026-09-15,2025-08-20,19,89.21,67.47,105.21,54.46,71.73,,True
2026-09-30,pre_dam,2026-10-03T03:16:56.255451+00:00,2026-09-15,2025-08-20,20,84.62,61.39,98.48,53.7,70.99,,True
2026-09-30,pre_dam,2026-10-03T03:16:56.255451+00:00,2026-09-15,2025-08-20,21,63.1,48.0,75.33,46.34,59.71,,True
2026-09-30,pre_dam,2026-10-03T03:16:56.255451+00:00,2026-09-15,2025-08-20,22,52.87,43.03,60.74,44.29,39.02,,True
2026-09-30,pre_dam,2026-10-03T03:16:56.255451+00:00,2026-09-15,2025-08-20,23,48.02,40.17,49.43,41.64,39.26,,True
2026-09-30,pre_dam,2026-10-03T03:16:56.255451+00:00,2026-09-15,2025-08-20,24,46.02,38.38,47.95,38.35,39.34,,True
2026-10-01,pre_dam,2026-10-03T03:18:44.704643+00:00,2026-09-30,2025-06-09,1,44.06,36.09,58.33,35.27,14.59,,True
2026-10-01,pre_dam,2026-10-03T03:18:44.704643+00:00,2026-09-30,2025-06-09,2,50.14,38.99,67.36,45.9,17.57,,True
2026-10-01,pre_dam,2026-10-03T03:18:44.704643+00:00,2026-09-30,2025-06-09,3,49.57,38.9,66.55,45.46,15.47,,True
2026-10-01,pre_dam,2026-10-03T03:18:44.704643+00:00,2026-09-30,2025-06-09,4,52.93,38.77,66.26,43.59,16.1,,True
2026-10-01,pre_dam,2026-10-03T03:18:44.704643+00:00,2026-09-30,2025-06-09,5,54.28,39.08,69.25,48.68,25.03,,True
2026-10-01,pre_dam,2026-10-03T03:18:44.704643+00:00,2026-09-30,2025-06-09,6,58.15,42.17,77.29,53.65,24.52,,True
2026-10-01,pre_dam,2026-10-03T03:18:44.704643+00:00,2026-09-30,2025-06-09,7,59.45,42.83,82.17,55.96,31.74,,True
2026-10-01,pre_dam,2026-10-03T03:18:44.704643+00:00,2026-09-30,2025-06-09,8,60.38,42.69,82.45,53.77,35.97,,True
2026-10-01,pre_dam,2026-10-03T03:18:44.704643+00:00,2026-09-30,2025-06-09,9,64.89,45.98,83.19,49.44,36.84,,True
2026-10-01,pre_dam,2026-10-03T03:18:44.704643+00:00,2026-09-30,2025-06-09,10,61.42,45.74,88.94,49.17,36.62,,True
2026-10-01,pre_dam,2026-10-03T03:18:44.704643+00:00,2026-09-30,2025-06-09,11,60.13,43.82,80.62,51.76,23.85,,True
2026-10-01,pre_dam,2026-10-03T03:18:44.704643+00:00,2026-09-30,2025-06-09,12,61.28,48.26,85.81,59.57,40.09,,True
2026-10-01,pre_dam,2026-10-03T03:18:44.704643+00:00,2026-09-30,2025-06-09,13,63.46,48.41,81.35,62.52,41.51,,True
2026-10-01,pre_dam,2026-10-03T03:18:44.704643+00:00,2026-09-30,2025-06-09,14,63.6,49.96,81.64,74.87,40.15,,True
2026-10-01,pre_dam,2026-10-03T03:18:44.704643+00:00,2026-09-30,2025-06-09,15,66.77,53.36,81.97,70.86,40.78,,True
2026-10-01,pre_dam,2026-10-03T03:18:44.704643+00:00,2026-09-30,2025-06-09,16,78.55,57.77,88.86,84.23,22.53,,True
2026-10-01,pre_dam,2026-10-03T03:18:44.704643+00:00,2026-09-30,2025-06-09,17,85.97,65.32,102.69,95.78,47.44,,True
2026-10-01,pre_dam,2026-10-03T03:18:44.704643+00:00,2026-09-30,2025-06-09,18,81.27,62.4,97.15,97.3,46.63,,True
2026-10-01,pre_dam,2026-10-03T03:18:44.704643+00:00,2026-09-30,2025-06-09,19,89.32,68.08,95.88,102.68,40.38,,True
2026-10-01,pre_dam,2026-10-03T03:18:44.704643+00:00,2026-09-30,2025-06-09,20,83.19,61.5,93.68,92.06,48.45,,True
2026-10-01,pre_dam,2026-10-03T03:18:44.704643+00:00,2026-09-30,2025-06-09,21,76.97,56.75,82.68,68.67,43.83,,True
2026-10-01,pre_dam,2026-10-03T03:18:44.704643+00:00,2026-09-30,2025-06-09,22,61.45,41.96,76.27,52.98,32.17,,True
2026-10-01,pre_dam,2026-10-03T03:18:44.704643+00:00,2026-09-30,2025-06-09,23,56.02,41.36,73.58,46.2,29.12,,True
2026-10-01,pre_dam,2026-10-03T03:18:44.704643+00:00,2026-09-30,2025-06-09,24,54.26,41.25,72.34,46.44,27.29,,True
2026-10-02,pre_dam,2026-10-03T03:20:28.355909+00:00,2025-08-26,2025-09-04,1,45.57,36.6,58.75,33.99,29.6,,True
2026-10-02,pre_dam,2026-10-03T03:20:28.355909+00:00,2025-08-26,2025-09-04,2,44.53,36.36,61.4,32.03,24.97,,True
2026-10-02,pre_dam,2026-10-03T03:20:28.355909+00:00,2025-08-26,2025-09-04,3,41.77,35.15,59.49,29.53,23.17,,True
2026-10-02,pre_dam,2026-10-03T03:20:28.355909+00:00,2025-08-26,2025-09-04,4,41.22,34.69,60.17,31.6,23.72,,True
2026-10-02,pre_dam,2026-10-03T03:20:28.355909+00:00,2025-08-26,2025-09-04,5,47.02,39.62,66.45,32.01,27.35,,True
2026-10-02,pre_dam,2026-10-03T03:20:28.355909+00:00,2025-08-26,2025-09-04,6,55.89,41.4,68.24,33.23,36.4,,True
2026-10-02,pre_dam,2026-10-03T03:20:28.355909+00:00,2025-08-26,2025-09-04,7,59.7,43.85,72.81,37.54,38.23,,True
2026-10-02,pre_dam,2026-10-03T03:20:28.355909+00:00,2025-08-26,2025-09-04,8,63.31,49.71,75.95,39.44,37.72,,True
2026-10-02,pre_dam,2026-10-03T03:20:28.355909+00:00,2025-08-26,2025-09-04,9,64.99,49.78,74.88,40.05,34.99,,True
2026-10-02,pre_dam,2026-10-03T03:20:28.355909+00:00,2025-08-26,2025-09-04,10,64.9,48.31,72.77,37.03,36.18,,True
2026-10-02,pre_dam,2026-10-03T03:20:28.355909+00:00,2025-08-26,2025-09-04,11,60.31,45.19,68.49,34.09,36.23,,True
2026-10-02,pre_dam,2026-10-03T03:20:28.355909+00:00,2025-08-26,2025-09-04,12,61.67,44.87,72.23,33.69,36.69,,True
2026-10-02,pre_dam,2026-10-03T03:20:28.355909+00:00,2025-08-26,2025-09-04,13,61.31,42.74,80.19,36.58,36.66,,True
2026-10-02,pre_dam,2026-10-03T03:20:28.355909+00:00,2025-08-26,2025-09-04,14,60.6,42.74,80.22,36.44,36.82,,True
2026-10-02,pre_dam,2026-10-03T03:20:28.355909+00:00,2025-08-26,2025-09-04,15,60.1,43.39,79.8,38.7,37.75,,True
2026-10-02,pre_dam,2026-10-03T03:20:28.355909+00:00,2025-08-26,2025-09-04,16,61.77,44.1,78.99,39.54,42.25,,True
2026-10-02,pre_dam,2026-10-03T03:20:28.355909+00:00,2025-08-26,2025-09-04,17,63.27,53.08,93.55,42.45,52.02,,True
2026-10-02,pre_dam,2026-10-03T03:20:28.355909+00:00,2025-08-26,2025-09-04,18,64.12,56.93,93.51,49.01,51.68,,True
2026-10-02,pre_dam,2026-10-03T03:20:28.355909+00:00,2025-08-26,2025-09-04,19,72.35,62.73,97.42,50.74,53.96,,True
2026-10-02,pre_dam,2026-10-03T03:20:28.355909+00:00,2025-08-26,2025-09-04,20,73.61,58.72,99.67,60.92,50.85,,True
2026-10-02,pre_dam,2026-10-03T03:20:28.355909+00:00,2025-08-26,2025-09-04,21,58.33,46.38,86.06,61.36,44.93,,True
2026-10-02,pre_dam,2026-10-03T03:20:28.355909+00:00,2025-08-26,2025-09-04,22,53.67,43.86,72.0,42.46,36.86,,True
2026-10-02,pre_dam,2026-10-03T03:20:28.355909+00:00,2025-08-26,2025-09-04,23,52.58,41.12,68.12,39.52,36.65,,True
2026-10-02,pre_dam,2026-10-03T03:20:28.355909+00:00,2025-08-26,2025-09-04,24,50.13,40.99,65.56,38.66,32.65,,True
2026-10-03,pre_dam,2026-10-03T03:22:30.493704+00:00,2025-10-11,2026-09-19,1,43.18,36.33,57.67,35.18,41.76,,True
2026-10-03,pre_dam,2026-10-03T03:22:30.493704+00:00,2025-10-11,2026-09-19,2,42.02,36.08,58.04,39.25,42.77,,True
2026-10-03,pre_dam,2026-10-03T03:22:30.493704+00:00,2025-10-11,2026-09-19,3,41.41,36.68,58.63,37.37,37.66,,True
2026-10-03,pre_dam,2026-10-03T03:22:30.493704+00:00,2025-10-11,2026-09-19,4,41.22,36.19,58.27,37.25,37.41,,True
2026-10-03,pre_dam,2026-10-03T03:22:30.493704+00:00,2025-10-11,2026-09-19,5,42.31,36.76,68.07,39.31,36.11,,True
2026-10-03,pre_dam,2026-10-03T03:22:30.493704+00:00,2025-10-11,2026-09-19,6,47.95,39.37,71.36,39.9,38.65,,True
2026-10-03,pre_dam,2026-10-03T03:22:30.493704+00:00,2025-10-11,2026-09-19,7,53.11,42.74,68.58,41.05,46.69,,True
2026-10-03,pre_dam,2026-10-03T03:22:30.493704+00:00,2025-10-11,2026-09-19,8,54.81,43.4,68.82,39.32,41.83,,True
2026-10-03,pre_dam,2026-10-03T03:22:30.493704+00:00,2025-10-11,2026-09-19,9,54.12,43.06,68.9,42.9,46.77,,True
2026-10-03,pre_dam,2026-10-03T03:22:30.493704+00:00,2025-10-11,2026-09-19,10,52.05,40.64,60.01,65.11,42.04,,True
2026-10-03,pre_dam,2026-10-03T03:22:30.493704+00:00,2025-10-11,2026-09-19,11,51.1,39.6,58.58,65.95,37.5,,True
2026-10-03,pre_dam,2026-10-03T03:22:30.493704+00:00,2025-10-11,2026-09-19,12,52.7,39.38,58.7,72.56,40.04,,True
2026-10-03,pre_dam,2026-10-03T03:22:30.493704+00:00,2025-10-11,2026-09-19,13,50.81,38.47,63.83,70.3,40.18,,True
2026-10-03,pre_dam,2026-10-03T03:22:30.493704+00:00,2025-10-11,2026-09-19,14,53.0,40.02,66.58,68.8,39.58,,True
2026-10-03,pre_dam,2026-10-03T03:22:30.493704+00:00,2025-10-11,2026-09-19,15,53.57,39.82,67.64,68.89,42.85,,True
2026-10-03,pre_dam,2026-10-03T03:22:30.493704+00:00,2025-10-11,2026-09-19,16,52.43,41.48,58.44,69.17,47.92,,True
2026-10-03,pre_dam,2026-10-03T03:22:30.493704+00:00,2025-10-11,2026-09-19,17,61.27,46.66,70.72,75.91,55.39,,True
2026-10-03,pre_dam,2026-10-03T03:22:30.493704+00:00,2025-10-11,2026-09-19,18,72.13,60.62,89.66,95.48,63.88,,True
2026-10-03,pre_dam,2026-10-03T03:22:30.493704+00:00,2025-10-11,2026-09-19,19,75.82,62.63,92.74,76.12,62.2,,True
2026-10-03,pre_dam,2026-10-03T03:22:30.493704+00:00,2025-10-11,2026-09-19,20,61.52,51.95,84.6,51.93,56.02,,True
2026-10-03,pre_dam,2026-10-03T03:22:30.493704+00:00,2025-10-11,2026-09-19,21,51.04,43.25,66.1,42.06,42.67,,True
2026-10-03,pre_dam,2026-10-03T03:22:30.493704+00:00,2025-10-11,2026-09-19,22,49.62,41.8,64.36,44.38,45.22,,True
2026-10-03,pre_dam,2026-10-03T03:22:30.493704+00:00,2025-10-11,2026-09-19,23,50.16,40.09,62.57,42.13,44.53,,True
2026-10-03,pre_dam,2026-10-03T03:22:30.493704+00:00,2025-10-11,2026-09-19,24,47.83,40.56,70.7,37.88,41.87,,True
