target_date,generated_at,analog_date,analog_date_2,hour,predicted_lmp,analog_lmp,analog_lmp_2,band_err
2026-07-10,2026-07-09T15:54:01.249856+00:00,2026-07-07,,1,45.06,36.0,,8.23
2026-07-10,2026-07-09T15:54:01.249856+00:00,2026-07-07,,2,41.59,34.3,,6.65
2026-07-10,2026-07-09T15:54:01.249856+00:00,2026-07-07,,3,39.8,32.62,,5.96
2026-07-10,2026-07-09T15:54:01.249856+00:00,2026-07-07,,4,47.03,31.77,,5.18
2026-07-10,2026-07-09T15:54:01.249856+00:00,2026-07-07,,5,44.9,31.93,,5.32
2026-07-10,2026-07-09T15:54:01.249856+00:00,2026-07-07,,6,48.24,34.84,,5.3
2026-07-10,2026-07-09T15:54:01.249856+00:00,2026-07-07,,7,52.57,39.83,,6.91
2026-07-10,2026-07-09T15:54:01.249856+00:00,2026-07-07,,8,57.73,44.83,,7.61
2026-07-10,2026-07-09T15:54:01.249856+00:00,2026-07-07,,9,59.74,46.13,,9.09
2026-07-10,2026-07-09T15:54:01.249856+00:00,2026-07-07,,10,83.46,51.94,,11.48
2026-07-10,2026-07-09T15:54:01.249856+00:00,2026-07-07,,11,78.13,52.87,,15.21
2026-07-10,2026-07-09T15:54:01.249856+00:00,2026-07-07,,12,81.28,63.66,,19.38
2026-07-10,2026-07-09T15:54:01.249856+00:00,2026-07-07,,13,84.08,73.71,,26.23
2026-07-10,2026-07-09T15:54:01.249856+00:00,2026-07-07,,14,88.21,74.39,,25.29
2026-07-10,2026-07-09T15:54:01.249856+00:00,2026-07-07,,15,86.92,76.71,,30.87
2026-07-10,2026-07-09T15:54:01.249856+00:00,2026-07-07,,16,101.64,80.64,,35.25
2026-07-10,2026-07-09T15:54:01.249856+00:00,2026-07-07,,17,111.15,100.77,,42.93
2026-07-10,2026-07-09T15:54:01.249856+00:00,2026-07-07,,18,115.99,107.34,,43.43
2026-07-10,2026-07-09T15:54:01.249856+00:00,2026-07-07,,19,110.71,140.85,,40.39
2026-07-10,2026-07-09T15:54:01.249856+00:00,2026-07-07,,20,92.08,99.01,,35.73
2026-07-10,2026-07-09T15:54:01.249856+00:00,2026-07-07,,21,92.44,97.31,,29.84
2026-07-10,2026-07-09T15:54:01.249856+00:00,2026-07-07,,22,81.9,65.71,,27.17
2026-07-10,2026-07-09T15:54:01.249856+00:00,2026-07-07,,23,58.87,57.15,,9.88
2026-07-10,2026-07-09T15:54:01.249856+00:00,2026-07-07,,24,45.7,45.29,,7.82
2026-07-11,2026-07-10T13:51:18.527408+00:00,2026-07-05,,1,47.23,43.26,,8.23
2026-07-11,2026-07-10T13:51:18.527408+00:00,2026-07-05,,2,44.68,36.19,,7.48
2026-07-11,2026-07-10T13:51:18.527408+00:00,2026-07-05,,3,40.11,35.3,,7.13
2026-07-11,2026-07-10T13:51:18.527408+00:00,2026-07-05,,4,37.97,30.02,,6.18
2026-07-11,2026-07-10T13:51:18.527408+00:00,2026-07-05,,5,38.01,32.02,,6.13
2026-07-11,2026-07-10T13:51:18.527408+00:00,2026-07-05,,6,39.56,29.05,,6.61
2026-07-11,2026-07-10T13:51:18.527408+00:00,2026-07-05,,7,50.59,35.55,,8.04
2026-07-11,2026-07-10T13:51:18.527408+00:00,2026-07-05,,8,57.51,36.26,,10.04
2026-07-11,2026-07-10T13:51:18.527408+00:00,2026-07-05,,9,64.93,39.72,,10.78
2026-07-11,2026-07-10T13:51:18.527408+00:00,2026-07-05,,10,60.18,46.77,,15.04
2026-07-11,2026-07-10T13:51:18.527408+00:00,2026-07-05,,11,71.19,46.48,,16.26
2026-07-11,2026-07-10T13:51:18.527408+00:00,2026-07-05,,12,72.63,49.05,,19.65
2026-07-11,2026-07-10T13:51:18.527408+00:00,2026-07-05,,13,75.84,57.57,,25.27
2026-07-11,2026-07-10T13:51:18.527408+00:00,2026-07-05,,14,78.35,56.41,,24.07
2026-07-11,2026-07-10T13:51:18.527408+00:00,2026-07-05,,15,85.63,61.89,,28.4
2026-07-11,2026-07-10T13:51:18.527408+00:00,2026-07-05,,16,87.78,86.01,,29.79
2026-07-11,2026-07-10T13:51:18.527408+00:00,2026-07-05,,17,103.53,88.3,,38.68
2026-07-11,2026-07-10T13:51:18.527408+00:00,2026-07-05,,18,108.66,87.74,,38.88
2026-07-11,2026-07-10T13:51:18.527408+00:00,2026-07-05,,19,98.18,89.57,,33.44
2026-07-11,2026-07-10T13:51:18.527408+00:00,2026-07-05,,20,97.85,80.13,,30.27
2026-07-11,2026-07-10T13:51:18.527408+00:00,2026-07-05,,21,86.78,60.96,,26.36
2026-07-11,2026-07-10T13:51:18.527408+00:00,2026-07-05,,22,71.4,52.96,,27.15
2026-07-11,2026-07-10T13:51:18.527408+00:00,2026-07-05,,23,55.44,46.37,,12.49
2026-07-11,2026-07-10T13:51:18.527408+00:00,2026-07-05,,24,47.39,39.69,,8.77
2026-07-12,2026-07-11T13:23:25.487286+00:00,2026-07-11,,1,41.82,51.27,,7.03
2026-07-12,2026-07-11T13:23:25.487286+00:00,2026-07-11,,2,37.92,41.04,,6.46
2026-07-12,2026-07-11T13:23:25.487286+00:00,2026-07-11,,3,36.52,38.98,,6.07
2026-07-12,2026-07-11T13:23:25.487286+00:00,2026-07-11,,4,34.92,36.12,,5.63
2026-07-12,2026-07-11T13:23:25.487286+00:00,2026-07-11,,5,30.87,34.32,,6.1
2026-07-12,2026-07-11T13:23:25.487286+00:00,2026-07-11,,6,31.18,35.36,,5.86
2026-07-12,2026-07-11T13:23:25.487286+00:00,2026-07-11,,7,34.31,40.12,,6.98
2026-07-12,2026-07-11T13:23:25.487286+00:00,2026-07-11,,8,38.14,44.46,,8.81
2026-07-12,2026-07-11T13:23:25.487286+00:00,2026-07-11,,9,43.56,50.39,,9.56
2026-07-12,2026-07-11T13:23:25.487286+00:00,2026-07-11,,10,46.72,52.36,,12.36
2026-07-12,2026-07-11T13:23:25.487286+00:00,2026-07-11,,11,55.86,57.54,,14.37
2026-07-12,2026-07-11T13:23:25.487286+00:00,2026-07-11,,12,57.43,63.76,,17.81
2026-07-12,2026-07-11T13:23:25.487286+00:00,2026-07-11,,13,61.78,68.77,,21.28
2026-07-12,2026-07-11T13:23:25.487286+00:00,2026-07-11,,14,64.89,69.0,,23.14
2026-07-12,2026-07-11T13:23:25.487286+00:00,2026-07-11,,15,68.91,61.97,,28.4
2026-07-12,2026-07-11T13:23:25.487286+00:00,2026-07-11,,16,85.17,81.37,,31.99
2026-07-12,2026-07-11T13:23:25.487286+00:00,2026-07-11,,17,91.09,92.26,,34.89
2026-07-12,2026-07-11T13:23:25.487286+00:00,2026-07-11,,18,96.5,92.18,,36.7
2026-07-12,2026-07-11T13:23:25.487286+00:00,2026-07-11,,19,97.36,93.21,,35.52
2026-07-12,2026-07-11T13:23:25.487286+00:00,2026-07-11,,20,89.55,90.34,,28.64
2026-07-12,2026-07-11T13:23:25.487286+00:00,2026-07-11,,21,86.57,83.77,,23.84
2026-07-12,2026-07-11T13:23:25.487286+00:00,2026-07-11,,22,61.99,72.54,,24.53
2026-07-12,2026-07-11T13:23:25.487286+00:00,2026-07-11,,23,52.04,57.07,,9.29
2026-07-12,2026-07-11T13:23:25.487286+00:00,2026-07-11,,24,45.37,49.57,,7.1
2026-07-13,2026-07-12T13:43:33.474195+00:00,2026-07-08,,1,41.89,36.65,,7.57
2026-07-13,2026-07-12T13:43:33.474195+00:00,2026-07-08,,2,37.28,35.36,,6.71
2026-07-13,2026-07-12T13:43:33.474195+00:00,2026-07-08,,3,35.13,34.69,,4.93
2026-07-13,2026-07-12T13:43:33.474195+00:00,2026-07-08,,4,33.87,31.63,,4.59
2026-07-13,2026-07-12T13:43:33.474195+00:00,2026-07-08,,5,35.48,33.74,,4.89
2026-07-13,2026-07-12T13:43:33.474195+00:00,2026-07-08,,6,38.23,35.5,,5.67
2026-07-13,2026-07-12T13:43:33.474195+00:00,2026-07-08,,7,43.02,40.98,,7.04
2026-07-13,2026-07-12T13:43:33.474195+00:00,2026-07-08,,8,43.69,44.36,,8.08
2026-07-13,2026-07-12T13:43:33.474195+00:00,2026-07-08,,9,49.93,44.78,,10.91
2026-07-13,2026-07-12T13:43:33.474195+00:00,2026-07-08,,10,53.03,52.71,,14.21
2026-07-13,2026-07-12T13:43:33.474195+00:00,2026-07-08,,11,73.26,54.22,,15.66
2026-07-13,2026-07-12T13:43:33.474195+00:00,2026-07-08,,12,80.19,58.77,,18.75
2026-07-13,2026-07-12T13:43:33.474195+00:00,2026-07-08,,13,87.42,84.48,,24.0
2026-07-13,2026-07-12T13:43:33.474195+00:00,2026-07-08,,14,89.65,92.99,,24.0
2026-07-13,2026-07-12T13:43:33.474195+00:00,2026-07-08,,15,110.3,98.5,,29.6
2026-07-13,2026-07-12T13:43:33.474195+00:00,2026-07-08,,16,184.23,104.07,,31.47
2026-07-13,2026-07-12T13:43:33.474195+00:00,2026-07-08,,17,190.18,120.79,,37.33
2026-07-13,2026-07-12T13:43:33.474195+00:00,2026-07-08,,18,192.85,140.53,,37.54
2026-07-13,2026-07-12T13:43:33.474195+00:00,2026-07-08,,19,191.23,152.01,,36.08
2026-07-13,2026-07-12T13:43:33.474195+00:00,2026-07-08,,20,212.2,123.18,,27.52
2026-07-13,2026-07-12T13:43:33.474195+00:00,2026-07-08,,21,206.49,109.69,,23.48
2026-07-13,2026-07-12T13:43:33.474195+00:00,2026-07-08,,22,132.26,74.97,,26.01
2026-07-13,2026-07-12T13:43:33.474195+00:00,2026-07-08,,23,86.85,51.92,,10.28
2026-07-13,2026-07-12T13:43:33.474195+00:00,2026-07-08,,24,59.8,47.51,,7.92
2026-07-14,2026-07-13T13:40:16.659432+00:00,2026-07-02,,1,43.43,54.26,,8.23
2026-07-14,2026-07-13T13:40:16.659432+00:00,2026-07-02,,2,44.22,57.73,,7.09
2026-07-14,2026-07-13T13:40:16.659432+00:00,2026-07-02,,3,42.91,53.02,,6.44
2026-07-14,2026-07-13T13:40:16.659432+00:00,2026-07-02,,4,41.86,41.5,,5.71
2026-07-14,2026-07-13T13:40:16.659432+00:00,2026-07-02,,5,40.95,39.77,,5.82
2026-07-14,2026-07-13T13:40:16.659432+00:00,2026-07-02,,6,46.75,53.56,,6.06
2026-07-14,2026-07-13T13:40:16.659432+00:00,2026-07-02,,7,59.72,64.64,,7.72
2026-07-14,2026-07-13T13:40:16.659432+00:00,2026-07-02,,8,74.46,78.53,,9.24
2026-07-14,2026-07-13T13:40:16.659432+00:00,2026-07-02,,9,80.87,135.01,,11.03
2026-07-14,2026-07-13T13:40:16.659432+00:00,2026-07-02,,10,100.43,181.43,,14.78
2026-07-14,2026-07-13T13:40:16.659432+00:00,2026-07-02,,11,127.31,231.3,,17.81
2026-07-14,2026-07-13T13:40:16.659432+00:00,2026-07-02,,12,162.03,233.73,,19.62
2026-07-14,2026-07-13T13:40:16.659432+00:00,2026-07-02,,13,168.45,285.09,,25.11
2026-07-14,2026-07-13T13:40:16.659432+00:00,2026-07-02,,14,161.34,286.06,,26.88
2026-07-14,2026-07-13T13:40:16.659432+00:00,2026-07-02,,15,168.49,304.18,,33.77
2026-07-14,2026-07-13T13:40:16.659432+00:00,2026-07-02,,16,183.5,308.31,,38.5
2026-07-14,2026-07-13T13:40:16.659432+00:00,2026-07-02,,17,184.56,365.13,,44.49
2026-07-14,2026-07-13T13:40:16.659432+00:00,2026-07-02,,18,189.52,361.04,,48.62
2026-07-14,2026-07-13T13:40:16.659432+00:00,2026-07-02,,19,199.9,510.34,,45.0
2026-07-14,2026-07-13T13:40:16.659432+00:00,2026-07-02,,20,189.38,410.89,,35.11
2026-07-14,2026-07-13T13:40:16.659432+00:00,2026-07-02,,21,190.56,354.01,,27.73
2026-07-14,2026-07-13T13:40:16.659432+00:00,2026-07-02,,22,157.98,289.8,,26.4
2026-07-14,2026-07-13T13:40:16.659432+00:00,2026-07-02,,23,142.71,128.32,,11.17
2026-07-14,2026-07-13T13:40:16.659432+00:00,2026-07-02,,24,86.09,87.11,,8.63
2026-07-16,2026-07-15T13:34:07.752650+00:00,2026-07-15,,1,55.68,66.2,,7.3
2026-07-16,2026-07-15T13:34:07.752650+00:00,2026-07-15,,2,51.32,63.28,,6.89
2026-07-16,2026-07-15T13:34:07.752650+00:00,2026-07-15,,3,46.95,58.12,,6.61
2026-07-16,2026-07-15T13:34:07.752650+00:00,2026-07-15,,4,44.54,54.71,,5.14
2026-07-16,2026-07-15T13:34:07.752650+00:00,2026-07-15,,5,43.69,50.63,,5.48
2026-07-16,2026-07-15T13:34:07.752650+00:00,2026-07-15,,6,49.16,54.06,,6.3
2026-07-16,2026-07-15T13:34:07.752650+00:00,2026-07-15,,7,55.71,80.91,,8.03
2026-07-16,2026-07-15T13:34:07.752650+00:00,2026-07-15,,8,96.74,142.32,,11.26
2026-07-16,2026-07-15T13:34:07.752650+00:00,2026-07-15,,9,97.49,140.53,,11.5
2026-07-16,2026-07-15T13:34:07.752650+00:00,2026-07-15,,10,107.64,181.55,,16.31
2026-07-16,2026-07-15T13:34:07.752650+00:00,2026-07-15,,11,113.53,183.24,,17.14
2026-07-16,2026-07-15T13:34:07.752650+00:00,2026-07-15,,12,125.17,184.62,,21.05
2026-07-16,2026-07-15T13:34:07.752650+00:00,2026-07-15,,13,189.71,207.98,,26.42
2026-07-16,2026-07-15T13:34:07.752650+00:00,2026-07-15,,14,190.62,206.57,,24.82
2026-07-16,2026-07-15T13:34:07.752650+00:00,2026-07-15,,15,188.84,183.82,,32.2
2026-07-16,2026-07-15T13:34:07.752650+00:00,2026-07-15,,16,215.05,172.17,,43.1
2026-07-16,2026-07-15T13:34:07.752650+00:00,2026-07-15,,17,199.31,173.72,,52.06
2026-07-16,2026-07-15T13:34:07.752650+00:00,2026-07-15,,18,207.86,175.15,,53.31
2026-07-16,2026-07-15T13:34:07.752650+00:00,2026-07-15,,19,203.99,205.36,,49.08
2026-07-16,2026-07-15T13:34:07.752650+00:00,2026-07-15,,20,205.23,186.86,,41.02
2026-07-16,2026-07-15T13:34:07.752650+00:00,2026-07-15,,21,155.45,130.35,,31.48
2026-07-16,2026-07-15T13:34:07.752650+00:00,2026-07-15,,22,109.15,103.85,,29.81
2026-07-16,2026-07-15T13:34:07.752650+00:00,2026-07-15,,23,82.78,100.09,,11.2
2026-07-16,2026-07-15T13:34:07.752650+00:00,2026-07-15,,24,54.8,61.4,,6.84
2026-07-18,2026-07-17T13:06:34.836849+00:00,2026-07-11,,1,41.55,51.27,,6.68
2026-07-18,2026-07-17T13:06:34.836849+00:00,2026-07-11,,2,37.86,41.04,,5.27
2026-07-18,2026-07-17T13:06:34.836849+00:00,2026-07-11,,3,34.38,38.98,,4.92
2026-07-18,2026-07-17T13:06:34.836849+00:00,2026-07-11,,4,35.08,36.12,,4.15
2026-07-18,2026-07-17T13:06:34.836849+00:00,2026-07-11,,5,33.67,34.32,,4.25
2026-07-18,2026-07-17T13:06:34.836849+00:00,2026-07-11,,6,35.81,35.36,,4.83
2026-07-18,2026-07-17T13:06:34.836849+00:00,2026-07-11,,7,39.69,40.12,,7.35
2026-07-18,2026-07-17T13:06:34.836849+00:00,2026-07-11,,8,41.01,44.46,,11.39
2026-07-18,2026-07-17T13:06:34.836849+00:00,2026-07-11,,9,47.87,50.39,,11.68
2026-07-18,2026-07-17T13:06:34.836849+00:00,2026-07-11,,10,48.46,52.36,,17.05
2026-07-18,2026-07-17T13:06:34.836849+00:00,2026-07-11,,11,54.6,57.54,,20.41
2026-07-18,2026-07-17T13:06:34.836849+00:00,2026-07-11,,12,47.28,63.76,,23.01
2026-07-18,2026-07-17T13:06:34.836849+00:00,2026-07-11,,13,50.79,68.77,,27.2
2026-07-18,2026-07-17T13:06:34.836849+00:00,2026-07-11,,14,52.85,69.0,,30.23
2026-07-18,2026-07-17T13:06:34.836849+00:00,2026-07-11,,15,59.76,61.97,,34.06
2026-07-18,2026-07-17T13:06:34.836849+00:00,2026-07-11,,16,67.97,81.37,,44.48
2026-07-18,2026-07-17T13:06:34.836849+00:00,2026-07-11,,17,83.27,92.26,,51.5
2026-07-18,2026-07-17T13:06:34.836849+00:00,2026-07-11,,18,91.53,92.18,,55.35
2026-07-18,2026-07-17T13:06:34.836849+00:00,2026-07-11,,19,81.67,93.21,,54.18
2026-07-18,2026-07-17T13:06:34.836849+00:00,2026-07-11,,20,78.1,90.34,,41.85
2026-07-18,2026-07-17T13:06:34.836849+00:00,2026-07-11,,21,53.77,83.77,,27.44
2026-07-18,2026-07-17T13:06:34.836849+00:00,2026-07-11,,22,46.9,72.54,,29.0
2026-07-18,2026-07-17T13:06:34.836849+00:00,2026-07-11,,23,43.87,57.07,,12.57
2026-07-18,2026-07-17T13:06:34.836849+00:00,2026-07-11,,24,41.34,49.57,,6.67
2026-07-20,2026-07-19T13:04:22.079236+00:00,2026-07-06,,1,36.74,35.27,,6.93
2026-07-20,2026-07-19T13:04:22.079236+00:00,2026-07-06,,2,33.53,28.86,,5.88
2026-07-20,2026-07-19T13:04:22.079236+00:00,2026-07-06,,3,33.49,26.97,,5.66
2026-07-20,2026-07-19T13:04:22.079236+00:00,2026-07-06,,4,32.16,30.25,,5.04
2026-07-20,2026-07-19T13:04:22.079236+00:00,2026-07-06,,5,32.17,32.68,,5.09
2026-07-20,2026-07-19T13:04:22.079236+00:00,2026-07-06,,6,33.53,35.59,,6.41
2026-07-20,2026-07-19T13:04:22.079236+00:00,2026-07-06,,7,39.72,38.9,,8.28
2026-07-20,2026-07-19T13:04:22.079236+00:00,2026-07-06,,8,41.71,39.24,,12.2
2026-07-20,2026-07-19T13:04:22.079236+00:00,2026-07-06,,9,43.31,39.77,,12.78
2026-07-20,2026-07-19T13:04:22.079236+00:00,2026-07-06,,10,45.31,46.71,,16.45
2026-07-20,2026-07-19T13:04:22.079236+00:00,2026-07-06,,11,45.48,55.65,,20.7
2026-07-20,2026-07-19T13:04:22.079236+00:00,2026-07-06,,12,47.73,52.91,,22.83
2026-07-20,2026-07-19T13:04:22.079236+00:00,2026-07-06,,13,56.13,57.98,,29.47
2026-07-20,2026-07-19T13:04:22.079236+00:00,2026-07-06,,14,58.65,60.87,,29.04
2026-07-20,2026-07-19T13:04:22.079236+00:00,2026-07-06,,15,65.43,61.04,,33.82
2026-07-20,2026-07-19T13:04:22.079236+00:00,2026-07-06,,16,80.44,69.07,,40.98
2026-07-20,2026-07-19T13:04:22.079236+00:00,2026-07-06,,17,115.9,84.93,,47.51
2026-07-20,2026-07-19T13:04:22.079236+00:00,2026-07-06,,18,126.88,92.16,,50.68
2026-07-20,2026-07-19T13:04:22.079236+00:00,2026-07-06,,19,105.88,92.07,,50.21
2026-07-20,2026-07-19T13:04:22.079236+00:00,2026-07-06,,20,99.64,88.12,,40.13
2026-07-20,2026-07-19T13:04:22.079236+00:00,2026-07-06,,21,90.54,68.63,,28.53
2026-07-20,2026-07-19T13:04:22.079236+00:00,2026-07-06,,22,55.05,54.85,,28.84
2026-07-20,2026-07-19T13:04:22.079236+00:00,2026-07-06,,23,47.41,42.03,,12.19
2026-07-20,2026-07-19T13:04:22.079236+00:00,2026-07-06,,24,41.89,43.48,,7.0
2026-07-21,2026-07-20T13:28:39.092098+00:00,2026-07-20,,1,36.6,31.92,,8.87
2026-07-21,2026-07-20T13:28:39.092098+00:00,2026-07-20,,2,33.2,27.72,,7.49
2026-07-21,2026-07-20T13:28:39.092098+00:00,2026-07-20,,3,31.79,28.14,,6.32
2026-07-21,2026-07-20T13:28:39.092098+00:00,2026-07-20,,4,31.12,26.71,,6.03
2026-07-21,2026-07-20T13:28:39.092098+00:00,2026-07-20,,5,31.78,26.21,,6.09
2026-07-21,2026-07-20T13:28:39.092098+00:00,2026-07-20,,6,34.73,34.16,,7.37
2026-07-21,2026-07-20T13:28:39.092098+00:00,2026-07-20,,7,39.49,41.82,,8.74
2026-07-21,2026-07-20T13:28:39.092098+00:00,2026-07-20,,8,40.49,38.59,,12.64
2026-07-21,2026-07-20T13:28:39.092098+00:00,2026-07-20,,9,42.05,40.18,,14.27
2026-07-21,2026-07-20T13:28:39.092098+00:00,2026-07-20,,10,42.88,44.13,,21.07
2026-07-21,2026-07-20T13:28:39.092098+00:00,2026-07-20,,11,46.53,44.09,,23.99
2026-07-21,2026-07-20T13:28:39.092098+00:00,2026-07-20,,12,51.68,43.53,,27.76
2026-07-21,2026-07-20T13:28:39.092098+00:00,2026-07-20,,13,52.18,46.54,,32.36
2026-07-21,2026-07-20T13:28:39.092098+00:00,2026-07-20,,14,56.72,48.48,,34.88
2026-07-21,2026-07-20T13:28:39.092098+00:00,2026-07-20,,15,56.42,49.77,,39.0
2026-07-21,2026-07-20T13:28:39.092098+00:00,2026-07-20,,16,61.95,59.15,,45.85
2026-07-21,2026-07-20T13:28:39.092098+00:00,2026-07-20,,17,77.19,69.94,,54.07
2026-07-21,2026-07-20T13:28:39.092098+00:00,2026-07-20,,18,88.42,73.62,,54.01
2026-07-21,2026-07-20T13:28:39.092098+00:00,2026-07-20,,19,89.77,73.9,,52.85
2026-07-21,2026-07-20T13:28:39.092098+00:00,2026-07-20,,20,78.48,66.32,,46.03
2026-07-21,2026-07-20T13:28:39.092098+00:00,2026-07-20,,21,63.19,59.63,,34.43
2026-07-21,2026-07-20T13:28:39.092098+00:00,2026-07-20,,22,42.85,42.69,,31.79
2026-07-21,2026-07-20T13:28:39.092098+00:00,2026-07-20,,23,39.59,40.71,,13.3
2026-07-21,2026-07-20T13:28:39.092098+00:00,2026-07-20,,24,35.59,37.18,,8.01
2026-07-23,2026-07-22T14:00:07.636764+00:00,2026-07-20,,1,29.27,31.92,,6.94
2026-07-23,2026-07-22T14:00:07.636764+00:00,2026-07-20,,2,26.76,27.72,,6.83
2026-07-23,2026-07-22T14:00:07.636764+00:00,2026-07-20,,3,26.75,28.14,,5.38
2026-07-23,2026-07-22T14:00:07.636764+00:00,2026-07-20,,4,27.03,26.71,,4.41
2026-07-23,2026-07-22T14:00:07.636764+00:00,2026-07-20,,5,27.6,26.21,,4.41
2026-07-23,2026-07-22T14:00:07.636764+00:00,2026-07-20,,6,32.66,34.16,,5.6
2026-07-23,2026-07-22T14:00:07.636764+00:00,2026-07-20,,7,36.29,41.82,,7.91
2026-07-23,2026-07-22T14:00:07.636764+00:00,2026-07-20,,8,36.43,38.59,,14.16
2026-07-23,2026-07-22T14:00:07.636764+00:00,2026-07-20,,9,36.4,40.18,,12.65
2026-07-23,2026-07-22T14:00:07.636764+00:00,2026-07-20,,10,36.82,44.13,,18.06
2026-07-23,2026-07-22T14:00:07.636764+00:00,2026-07-20,,11,38.93,44.09,,19.66
2026-07-23,2026-07-22T14:00:07.636764+00:00,2026-07-20,,12,39.65,43.53,,21.78
2026-07-23,2026-07-22T14:00:07.636764+00:00,2026-07-20,,13,43.03,46.54,,29.48
2026-07-23,2026-07-22T14:00:07.636764+00:00,2026-07-20,,14,42.86,48.48,,28.51
2026-07-23,2026-07-22T14:00:07.636764+00:00,2026-07-20,,15,42.11,49.77,,33.04
2026-07-23,2026-07-22T14:00:07.636764+00:00,2026-07-20,,16,44.25,59.15,,47.92
2026-07-23,2026-07-22T14:00:07.636764+00:00,2026-07-20,,17,63.38,69.94,,56.24
2026-07-23,2026-07-22T14:00:07.636764+00:00,2026-07-20,,18,69.97,73.62,,58.34
2026-07-23,2026-07-22T14:00:07.636764+00:00,2026-07-20,,19,68.86,73.9,,57.32
2026-07-23,2026-07-22T14:00:07.636764+00:00,2026-07-20,,20,59.54,66.32,,42.63
2026-07-23,2026-07-22T14:00:07.636764+00:00,2026-07-20,,21,54.86,59.63,,32.91
2026-07-23,2026-07-22T14:00:07.636764+00:00,2026-07-20,,22,46.41,42.69,,26.83
2026-07-23,2026-07-22T14:00:07.636764+00:00,2026-07-20,,23,39.3,40.71,,11.66
2026-07-23,2026-07-22T14:00:07.636764+00:00,2026-07-20,,24,34.24,37.18,,7.41
2026-07-25,2026-07-24T13:37:03.961772+00:00,2026-07-11,,1,37.95,51.27,,6.19
2026-07-25,2026-07-24T13:37:03.961772+00:00,2026-07-11,,2,35.62,41.04,,5.94
2026-07-25,2026-07-24T13:37:03.961772+00:00,2026-07-11,,3,34.07,38.98,,5.21
2026-07-25,2026-07-24T13:37:03.961772+00:00,2026-07-11,,4,32.35,36.12,,4.38
2026-07-25,2026-07-24T13:37:03.961772+00:00,2026-07-11,,5,29.8,34.32,,4.32
2026-07-25,2026-07-24T13:37:03.961772+00:00,2026-07-11,,6,30.55,35.36,,5.88
2026-07-25,2026-07-24T13:37:03.961772+00:00,2026-07-11,,7,33.89,40.12,,8.53
2026-07-25,2026-07-24T13:37:03.961772+00:00,2026-07-11,,8,36.19,44.46,,11.15
2026-07-25,2026-07-24T13:37:03.961772+00:00,2026-07-11,,9,40.36,50.39,,9.82
2026-07-25,2026-07-24T13:37:03.961772+00:00,2026-07-11,,10,44.22,52.36,,14.92
2026-07-25,2026-07-24T13:37:03.961772+00:00,2026-07-11,,11,43.15,57.54,,19.28
2026-07-25,2026-07-24T13:37:03.961772+00:00,2026-07-11,,12,45.52,63.76,,23.09
2026-07-25,2026-07-24T13:37:03.961772+00:00,2026-07-11,,13,45.18,68.77,,24.62
2026-07-25,2026-07-24T13:37:03.961772+00:00,2026-07-11,,14,46.22,69.0,,26.75
2026-07-25,2026-07-24T13:37:03.961772+00:00,2026-07-11,,15,58.63,61.97,,31.49
2026-07-25,2026-07-24T13:37:03.961772+00:00,2026-07-11,,16,60.87,81.37,,37.1
2026-07-25,2026-07-24T13:37:03.961772+00:00,2026-07-11,,17,68.56,92.26,,42.46
2026-07-25,2026-07-24T13:37:03.961772+00:00,2026-07-11,,18,75.09,92.18,,49.37
2026-07-25,2026-07-24T13:37:03.961772+00:00,2026-07-11,,19,78.84,93.21,,49.22
2026-07-25,2026-07-24T13:37:03.961772+00:00,2026-07-11,,20,69.41,90.34,,37.6
2026-07-25,2026-07-24T13:37:03.961772+00:00,2026-07-11,,21,54.54,83.77,,22.56
2026-07-25,2026-07-24T13:37:03.961772+00:00,2026-07-11,,22,47.55,72.54,,21.48
2026-07-25,2026-07-24T13:37:03.961772+00:00,2026-07-11,,23,42.98,57.07,,13.5
2026-07-25,2026-07-24T13:37:03.961772+00:00,2026-07-11,,24,40.82,49.57,,8.96
2026-07-26,2026-07-25T13:28:12.799046+00:00,2026-07-25,,1,34.65,33.66,,3.47
2026-07-26,2026-07-25T13:28:12.799046+00:00,2026-07-25,,2,33.62,33.33,,4.32
2026-07-26,2026-07-25T13:28:12.799046+00:00,2026-07-25,,3,32.47,32.47,,4.25
2026-07-26,2026-07-25T13:28:12.799046+00:00,2026-07-25,,4,32.47,32.28,,3.4
2026-07-26,2026-07-25T13:28:12.799046+00:00,2026-07-25,,5,32.47,32.4,,3.54
2026-07-26,2026-07-25T13:28:12.799046+00:00,2026-07-25,,6,31.41,32.82,,4.18
2026-07-26,2026-07-25T13:28:12.799046+00:00,2026-07-25,,7,32.23,33.53,,5.93
2026-07-26,2026-07-25T13:28:12.799046+00:00,2026-07-25,,8,36.29,35.45,,9.68
2026-07-26,2026-07-25T13:28:12.799046+00:00,2026-07-25,,9,40.8,38.15,,8.79
2026-07-26,2026-07-25T13:28:12.799046+00:00,2026-07-25,,10,43.69,43.99,,11.55
2026-07-26,2026-07-25T13:28:12.799046+00:00,2026-07-25,,11,45.16,42.82,,16.2
2026-07-26,2026-07-25T13:28:12.799046+00:00,2026-07-25,,12,47.88,46.57,,18.02
2026-07-26,2026-07-25T13:28:12.799046+00:00,2026-07-25,,13,51.47,47.41,,19.08
2026-07-26,2026-07-25T13:28:12.799046+00:00,2026-07-25,,14,50.39,47.17,,20.08
2026-07-26,2026-07-25T13:28:12.799046+00:00,2026-07-25,,15,60.87,52.79,,23.51
2026-07-26,2026-07-25T13:28:12.799046+00:00,2026-07-25,,16,69.81,58.29,,30.15
2026-07-26,2026-07-25T13:28:12.799046+00:00,2026-07-25,,17,73.52,69.67,,35.41
2026-07-26,2026-07-25T13:28:12.799046+00:00,2026-07-25,,18,84.23,74.64,,42.69
2026-07-26,2026-07-25T13:28:12.799046+00:00,2026-07-25,,19,79.22,75.21,,36.07
2026-07-26,2026-07-25T13:28:12.799046+00:00,2026-07-25,,20,76.9,68.01,,28.85
2026-07-26,2026-07-25T13:28:12.799046+00:00,2026-07-25,,21,69.61,61.21,,18.54
2026-07-26,2026-07-25T13:28:12.799046+00:00,2026-07-25,,22,55.71,52.08,,17.85
2026-07-26,2026-07-25T13:28:12.799046+00:00,2026-07-25,,23,47.8,45.71,,7.98
2026-07-26,2026-07-25T13:28:12.799046+00:00,2026-07-25,,24,43.34,42.73,,4.73
2026-07-27,2026-07-26T13:49:38.848860+00:00,2026-07-09,,1,38.46,41.17,,4.83
2026-07-27,2026-07-26T13:49:38.848860+00:00,2026-07-09,,2,37.26,39.18,,4.67
2026-07-27,2026-07-26T13:49:38.848860+00:00,2026-07-09,,3,36.46,38.41,,3.39
2026-07-27,2026-07-26T13:49:38.848860+00:00,2026-07-09,,4,36.4,38.16,,3.22
2026-07-27,2026-07-26T13:49:38.848860+00:00,2026-07-09,,5,36.4,36.84,,3.77
2026-07-27,2026-07-26T13:49:38.848860+00:00,2026-07-09,,6,40.31,39.07,,4.36
2026-07-27,2026-07-26T13:49:38.848860+00:00,2026-07-09,,7,44.98,45.08,,6.21
2026-07-27,2026-07-26T13:49:38.848860+00:00,2026-07-09,,8,47.07,53.51,,9.49
2026-07-27,2026-07-26T13:49:38.848860+00:00,2026-07-09,,9,47.69,61.04,,7.3
2026-07-27,2026-07-26T13:49:38.848860+00:00,2026-07-09,,10,53.57,81.36,,11.27
2026-07-27,2026-07-26T13:49:38.848860+00:00,2026-07-09,,11,56.47,80.03,,12.97
2026-07-27,2026-07-26T13:49:38.848860+00:00,2026-07-09,,12,66.11,88.58,,15.02
2026-07-27,2026-07-26T13:49:38.848860+00:00,2026-07-09,,13,74.32,92.31,,16.73
2026-07-27,2026-07-26T13:49:38.848860+00:00,2026-07-09,,14,80.25,90.66,,16.23
2026-07-27,2026-07-26T13:49:38.848860+00:00,2026-07-09,,15,82.45,90.62,,19.03
2026-07-27,2026-07-26T13:49:38.848860+00:00,2026-07-09,,16,98.49,103.9,,23.95
2026-07-27,2026-07-26T13:49:38.848860+00:00,2026-07-09,,17,97.27,120.34,,31.53
2026-07-27,2026-07-26T13:49:38.848860+00:00,2026-07-09,,18,101.69,119.04,,36.79
2026-07-27,2026-07-26T13:49:38.848860+00:00,2026-07-09,,19,97.91,115.35,,32.6
2026-07-27,2026-07-26T13:49:38.848860+00:00,2026-07-09,,20,85.51,111.93,,22.97
2026-07-27,2026-07-26T13:49:38.848860+00:00,2026-07-09,,21,76.31,94.27,,15.02
2026-07-27,2026-07-26T13:49:38.848860+00:00,2026-07-09,,22,65.12,87.31,,15.59
2026-07-27,2026-07-26T13:49:38.848860+00:00,2026-07-09,,23,53.89,65.76,,8.05
2026-07-27,2026-07-26T13:49:38.848860+00:00,2026-07-09,,24,44.94,51.81,,4.52
2026-07-30,2026-07-29T13:33:46.698679+00:00,2026-07-09,,1,41.41,41.17,,3.73
2026-07-30,2026-07-29T13:33:46.698679+00:00,2026-07-09,,2,38.15,39.18,,3.83
2026-07-30,2026-07-29T13:33:46.698679+00:00,2026-07-09,,3,37.88,38.41,,3.3
2026-07-30,2026-07-29T13:33:46.698679+00:00,2026-07-09,,4,35.7,38.16,,2.7
2026-07-30,2026-07-29T13:33:46.698679+00:00,2026-07-09,,5,35.65,36.84,,3.0
2026-07-30,2026-07-29T13:33:46.698679+00:00,2026-07-09,,6,38.51,39.07,,3.94
2026-07-30,2026-07-29T13:33:46.698679+00:00,2026-07-09,,7,40.37,45.08,,4.57
2026-07-30,2026-07-29T13:33:46.698679+00:00,2026-07-09,,8,44.16,53.51,,8.09
2026-07-30,2026-07-29T13:33:46.698679+00:00,2026-07-09,,9,45.59,61.04,,6.32
2026-07-30,2026-07-29T13:33:46.698679+00:00,2026-07-09,,10,47.04,81.36,,8.92
2026-07-30,2026-07-29T13:33:46.698679+00:00,2026-07-09,,11,49.59,80.03,,9.97
2026-07-30,2026-07-29T13:33:46.698679+00:00,2026-07-09,,12,55.81,88.58,,12.01
2026-07-30,2026-07-29T13:33:46.698679+00:00,2026-07-09,,13,63.9,92.31,,11.55
2026-07-30,2026-07-29T13:33:46.698679+00:00,2026-07-09,,14,63.86,90.66,,13.34
2026-07-30,2026-07-29T13:33:46.698679+00:00,2026-07-09,,15,73.53,90.62,,13.34
2026-07-30,2026-07-29T13:33:46.698679+00:00,2026-07-09,,16,93.37,103.9,,21.71
2026-07-30,2026-07-29T13:33:46.698679+00:00,2026-07-09,,17,102.78,120.34,,27.83
2026-07-30,2026-07-29T13:33:46.698679+00:00,2026-07-09,,18,112.78,119.04,,32.74
2026-07-30,2026-07-29T13:33:46.698679+00:00,2026-07-09,,19,104.93,115.35,,32.4
2026-07-30,2026-07-29T13:33:46.698679+00:00,2026-07-09,,20,92.84,111.93,,20.89
2026-07-30,2026-07-29T13:33:46.698679+00:00,2026-07-09,,21,79.81,94.27,,11.26
2026-07-30,2026-07-29T13:33:46.698679+00:00,2026-07-09,,22,57.63,87.31,,12.45
2026-07-30,2026-07-29T13:33:46.698679+00:00,2026-07-09,,23,49.6,65.76,,6.13
2026-07-30,2026-07-29T13:33:46.698679+00:00,2026-07-09,,24,42.66,51.81,,2.46
2026-07-31,2026-07-30T13:31:52.242967+00:00,2026-07-10,2026-07-07,1,43.07,48.3,36.0,3.8
2026-07-31,2026-07-30T13:31:52.242967+00:00,2026-07-10,2026-07-07,2,37.23,50.98,34.3,3.18
2026-07-31,2026-07-30T13:31:52.242967+00:00,2026-07-10,2026-07-07,3,35.43,48.95,32.62,3.28
2026-07-31,2026-07-30T13:31:52.242967+00:00,2026-07-10,2026-07-07,4,35.07,39.3,31.77,2.45
2026-07-31,2026-07-30T13:31:52.242967+00:00,2026-07-10,2026-07-07,5,35.17,44.92,31.93,3.15
2026-07-31,2026-07-30T13:31:52.242967+00:00,2026-07-10,2026-07-07,6,38.15,47.31,34.84,4.68
2026-07-31,2026-07-30T13:31:52.242967+00:00,2026-07-10,2026-07-07,7,42.39,65.25,39.83,5.8
2026-07-31,2026-07-30T13:31:52.242967+00:00,2026-07-10,2026-07-07,8,49.0,73.61,44.83,7.71
2026-07-31,2026-07-30T13:31:52.242967+00:00,2026-07-10,2026-07-07,9,48.76,83.8,46.13,7.43
2026-07-31,2026-07-30T13:31:52.242967+00:00,2026-07-10,2026-07-07,10,60.9,84.56,51.94,9.79
2026-07-31,2026-07-30T13:31:52.242967+00:00,2026-07-10,2026-07-07,11,64.42,88.24,52.87,11.81
2026-07-31,2026-07-30T13:31:52.242967+00:00,2026-07-10,2026-07-07,12,71.33,94.76,63.66,13.68
2026-07-31,2026-07-30T13:31:52.242967+00:00,2026-07-10,2026-07-07,13,89.39,94.7,73.71,14.48
2026-07-31,2026-07-30T13:31:52.242967+00:00,2026-07-10,2026-07-07,14,88.8,95.25,74.39,14.64
2026-07-31,2026-07-30T13:31:52.242967+00:00,2026-07-10,2026-07-07,15,91.64,96.29,76.71,14.79
2026-07-31,2026-07-30T13:31:52.242967+00:00,2026-07-10,2026-07-07,16,101.56,105.73,80.64,19.7
2026-07-31,2026-07-30T13:31:52.242967+00:00,2026-07-10,2026-07-07,17,113.22,118.31,100.77,25.88
2026-07-31,2026-07-30T13:31:52.242967+00:00,2026-07-10,2026-07-07,18,115.11,118.08,107.34,30.39
2026-07-31,2026-07-30T13:31:52.242967+00:00,2026-07-10,2026-07-07,19,113.56,117.62,140.85,29.2
2026-07-31,2026-07-30T13:31:52.242967+00:00,2026-07-10,2026-07-07,20,99.63,114.57,99.01,22.07
2026-07-31,2026-07-30T13:31:52.242967+00:00,2026-07-10,2026-07-07,21,84.63,97.58,97.31,14.11
2026-07-31,2026-07-30T13:31:52.242967+00:00,2026-07-10,2026-07-07,22,65.9,90.69,65.71,11.93
2026-07-31,2026-07-30T13:31:52.242967+00:00,2026-07-10,2026-07-07,23,57.78,69.74,57.15,6.68
2026-07-31,2026-07-30T13:31:52.242967+00:00,2026-07-10,2026-07-07,24,48.16,53.8,45.29,3.78
2026-08-01,2026-07-31T12:25:50.780481+00:00,2026-07-26,2026-07-04,1,47.23,31.5,46.3,4.24
2026-08-01,2026-07-31T12:25:50.780481+00:00,2026-07-26,2026-07-04,2,39.85,31.22,45.73,3.84
2026-08-01,2026-07-31T12:25:50.780481+00:00,2026-07-26,2026-07-04,3,37.88,30.73,38.1,2.67
2026-08-01,2026-07-31T12:25:50.780481+00:00,2026-07-26,2026-07-04,4,37.0,28.27,37.24,2.98
2026-08-01,2026-07-31T12:25:50.780481+00:00,2026-07-26,2026-07-04,5,35.42,30.3,36.25,3.22
2026-08-01,2026-07-31T12:25:50.780481+00:00,2026-07-26,2026-07-04,6,35.42,29.03,39.35,4.64
2026-08-01,2026-07-31T12:25:50.780481+00:00,2026-07-26,2026-07-04,7,38.93,31.24,43.28,4.1
2026-08-01,2026-07-31T12:25:50.780481+00:00,2026-07-26,2026-07-04,8,45.58,34.49,55.83,6.57
2026-08-01,2026-07-31T12:25:50.780481+00:00,2026-07-26,2026-07-04,9,55.1,37.43,74.88,6.1
2026-08-01,2026-07-31T12:25:50.780481+00:00,2026-07-26,2026-07-04,10,62.03,41.55,60.08,9.24
2026-08-01,2026-07-31T12:25:50.780481+00:00,2026-07-26,2026-07-04,11,64.47,42.77,81.54,11.41
2026-08-01,2026-07-31T12:25:50.780481+00:00,2026-07-26,2026-07-04,12,77.35,48.07,91.04,13.46
2026-08-01,2026-07-31T12:25:50.780481+00:00,2026-07-26,2026-07-04,13,89.24,53.72,95.25,12.6
2026-08-01,2026-07-31T12:25:50.780481+00:00,2026-07-26,2026-07-04,14,89.79,54.18,94.83,12.18
2026-08-01,2026-07-31T12:25:50.780481+00:00,2026-07-26,2026-07-04,15,92.57,62.97,97.63,12.69
2026-08-01,2026-07-31T12:25:50.780481+00:00,2026-07-26,2026-07-04,16,93.71,67.3,119.01,22.48
2026-08-01,2026-07-31T12:25:50.780481+00:00,2026-07-26,2026-07-04,17,98.97,92.93,152.7,26.71
2026-08-01,2026-07-31T12:25:50.780481+00:00,2026-07-26,2026-07-04,18,104.26,90.33,186.89,30.64
2026-08-01,2026-07-31T12:25:50.780481+00:00,2026-07-26,2026-07-04,19,110.39,85.92,151.23,27.59
2026-08-01,2026-07-31T12:25:50.780481+00:00,2026-07-26,2026-07-04,20,86.08,80.6,114.97,22.06
2026-08-01,2026-07-31T12:25:50.780481+00:00,2026-07-26,2026-07-04,21,82.28,80.3,94.58,10.14
2026-08-01,2026-07-31T12:25:50.780481+00:00,2026-07-26,2026-07-04,22,64.75,61.28,80.92,11.75
2026-08-01,2026-07-31T12:25:50.780481+00:00,2026-07-26,2026-07-04,23,57.97,49.23,54.1,5.54
2026-08-01,2026-07-31T12:25:50.780481+00:00,2026-07-26,2026-07-04,24,43.91,42.78,50.15,2.36
2026-08-02,2026-08-01T11:39:55.914610+00:00,2026-07-18,2026-08-01,1,41.38,41.95,40.01,4.25
2026-08-02,2026-08-01T11:39:55.914610+00:00,2026-07-18,2026-08-01,2,37.71,34.45,35.9,3.69
2026-08-02,2026-08-01T11:39:55.914610+00:00,2026-07-18,2026-08-01,3,36.01,33.78,33.88,3.16
2026-08-02,2026-08-01T11:39:55.914610+00:00,2026-07-18,2026-08-01,4,35.22,28.25,33.58,3.13
2026-08-02,2026-08-01T11:39:55.914610+00:00,2026-07-18,2026-08-01,5,33.47,27.41,33.63,3.23
2026-08-02,2026-08-01T11:39:55.914610+00:00,2026-07-18,2026-08-01,6,28.88,23.98,32.77,4.33
2026-08-02,2026-08-01T11:39:55.914610+00:00,2026-07-18,2026-08-01,7,35.56,31.72,33.83,4.27
2026-08-02,2026-08-01T11:39:55.914610+00:00,2026-07-18,2026-08-01,8,38.12,37.42,40.55,7.23
2026-08-02,2026-08-01T11:39:55.914610+00:00,2026-07-18,2026-08-01,9,42.64,43.97,47.59,6.52
2026-08-02,2026-08-01T11:39:55.914610+00:00,2026-07-18,2026-08-01,10,45.97,53.01,62.64,10.22
2026-08-02,2026-08-01T11:39:55.914610+00:00,2026-07-18,2026-08-01,11,58.81,59.38,68.66,11.94
2026-08-02,2026-08-01T11:39:55.914610+00:00,2026-07-18,2026-08-01,12,59.37,60.03,74.99,14.72
2026-08-02,2026-08-01T11:39:55.914610+00:00,2026-07-18,2026-08-01,13,64.13,62.94,84.57,12.96
2026-08-02,2026-08-01T11:39:55.914610+00:00,2026-07-18,2026-08-01,14,64.74,62.36,89.79,15.17
2026-08-02,2026-08-01T11:39:55.914610+00:00,2026-07-18,2026-08-01,15,69.38,55.79,87.58,12.98
2026-08-02,2026-08-01T11:39:55.914610+00:00,2026-07-18,2026-08-01,16,77.56,53.4,90.02,20.21
2026-08-02,2026-08-01T11:39:55.914610+00:00,2026-07-18,2026-08-01,17,94.16,62.07,91.9,24.62
2026-08-02,2026-08-01T11:39:55.914610+00:00,2026-07-18,2026-08-01,18,95.7,54.81,90.01,28.72
2026-08-02,2026-08-01T11:39:55.914610+00:00,2026-07-18,2026-08-01,19,95.12,49.99,88.92,24.8
2026-08-02,2026-08-01T11:39:55.914610+00:00,2026-07-18,2026-08-01,20,95.34,51.76,82.22,22.67
2026-08-02,2026-08-01T11:39:55.914610+00:00,2026-07-18,2026-08-01,21,79.56,52.88,75.0,13.5
2026-08-02,2026-08-01T11:39:55.914610+00:00,2026-07-18,2026-08-01,22,55.77,50.95,59.1,11.71
2026-08-02,2026-08-01T11:39:55.914610+00:00,2026-07-18,2026-08-01,23,44.78,42.43,44.05,6.74
2026-08-02,2026-08-01T11:39:55.914610+00:00,2026-07-18,2026-08-01,24,42.55,39.76,43.99,2.42
2026-08-03,2026-08-02T11:40:34.158651+00:00,2026-07-20,2026-07-23,1,37.26,31.92,31.01,4.46
2026-08-03,2026-08-02T11:40:34.158651+00:00,2026-07-20,2026-07-23,2,33.45,27.72,32.54,4.31
2026-08-03,2026-08-02T11:40:34.158651+00:00,2026-07-20,2026-07-23,3,30.75,28.14,28.66,3.44
2026-08-03,2026-08-02T11:40:34.158651+00:00,2026-07-20,2026-07-23,4,30.02,26.71,30.04,3.17
2026-08-03,2026-08-02T11:40:34.158651+00:00,2026-07-20,2026-07-23,5,31.2,26.21,32.94,2.91
2026-08-03,2026-08-02T11:40:34.158651+00:00,2026-07-20,2026-07-23,6,33.5,34.16,33.06,3.83
2026-08-03,2026-08-02T11:40:34.158651+00:00,2026-07-20,2026-07-23,7,34.13,41.82,37.06,4.16
2026-08-03,2026-08-02T11:40:34.158651+00:00,2026-07-20,2026-07-23,8,37.08,38.59,36.7,7.78
2026-08-03,2026-08-02T11:40:34.158651+00:00,2026-07-20,2026-07-23,9,42.53,40.18,37.24,5.28
2026-08-03,2026-08-02T11:40:34.158651+00:00,2026-07-20,2026-07-23,10,46.0,44.13,37.81,9.04
2026-08-03,2026-08-02T11:40:34.158651+00:00,2026-07-20,2026-07-23,11,50.68,44.09,39.01,11.1
2026-08-03,2026-08-02T11:40:34.158651+00:00,2026-07-20,2026-07-23,12,55.39,43.53,40.05,12.37
2026-08-03,2026-08-02T11:40:34.158651+00:00,2026-07-20,2026-07-23,13,56.24,46.54,45.1,10.37
2026-08-03,2026-08-02T11:40:34.158651+00:00,2026-07-20,2026-07-23,14,55.13,48.48,45.37,13.53
2026-08-03,2026-08-02T11:40:34.158651+00:00,2026-07-20,2026-07-23,15,65.86,49.77,43.74,13.13
2026-08-03,2026-08-02T11:40:34.158651+00:00,2026-07-20,2026-07-23,16,73.7,59.15,45.53,20.19
2026-08-03,2026-08-02T11:40:34.158651+00:00,2026-07-20,2026-07-23,17,80.93,69.94,57.08,26.56
2026-08-03,2026-08-02T11:40:34.158651+00:00,2026-07-20,2026-07-23,18,82.53,73.62,58.42,32.91
2026-08-03,2026-08-02T11:40:34.158651+00:00,2026-07-20,2026-07-23,19,75.45,73.9,63.63,28.03
2026-08-03,2026-08-02T11:40:34.158651+00:00,2026-07-20,2026-07-23,20,67.21,66.32,63.72,23.19
2026-08-03,2026-08-02T11:40:34.158651+00:00,2026-07-20,2026-07-23,21,75.87,59.63,54.03,14.64
2026-08-03,2026-08-02T11:40:34.158651+00:00,2026-07-20,2026-07-23,22,58.56,42.69,43.24,12.19
2026-08-03,2026-08-02T11:40:34.158651+00:00,2026-07-20,2026-07-23,23,49.53,40.71,41.2,7.66
2026-08-03,2026-08-02T11:40:34.158651+00:00,2026-07-20,2026-07-23,24,45.31,37.18,38.87,3.43
2026-08-04,2026-08-03T13:16:30.045564+00:00,2026-07-20,2026-07-30,1,41.02,31.92,38.5,4.86
2026-08-04,2026-08-03T13:16:30.045564+00:00,2026-07-20,2026-07-30,2,36.07,27.72,33.6,4.91
2026-08-04,2026-08-03T13:16:30.045564+00:00,2026-07-20,2026-07-30,3,35.04,28.14,32.68,3.93
2026-08-04,2026-08-03T13:16:30.045564+00:00,2026-07-20,2026-07-30,4,33.58,26.71,32.66,4.27
2026-08-04,2026-08-03T13:16:30.045564+00:00,2026-07-20,2026-07-30,5,34.18,26.21,35.53,3.54
2026-08-04,2026-08-03T13:16:30.045564+00:00,2026-07-20,2026-07-30,6,38.9,34.16,35.46,4.33
2026-08-04,2026-08-03T13:16:30.045564+00:00,2026-07-20,2026-07-30,7,42.3,41.82,42.09,4.01
2026-08-04,2026-08-03T13:16:30.045564+00:00,2026-07-20,2026-07-30,8,50.18,38.59,47.5,8.27
2026-08-04,2026-08-03T13:16:30.045564+00:00,2026-07-20,2026-07-30,9,53.35,40.18,45.94,6.51
2026-08-04,2026-08-03T13:16:30.045564+00:00,2026-07-20,2026-07-30,10,57.97,44.13,51.46,7.98
2026-08-04,2026-08-03T13:16:30.045564+00:00,2026-07-20,2026-07-30,11,60.57,44.09,55.99,11.1
2026-08-04,2026-08-03T13:16:30.045564+00:00,2026-07-20,2026-07-30,12,67.11,43.53,62.53,11.86
2026-08-04,2026-08-03T13:16:30.045564+00:00,2026-07-20,2026-07-30,13,77.14,46.54,69.75,11.61
2026-08-04,2026-08-03T13:16:30.045564+00:00,2026-07-20,2026-07-30,14,81.46,48.48,71.27,14.73
2026-08-04,2026-08-03T13:16:30.045564+00:00,2026-07-20,2026-07-30,15,82.92,49.77,65.14,16.1
2026-08-04,2026-08-03T13:16:30.045564+00:00,2026-07-20,2026-07-30,16,98.12,59.15,79.56,20.8
2026-08-04,2026-08-03T13:16:30.045564+00:00,2026-07-20,2026-07-30,17,106.31,69.94,97.68,28.08
2026-08-04,2026-08-03T13:16:30.045564+00:00,2026-07-20,2026-07-30,18,115.46,73.62,99.58,32.81
2026-08-04,2026-08-03T13:16:30.045564+00:00,2026-07-20,2026-07-30,19,114.74,73.9,114.02,32.14
2026-08-04,2026-08-03T13:16:30.045564+00:00,2026-07-20,2026-07-30,20,102.31,66.32,98.79,23.43
2026-08-04,2026-08-03T13:16:30.045564+00:00,2026-07-20,2026-07-30,21,90.16,59.63,94.67,13.53
2026-08-04,2026-08-03T13:16:30.045564+00:00,2026-07-20,2026-07-30,22,77.42,42.69,68.34,8.8
2026-08-04,2026-08-03T13:16:30.045564+00:00,2026-07-20,2026-07-30,23,55.5,40.71,53.99,6.6
2026-08-04,2026-08-03T13:16:30.045564+00:00,2026-07-20,2026-07-30,24,48.73,37.18,43.01,2.86
2026-08-05,2026-08-04T12:24:49.852551+00:00,2026-07-10,2026-07-27,1,44.1,48.3,37.13,3.87
2026-08-05,2026-08-04T12:24:49.852551+00:00,2026-07-10,2026-07-27,2,39.53,50.98,33.07,4.33
2026-08-05,2026-08-04T12:24:49.852551+00:00,2026-07-10,2026-07-27,3,36.42,48.95,31.23,3.48
2026-08-05,2026-08-04T12:24:49.852551+00:00,2026-07-10,2026-07-27,4,36.38,39.3,30.32,3.67
2026-08-05,2026-08-04T12:24:49.852551+00:00,2026-07-10,2026-07-27,5,39.62,44.92,33.4,3.27
2026-08-05,2026-08-04T12:24:49.852551+00:00,2026-07-10,2026-07-27,6,40.43,47.31,36.97,4.11
2026-08-05,2026-08-04T12:24:49.852551+00:00,2026-07-10,2026-07-27,7,45.62,65.25,43.98,4.6
2026-08-05,2026-08-04T12:24:49.852551+00:00,2026-07-10,2026-07-27,8,48.05,73.61,49.27,6.68
2026-08-05,2026-08-04T12:24:49.852551+00:00,2026-07-10,2026-07-27,9,50.53,83.8,49.11,5.87
2026-08-05,2026-08-04T12:24:49.852551+00:00,2026-07-10,2026-07-27,10,55.07,84.56,62.32,7.87
2026-08-05,2026-08-04T12:24:49.852551+00:00,2026-07-10,2026-07-27,11,59.16,88.24,75.3,10.07
2026-08-05,2026-08-04T12:24:49.852551+00:00,2026-07-10,2026-07-27,12,84.28,94.76,100.01,9.55
2026-08-05,2026-08-04T12:24:49.852551+00:00,2026-07-10,2026-07-27,13,97.4,94.7,99.84,10.82
2026-08-05,2026-08-04T12:24:49.852551+00:00,2026-07-10,2026-07-27,14,108.19,95.25,115.56,15.16
2026-08-05,2026-08-04T12:24:49.852551+00:00,2026-07-10,2026-07-27,15,111.94,96.29,115.46,14.91
2026-08-05,2026-08-04T12:24:49.852551+00:00,2026-07-10,2026-07-27,16,123.37,105.73,115.63,18.93
2026-08-05,2026-08-04T12:24:49.852551+00:00,2026-07-10,2026-07-27,17,149.74,118.31,150.82,24.2
2026-08-05,2026-08-04T12:24:49.852551+00:00,2026-07-10,2026-07-27,18,162.29,118.08,160.8,28.61
2026-08-05,2026-08-04T12:24:49.852551+00:00,2026-07-10,2026-07-27,19,156.19,117.62,118.71,21.53
2026-08-05,2026-08-04T12:24:49.852551+00:00,2026-07-10,2026-07-27,20,131.57,114.57,104.52,19.02
2026-08-05,2026-08-04T12:24:49.852551+00:00,2026-07-10,2026-07-27,21,110.43,97.58,99.93,13.75
2026-08-05,2026-08-04T12:24:49.852551+00:00,2026-07-10,2026-07-27,22,87.9,90.69,87.84,8.19
2026-08-05,2026-08-04T12:24:49.852551+00:00,2026-07-10,2026-07-27,23,72.2,69.74,61.06,6.3
2026-08-05,2026-08-04T12:24:49.852551+00:00,2026-07-10,2026-07-27,24,51.01,53.8,43.34,2.47
2026-08-06,2026-08-05T12:22:46.883499+00:00,2026-08-05,2026-07-27,1,46.8,34.62,37.13,4.19
2026-08-06,2026-08-05T12:22:46.883499+00:00,2026-08-05,2026-07-27,2,43.37,31.82,33.07,4.66
2026-08-06,2026-08-05T12:22:46.883499+00:00,2026-08-05,2026-07-27,3,40.99,29.47,31.23,4.03
2026-08-06,2026-08-05T12:22:46.883499+00:00,2026-08-05,2026-07-27,4,40.62,27.19,30.32,4.23
2026-08-06,2026-08-05T12:22:46.883499+00:00,2026-08-05,2026-07-27,5,42.49,33.43,33.4,3.66
2026-08-06,2026-08-05T12:22:46.883499+00:00,2026-08-05,2026-07-27,6,44.02,35.89,36.97,4.16
2026-08-06,2026-08-05T12:22:46.883499+00:00,2026-08-05,2026-07-27,7,48.8,39.69,43.98,3.55
2026-08-06,2026-08-05T12:22:46.883499+00:00,2026-08-05,2026-07-27,8,56.58,53.88,49.27,5.37
2026-08-06,2026-08-05T12:22:46.883499+00:00,2026-08-05,2026-07-27,9,69.5,54.99,49.11,5.94
2026-08-06,2026-08-05T12:22:46.883499+00:00,2026-08-05,2026-07-27,10,85.12,69.02,62.32,7.46
2026-08-06,2026-08-05T12:22:46.883499+00:00,2026-08-05,2026-07-27,11,89.96,80.54,75.3,8.81
2026-08-06,2026-08-05T12:22:46.883499+00:00,2026-08-05,2026-07-27,12,94.88,94.17,100.01,7.6
2026-08-06,2026-08-05T12:22:46.883499+00:00,2026-08-05,2026-07-27,13,103.34,104.9,99.84,6.94
2026-08-06,2026-08-05T12:22:46.883499+00:00,2026-08-05,2026-07-27,14,109.69,112.68,115.56,10.37
2026-08-06,2026-08-05T12:22:46.883499+00:00,2026-08-05,2026-07-27,15,109.89,99.99,115.46,15.56
2026-08-06,2026-08-05T12:22:46.883499+00:00,2026-08-05,2026-07-27,16,147.1,132.34,115.63,15.27
2026-08-06,2026-08-05T12:22:46.883499+00:00,2026-08-05,2026-07-27,17,166.14,176.32,150.82,21.27
2026-08-06,2026-08-05T12:22:46.883499+00:00,2026-08-05,2026-07-27,18,176.25,174.49,160.8,28.37
2026-08-06,2026-08-05T12:22:46.883499+00:00,2026-08-05,2026-07-27,19,161.52,144.58,118.71,25.12
2026-08-06,2026-08-05T12:22:46.883499+00:00,2026-08-05,2026-07-27,20,138.79,120.04,104.52,20.18
2026-08-06,2026-08-05T12:22:46.883499+00:00,2026-08-05,2026-07-27,21,111.02,114.06,99.93,12.73
2026-08-06,2026-08-05T12:22:46.883499+00:00,2026-08-05,2026-07-27,22,91.72,104.08,87.84,7.98
2026-08-06,2026-08-05T12:22:46.883499+00:00,2026-08-05,2026-07-27,23,72.91,101.87,61.06,6.75
2026-08-06,2026-08-05T12:22:46.883499+00:00,2026-08-05,2026-07-27,24,52.5,54.57,43.34,2.12
2026-08-07,2026-08-06T12:24:40.747231+00:00,2026-07-27,2026-08-06,1,44.26,37.13,37.37,4.75
2026-08-07,2026-08-06T12:24:40.747231+00:00,2026-07-27,2026-08-06,2,41.99,33.07,37.37,4.47
2026-08-07,2026-08-06T12:24:40.747231+00:00,2026-07-27,2026-08-06,3,39.1,31.23,36.19,3.72
2026-08-07,2026-08-06T12:24:40.747231+00:00,2026-07-27,2026-08-06,4,37.48,30.32,35.65,4.09
2026-08-07,2026-08-06T12:24:40.747231+00:00,2026-07-27,2026-08-06,5,40.89,33.4,39.91,3.29
2026-08-07,2026-08-06T12:24:40.747231+00:00,2026-07-27,2026-08-06,6,43.87,36.97,43.46,3.44
2026-08-07,2026-08-06T12:24:40.747231+00:00,2026-07-27,2026-08-06,7,48.94,43.98,55.51,4.25
2026-08-07,2026-08-06T12:24:40.747231+00:00,2026-07-27,2026-08-06,8,60.04,49.27,72.25,4.65
2026-08-07,2026-08-06T12:24:40.747231+00:00,2026-07-27,2026-08-06,9,72.57,49.11,69.45,5.11
2026-08-07,2026-08-06T12:24:40.747231+00:00,2026-07-27,2026-08-06,10,77.0,62.32,90.61,6.17
2026-08-07,2026-08-06T12:24:40.747231+00:00,2026-07-27,2026-08-06,11,84.02,75.3,102.55,8.5
2026-08-07,2026-08-06T12:24:40.747231+00:00,2026-07-27,2026-08-06,12,86.0,100.01,119.75,7.35
2026-08-07,2026-08-06T12:24:40.747231+00:00,2026-07-27,2026-08-06,13,107.1,99.84,136.11,7.37
2026-08-07,2026-08-06T12:24:40.747231+00:00,2026-07-27,2026-08-06,14,105.23,115.56,129.06,10.04
2026-08-07,2026-08-06T12:24:40.747231+00:00,2026-07-27,2026-08-06,15,108.84,115.46,120.06,12.37
2026-08-07,2026-08-06T12:24:40.747231+00:00,2026-07-27,2026-08-06,16,118.21,115.63,147.31,13.89
2026-08-07,2026-08-06T12:24:40.747231+00:00,2026-07-27,2026-08-06,17,122.03,150.82,184.16,19.78
2026-08-07,2026-08-06T12:24:40.747231+00:00,2026-07-27,2026-08-06,18,120.51,160.8,197.51,25.02
2026-08-07,2026-08-06T12:24:40.747231+00:00,2026-07-27,2026-08-06,19,111.51,118.71,157.57,21.02
2026-08-07,2026-08-06T12:24:40.747231+00:00,2026-07-27,2026-08-06,20,113.18,104.52,136.25,17.86
2026-08-07,2026-08-06T12:24:40.747231+00:00,2026-07-27,2026-08-06,21,98.3,99.93,120.91,10.89
2026-08-07,2026-08-06T12:24:40.747231+00:00,2026-07-27,2026-08-06,22,78.91,87.84,105.4,7.56
2026-08-07,2026-08-06T12:24:40.747231+00:00,2026-07-27,2026-08-06,23,64.48,61.06,81.95,6.39
2026-08-07,2026-08-06T12:24:40.747231+00:00,2026-07-27,2026-08-06,24,50.63,43.34,56.95,2.04
2026-08-08,2026-08-07T11:14:37.341823+00:00,2026-08-01,2026-07-04,1,57.56,40.01,46.3,5.27
2026-08-08,2026-08-07T11:14:37.341823+00:00,2026-08-01,2026-07-04,2,43.52,35.9,45.73,4.1
2026-08-08,2026-08-07T11:14:37.341823+00:00,2026-08-01,2026-07-04,3,42.4,33.88,38.1,3.39
2026-08-08,2026-08-07T11:14:37.341823+00:00,2026-08-01,2026-07-04,4,41.59,33.58,37.24,3.73
2026-08-08,2026-08-07T11:14:37.341823+00:00,2026-08-01,2026-07-04,5,43.4,33.63,36.25,3.0
2026-08-08,2026-08-07T11:14:37.341823+00:00,2026-08-01,2026-07-04,6,46.85,32.77,39.35,4.57
2026-08-08,2026-08-07T11:14:37.341823+00:00,2026-08-01,2026-07-04,7,52.11,33.83,43.28,4.14
2026-08-08,2026-08-07T11:14:37.341823+00:00,2026-08-01,2026-07-04,8,54.38,40.55,55.83,4.13
2026-08-08,2026-08-07T11:14:37.341823+00:00,2026-08-01,2026-07-04,9,60.41,47.59,74.88,5.21
2026-08-08,2026-08-07T11:14:37.341823+00:00,2026-08-01,2026-07-04,10,72.17,62.64,60.08,5.56
2026-08-08,2026-08-07T11:14:37.341823+00:00,2026-08-01,2026-07-04,11,83.41,68.66,81.54,7.03
2026-08-08,2026-08-07T11:14:37.341823+00:00,2026-08-01,2026-07-04,12,132.35,74.99,91.04,11.83
2026-08-08,2026-08-07T11:14:37.341823+00:00,2026-08-01,2026-07-04,13,112.69,84.57,95.25,8.45
2026-08-08,2026-08-07T11:14:37.341823+00:00,2026-08-01,2026-07-04,14,112.69,89.79,94.83,10.5
2026-08-08,2026-08-07T11:14:37.341823+00:00,2026-08-01,2026-07-04,15,148.96,87.58,97.63,14.98
2026-08-08,2026-08-07T11:14:37.341823+00:00,2026-08-01,2026-07-04,16,137.97,90.02,119.01,12.06
2026-08-08,2026-08-07T11:14:37.341823+00:00,2026-08-01,2026-07-04,17,166.05,91.9,152.7,20.09
2026-08-08,2026-08-07T11:14:37.341823+00:00,2026-08-01,2026-07-04,18,141.01,90.01,186.89,23.68
2026-08-08,2026-08-07T11:14:37.341823+00:00,2026-08-01,2026-07-04,19,113.77,88.92,151.23,18.46
2026-08-08,2026-08-07T11:14:37.341823+00:00,2026-08-01,2026-07-04,20,92.21,82.22,114.97,16.32
2026-08-08,2026-08-07T11:14:37.341823+00:00,2026-08-01,2026-07-04,21,94.22,75.0,94.58,11.3
2026-08-08,2026-08-07T11:14:37.341823+00:00,2026-08-01,2026-07-04,22,64.85,59.1,80.92,6.91
2026-08-08,2026-08-07T11:14:37.341823+00:00,2026-08-01,2026-07-04,23,61.33,44.05,54.1,6.36
2026-08-08,2026-08-07T11:14:37.341823+00:00,2026-08-01,2026-07-04,24,44.9,43.99,50.15,1.76
2026-08-09,2026-08-08T10:58:58.315596+00:00,2026-07-04,2026-07-12,1,49.1,46.3,40.19,4.68
2026-08-09,2026-08-08T10:58:58.315596+00:00,2026-07-04,2026-07-12,2,41.67,45.73,35.71,4.21
2026-08-09,2026-08-08T10:58:58.315596+00:00,2026-07-04,2026-07-12,3,39.78,38.1,34.32,3.42
2026-08-09,2026-08-08T10:58:58.315596+00:00,2026-07-04,2026-07-12,4,39.04,37.24,33.22,3.72
2026-08-09,2026-08-08T10:58:58.315596+00:00,2026-07-04,2026-07-12,5,38.31,36.25,28.93,2.8
2026-08-09,2026-08-08T10:58:58.315596+00:00,2026-07-04,2026-07-12,6,37.63,39.35,26.02,3.86
2026-08-09,2026-08-08T10:58:58.315596+00:00,2026-07-04,2026-07-12,7,40.41,43.28,34.12,3.92
2026-08-09,2026-08-08T10:58:58.315596+00:00,2026-07-04,2026-07-12,8,46.6,55.83,37.39,4.41
2026-08-09,2026-08-08T10:58:58.315596+00:00,2026-07-04,2026-07-12,9,55.64,74.88,38.72,4.16
2026-08-09,2026-08-08T10:58:58.315596+00:00,2026-07-04,2026-07-12,10,61.65,60.08,41.86,4.98
2026-08-09,2026-08-08T10:58:58.315596+00:00,2026-07-04,2026-07-12,11,70.57,81.54,50.03,6.44
2026-08-09,2026-08-08T10:58:58.315596+00:00,2026-07-04,2026-07-12,12,79.04,91.04,54.01,13.35
2026-08-09,2026-08-08T10:58:58.315596+00:00,2026-07-04,2026-07-12,13,88.19,95.25,60.74,7.43
2026-08-09,2026-08-08T10:58:58.315596+00:00,2026-07-04,2026-07-12,14,89.21,94.83,60.38,10.47
2026-08-09,2026-08-08T10:58:58.315596+00:00,2026-07-04,2026-07-12,15,93.41,97.63,62.06,18.81
2026-08-09,2026-08-08T10:58:58.315596+00:00,2026-07-04,2026-07-12,16,98.11,119.01,85.73,13.97
2026-08-09,2026-08-08T10:58:58.315596+00:00,2026-07-04,2026-07-12,17,96.89,152.7,91.68,21.68
2026-08-09,2026-08-08T10:58:58.315596+00:00,2026-07-04,2026-07-12,18,107.37,186.89,102.45,21.92
2026-08-09,2026-08-08T10:58:58.315596+00:00,2026-07-04,2026-07-12,19,99.34,151.23,102.0,16.12
2026-08-09,2026-08-08T10:58:58.315596+00:00,2026-07-04,2026-07-12,20,97.34,114.97,98.41,16.3
2026-08-09,2026-08-08T10:58:58.315596+00:00,2026-07-04,2026-07-12,21,89.8,94.58,87.22,9.64
2026-08-09,2026-08-08T10:58:58.315596+00:00,2026-07-04,2026-07-12,22,73.85,80.92,80.78,6.78
2026-08-09,2026-08-08T10:58:58.315596+00:00,2026-07-04,2026-07-12,23,66.53,54.1,62.12,6.63
2026-08-09,2026-08-08T10:58:58.315596+00:00,2026-07-04,2026-07-12,24,58.25,50.15,45.29,2.84
2026-08-10,2026-08-09T11:01:10.465658+00:00,2026-07-30,2026-07-27,1,44.91,38.5,37.13,5.25
2026-08-10,2026-08-09T11:01:10.465658+00:00,2026-07-30,2026-07-27,2,42.75,33.6,33.07,4.55
2026-08-10,2026-08-09T11:01:10.465658+00:00,2026-07-30,2026-07-27,3,40.3,32.68,31.23,3.22
2026-08-10,2026-08-09T11:01:10.465658+00:00,2026-07-30,2026-07-27,4,39.46,32.66,30.32,3.59
2026-08-10,2026-08-09T11:01:10.465658+00:00,2026-07-30,2026-07-27,5,38.83,35.53,33.4,3.15
2026-08-10,2026-08-09T11:01:10.465658+00:00,2026-07-30,2026-07-27,6,41.9,35.46,36.97,3.76
2026-08-10,2026-08-09T11:01:10.465658+00:00,2026-07-30,2026-07-27,7,43.56,42.09,43.98,3.63
2026-08-10,2026-08-09T11:01:10.465658+00:00,2026-07-30,2026-07-27,8,49.3,47.5,49.27,4.68
2026-08-10,2026-08-09T11:01:10.465658+00:00,2026-07-30,2026-07-27,9,53.0,45.94,49.11,5.02
2026-08-10,2026-08-09T11:01:10.465658+00:00,2026-07-30,2026-07-27,10,63.6,51.46,62.32,5.86
2026-08-10,2026-08-09T11:01:10.465658+00:00,2026-07-30,2026-07-27,11,78.75,55.99,75.3,6.44
2026-08-10,2026-08-09T11:01:10.465658+00:00,2026-07-30,2026-07-27,12,88.33,62.53,100.01,14.69
2026-08-10,2026-08-09T11:01:10.465658+00:00,2026-07-30,2026-07-27,13,95.87,69.75,99.84,9.85
2026-08-10,2026-08-09T11:01:10.465658+00:00,2026-07-30,2026-07-27,14,100.61,71.27,115.56,11.62
2026-08-10,2026-08-09T11:01:10.465658+00:00,2026-07-30,2026-07-27,15,108.09,65.14,115.46,16.76
2026-08-10,2026-08-09T11:01:10.465658+00:00,2026-07-30,2026-07-27,16,107.09,79.56,115.63,12.44
2026-08-10,2026-08-09T11:01:10.465658+00:00,2026-07-30,2026-07-27,17,117.0,97.68,150.82,19.42
2026-08-10,2026-08-09T11:01:10.465658+00:00,2026-07-30,2026-07-27,18,119.17,99.58,160.8,21.04
2026-08-10,2026-08-09T11:01:10.465658+00:00,2026-07-30,2026-07-27,19,114.86,114.02,118.71,17.3
2026-08-10,2026-08-09T11:01:10.465658+00:00,2026-07-30,2026-07-27,20,100.19,98.79,104.52,16.67
2026-08-10,2026-08-09T11:01:10.465658+00:00,2026-07-30,2026-07-27,21,98.92,94.67,99.93,11.88
2026-08-10,2026-08-09T11:01:10.465658+00:00,2026-07-30,2026-07-27,22,96.41,68.34,87.84,7.69
2026-08-10,2026-08-09T11:01:10.465658+00:00,2026-07-30,2026-07-27,23,79.63,53.99,61.06,7.89
2026-08-10,2026-08-09T11:01:10.465658+00:00,2026-07-30,2026-07-27,24,51.51,43.01,43.34,2.53
2026-08-11,2026-08-10T11:29:58.124626+00:00,2026-07-30,2026-07-10,1,46.84,38.5,48.3,5.25
2026-08-11,2026-08-10T11:29:58.124626+00:00,2026-07-30,2026-07-10,2,43.24,33.6,50.98,3.99
2026-08-11,2026-08-10T11:29:58.124626+00:00,2026-07-30,2026-07-10,3,37.82,32.68,48.95,3.72
2026-08-11,2026-08-10T11:29:58.124626+00:00,2026-07-30,2026-07-10,4,39.83,32.66,39.3,3.53
2026-08-11,2026-08-10T11:29:58.124626+00:00,2026-07-30,2026-07-10,5,41.11,35.53,44.92,2.76
2026-08-11,2026-08-10T11:29:58.124626+00:00,2026-07-30,2026-07-10,6,45.72,35.46,47.31,4.01
2026-08-11,2026-08-10T11:29:58.124626+00:00,2026-07-30,2026-07-10,7,52.84,42.09,65.25,4.44
2026-08-11,2026-08-10T11:29:58.124626+00:00,2026-07-30,2026-07-10,8,61.15,47.5,73.61,5.55
2026-08-11,2026-08-10T11:29:58.124626+00:00,2026-07-30,2026-07-10,9,70.3,45.94,83.8,6.67
2026-08-11,2026-08-10T11:29:58.124626+00:00,2026-07-30,2026-07-10,10,76.98,51.46,84.56,5.89
2026-08-11,2026-08-10T11:29:58.124626+00:00,2026-07-30,2026-07-10,11,80.99,55.99,88.24,7.66
2026-08-11,2026-08-10T11:29:58.124626+00:00,2026-07-30,2026-07-10,12,104.39,62.53,94.76,13.99
2026-08-11,2026-08-10T11:29:58.124626+00:00,2026-07-30,2026-07-10,13,107.86,69.75,94.7,8.43
2026-08-11,2026-08-10T11:29:58.124626+00:00,2026-07-30,2026-07-10,14,117.2,71.27,95.25,11.26
2026-08-11,2026-08-10T11:29:58.124626+00:00,2026-07-30,2026-07-10,15,120.67,65.14,96.29,17.83
2026-08-11,2026-08-10T11:29:58.124626+00:00,2026-07-30,2026-07-10,16,132.89,79.56,105.73,15.44
2026-08-11,2026-08-10T11:29:58.124626+00:00,2026-07-30,2026-07-10,17,136.27,97.68,118.31,23.28
2026-08-11,2026-08-10T11:29:58.124626+00:00,2026-07-30,2026-07-10,18,139.55,99.58,118.08,25.14
2026-08-11,2026-08-10T11:29:58.124626+00:00,2026-07-30,2026-07-10,19,136.71,114.02,117.62,15.55
2026-08-11,2026-08-10T11:29:58.124626+00:00,2026-07-30,2026-07-10,20,129.8,98.79,114.57,13.74
2026-08-11,2026-08-10T11:29:58.124626+00:00,2026-07-30,2026-07-10,21,116.85,94.67,97.58,10.83
2026-08-11,2026-08-10T11:29:58.124626+00:00,2026-07-30,2026-07-10,22,103.67,68.34,90.69,8.61
2026-08-11,2026-08-10T11:29:58.124626+00:00,2026-07-30,2026-07-10,23,85.28,53.99,69.74,8.84
2026-08-11,2026-08-10T11:29:58.124626+00:00,2026-07-30,2026-07-10,24,68.13,43.01,53.8,4.13
2026-08-12,2026-08-11T11:12:57.448858+00:00,2026-08-11,2026-08-10,1,46.18,51.12,42.74,4.69
2026-08-12,2026-08-11T11:12:57.448858+00:00,2026-08-11,2026-08-10,2,42.71,45.88,41.1,3.43
2026-08-12,2026-08-11T11:12:57.448858+00:00,2026-08-11,2026-08-10,3,39.8,44.08,35.68,3.28
2026-08-12,2026-08-11T11:12:57.448858+00:00,2026-08-11,2026-08-10,4,39.26,43.51,37.85,3.45
2026-08-12,2026-08-11T11:12:57.448858+00:00,2026-08-11,2026-08-10,5,40.9,47.91,38.31,3.06
2026-08-12,2026-08-11T11:12:57.448858+00:00,2026-08-11,2026-08-10,6,45.93,54.31,49.14,4.68
2026-08-12,2026-08-11T11:12:57.448858+00:00,2026-08-11,2026-08-10,7,48.99,54.61,61.83,4.82
2026-08-12,2026-08-11T11:12:57.448858+00:00,2026-08-11,2026-08-10,8,67.68,95.36,78.46,7.35
2026-08-12,2026-08-11T11:12:57.448858+00:00,2026-08-11,2026-08-10,9,68.81,88.19,87.52,7.28
2026-08-12,2026-08-11T11:12:57.448858+00:00,2026-08-11,2026-08-10,10,71.76,86.87,92.42,8.32
2026-08-12,2026-08-11T11:12:57.448858+00:00,2026-08-11,2026-08-10,11,80.99,93.22,103.04,7.91
2026-08-12,2026-08-11T11:12:57.448858+00:00,2026-08-11,2026-08-10,12,91.6,92.06,109.41,13.29
2026-08-12,2026-08-11T11:12:57.448858+00:00,2026-08-11,2026-08-10,13,95.12,105.79,108.49,9.79
2026-08-12,2026-08-11T11:12:57.448858+00:00,2026-08-11,2026-08-10,14,108.86,110.95,113.05,11.43
2026-08-12,2026-08-11T11:12:57.448858+00:00,2026-08-11,2026-08-10,15,108.49,114.37,111.53,17.65
2026-08-12,2026-08-11T11:12:57.448858+00:00,2026-08-11,2026-08-10,16,108.52,111.36,140.23,13.86
2026-08-12,2026-08-11T11:12:57.448858+00:00,2026-08-11,2026-08-10,17,112.66,114.7,178.25,22.18
2026-08-12,2026-08-11T11:12:57.448858+00:00,2026-08-11,2026-08-10,18,116.36,116.69,178.06,22.77
2026-08-12,2026-08-11T11:12:57.448858+00:00,2026-08-11,2026-08-10,19,114.32,120.82,177.0,15.18
2026-08-12,2026-08-11T11:12:57.448858+00:00,2026-08-11,2026-08-10,20,111.5,116.94,134.97,14.24
2026-08-12,2026-08-11T11:12:57.448858+00:00,2026-08-11,2026-08-10,21,108.77,115.66,114.13,10.24
2026-08-12,2026-08-11T11:12:57.448858+00:00,2026-08-11,2026-08-10,22,98.93,110.17,102.26,9.44
2026-08-12,2026-08-11T11:12:57.448858+00:00,2026-08-11,2026-08-10,23,74.04,78.45,90.41,8.92
2026-08-12,2026-08-11T11:12:57.448858+00:00,2026-08-11,2026-08-10,24,50.89,58.51,68.03,3.87
2026-08-13,2026-08-12T11:14:58.893652+00:00,2026-08-12,2026-08-10,1,51.92,57.78,42.74,5.36
2026-08-13,2026-08-12T11:14:58.893652+00:00,2026-08-12,2026-08-10,2,48.24,50.03,41.1,3.51
2026-08-13,2026-08-12T11:14:58.893652+00:00,2026-08-12,2026-08-10,3,44.5,47.77,35.68,3.69
2026-08-13,2026-08-12T11:14:58.893652+00:00,2026-08-12,2026-08-10,4,44.5,47.68,37.85,3.6
2026-08-13,2026-08-12T11:14:58.893652+00:00,2026-08-12,2026-08-10,5,45.49,48.17,38.31,2.74
2026-08-13,2026-08-12T11:14:58.893652+00:00,2026-08-12,2026-08-10,6,48.41,53.38,49.14,4.23
2026-08-13,2026-08-12T11:14:58.893652+00:00,2026-08-12,2026-08-10,7,53.81,56.7,61.83,4.23
2026-08-13,2026-08-12T11:14:58.893652+00:00,2026-08-12,2026-08-10,8,69.47,76.42,78.46,6.52
2026-08-13,2026-08-12T11:14:58.893652+00:00,2026-08-12,2026-08-10,9,74.82,86.96,87.52,6.87
2026-08-13,2026-08-12T11:14:58.893652+00:00,2026-08-12,2026-08-10,10,83.18,90.65,92.42,8.16
2026-08-13,2026-08-12T11:14:58.893652+00:00,2026-08-12,2026-08-10,11,85.71,90.67,103.04,8.29
2026-08-13,2026-08-12T11:14:58.893652+00:00,2026-08-12,2026-08-10,12,94.13,92.6,109.41,13.74
2026-08-13,2026-08-12T11:14:58.893652+00:00,2026-08-12,2026-08-10,13,102.72,98.92,108.49,9.58
2026-08-13,2026-08-12T11:14:58.893652+00:00,2026-08-12,2026-08-10,14,112.24,114.88,113.05,11.55
2026-08-13,2026-08-12T11:14:58.893652+00:00,2026-08-12,2026-08-10,15,113.2,112.56,111.53,15.78
2026-08-13,2026-08-12T11:14:58.893652+00:00,2026-08-12,2026-08-10,16,116.17,114.38,140.23,13.77
2026-08-13,2026-08-12T11:14:58.893652+00:00,2026-08-12,2026-08-10,17,118.2,113.52,178.25,21.97
2026-08-13,2026-08-12T11:14:58.893652+00:00,2026-08-12,2026-08-10,18,121.63,117.44,178.06,19.89
2026-08-13,2026-08-12T11:14:58.893652+00:00,2026-08-12,2026-08-10,19,124.88,117.72,177.0,13.5
2026-08-13,2026-08-12T11:14:58.893652+00:00,2026-08-12,2026-08-10,20,123.31,115.52,134.97,12.99
2026-08-13,2026-08-12T11:14:58.893652+00:00,2026-08-12,2026-08-10,21,116.43,113.81,114.13,10.19
2026-08-13,2026-08-12T11:14:58.893652+00:00,2026-08-12,2026-08-10,22,98.31,103.97,102.26,8.49
2026-08-13,2026-08-12T11:14:58.893652+00:00,2026-08-12,2026-08-10,23,90.07,83.41,90.41,9.11
2026-08-13,2026-08-12T11:14:58.893652+00:00,2026-08-12,2026-08-10,24,59.52,61.23,68.03,3.87
2026-08-14,2026-08-13T11:15:38.630198+00:00,2026-08-13,2026-08-12,1,56.92,52.76,57.78,5.68
2026-08-14,2026-08-13T11:15:38.630198+00:00,2026-08-13,2026-08-12,2,49.75,44.1,50.03,3.9
2026-08-14,2026-08-13T11:15:38.630198+00:00,2026-08-13,2026-08-12,3,44.91,36.58,47.77,3.77
2026-08-14,2026-08-13T11:15:38.630198+00:00,2026-08-13,2026-08-12,4,45.01,38.09,47.68,3.62
2026-08-14,2026-08-13T11:15:38.630198+00:00,2026-08-13,2026-08-12,5,44.46,36.7,48.17,2.94
2026-08-14,2026-08-13T11:15:38.630198+00:00,2026-08-13,2026-08-12,6,51.24,50.36,53.38,4.42
2026-08-14,2026-08-13T11:15:38.630198+00:00,2026-08-13,2026-08-12,7,54.98,51.08,56.7,3.82
2026-08-14,2026-08-13T11:15:38.630198+00:00,2026-08-13,2026-08-12,8,61.21,57.04,76.42,7.04
2026-08-14,2026-08-13T11:15:38.630198+00:00,2026-08-13,2026-08-12,9,82.85,80.8,86.96,7.26
2026-08-14,2026-08-13T11:15:38.630198+00:00,2026-08-13,2026-08-12,10,85.91,81.21,90.65,7.54
2026-08-14,2026-08-13T11:15:38.630198+00:00,2026-08-13,2026-08-12,11,86.45,88.31,90.67,7.58
2026-08-14,2026-08-13T11:15:38.630198+00:00,2026-08-13,2026-08-12,12,96.67,90.22,92.6,13.6
2026-08-14,2026-08-13T11:15:38.630198+00:00,2026-08-13,2026-08-12,13,97.79,99.45,98.92,8.58
2026-08-14,2026-08-13T11:15:38.630198+00:00,2026-08-13,2026-08-12,14,99.72,102.94,114.88,10.26
2026-08-14,2026-08-13T11:15:38.630198+00:00,2026-08-13,2026-08-12,15,109.09,113.67,112.56,16.26
2026-08-14,2026-08-13T11:15:38.630198+00:00,2026-08-13,2026-08-12,16,107.8,112.19,114.38,14.41
2026-08-14,2026-08-13T11:15:38.630198+00:00,2026-08-13,2026-08-12,17,112.94,114.29,113.52,20.21
2026-08-14,2026-08-13T11:15:38.630198+00:00,2026-08-13,2026-08-12,18,115.99,118.24,117.44,19.98
2026-08-14,2026-08-13T11:15:38.630198+00:00,2026-08-13,2026-08-12,19,121.61,132.26,117.72,15.69
2026-08-14,2026-08-13T11:15:38.630198+00:00,2026-08-13,2026-08-12,20,116.26,116.83,115.52,13.07
2026-08-14,2026-08-13T11:15:38.630198+00:00,2026-08-13,2026-08-12,21,110.41,113.32,113.81,9.05
2026-08-14,2026-08-13T11:15:38.630198+00:00,2026-08-13,2026-08-12,22,91.05,101.69,103.97,9.62
2026-08-14,2026-08-13T11:15:38.630198+00:00,2026-08-13,2026-08-12,23,86.66,95.05,83.41,9.27
2026-08-14,2026-08-13T11:15:38.630198+00:00,2026-08-13,2026-08-12,24,60.69,71.89,61.23,4.55
2026-08-15,2026-08-14T11:13:10.892353+00:00,2026-08-09,2026-07-25,1,47.33,43.66,33.66,5.42
2026-08-15,2026-08-14T11:13:10.892353+00:00,2026-08-09,2026-07-25,2,41.21,42.82,33.33,4.27
2026-08-15,2026-08-14T11:13:10.892353+00:00,2026-08-09,2026-07-25,3,39.18,38.71,32.47,4.37
2026-08-15,2026-08-14T11:13:10.892353+00:00,2026-08-09,2026-07-25,4,38.99,36.75,32.28,3.86
2026-08-15,2026-08-14T11:13:10.892353+00:00,2026-08-09,2026-07-25,5,36.78,34.52,32.4,2.98
2026-08-15,2026-08-14T11:13:10.892353+00:00,2026-08-09,2026-07-25,6,39.36,34.03,32.82,4.82
2026-08-15,2026-08-14T11:13:10.892353+00:00,2026-08-09,2026-07-25,7,40.31,33.86,33.53,5.08
2026-08-15,2026-08-14T11:13:10.892353+00:00,2026-08-09,2026-07-25,8,45.25,38.98,35.45,6.86
2026-08-15,2026-08-14T11:13:10.892353+00:00,2026-08-09,2026-07-25,9,52.28,43.07,38.15,8.43
2026-08-15,2026-08-14T11:13:10.892353+00:00,2026-08-09,2026-07-25,10,68.08,50.2,43.99,7.38
2026-08-15,2026-08-14T11:13:10.892353+00:00,2026-08-09,2026-07-25,11,76.61,72.84,42.82,7.56
2026-08-15,2026-08-14T11:13:10.892353+00:00,2026-08-09,2026-07-25,12,84.07,87.09,46.57,12.94
2026-08-15,2026-08-14T11:13:10.892353+00:00,2026-08-09,2026-07-25,13,84.21,80.1,47.41,8.09
2026-08-15,2026-08-14T11:13:10.892353+00:00,2026-08-09,2026-07-25,14,84.35,81.04,47.17,11.64
2026-08-15,2026-08-14T11:13:10.892353+00:00,2026-08-09,2026-07-25,15,86.9,90.88,52.79,17.55
2026-08-15,2026-08-14T11:13:10.892353+00:00,2026-08-09,2026-07-25,16,90.92,97.07,58.29,16.0
2026-08-15,2026-08-14T11:13:10.892353+00:00,2026-08-09,2026-07-25,17,96.09,110.9,69.67,21.85
2026-08-15,2026-08-14T11:13:10.892353+00:00,2026-08-09,2026-07-25,18,105.66,112.3,74.64,21.86
2026-08-15,2026-08-14T11:13:10.892353+00:00,2026-08-09,2026-07-25,19,115.01,115.73,75.21,17.84
2026-08-15,2026-08-14T11:13:10.892353+00:00,2026-08-09,2026-07-25,20,103.05,106.76,68.01,14.91
2026-08-15,2026-08-14T11:13:10.892353+00:00,2026-08-09,2026-07-25,21,95.81,104.17,61.21,9.94
2026-08-15,2026-08-14T11:13:10.892353+00:00,2026-08-09,2026-07-25,22,72.24,106.56,52.08,8.04
2026-08-15,2026-08-14T11:13:10.892353+00:00,2026-08-09,2026-07-25,23,58.99,92.26,45.71,9.19
2026-08-15,2026-08-14T11:13:10.892353+00:00,2026-08-09,2026-07-25,24,44.22,57.12,42.73,4.69
2026-08-16,2026-08-15T10:46:03.602049+00:00,2026-08-15,2026-08-02,1,44.56,48.7,43.45,4.78
2026-08-16,2026-08-15T10:46:03.602049+00:00,2026-08-15,2026-08-02,2,40.48,44.79,34.65,3.56
2026-08-16,2026-08-15T10:46:03.602049+00:00,2026-08-15,2026-08-02,3,38.9,40.92,33.69,3.63
2026-08-16,2026-08-15T10:46:03.602049+00:00,2026-08-15,2026-08-02,4,37.3,37.54,32.99,3.38
2026-08-16,2026-08-15T10:46:03.602049+00:00,2026-08-15,2026-08-02,5,37.54,38.28,32.67,2.78
2026-08-16,2026-08-15T10:46:03.602049+00:00,2026-08-15,2026-08-02,6,37.45,38.5,27.63,4.28
2026-08-16,2026-08-15T10:46:03.602049+00:00,2026-08-15,2026-08-02,7,34.74,36.2,31.77,4.2
2026-08-16,2026-08-15T10:46:03.602049+00:00,2026-08-15,2026-08-02,8,44.09,39.03,34.94,8.2
2026-08-16,2026-08-15T10:46:03.602049+00:00,2026-08-15,2026-08-02,9,47.46,43.58,43.85,9.07
2026-08-16,2026-08-15T10:46:03.602049+00:00,2026-08-15,2026-08-02,10,51.65,48.85,46.82,9.16
2026-08-16,2026-08-15T10:46:03.602049+00:00,2026-08-15,2026-08-02,11,57.29,54.36,55.58,9.5
2026-08-16,2026-08-15T10:46:03.602049+00:00,2026-08-15,2026-08-02,12,68.37,68.04,65.38,15.96
2026-08-16,2026-08-15T10:46:03.602049+00:00,2026-08-15,2026-08-02,13,73.66,74.14,69.69,10.94
2026-08-16,2026-08-15T10:46:03.602049+00:00,2026-08-15,2026-08-02,14,81.64,87.19,53.77,12.83
2026-08-16,2026-08-15T10:46:03.602049+00:00,2026-08-15,2026-08-02,15,85.45,87.22,52.95,19.22
2026-08-16,2026-08-15T10:46:03.602049+00:00,2026-08-15,2026-08-02,16,90.33,90.13,53.74,16.46
2026-08-16,2026-08-15T10:46:03.602049+00:00,2026-08-15,2026-08-02,17,95.14,90.52,52.49,24.94
2026-08-16,2026-08-15T10:46:03.602049+00:00,2026-08-15,2026-08-02,18,99.01,91.57,49.76,22.39
2026-08-16,2026-08-15T10:46:03.602049+00:00,2026-08-15,2026-08-02,19,96.08,93.71,42.54,16.78
2026-08-16,2026-08-15T10:46:03.602049+00:00,2026-08-15,2026-08-02,20,94.27,90.14,36.77,15.16
2026-08-16,2026-08-15T10:46:03.602049+00:00,2026-08-15,2026-08-02,21,77.69,73.91,46.73,11.13
2026-08-16,2026-08-15T10:46:03.602049+00:00,2026-08-15,2026-08-02,22,68.66,72.57,41.35,10.1
2026-08-16,2026-08-15T10:46:03.602049+00:00,2026-08-15,2026-08-02,23,47.1,45.88,38.5,10.25
2026-08-16,2026-08-15T10:46:03.602049+00:00,2026-08-15,2026-08-02,24,45.94,44.56,40.0,4.77
2026-08-17,2026-08-16T10:47:02.821901+00:00,2026-08-12,2026-08-13,1,45.01,57.78,52.76,5.22
2026-08-17,2026-08-16T10:47:02.821901+00:00,2026-08-12,2026-08-13,2,42.2,50.03,44.1,3.94
2026-08-17,2026-08-16T10:47:02.821901+00:00,2026-08-12,2026-08-13,3,41.14,47.77,36.58,3.99
2026-08-17,2026-08-16T10:47:02.821901+00:00,2026-08-12,2026-08-13,4,38.34,47.68,38.09,3.88
2026-08-17,2026-08-16T10:47:02.821901+00:00,2026-08-12,2026-08-13,5,42.18,48.17,36.7,3.05
2026-08-17,2026-08-16T10:47:02.821901+00:00,2026-08-12,2026-08-13,6,45.86,53.38,50.36,3.76
2026-08-17,2026-08-16T10:47:02.821901+00:00,2026-08-12,2026-08-13,7,46.39,56.7,51.08,4.65
2026-08-17,2026-08-16T10:47:02.821901+00:00,2026-08-12,2026-08-13,8,49.05,76.42,57.04,8.2
2026-08-17,2026-08-16T10:47:02.821901+00:00,2026-08-12,2026-08-13,9,54.43,86.96,80.8,8.87
2026-08-17,2026-08-16T10:47:02.821901+00:00,2026-08-12,2026-08-13,10,60.4,90.65,81.21,8.1
2026-08-17,2026-08-16T10:47:02.821901+00:00,2026-08-12,2026-08-13,11,69.57,90.67,88.31,8.48
2026-08-17,2026-08-16T10:47:02.821901+00:00,2026-08-12,2026-08-13,12,93.65,92.6,90.22,14.73
2026-08-17,2026-08-16T10:47:02.821901+00:00,2026-08-12,2026-08-13,13,104.06,98.92,99.45,10.51
2026-08-17,2026-08-16T10:47:02.821901+00:00,2026-08-12,2026-08-13,14,105.72,114.88,102.94,11.82
2026-08-17,2026-08-16T10:47:02.821901+00:00,2026-08-12,2026-08-13,15,108.17,112.56,113.67,16.45
2026-08-17,2026-08-16T10:47:02.821901+00:00,2026-08-12,2026-08-13,16,114.3,114.38,112.19,15.78
2026-08-17,2026-08-16T10:47:02.821901+00:00,2026-08-12,2026-08-13,17,112.76,113.52,114.29,23.3
2026-08-17,2026-08-16T10:47:02.821901+00:00,2026-08-12,2026-08-13,18,116.15,117.44,118.24,24.86
2026-08-17,2026-08-16T10:47:02.821901+00:00,2026-08-12,2026-08-13,19,113.62,117.72,132.26,17.11
2026-08-17,2026-08-16T10:47:02.821901+00:00,2026-08-12,2026-08-13,20,109.48,115.52,116.83,14.91
2026-08-17,2026-08-16T10:47:02.821901+00:00,2026-08-12,2026-08-13,21,102.65,113.81,113.32,11.67
2026-08-17,2026-08-16T10:47:02.821901+00:00,2026-08-12,2026-08-13,22,92.09,103.97,101.69,10.17
2026-08-17,2026-08-16T10:47:02.821901+00:00,2026-08-12,2026-08-13,23,66.76,83.41,95.05,11.78
2026-08-17,2026-08-16T10:47:02.821901+00:00,2026-08-12,2026-08-13,24,51.18,61.23,71.89,5.26
2026-08-18,2026-08-17T10:55:46.837119+00:00,2026-08-12,2026-08-17,1,44.04,57.78,36.95,5.49
2026-08-18,2026-08-17T10:55:46.837119+00:00,2026-08-12,2026-08-17,2,45.49,50.03,39.69,4.38
2026-08-18,2026-08-17T10:55:46.837119+00:00,2026-08-12,2026-08-17,3,39.94,47.77,37.02,4.13
2026-08-18,2026-08-17T10:55:46.837119+00:00,2026-08-12,2026-08-17,4,39.66,47.68,36.57,3.65
2026-08-18,2026-08-17T10:55:46.837119+00:00,2026-08-12,2026-08-17,5,43.75,48.17,43.81,3.28
2026-08-18,2026-08-17T10:55:46.837119+00:00,2026-08-12,2026-08-17,6,52.7,53.38,57.01,4.78
2026-08-18,2026-08-17T10:55:46.837119+00:00,2026-08-12,2026-08-17,7,61.32,56.7,69.24,6.26
2026-08-18,2026-08-17T10:55:46.837119+00:00,2026-08-12,2026-08-17,8,64.36,76.42,67.08,8.48
2026-08-18,2026-08-17T10:55:46.837119+00:00,2026-08-12,2026-08-17,9,68.69,86.96,67.07,9.69
2026-08-18,2026-08-17T10:55:46.837119+00:00,2026-08-12,2026-08-17,10,70.49,90.65,70.85,9.69
2026-08-18,2026-08-17T10:55:46.837119+00:00,2026-08-12,2026-08-17,11,73.96,90.67,72.41,7.77
2026-08-18,2026-08-17T10:55:46.837119+00:00,2026-08-12,2026-08-17,12,92.16,92.6,90.01,15.54
2026-08-18,2026-08-17T10:55:46.837119+00:00,2026-08-12,2026-08-17,13,102.69,98.92,98.85,9.65
2026-08-18,2026-08-17T10:55:46.837119+00:00,2026-08-12,2026-08-17,14,107.92,114.88,109.78,13.32
2026-08-18,2026-08-17T10:55:46.837119+00:00,2026-08-12,2026-08-17,15,114.84,112.56,112.69,20.55
2026-08-18,2026-08-17T10:55:46.837119+00:00,2026-08-12,2026-08-17,16,116.33,114.38,111.97,15.93
2026-08-18,2026-08-17T10:55:46.837119+00:00,2026-08-12,2026-08-17,17,130.43,113.52,124.23,23.54
2026-08-18,2026-08-17T10:55:46.837119+00:00,2026-08-12,2026-08-17,18,134.82,117.44,127.96,23.19
2026-08-18,2026-08-17T10:55:46.837119+00:00,2026-08-12,2026-08-17,19,134.99,117.72,173.59,21.99
2026-08-18,2026-08-17T10:55:46.837119+00:00,2026-08-12,2026-08-17,20,138.65,115.52,141.09,16.74
2026-08-18,2026-08-17T10:55:46.837119+00:00,2026-08-12,2026-08-17,21,108.22,113.81,100.26,11.3
2026-08-18,2026-08-17T10:55:46.837119+00:00,2026-08-12,2026-08-17,22,102.51,103.97,92.0,8.89
2026-08-18,2026-08-17T10:55:46.837119+00:00,2026-08-12,2026-08-17,23,73.97,83.41,70.02,10.27
2026-08-18,2026-08-17T10:55:46.837119+00:00,2026-08-12,2026-08-17,24,59.01,61.23,60.34,4.75
2026-08-19,2026-08-18T10:54:04.194715+00:00,2026-08-12,2026-08-13,1,48.2,57.78,52.76,5.35
2026-08-19,2026-08-18T10:54:04.194715+00:00,2026-08-12,2026-08-13,2,44.25,50.03,44.1,4.55
2026-08-19,2026-08-18T10:54:04.194715+00:00,2026-08-12,2026-08-13,3,43.15,47.77,36.58,3.97
2026-08-19,2026-08-18T10:54:04.194715+00:00,2026-08-12,2026-08-13,4,41.55,47.68,38.09,3.49
2026-08-19,2026-08-18T10:54:04.194715+00:00,2026-08-12,2026-08-13,5,42.97,48.17,36.7,3.4
2026-08-19,2026-08-18T10:54:04.194715+00:00,2026-08-12,2026-08-13,6,47.42,53.38,50.36,4.58
2026-08-19,2026-08-18T10:54:04.194715+00:00,2026-08-12,2026-08-13,7,56.99,56.7,51.08,6.27
2026-08-19,2026-08-18T10:54:04.194715+00:00,2026-08-12,2026-08-13,8,54.15,76.42,57.04,8.09
2026-08-19,2026-08-18T10:54:04.194715+00:00,2026-08-12,2026-08-13,9,61.66,86.96,80.8,7.75
2026-08-19,2026-08-18T10:54:04.194715+00:00,2026-08-12,2026-08-13,10,63.13,90.65,81.21,8.88
2026-08-19,2026-08-18T10:54:04.194715+00:00,2026-08-12,2026-08-13,11,69.12,90.67,88.31,7.8
2026-08-19,2026-08-18T10:54:04.194715+00:00,2026-08-12,2026-08-13,12,75.39,92.6,90.22,14.29
2026-08-19,2026-08-18T10:54:04.194715+00:00,2026-08-12,2026-08-13,13,81.56,98.92,99.45,10.16
2026-08-19,2026-08-18T10:54:04.194715+00:00,2026-08-12,2026-08-13,14,78.32,114.88,102.94,11.78
2026-08-19,2026-08-18T10:54:04.194715+00:00,2026-08-12,2026-08-13,15,85.01,112.56,113.67,19.56
2026-08-19,2026-08-18T10:54:04.194715+00:00,2026-08-12,2026-08-13,16,93.43,114.38,112.19,16.38
2026-08-19,2026-08-18T10:54:04.194715+00:00,2026-08-12,2026-08-13,17,113.76,113.52,114.29,22.77
2026-08-19,2026-08-18T10:54:04.194715+00:00,2026-08-12,2026-08-13,18,116.59,117.44,118.24,17.98
2026-08-19,2026-08-18T10:54:04.194715+00:00,2026-08-12,2026-08-13,19,115.57,117.72,132.26,21.39
2026-08-19,2026-08-18T10:54:04.194715+00:00,2026-08-12,2026-08-13,20,104.02,115.52,116.83,17.39
2026-08-19,2026-08-18T10:54:04.194715+00:00,2026-08-12,2026-08-13,21,89.48,113.81,113.32,11.96
2026-08-19,2026-08-18T10:54:04.194715+00:00,2026-08-12,2026-08-13,22,78.34,103.97,101.69,9.54
2026-08-19,2026-08-18T10:54:04.194715+00:00,2026-08-12,2026-08-13,23,68.87,83.41,95.05,9.99
2026-08-19,2026-08-18T10:54:04.194715+00:00,2026-08-12,2026-08-13,24,46.39,61.23,71.89,5.4
2026-08-20,2026-08-19T10:53:53.394544+00:00,2026-08-14,2026-08-13,1,42.66,46.75,52.76,5.84
2026-08-20,2026-08-19T10:53:53.394544+00:00,2026-08-14,2026-08-13,2,41.33,37.36,44.1,4.36
2026-08-20,2026-08-19T10:53:53.394544+00:00,2026-08-14,2026-08-13,3,37.8,35.39,36.58,3.56
2026-08-20,2026-08-19T10:53:53.394544+00:00,2026-08-14,2026-08-13,4,38.91,36.19,38.09,3.22
2026-08-20,2026-08-19T10:53:53.394544+00:00,2026-08-14,2026-08-13,5,40.43,35.72,36.7,2.74
2026-08-20,2026-08-19T10:53:53.394544+00:00,2026-08-14,2026-08-13,6,45.94,42.72,50.36,4.81
2026-08-20,2026-08-19T10:53:53.394544+00:00,2026-08-14,2026-08-13,7,48.09,42.65,51.08,5.3
2026-08-20,2026-08-19T10:53:53.394544+00:00,2026-08-14,2026-08-13,8,48.67,52.15,57.04,7.37
2026-08-20,2026-08-19T10:53:53.394544+00:00,2026-08-14,2026-08-13,9,49.79,61.86,80.8,8.25
2026-08-20,2026-08-19T10:53:53.394544+00:00,2026-08-14,2026-08-13,10,55.67,70.19,81.21,8.63
2026-08-20,2026-08-19T10:53:53.394544+00:00,2026-08-14,2026-08-13,11,63.68,81.19,88.31,7.95
2026-08-20,2026-08-19T10:53:53.394544+00:00,2026-08-14,2026-08-13,12,69.54,88.3,90.22,14.03
2026-08-20,2026-08-19T10:53:53.394544+00:00,2026-08-14,2026-08-13,13,74.74,91.08,99.45,8.61
2026-08-20,2026-08-19T10:53:53.394544+00:00,2026-08-14,2026-08-13,14,74.74,93.9,102.94,11.43
2026-08-20,2026-08-19T10:53:53.394544+00:00,2026-08-14,2026-08-13,15,85.6,93.86,113.67,16.02
2026-08-20,2026-08-19T10:53:53.394544+00:00,2026-08-14,2026-08-13,16,90.88,93.65,112.19,13.51
2026-08-20,2026-08-19T10:53:53.394544+00:00,2026-08-14,2026-08-13,17,98.46,104.7,114.29,22.09
2026-08-20,2026-08-19T10:53:53.394544+00:00,2026-08-14,2026-08-13,18,100.99,107.79,118.24,17.31
2026-08-20,2026-08-19T10:53:53.394544+00:00,2026-08-14,2026-08-13,19,104.61,112.41,132.26,18.27
2026-08-20,2026-08-19T10:53:53.394544+00:00,2026-08-14,2026-08-13,20,97.71,94.12,116.83,14.88
2026-08-20,2026-08-19T10:53:53.394544+00:00,2026-08-14,2026-08-13,21,87.11,93.96,113.32,9.88
2026-08-20,2026-08-19T10:53:53.394544+00:00,2026-08-14,2026-08-13,22,72.7,87.92,101.69,10.03
2026-08-20,2026-08-19T10:53:53.394544+00:00,2026-08-14,2026-08-13,23,53.91,82.85,95.05,11.6
2026-08-20,2026-08-19T10:53:53.394544+00:00,2026-08-14,2026-08-13,24,42.74,50.83,71.89,5.31
2026-08-21,2026-08-20T10:55:38.556000+00:00,2026-08-20,2026-07-23,1,41.25,39.13,31.01,6.18
2026-08-21,2026-08-20T10:55:38.556000+00:00,2026-08-20,2026-07-23,2,36.96,36.99,32.54,4.29
2026-08-21,2026-08-20T10:55:38.556000+00:00,2026-08-20,2026-07-23,3,34.66,34.55,28.66,4.29
2026-08-21,2026-08-20T10:55:38.556000+00:00,2026-08-20,2026-07-23,4,35.3,35.14,30.04,3.79
2026-08-21,2026-08-20T10:55:38.556000+00:00,2026-08-20,2026-07-23,5,38.33,38.79,32.94,2.93
2026-08-21,2026-08-20T10:55:38.556000+00:00,2026-08-20,2026-07-23,6,42.82,48.62,33.06,4.89
2026-08-21,2026-08-20T10:55:38.556000+00:00,2026-08-20,2026-07-23,7,45.14,48.88,37.06,6.13
2026-08-21,2026-08-20T10:55:38.556000+00:00,2026-08-20,2026-07-23,8,44.43,44.84,36.7,7.94
2026-08-21,2026-08-20T10:55:38.556000+00:00,2026-08-20,2026-07-23,9,44.02,41.02,37.24,8.7
2026-08-21,2026-08-20T10:55:38.556000+00:00,2026-08-20,2026-07-23,10,48.55,51.3,37.81,7.94
2026-08-21,2026-08-20T10:55:38.556000+00:00,2026-08-20,2026-07-23,11,51.55,51.59,39.01,7.84
2026-08-21,2026-08-20T10:55:38.556000+00:00,2026-08-20,2026-07-23,12,55.89,55.05,40.05,12.92
2026-08-21,2026-08-20T10:55:38.556000+00:00,2026-08-20,2026-07-23,13,61.45,63.53,45.1,9.28
2026-08-21,2026-08-20T10:55:38.556000+00:00,2026-08-20,2026-07-23,14,67.53,71.61,45.37,10.7
2026-08-21,2026-08-20T10:55:38.556000+00:00,2026-08-20,2026-07-23,15,72.44,63.07,43.74,15.51
2026-08-21,2026-08-20T10:55:38.556000+00:00,2026-08-20,2026-07-23,16,87.74,82.26,45.53,11.48
2026-08-21,2026-08-20T10:55:38.556000+00:00,2026-08-20,2026-07-23,17,93.36,92.16,57.08,17.64
2026-08-21,2026-08-20T10:55:38.556000+00:00,2026-08-20,2026-07-23,18,94.94,92.35,58.42,19.76
2026-08-21,2026-08-20T10:55:38.556000+00:00,2026-08-20,2026-07-23,19,98.64,96.3,63.63,18.93
2026-08-21,2026-08-20T10:55:38.556000+00:00,2026-08-20,2026-07-23,20,92.41,93.42,63.72,14.2
2026-08-21,2026-08-20T10:55:38.556000+00:00,2026-08-20,2026-07-23,21,78.19,88.96,54.03,10.06
2026-08-21,2026-08-20T10:55:38.556000+00:00,2026-08-20,2026-07-23,22,58.83,66.68,43.24,8.77
2026-08-21,2026-08-20T10:55:38.556000+00:00,2026-08-20,2026-07-23,23,51.76,59.34,41.2,11.18
2026-08-21,2026-08-20T10:55:38.556000+00:00,2026-08-20,2026-07-23,24,44.13,44.17,38.87,5.15
2026-08-22,2026-08-21T10:55:47.684953+00:00,2026-08-15,2026-08-16,1,41.23,48.7,43.0,5.29
2026-08-22,2026-08-21T10:55:47.684953+00:00,2026-08-15,2026-08-16,2,37.73,44.79,41.08,4.22
2026-08-22,2026-08-21T10:55:47.684953+00:00,2026-08-15,2026-08-16,3,36.12,40.92,37.96,4.15
2026-08-22,2026-08-21T10:55:47.684953+00:00,2026-08-15,2026-08-16,4,34.74,37.54,35.53,3.7
2026-08-22,2026-08-21T10:55:47.684953+00:00,2026-08-15,2026-08-16,5,35.4,38.28,34.88,3.01
2026-08-22,2026-08-21T10:55:47.684953+00:00,2026-08-15,2026-08-16,6,35.26,38.5,34.75,4.73
2026-08-22,2026-08-21T10:55:47.684953+00:00,2026-08-15,2026-08-16,7,37.04,36.2,33.57,5.49
2026-08-22,2026-08-21T10:55:47.684953+00:00,2026-08-15,2026-08-16,8,40.05,39.03,35.93,8.04
2026-08-22,2026-08-21T10:55:47.684953+00:00,2026-08-15,2026-08-16,9,43.07,43.58,40.11,9.13
2026-08-22,2026-08-21T10:55:47.684953+00:00,2026-08-15,2026-08-16,10,47.75,48.85,44.33,9.46
2026-08-22,2026-08-21T10:55:47.684953+00:00,2026-08-15,2026-08-16,11,50.18,54.36,53.89,8.48
2026-08-22,2026-08-21T10:55:47.684953+00:00,2026-08-15,2026-08-16,12,51.39,68.04,69.34,14.81
2026-08-22,2026-08-21T10:55:47.684953+00:00,2026-08-15,2026-08-16,13,58.13,74.14,81.78,9.55
2026-08-22,2026-08-21T10:55:47.684953+00:00,2026-08-15,2026-08-16,14,62.34,87.19,87.18,11.04
2026-08-22,2026-08-21T10:55:47.684953+00:00,2026-08-15,2026-08-16,15,64.42,87.22,86.28,14.9
2026-08-22,2026-08-21T10:55:47.684953+00:00,2026-08-15,2026-08-16,16,77.4,90.13,92.6,10.4
2026-08-22,2026-08-21T10:55:47.684953+00:00,2026-08-15,2026-08-16,17,83.28,90.52,91.96,17.34
2026-08-22,2026-08-21T10:55:47.684953+00:00,2026-08-15,2026-08-16,18,88.29,91.57,93.55,15.03
2026-08-22,2026-08-21T10:55:47.684953+00:00,2026-08-15,2026-08-16,19,81.99,93.71,99.38,18.92
2026-08-22,2026-08-21T10:55:47.684953+00:00,2026-08-15,2026-08-16,20,79.03,90.14,94.37,13.08
2026-08-22,2026-08-21T10:55:47.684953+00:00,2026-08-15,2026-08-16,21,60.1,73.91,90.03,10.84
2026-08-22,2026-08-21T10:55:47.684953+00:00,2026-08-15,2026-08-16,22,47.66,72.57,81.5,10.86
2026-08-22,2026-08-21T10:55:47.684953+00:00,2026-08-15,2026-08-16,23,41.52,45.88,61.39,11.65
2026-08-22,2026-08-21T10:55:47.684953+00:00,2026-08-15,2026-08-16,24,40.18,44.56,49.44,4.2
2026-08-23,2026-08-22T10:47:37.920549+00:00,2026-07-18,2026-08-22,1,36.96,41.95,42.21,5.25
2026-08-23,2026-08-22T10:47:37.920549+00:00,2026-07-18,2026-08-22,2,35.31,34.45,39.95,4.35
2026-08-23,2026-08-22T10:47:37.920549+00:00,2026-07-18,2026-08-22,3,31.27,33.78,38.86,4.71
2026-08-23,2026-08-22T10:47:37.920549+00:00,2026-07-18,2026-08-22,4,32.26,28.25,37.18,4.49
2026-08-23,2026-08-22T10:47:37.920549+00:00,2026-07-18,2026-08-22,5,31.18,27.41,36.68,3.16
2026-08-23,2026-08-22T10:47:37.920549+00:00,2026-07-18,2026-08-22,6,29.6,23.98,34.44,5.88
2026-08-23,2026-08-22T10:47:37.920549+00:00,2026-07-18,2026-08-22,7,27.32,31.72,33.5,6.95
2026-08-23,2026-08-22T10:47:37.920549+00:00,2026-07-18,2026-08-22,8,31.67,37.42,38.54,7.79
2026-08-23,2026-08-22T10:47:37.920549+00:00,2026-07-18,2026-08-22,9,34.56,43.97,41.39,9.36
2026-08-23,2026-08-22T10:47:37.920549+00:00,2026-07-18,2026-08-22,10,39.8,53.01,46.86,8.97
2026-08-23,2026-08-22T10:47:37.920549+00:00,2026-07-18,2026-08-22,11,42.42,59.38,53.05,8.5
2026-08-23,2026-08-22T10:47:37.920549+00:00,2026-07-18,2026-08-22,12,41.69,60.03,55.2,15.36
2026-08-23,2026-08-22T10:47:37.920549+00:00,2026-07-18,2026-08-22,13,47.91,62.94,63.69,8.63
2026-08-23,2026-08-22T10:47:37.920549+00:00,2026-07-18,2026-08-22,14,53.55,62.36,67.45,10.87
2026-08-23,2026-08-22T10:47:37.920549+00:00,2026-07-18,2026-08-22,15,53.11,55.79,73.51,17.57
2026-08-23,2026-08-22T10:47:37.920549+00:00,2026-07-18,2026-08-22,16,60.36,53.4,78.42,11.58
2026-08-23,2026-08-22T10:47:37.920549+00:00,2026-07-18,2026-08-22,17,71.69,62.07,87.97,20.15
2026-08-23,2026-08-22T10:47:37.920549+00:00,2026-07-18,2026-08-22,18,74.73,54.81,90.54,17.72
2026-08-23,2026-08-22T10:47:37.920549+00:00,2026-07-18,2026-08-22,19,80.58,49.99,90.16,21.82
2026-08-23,2026-08-22T10:47:37.920549+00:00,2026-07-18,2026-08-22,20,80.0,51.76,79.64,13.38
2026-08-23,2026-08-22T10:47:37.920549+00:00,2026-07-18,2026-08-22,21,64.96,52.88,68.9,12.0
2026-08-23,2026-08-22T10:47:37.920549+00:00,2026-07-18,2026-08-22,22,44.09,50.95,52.32,10.82
2026-08-23,2026-08-22T10:47:37.920549+00:00,2026-07-18,2026-08-22,23,38.92,42.43,45.3,11.26
2026-08-23,2026-08-22T10:47:37.920549+00:00,2026-07-18,2026-08-22,24,36.64,39.76,44.74,5.49
2026-08-24,2026-08-25T00:19:21.236231+00:00,2025-09-04,2025-06-05,1,35.31,29.01,33.58,4.4
2026-08-24,2026-08-25T00:19:21.236231+00:00,2025-09-04,2025-06-05,2,35.73,24.49,15.34,4.0
2026-08-24,2026-08-25T00:19:21.236231+00:00,2025-09-04,2025-06-05,3,32.45,22.47,14.57,3.84
2026-08-24,2026-08-25T00:19:21.236231+00:00,2025-09-04,2025-06-05,4,33.17,23.04,26.72,3.98
2026-08-24,2026-08-25T00:19:21.236231+00:00,2025-09-04,2025-06-05,5,35.31,26.62,31.74,3.3
2026-08-24,2026-08-25T00:19:21.236231+00:00,2025-09-04,2025-06-05,6,38.85,35.73,33.82,5.13
2026-08-24,2026-08-25T00:19:21.236231+00:00,2025-09-04,2025-06-05,7,44.36,38.68,35.23,6.34
2026-08-24,2026-08-25T00:19:21.236231+00:00,2025-09-04,2025-06-05,8,47.04,40.21,39.01,7.66
2026-08-24,2026-08-25T00:19:21.236231+00:00,2025-09-04,2025-06-05,9,43.03,37.91,41.08,8.22
2026-08-24,2026-08-25T00:19:21.236231+00:00,2025-09-04,2025-06-05,10,44.98,39.61,38.97,7.28
2026-08-24,2026-08-25T00:19:21.236231+00:00,2025-09-04,2025-06-05,11,45.55,39.77,39.22,7.85
2026-08-24,2026-08-25T00:19:21.236231+00:00,2025-09-04,2025-06-05,12,48.5,40.58,39.09,11.41
2026-08-24,2026-08-25T00:19:21.236231+00:00,2025-09-04,2025-06-05,13,48.92,40.3,39.21,9.2
2026-08-24,2026-08-25T00:19:21.236231+00:00,2025-09-04,2025-06-05,14,46.61,40.79,42.29,9.24
2026-08-24,2026-08-25T00:19:21.236231+00:00,2025-09-04,2025-06-05,15,48.84,42.0,48.01,12.41
2026-08-24,2026-08-25T00:19:21.236231+00:00,2025-09-04,2025-06-05,16,54.61,47.48,49.7,10.44
2026-08-24,2026-08-25T00:19:21.236231+00:00,2025-09-04,2025-06-05,17,68.03,59.6,59.73,15.5
2026-08-24,2026-08-25T00:19:21.236231+00:00,2025-09-04,2025-06-05,18,68.28,58.87,62.19,13.31
2026-08-24,2026-08-25T00:19:21.236231+00:00,2025-09-04,2025-06-05,19,71.25,59.57,67.42,13.94
2026-08-24,2026-08-25T00:19:21.236231+00:00,2025-09-04,2025-06-05,20,74.64,54.68,61.78,9.53
2026-08-24,2026-08-25T00:19:21.236231+00:00,2025-09-04,2025-06-05,21,65.23,46.38,51.53,8.65
2026-08-24,2026-08-25T00:19:21.236231+00:00,2025-09-04,2025-06-05,22,56.3,38.89,38.15,10.05
2026-08-24,2026-08-25T00:19:21.236231+00:00,2025-09-04,2025-06-05,23,47.93,37.28,38.3,13.24
2026-08-24,2026-08-25T00:19:21.236231+00:00,2025-09-04,2025-06-05,24,44.77,32.3,34.49,5.96
2026-08-25,2026-08-25T02:11:57.035391+00:00,2025-09-26,2025-09-25,1,37.72,48.52,46.75,4.33
2026-08-25,2026-08-25T02:11:57.035391+00:00,2025-09-26,2025-09-25,2,36.57,46.63,42.86,4.24
2026-08-25,2026-08-25T02:11:57.035391+00:00,2025-09-26,2025-09-25,3,34.7,43.08,41.3,4.29
2026-08-25,2026-08-25T02:11:57.035391+00:00,2025-09-26,2025-09-25,4,35.72,45.6,44.52,3.96
2026-08-25,2026-08-25T02:11:57.035391+00:00,2025-09-26,2025-09-25,5,36.08,41.37,42.41,3.32
2026-08-25,2026-08-25T02:11:57.035391+00:00,2025-09-26,2025-09-25,6,40.12,50.03,43.13,5.89
2026-08-25,2026-08-25T02:11:57.035391+00:00,2025-09-26,2025-09-25,7,46.87,73.4,68.34,6.66
2026-08-25,2026-08-25T02:11:57.035391+00:00,2025-09-26,2025-09-25,8,47.32,88.81,82.24,8.17
2026-08-25,2026-08-25T02:11:57.035391+00:00,2025-09-26,2025-09-25,9,47.48,87.91,84.97,8.46
2026-08-25,2026-08-25T02:11:57.035391+00:00,2025-09-26,2025-09-25,10,49.83,79.09,84.72,7.9
2026-08-25,2026-08-25T02:11:57.035391+00:00,2025-09-26,2025-09-25,11,49.96,78.06,69.78,7.51
2026-08-25,2026-08-25T02:11:57.035391+00:00,2025-09-26,2025-09-25,12,51.48,88.75,83.84,10.69
2026-08-25,2026-08-25T02:11:57.035391+00:00,2025-09-26,2025-09-25,13,50.49,99.14,85.33,8.64
2026-08-25,2026-08-25T02:11:57.035391+00:00,2025-09-26,2025-09-25,14,57.73,99.29,70.17,9.75
2026-08-25,2026-08-25T02:11:57.035391+00:00,2025-09-26,2025-09-25,15,60.97,101.13,84.97,14.69
2026-08-25,2026-08-25T02:11:57.035391+00:00,2025-09-26,2025-09-25,16,76.94,98.3,85.33,11.13
2026-08-25,2026-08-25T02:11:57.035391+00:00,2025-09-26,2025-09-25,17,93.88,118.02,102.06,16.81
2026-08-25,2026-08-25T02:11:57.035391+00:00,2025-09-26,2025-09-25,18,100.51,93.0,94.48,16.74
2026-08-25,2026-08-25T02:11:57.035391+00:00,2025-09-26,2025-09-25,19,108.21,126.57,101.53,15.06
2026-08-25,2026-08-25T02:11:57.035391+00:00,2025-09-26,2025-09-25,20,101.96,101.99,87.04,10.48
2026-08-25,2026-08-25T02:11:57.035391+00:00,2025-09-26,2025-09-25,21,83.21,102.41,84.77,9.25
2026-08-25,2026-08-25T02:11:57.035391+00:00,2025-09-26,2025-09-25,22,56.47,90.58,52.66,11.78
2026-08-25,2026-08-25T02:11:57.035391+00:00,2025-09-26,2025-09-25,23,50.42,73.86,45.42,14.72
2026-08-25,2026-08-25T02:11:57.035391+00:00,2025-09-26,2025-09-25,24,44.86,49.88,43.72,6.97
2026-08-26,2026-08-25T10:57:57.789218+00:00,2026-08-20,2026-08-12,1,38.75,39.13,57.78,4.19
2026-08-26,2026-08-25T10:57:57.789218+00:00,2026-08-20,2026-08-12,2,37.62,36.99,50.03,3.89
2026-08-26,2026-08-25T10:57:57.789218+00:00,2026-08-20,2026-08-12,3,34.38,34.55,47.77,3.49
2026-08-26,2026-08-25T10:57:57.789218+00:00,2026-08-20,2026-08-12,4,35.77,35.14,47.68,3.63
2026-08-26,2026-08-25T10:57:57.789218+00:00,2026-08-20,2026-08-12,5,38.15,38.79,48.17,3.37
2026-08-26,2026-08-25T10:57:57.789218+00:00,2026-08-20,2026-08-12,6,41.28,48.62,53.38,5.46
2026-08-26,2026-08-25T10:57:57.789218+00:00,2026-08-20,2026-08-12,7,45.13,48.88,56.7,6.27
2026-08-26,2026-08-25T10:57:57.789218+00:00,2026-08-20,2026-08-12,8,44.85,44.84,76.42,7.63
2026-08-26,2026-08-25T10:57:57.789218+00:00,2026-08-20,2026-08-12,9,45.2,41.02,86.96,8.07
2026-08-26,2026-08-25T10:57:57.789218+00:00,2026-08-20,2026-08-12,10,45.05,51.3,90.65,7.98
2026-08-26,2026-08-25T10:57:57.789218+00:00,2026-08-20,2026-08-12,11,46.57,51.59,90.67,6.85
2026-08-26,2026-08-25T10:57:57.789218+00:00,2026-08-20,2026-08-12,12,46.97,55.05,92.6,11.25
2026-08-26,2026-08-25T10:57:57.789218+00:00,2026-08-20,2026-08-12,13,53.49,63.53,98.92,7.14
2026-08-26,2026-08-25T10:57:57.789218+00:00,2026-08-20,2026-08-12,14,59.04,71.61,114.88,8.68
2026-08-26,2026-08-25T10:57:57.789218+00:00,2026-08-20,2026-08-12,15,69.06,63.07,112.56,12.71
2026-08-26,2026-08-25T10:57:57.789218+00:00,2026-08-20,2026-08-12,16,80.08,82.26,114.38,10.27
2026-08-26,2026-08-25T10:57:57.789218+00:00,2026-08-20,2026-08-12,17,92.31,92.16,113.52,16.22
2026-08-26,2026-08-25T10:57:57.789218+00:00,2026-08-20,2026-08-12,18,93.73,92.35,117.44,16.06
2026-08-26,2026-08-25T10:57:57.789218+00:00,2026-08-20,2026-08-12,19,96.53,96.3,117.72,17.38
2026-08-26,2026-08-25T10:57:57.789218+00:00,2026-08-20,2026-08-12,20,89.22,93.42,115.52,10.01
2026-08-26,2026-08-25T10:57:57.789218+00:00,2026-08-20,2026-08-12,21,75.96,88.96,113.81,8.02
2026-08-26,2026-08-25T10:57:57.789218+00:00,2026-08-20,2026-08-12,22,53.74,66.68,103.97,11.24
2026-08-26,2026-08-25T10:57:57.789218+00:00,2026-08-20,2026-08-12,23,49.64,59.34,83.41,13.04
2026-08-26,2026-08-25T10:57:57.789218+00:00,2026-08-20,2026-08-12,24,44.0,44.17,61.23,5.88
2026-08-27,2026-08-26T10:59:49.073430+00:00,2026-06-22,2025-10-07,1,40.95,27.96,41.58,4.37
2026-08-27,2026-08-26T10:59:49.073430+00:00,2026-06-22,2025-10-07,2,34.5,26.74,39.52,3.34
2026-08-27,2026-08-26T10:59:49.073430+00:00,2026-06-22,2025-10-07,3,33.6,25.96,36.34,3.15
2026-08-27,2026-08-26T10:59:49.073430+00:00,2026-06-22,2025-10-07,4,33.19,25.86,36.17,3.09
2026-08-27,2026-08-26T10:59:49.073430+00:00,2026-06-22,2025-10-07,5,34.93,25.98,38.34,3.4
2026-08-27,2026-08-26T10:59:49.073430+00:00,2026-06-22,2025-10-07,6,39.42,29.62,42.13,5.86
2026-08-27,2026-08-26T10:59:49.073430+00:00,2026-06-22,2025-10-07,7,41.99,39.01,68.36,6.5
2026-08-27,2026-08-26T10:59:49.073430+00:00,2026-06-22,2025-10-07,8,45.15,39.14,65.98,7.64
2026-08-27,2026-08-26T10:59:49.073430+00:00,2026-06-22,2025-10-07,9,47.82,40.76,71.04,7.27
2026-08-27,2026-08-26T10:59:49.073430+00:00,2026-06-22,2025-10-07,10,48.96,39.0,74.47,6.61
2026-08-27,2026-08-26T10:59:49.073430+00:00,2026-06-22,2025-10-07,11,50.67,38.76,70.98,7.17
2026-08-27,2026-08-26T10:59:49.073430+00:00,2026-06-22,2025-10-07,12,51.67,41.88,71.0,10.71
2026-08-27,2026-08-26T10:59:49.073430+00:00,2026-06-22,2025-10-07,13,59.38,44.99,68.8,7.38
2026-08-27,2026-08-26T10:59:49.073430+00:00,2026-06-22,2025-10-07,14,63.88,36.98,68.93,8.78
2026-08-27,2026-08-26T10:59:49.073430+00:00,2026-06-22,2025-10-07,15,69.31,39.87,62.15,11.36
2026-08-27,2026-08-26T10:59:49.073430+00:00,2026-06-22,2025-10-07,16,82.42,48.24,90.45,9.6
2026-08-27,2026-08-26T10:59:49.073430+00:00,2026-06-22,2025-10-07,17,94.41,59.76,103.72,14.64
2026-08-27,2026-08-26T10:59:49.073430+00:00,2026-06-22,2025-10-07,18,98.91,59.77,112.76,12.97
2026-08-27,2026-08-26T10:59:49.073430+00:00,2026-06-22,2025-10-07,19,97.9,60.34,105.92,13.03
2026-08-27,2026-08-26T10:59:49.073430+00:00,2026-06-22,2025-10-07,20,97.59,62.68,86.47,9.19
2026-08-27,2026-08-26T10:59:49.073430+00:00,2026-06-22,2025-10-07,21,79.65,59.35,66.64,9.26
2026-08-27,2026-08-26T10:59:49.073430+00:00,2026-06-22,2025-10-07,22,59.02,46.26,48.04,8.92
2026-08-27,2026-08-26T10:59:49.073430+00:00,2026-06-22,2025-10-07,23,47.52,35.67,41.41,10.66
2026-08-27,2026-08-26T10:59:49.073430+00:00,2026-06-22,2025-10-07,24,43.81,33.19,38.59,6.23
2026-08-28,2026-08-27T13:55:23.151909+00:00,2025-08-04,2025-09-24,1,42.59,57.08,46.27,3.92
2026-08-28,2026-08-27T13:55:23.151909+00:00,2025-08-04,2025-09-24,2,36.85,41.66,43.66,3.14
2026-08-28,2026-08-27T13:55:23.151909+00:00,2025-08-04,2025-09-24,3,36.84,37.14,40.54,3.29
2026-08-28,2026-08-27T13:55:23.151909+00:00,2025-08-04,2025-09-24,4,36.84,35.82,38.93,3.03
2026-08-28,2026-08-27T13:55:23.151909+00:00,2025-08-04,2025-09-24,5,36.77,39.24,41.2,3.24
2026-08-28,2026-08-27T13:55:23.151909+00:00,2025-08-04,2025-09-24,6,37.84,35.54,60.7,5.13
2026-08-28,2026-08-27T13:55:23.151909+00:00,2025-08-04,2025-09-24,7,43.33,35.23,96.3,6.71
2026-08-28,2026-08-27T13:55:23.151909+00:00,2025-08-04,2025-09-24,8,43.67,38.77,98.04,7.83
2026-08-28,2026-08-27T13:55:23.151909+00:00,2025-08-04,2025-09-24,9,46.59,38.88,91.05,8.08
2026-08-28,2026-08-27T13:55:23.151909+00:00,2025-08-04,2025-09-24,10,47.51,42.77,98.65,7.65
2026-08-28,2026-08-27T13:55:23.151909+00:00,2025-08-04,2025-09-24,11,48.37,47.62,99.97,6.5
2026-08-28,2026-08-27T13:55:23.151909+00:00,2025-08-04,2025-09-24,12,51.6,62.71,101.82,11.62
2026-08-28,2026-08-27T13:55:23.151909+00:00,2025-08-04,2025-09-24,13,52.31,68.83,112.61,7.42
2026-08-28,2026-08-27T13:55:23.151909+00:00,2025-08-04,2025-09-24,14,54.53,76.61,118.0,8.54
2026-08-28,2026-08-27T13:55:23.151909+00:00,2025-08-04,2025-09-24,15,59.99,88.66,115.15,11.86
2026-08-28,2026-08-27T13:55:23.151909+00:00,2025-08-04,2025-09-24,16,76.4,106.12,113.77,11.46
2026-08-28,2026-08-27T13:55:23.151909+00:00,2025-08-04,2025-09-24,17,84.69,110.99,119.83,15.44
2026-08-28,2026-08-27T13:55:23.151909+00:00,2025-08-04,2025-09-24,18,88.67,108.88,100.0,13.37
2026-08-28,2026-08-27T13:55:23.151909+00:00,2025-08-04,2025-09-24,19,98.75,108.08,109.66,15.21
2026-08-28,2026-08-27T13:55:23.151909+00:00,2025-08-04,2025-09-24,20,93.3,109.14,116.91,9.94
2026-08-28,2026-08-27T13:55:23.151909+00:00,2025-08-04,2025-09-24,21,76.93,102.47,92.27,8.54
2026-08-28,2026-08-27T13:55:23.151909+00:00,2025-08-04,2025-09-24,22,61.82,61.91,62.69,10.35
2026-08-28,2026-08-27T13:55:23.151909+00:00,2025-08-04,2025-09-24,23,49.18,39.98,43.0,11.4
2026-08-28,2026-08-27T13:55:23.151909+00:00,2025-08-04,2025-09-24,24,42.8,36.65,38.9,6.24
2026-08-29,2026-08-28T03:39:37.428432+00:00,2026-06-07,2025-09-14,1,40.37,25.64,32.53,3.69
2026-08-29,2026-08-28T03:39:37.428432+00:00,2026-06-07,2025-09-14,2,37.94,22.12,31.51,2.58
2026-08-29,2026-08-28T03:39:37.428432+00:00,2026-06-07,2025-09-14,3,37.01,17.89,31.06,2.83
2026-08-29,2026-08-28T03:39:37.428432+00:00,2026-06-07,2025-09-14,4,36.29,16.53,31.05,2.58
2026-08-29,2026-08-28T03:39:37.428432+00:00,2026-06-07,2025-09-14,5,36.38,11.65,31.06,3.26
2026-08-29,2026-08-28T03:39:37.428432+00:00,2026-06-07,2025-09-14,6,35.44,14.72,30.71,4.44
2026-08-29,2026-08-28T03:39:37.428432+00:00,2026-06-07,2025-09-14,7,38.32,28.89,32.39,6.24
2026-08-29,2026-08-28T03:39:37.428432+00:00,2026-06-07,2025-09-14,8,40.8,26.17,36.74,8.02
2026-08-29,2026-08-28T03:39:37.428432+00:00,2026-06-07,2025-09-14,9,40.21,31.1,41.63,7.41
2026-08-29,2026-08-28T03:39:37.428432+00:00,2026-06-07,2025-09-14,10,45.0,34.23,37.14,6.21
2026-08-29,2026-08-28T03:39:37.428432+00:00,2026-06-07,2025-09-14,11,43.57,35.78,36.85,5.58
2026-08-29,2026-08-28T03:39:37.428432+00:00,2026-06-07,2025-09-14,12,44.54,36.89,37.26,5.41
2026-08-29,2026-08-28T03:39:37.428432+00:00,2026-06-07,2025-09-14,13,51.01,35.93,41.64,5.98
2026-08-29,2026-08-28T03:39:37.428432+00:00,2026-06-07,2025-09-14,14,49.35,36.14,40.46,7.17
2026-08-29,2026-08-28T03:39:37.428432+00:00,2026-06-07,2025-09-14,15,48.13,37.91,41.93,8.11
2026-08-29,2026-08-28T03:39:37.428432+00:00,2026-06-07,2025-09-14,16,54.67,37.21,48.25,10.75
2026-08-29,2026-08-28T03:39:37.428432+00:00,2026-06-07,2025-09-14,17,65.44,52.48,68.42,13.98
2026-08-29,2026-08-28T03:39:37.428432+00:00,2026-06-07,2025-09-14,18,76.78,72.7,83.27,13.88
2026-08-29,2026-08-28T03:39:37.428432+00:00,2026-06-07,2025-09-14,19,79.92,88.53,83.89,16.0
2026-08-29,2026-08-28T03:39:37.428432+00:00,2026-06-07,2025-09-14,20,70.51,67.89,68.81,8.88
2026-08-29,2026-08-28T03:39:37.428432+00:00,2026-06-07,2025-09-14,21,55.95,60.73,47.21,8.54
2026-08-29,2026-08-28T03:39:37.428432+00:00,2026-06-07,2025-09-14,22,50.0,50.01,41.64,9.49
2026-08-29,2026-08-28T03:39:37.428432+00:00,2026-06-07,2025-09-14,23,43.97,40.46,37.36,10.76
2026-08-29,2026-08-28T03:39:37.428432+00:00,2026-06-07,2025-09-14,24,42.69,36.51,33.9,6.37
2026-08-30,2026-08-29T15:12:13.020298+00:00,2025-07-20,2026-08-29,1,38.27,46.02,39.14,3.6
2026-08-30,2026-08-29T15:12:13.020298+00:00,2025-07-20,2026-08-29,2,33.95,37.42,33.27,2.8
2026-08-30,2026-08-29T15:12:13.020298+00:00,2025-07-20,2026-08-29,3,31.85,36.31,27.89,3.2
2026-08-30,2026-08-29T15:12:13.020298+00:00,2025-07-20,2026-08-29,4,31.85,35.78,28.4,2.72
2026-08-30,2026-08-29T15:12:13.020298+00:00,2025-07-20,2026-08-29,5,32.85,33.42,34.2,2.85
2026-08-30,2026-08-29T15:12:13.020298+00:00,2025-07-20,2026-08-29,6,32.5,32.66,32.92,4.51
2026-08-30,2026-08-29T15:12:13.020298+00:00,2025-07-20,2026-08-29,7,32.37,35.45,33.01,6.04
2026-08-30,2026-08-29T15:12:13.020298+00:00,2025-07-20,2026-08-29,8,35.99,36.81,33.07,8.85
2026-08-30,2026-08-29T15:12:13.020298+00:00,2025-07-20,2026-08-29,9,35.7,37.95,33.55,8.98
2026-08-30,2026-08-29T15:12:13.020298+00:00,2025-07-20,2026-08-29,10,39.71,46.33,36.37,7.2
2026-08-30,2026-08-29T15:12:13.020298+00:00,2025-07-20,2026-08-29,11,40.6,45.21,34.22,6.52
2026-08-30,2026-08-29T15:12:13.020298+00:00,2025-07-20,2026-08-29,12,42.11,49.45,36.46,6.8
2026-08-30,2026-08-29T15:12:13.020298+00:00,2025-07-20,2026-08-29,13,41.96,49.79,36.52,6.27
2026-08-30,2026-08-29T15:12:13.020298+00:00,2025-07-20,2026-08-29,14,44.78,46.61,38.66,6.88
2026-08-30,2026-08-29T15:12:13.020298+00:00,2025-07-20,2026-08-29,15,45.72,49.27,40.93,8.83
2026-08-30,2026-08-29T15:12:13.020298+00:00,2025-07-20,2026-08-29,16,50.04,71.12,45.22,11.69
2026-08-30,2026-08-29T15:12:13.020298+00:00,2025-07-20,2026-08-29,17,60.22,108.11,62.01,13.95
2026-08-30,2026-08-29T15:12:13.020298+00:00,2025-07-20,2026-08-29,18,68.89,110.21,67.05,14.35
2026-08-30,2026-08-29T15:12:13.020298+00:00,2025-07-20,2026-08-29,19,67.1,110.18,73.95,15.62
2026-08-30,2026-08-29T15:12:13.020298+00:00,2025-07-20,2026-08-29,20,63.62,100.16,54.66,11.62
2026-08-30,2026-08-29T15:12:13.020298+00:00,2025-07-20,2026-08-29,21,54.26,82.77,48.04,10.06
2026-08-30,2026-08-29T15:12:13.020298+00:00,2025-07-20,2026-08-29,22,42.64,60.2,42.85,8.57
2026-08-30,2026-08-29T15:12:13.020298+00:00,2025-07-20,2026-08-29,23,40.37,47.8,40.17,8.99
2026-08-30,2026-08-29T15:12:13.020298+00:00,2025-07-20,2026-08-29,24,39.54,39.58,42.86,5.46
2026-08-31,2026-08-30T14:57:06.545524+00:00,2026-08-27,2026-08-19,1,37.03,37.98,46.36,2.9
2026-08-31,2026-08-30T14:57:06.545524+00:00,2026-08-27,2026-08-19,2,33.94,34.16,40.1,2.37
2026-08-31,2026-08-30T14:57:06.545524+00:00,2026-08-27,2026-08-19,3,34.7,33.46,37.87,3.09
2026-08-31,2026-08-30T14:57:06.545524+00:00,2026-08-27,2026-08-19,4,35.19,33.13,37.77,2.75
2026-08-31,2026-08-30T14:57:06.545524+00:00,2026-08-27,2026-08-19,5,36.23,33.6,39.85,3.07
2026-08-31,2026-08-30T14:57:06.545524+00:00,2026-08-27,2026-08-19,6,39.05,35.94,51.72,4.8
2026-08-31,2026-08-30T14:57:06.545524+00:00,2026-08-27,2026-08-19,7,43.13,42.03,57.78,6.16
2026-08-31,2026-08-30T14:57:06.545524+00:00,2026-08-27,2026-08-19,8,44.55,46.36,54.74,7.72
2026-08-31,2026-08-30T14:57:06.545524+00:00,2026-08-27,2026-08-19,9,46.86,49.25,54.64,7.44
2026-08-31,2026-08-30T14:57:06.545524+00:00,2026-08-27,2026-08-19,10,49.12,50.88,66.62,5.9
2026-08-31,2026-08-30T14:57:06.545524+00:00,2026-08-27,2026-08-19,11,57.98,53.47,78.4,6.18
2026-08-31,2026-08-30T14:57:06.545524+00:00,2026-08-27,2026-08-19,12,60.76,57.62,80.35,5.58
2026-08-31,2026-08-30T14:57:06.545524+00:00,2026-08-27,2026-08-19,13,63.41,63.26,88.22,6.77
2026-08-31,2026-08-30T14:57:06.545524+00:00,2026-08-27,2026-08-19,14,77.8,64.55,88.69,7.85
2026-08-31,2026-08-30T14:57:06.545524+00:00,2026-08-27,2026-08-19,15,82.76,70.86,89.07,8.28
2026-08-31,2026-08-30T14:57:06.545524+00:00,2026-08-27,2026-08-19,16,82.45,81.45,90.5,10.87
2026-08-31,2026-08-30T14:57:06.545524+00:00,2026-08-27,2026-08-19,17,97.4,88.79,95.27,14.28
2026-08-31,2026-08-30T14:57:06.545524+00:00,2026-08-27,2026-08-19,18,96.26,91.75,94.19,13.1
2026-08-31,2026-08-30T14:57:06.545524+00:00,2026-08-27,2026-08-19,19,95.69,124.23,106.24,15.22
2026-08-31,2026-08-30T14:57:06.545524+00:00,2026-08-27,2026-08-19,20,89.08,102.02,101.75,9.72
2026-08-31,2026-08-30T14:57:06.545524+00:00,2026-08-27,2026-08-19,21,71.83,80.31,96.14,8.42
2026-08-31,2026-08-30T14:57:06.545524+00:00,2026-08-27,2026-08-19,22,60.26,71.82,87.27,7.11
2026-08-31,2026-08-30T14:57:06.545524+00:00,2026-08-27,2026-08-19,23,44.26,50.74,62.66,8.36
2026-08-31,2026-08-30T14:57:06.545524+00:00,2026-08-27,2026-08-19,24,43.84,42.31,43.68,5.29
2026-09-01,2026-08-30T21:58:38.390200+00:00,2025-07-03,2025-06-17,1,40.98,67.46,22.85,2.93
2026-09-01,2026-08-30T21:58:38.390200+00:00,2025-07-03,2025-06-17,2,36.41,43.77,24.04,3.01
2026-09-01,2026-08-30T21:58:38.390200+00:00,2025-07-03,2025-06-17,3,34.86,38.02,19.88,3.35
2026-09-01,2026-08-30T21:58:38.390200+00:00,2025-07-03,2025-06-17,4,35.35,36.64,18.81,3.17
2026-09-01,2026-08-30T21:58:38.390200+00:00,2025-07-03,2025-06-17,5,35.08,35.66,18.31,3.26
2026-09-01,2026-08-30T21:58:38.390200+00:00,2025-07-03,2025-06-17,6,46.54,37.73,31.26,4.08
2026-09-01,2026-08-30T21:58:38.390200+00:00,2025-07-03,2025-06-17,7,52.95,44.43,34.16,5.5
2026-09-01,2026-08-30T21:58:38.390200+00:00,2025-07-03,2025-06-17,8,61.48,49.48,39.19,6.71
2026-09-01,2026-08-30T21:58:38.390200+00:00,2025-07-03,2025-06-17,9,66.37,51.24,41.26,6.36
2026-09-01,2026-08-30T21:58:38.390200+00:00,2025-07-03,2025-06-17,10,69.14,52.54,37.7,5.59
2026-09-01,2026-08-30T21:58:38.390200+00:00,2025-07-03,2025-06-17,11,86.37,62.56,39.36,4.68
2026-09-01,2026-08-30T21:58:38.390200+00:00,2025-07-03,2025-06-17,12,98.56,75.93,40.09,4.49
2026-09-01,2026-08-30T21:58:38.390200+00:00,2025-07-03,2025-06-17,13,100.34,81.87,44.11,6.07
2026-09-01,2026-08-30T21:58:38.390200+00:00,2025-07-03,2025-06-17,14,110.55,90.82,44.22,6.63
2026-09-01,2026-08-30T21:58:38.390200+00:00,2025-07-03,2025-06-17,15,108.66,93.17,44.9,8.12
2026-09-01,2026-08-30T21:58:38.390200+00:00,2025-07-03,2025-06-17,16,112.69,91.63,58.4,9.91
2026-09-01,2026-08-30T21:58:38.390200+00:00,2025-07-03,2025-06-17,17,125.24,101.69,62.56,12.37
2026-09-01,2026-08-30T21:58:38.390200+00:00,2025-07-03,2025-06-17,18,100.24,103.88,80.96,13.64
2026-09-01,2026-08-30T21:58:38.390200+00:00,2025-07-03,2025-06-17,19,97.34,105.57,80.62,13.3
2026-09-01,2026-08-30T21:58:38.390200+00:00,2025-07-03,2025-06-17,20,88.2,104.0,76.82,9.59
2026-09-01,2026-08-30T21:58:38.390200+00:00,2025-07-03,2025-06-17,21,82.42,92.48,41.93,8.56
2026-09-01,2026-08-30T21:58:38.390200+00:00,2025-07-03,2025-06-17,22,59.08,68.08,38.08,7.63
2026-09-01,2026-08-30T21:58:38.390200+00:00,2025-07-03,2025-06-17,23,46.8,48.8,37.78,7.66
2026-09-01,2026-08-30T21:58:38.390200+00:00,2025-07-03,2025-06-17,24,44.83,46.51,33.94,5.3
2026-09-02,2026-09-01T15:03:14.952786+00:00,2025-09-22,2025-06-22,1,48.05,32.56,26.61,3.54
2026-09-02,2026-09-01T15:03:14.952786+00:00,2025-09-22,2025-06-22,2,45.73,32.45,22.47,3.45
2026-09-02,2026-09-01T15:03:14.952786+00:00,2025-09-22,2025-06-22,3,44.97,32.44,18.1,3.51
2026-09-02,2026-09-01T15:03:14.952786+00:00,2025-09-22,2025-06-22,4,41.51,33.49,14.71,3.78
2026-09-02,2026-09-01T15:03:14.952786+00:00,2025-09-22,2025-06-22,5,43.76,33.36,14.53,3.41
2026-09-02,2026-09-01T15:03:14.952786+00:00,2025-09-22,2025-06-22,6,52.53,38.43,15.7,4.53
2026-09-02,2026-09-01T15:03:14.952786+00:00,2025-09-22,2025-06-22,7,68.24,46.64,14.59,6.4
2026-09-02,2026-09-01T15:03:14.952786+00:00,2025-09-22,2025-06-22,8,67.96,57.54,37.98,5.5
2026-09-02,2026-09-01T15:03:14.952786+00:00,2025-09-22,2025-06-22,9,76.91,57.53,38.94,5.71
2026-09-02,2026-09-01T15:03:14.952786+00:00,2025-09-22,2025-06-22,10,89.75,65.13,41.55,4.51
2026-09-02,2026-09-01T15:03:14.952786+00:00,2025-09-22,2025-06-22,11,101.3,72.7,62.81,5.57
2026-09-02,2026-09-01T15:03:14.952786+00:00,2025-09-22,2025-06-22,12,102.6,74.46,69.33,4.72
2026-09-02,2026-09-01T15:03:14.952786+00:00,2025-09-22,2025-06-22,13,124.56,81.06,64.95,6.58
2026-09-02,2026-09-01T15:03:14.952786+00:00,2025-09-22,2025-06-22,14,128.6,87.06,64.99,6.94
2026-09-02,2026-09-01T15:03:14.952786+00:00,2025-09-22,2025-06-22,15,131.3,99.99,69.2,8.01
2026-09-02,2026-09-01T15:03:14.952786+00:00,2025-09-22,2025-06-22,16,143.62,110.95,88.5,9.71
2026-09-02,2026-09-01T15:03:14.952786+00:00,2025-09-22,2025-06-22,17,142.45,109.27,87.13,14.97
2026-09-02,2026-09-01T15:03:14.952786+00:00,2025-09-22,2025-06-22,18,146.37,108.89,113.59,15.75
2026-09-02,2026-09-01T15:03:14.952786+00:00,2025-09-22,2025-06-22,19,124.87,119.47,113.71,15.52
2026-09-02,2026-09-01T15:03:14.952786+00:00,2025-09-22,2025-06-22,20,133.07,102.67,108.34,12.05
2026-09-02,2026-09-01T15:03:14.952786+00:00,2025-09-22,2025-06-22,21,95.76,77.27,88.12,9.17
2026-09-02,2026-09-01T15:03:14.952786+00:00,2025-09-22,2025-06-22,22,86.16,58.24,61.41,6.67
2026-09-02,2026-09-01T15:03:14.952786+00:00,2025-09-22,2025-06-22,23,63.53,40.71,47.19,7.86
2026-09-02,2026-09-01T15:03:14.952786+00:00,2025-09-22,2025-06-22,24,51.85,42.54,42.53,4.98
2026-09-03,2026-09-02T14:38:32.048886+00:00,2026-07-30,2026-08-10,1,47.75,38.5,42.74,2.75
2026-09-03,2026-09-02T14:38:32.048886+00:00,2026-07-30,2026-08-10,2,45.39,33.6,41.1,2.9
2026-09-03,2026-09-02T14:38:32.048886+00:00,2026-07-30,2026-08-10,3,41.55,32.68,35.68,2.91
2026-09-03,2026-09-02T14:38:32.048886+00:00,2026-07-30,2026-08-10,4,40.39,32.66,37.85,2.96
2026-09-03,2026-09-02T14:38:32.048886+00:00,2026-07-30,2026-08-10,5,43.05,35.53,38.31,3.25
2026-09-03,2026-09-02T14:38:32.048886+00:00,2026-07-30,2026-08-10,6,49.38,35.46,49.14,4.49
2026-09-03,2026-09-02T14:38:32.048886+00:00,2026-07-30,2026-08-10,7,61.81,42.09,61.83,6.15
2026-09-03,2026-09-02T14:38:32.048886+00:00,2026-07-30,2026-08-10,8,63.08,47.5,78.46,4.97
2026-09-03,2026-09-02T14:38:32.048886+00:00,2026-07-30,2026-08-10,9,68.63,45.94,87.52,5.04
2026-09-03,2026-09-02T14:38:32.048886+00:00,2026-07-30,2026-08-10,10,88.1,51.46,92.42,4.21
2026-09-03,2026-09-02T14:38:32.048886+00:00,2026-07-30,2026-08-10,11,88.96,55.99,103.04,5.32
2026-09-03,2026-09-02T14:38:32.048886+00:00,2026-07-30,2026-08-10,12,93.24,62.53,109.41,5.53
2026-09-03,2026-09-02T14:38:32.048886+00:00,2026-07-30,2026-08-10,13,102.69,69.75,108.49,8.42
2026-09-03,2026-09-02T14:38:32.048886+00:00,2026-07-30,2026-08-10,14,117.88,71.27,113.05,6.93
2026-09-03,2026-09-02T14:38:32.048886+00:00,2026-07-30,2026-08-10,15,119.27,65.14,111.53,8.22
2026-09-03,2026-09-02T14:38:32.048886+00:00,2026-07-30,2026-08-10,16,132.54,79.56,140.23,10.73
2026-09-03,2026-09-02T14:38:32.048886+00:00,2026-07-30,2026-08-10,17,137.42,97.68,178.25,13.39
2026-09-03,2026-09-02T14:38:32.048886+00:00,2026-07-30,2026-08-10,18,130.13,99.58,178.06,14.48
2026-09-03,2026-09-02T14:38:32.048886+00:00,2026-07-30,2026-08-10,19,109.06,114.02,177.0,15.55
2026-09-03,2026-09-02T14:38:32.048886+00:00,2026-07-30,2026-08-10,20,111.93,98.79,134.97,11.19
2026-09-03,2026-09-02T14:38:32.048886+00:00,2026-07-30,2026-08-10,21,103.28,94.67,114.13,8.69
2026-09-03,2026-09-02T14:38:32.048886+00:00,2026-07-30,2026-08-10,22,82.45,68.34,102.26,7.48
2026-09-03,2026-09-02T14:38:32.048886+00:00,2026-07-30,2026-08-10,23,63.45,53.99,90.41,7.0
2026-09-03,2026-09-02T14:38:32.048886+00:00,2026-07-30,2026-08-10,24,54.45,43.01,68.03,4.55
2026-09-04,2026-09-03T14:42:08.386248+00:00,2026-08-27,2026-08-19,1,49.38,37.98,46.36,3.21
2026-09-04,2026-09-03T14:42:08.386248+00:00,2026-08-27,2026-08-19,2,45.72,34.16,40.1,3.35
2026-09-04,2026-09-03T14:42:08.386248+00:00,2026-08-27,2026-08-19,3,44.32,33.46,37.87,3.29
2026-09-04,2026-09-03T14:42:08.386248+00:00,2026-08-27,2026-08-19,4,44.32,33.13,37.77,3.21
2026-09-04,2026-09-03T14:42:08.386248+00:00,2026-08-27,2026-08-19,5,45.69,33.6,39.85,3.06
2026-09-04,2026-09-03T14:42:08.386248+00:00,2026-08-27,2026-08-19,6,54.14,35.94,51.72,4.35
2026-09-04,2026-09-03T14:42:08.386248+00:00,2026-08-27,2026-08-19,7,66.04,42.03,57.78,6.18
2026-09-04,2026-09-03T14:42:08.386248+00:00,2026-08-27,2026-08-19,8,66.71,46.36,54.74,5.05
2026-09-04,2026-09-03T14:42:08.386248+00:00,2026-08-27,2026-08-19,9,73.11,49.25,54.64,6.15
2026-09-04,2026-09-03T14:42:08.386248+00:00,2026-08-27,2026-08-19,10,72.37,50.88,66.62,4.01
2026-09-04,2026-09-03T14:42:08.386248+00:00,2026-08-27,2026-08-19,11,72.51,53.47,78.4,6.02
2026-09-04,2026-09-03T14:42:08.386248+00:00,2026-08-27,2026-08-19,12,74.89,57.62,80.35,5.56
2026-09-04,2026-09-03T14:42:08.386248+00:00,2026-08-27,2026-08-19,13,92.44,63.26,88.22,8.74
2026-09-04,2026-09-03T14:42:08.386248+00:00,2026-08-27,2026-08-19,14,93.17,64.55,88.69,8.58
2026-09-04,2026-09-03T14:42:08.386248+00:00,2026-08-27,2026-08-19,15,94.58,70.86,89.07,9.65
2026-09-04,2026-09-03T14:42:08.386248+00:00,2026-08-27,2026-08-19,16,98.75,81.45,90.5,10.73
2026-09-04,2026-09-03T14:42:08.386248+00:00,2026-08-27,2026-08-19,17,105.76,88.79,95.27,14.45
2026-09-04,2026-09-03T14:42:08.386248+00:00,2026-08-27,2026-08-19,18,119.66,91.75,94.19,15.61
2026-09-04,2026-09-03T14:42:08.386248+00:00,2026-08-27,2026-08-19,19,108.8,124.23,106.24,15.18
2026-09-04,2026-09-03T14:42:08.386248+00:00,2026-08-27,2026-08-19,20,110.14,102.02,101.75,13.56
2026-09-04,2026-09-03T14:42:08.386248+00:00,2026-08-27,2026-08-19,21,91.3,80.31,96.14,9.91
2026-09-04,2026-09-03T14:42:08.386248+00:00,2026-08-27,2026-08-19,22,73.42,71.82,87.27,7.09
2026-09-04,2026-09-03T14:42:08.386248+00:00,2026-08-27,2026-08-19,23,57.99,50.74,62.66,7.68
2026-09-04,2026-09-03T14:42:08.386248+00:00,2026-08-27,2026-08-19,24,48.59,42.31,43.68,4.2
2026-09-05,2026-09-04T14:29:08.671386+00:00,2026-08-30,2025-07-20,1,45.81,37.0,46.02,2.9
2026-09-05,2026-09-04T14:29:08.671386+00:00,2026-08-30,2025-07-20,2,41.75,33.82,37.42,2.67
2026-09-05,2026-09-04T14:29:08.671386+00:00,2026-08-30,2025-07-20,3,39.07,33.74,36.31,3.05
2026-09-05,2026-09-04T14:29:08.671386+00:00,2026-08-30,2025-07-20,4,39.58,33.88,35.78,2.97
2026-09-05,2026-09-04T14:29:08.671386+00:00,2026-08-30,2025-07-20,5,41.32,33.96,33.42,3.1
2026-09-05,2026-09-04T14:29:08.671386+00:00,2026-08-30,2025-07-20,6,39.64,35.29,32.66,4.89
2026-09-05,2026-09-04T14:29:08.671386+00:00,2026-08-30,2025-07-20,7,41.31,34.01,35.45,6.09
2026-09-05,2026-09-04T14:29:08.671386+00:00,2026-08-30,2025-07-20,8,44.01,36.53,36.81,5.61
2026-09-05,2026-09-04T14:29:08.671386+00:00,2026-08-30,2025-07-20,9,44.89,36.53,37.95,6.21
2026-09-05,2026-09-04T14:29:08.671386+00:00,2026-08-30,2025-07-20,10,46.82,37.33,46.33,4.54
2026-09-05,2026-09-04T14:29:08.671386+00:00,2026-08-30,2025-07-20,11,48.88,43.15,45.21,6.19
2026-09-05,2026-09-04T14:29:08.671386+00:00,2026-08-30,2025-07-20,12,54.64,40.23,49.45,5.24
2026-09-05,2026-09-04T14:29:08.671386+00:00,2026-08-30,2025-07-20,13,59.94,42.86,49.79,7.78
2026-09-05,2026-09-04T14:29:08.671386+00:00,2026-08-30,2025-07-20,14,62.21,47.69,46.61,7.51
2026-09-05,2026-09-04T14:29:08.671386+00:00,2026-08-30,2025-07-20,15,66.08,49.11,49.27,9.19
2026-09-05,2026-09-04T14:29:08.671386+00:00,2026-08-30,2025-07-20,16,70.85,53.91,71.12,10.4
2026-09-05,2026-09-04T14:29:08.671386+00:00,2026-08-30,2025-07-20,17,74.01,73.92,108.11,13.96
2026-09-05,2026-09-04T14:29:08.671386+00:00,2026-08-30,2025-07-20,18,84.8,72.8,110.21,17.4
2026-09-05,2026-09-04T14:29:08.671386+00:00,2026-08-30,2025-07-20,19,78.71,81.15,110.18,16.39
2026-09-05,2026-09-04T14:29:08.671386+00:00,2026-08-30,2025-07-20,20,75.2,73.54,100.16,12.75
2026-09-05,2026-09-04T14:29:08.671386+00:00,2026-08-30,2025-07-20,21,67.92,58.98,82.77,8.58
2026-09-05,2026-09-04T14:29:08.671386+00:00,2026-08-30,2025-07-20,22,50.2,52.44,60.2,7.36
2026-09-05,2026-09-04T14:29:08.671386+00:00,2026-08-30,2025-07-20,23,42.33,42.06,47.8,7.84
2026-09-05,2026-09-04T14:29:08.671386+00:00,2026-08-30,2025-07-20,24,42.94,44.35,39.58,4.37
2026-09-06,2026-09-05T13:32:07.750254+00:00,2025-09-14,2025-09-27,1,38.94,32.53,48.81,2.92
2026-09-06,2026-09-05T13:32:07.750254+00:00,2025-09-14,2025-09-27,2,35.37,31.51,43.5,2.81
2026-09-06,2026-09-05T13:32:07.750254+00:00,2025-09-14,2025-09-27,3,34.0,31.06,37.29,2.98
2026-09-06,2026-09-05T13:32:07.750254+00:00,2025-09-14,2025-09-27,4,33.9,31.05,39.52,2.79
2026-09-06,2026-09-05T13:32:07.750254+00:00,2025-09-14,2025-09-27,5,35.0,31.06,42.11,2.96
2026-09-06,2026-09-05T13:32:07.750254+00:00,2025-09-14,2025-09-27,6,37.41,30.71,39.85,4.91
2026-09-06,2026-09-05T13:32:07.750254+00:00,2025-09-14,2025-09-27,7,36.15,32.39,57.51,6.69
2026-09-06,2026-09-05T13:32:07.750254+00:00,2025-09-14,2025-09-27,8,37.1,36.74,74.1,5.56
2026-09-06,2026-09-05T13:32:07.750254+00:00,2025-09-14,2025-09-27,9,37.19,41.63,74.36,6.24
2026-09-06,2026-09-05T13:32:07.750254+00:00,2025-09-14,2025-09-27,10,35.83,37.14,73.95,4.71
2026-09-06,2026-09-05T13:32:07.750254+00:00,2025-09-14,2025-09-27,11,37.05,36.85,88.09,5.47
2026-09-06,2026-09-05T13:32:07.750254+00:00,2025-09-14,2025-09-27,12,40.98,37.26,88.33,5.5
2026-09-06,2026-09-05T13:32:07.750254+00:00,2025-09-14,2025-09-27,13,43.62,41.64,64.71,8.12
2026-09-06,2026-09-05T13:32:07.750254+00:00,2025-09-14,2025-09-27,14,44.17,40.46,74.73,7.63
2026-09-06,2026-09-05T13:32:07.750254+00:00,2025-09-14,2025-09-27,15,49.53,41.93,84.8,7.97
2026-09-06,2026-09-05T13:32:07.750254+00:00,2025-09-14,2025-09-27,16,52.79,48.25,101.9,10.95
2026-09-06,2026-09-05T13:32:07.750254+00:00,2025-09-14,2025-09-27,17,61.89,68.42,117.44,13.63
2026-09-06,2026-09-05T13:32:07.750254+00:00,2025-09-14,2025-09-27,18,71.02,83.27,108.54,14.36
2026-09-06,2026-09-05T13:32:07.750254+00:00,2025-09-14,2025-09-27,19,68.2,83.89,104.91,15.23
2026-09-06,2026-09-05T13:32:07.750254+00:00,2025-09-14,2025-09-27,20,65.9,68.81,110.43,12.22
2026-09-06,2026-09-05T13:32:07.750254+00:00,2025-09-14,2025-09-27,21,57.13,47.21,105.5,10.06
2026-09-06,2026-09-05T13:32:07.750254+00:00,2025-09-14,2025-09-27,22,49.78,41.64,64.02,7.98
2026-09-06,2026-09-05T13:32:07.750254+00:00,2025-09-14,2025-09-27,23,42.96,37.36,48.27,7.2
2026-09-06,2026-09-05T13:32:07.750254+00:00,2025-09-14,2025-09-27,24,39.83,33.9,43.74,3.62
2026-09-07,2026-09-06T13:47:07.169424+00:00,2025-09-11,2025-06-05,1,39.29,37.14,33.58,2.71
2026-09-07,2026-09-06T13:47:07.169424+00:00,2025-09-11,2025-06-05,2,37.28,33.03,15.34,3.0
2026-09-07,2026-09-06T13:47:07.169424+00:00,2025-09-11,2025-06-05,3,36.01,32.55,14.57,2.78
2026-09-07,2026-09-06T13:47:07.169424+00:00,2025-09-11,2025-06-05,4,35.34,31.82,26.72,2.95
2026-09-07,2026-09-06T13:47:07.169424+00:00,2025-09-11,2025-06-05,5,35.34,33.01,31.74,2.74
2026-09-07,2026-09-06T13:47:07.169424+00:00,2025-09-11,2025-06-05,6,35.89,40.35,33.82,4.99
2026-09-07,2026-09-06T13:47:07.169424+00:00,2025-09-11,2025-06-05,7,36.7,47.54,35.23,6.59
2026-09-07,2026-09-06T13:47:07.169424+00:00,2025-09-11,2025-06-05,8,37.9,44.66,39.01,5.4
2026-09-07,2026-09-06T13:47:07.169424+00:00,2025-09-11,2025-06-05,9,39.14,37.67,41.08,5.42
2026-09-07,2026-09-06T13:47:07.169424+00:00,2025-09-11,2025-06-05,10,39.89,36.81,38.97,4.94
2026-09-07,2026-09-06T13:47:07.169424+00:00,2025-09-11,2025-06-05,11,42.42,37.06,39.22,5.88
2026-09-07,2026-09-06T13:47:07.169424+00:00,2025-09-11,2025-06-05,12,50.11,38.68,39.09,4.98
2026-09-07,2026-09-06T13:47:07.169424+00:00,2025-09-11,2025-06-05,13,49.98,41.55,39.21,7.94
2026-09-07,2026-09-06T13:47:07.169424+00:00,2025-09-11,2025-06-05,14,52.36,45.16,42.29,7.36
2026-09-07,2026-09-06T13:47:07.169424+00:00,2025-09-11,2025-06-05,15,58.23,47.43,48.01,9.41
2026-09-07,2026-09-06T13:47:07.169424+00:00,2025-09-11,2025-06-05,16,66.85,55.33,49.7,10.91
2026-09-07,2026-09-06T13:47:07.169424+00:00,2025-09-11,2025-06-05,17,76.59,72.84,59.73,14.74
2026-09-07,2026-09-06T13:47:07.169424+00:00,2025-09-11,2025-06-05,18,91.26,77.52,62.19,17.51
2026-09-07,2026-09-06T13:47:07.169424+00:00,2025-09-11,2025-06-05,19,89.19,83.5,67.42,16.49
2026-09-07,2026-09-06T13:47:07.169424+00:00,2025-09-11,2025-06-05,20,83.9,70.89,61.78,11.99
2026-09-07,2026-09-06T13:47:07.169424+00:00,2025-09-11,2025-06-05,21,67.16,46.87,51.53,9.63
2026-09-07,2026-09-06T13:47:07.169424+00:00,2025-09-11,2025-06-05,22,50.84,41.35,38.15,8.62
2026-09-07,2026-09-06T13:47:07.169424+00:00,2025-09-11,2025-06-05,23,46.22,41.14,38.3,6.32
2026-09-07,2026-09-06T13:47:07.169424+00:00,2025-09-11,2025-06-05,24,43.39,39.13,34.49,3.62
2026-09-08,2026-09-07T15:59:30.162560+00:00,2026-08-25,2026-09-04,1,42.92,36.43,52.18,3.05
2026-09-08,2026-09-07T15:59:30.162560+00:00,2026-08-25,2026-09-04,2,41.09,34.63,44.03,2.81
2026-09-08,2026-09-07T15:59:30.162560+00:00,2026-08-25,2026-09-04,3,38.24,34.52,39.46,3.0
2026-09-08,2026-09-07T15:59:30.162560+00:00,2026-08-25,2026-09-04,4,38.24,34.68,39.29,2.95
2026-09-08,2026-09-07T15:59:30.162560+00:00,2026-08-25,2026-09-04,5,40.32,37.18,44.02,3.15
2026-09-08,2026-09-07T15:59:30.162560+00:00,2026-08-25,2026-09-04,6,42.57,38.77,39.83,4.08
2026-09-08,2026-09-07T15:59:30.162560+00:00,2026-08-25,2026-09-04,7,45.27,43.34,48.74,5.76
2026-09-08,2026-09-07T15:59:30.162560+00:00,2026-08-25,2026-09-04,8,45.93,43.51,48.56,4.48
2026-09-08,2026-09-07T15:59:30.162560+00:00,2026-08-25,2026-09-04,9,48.18,39.51,48.41,5.81
2026-09-08,2026-09-07T15:59:30.162560+00:00,2026-08-25,2026-09-04,10,51.59,39.57,53.02,4.65
2026-09-08,2026-09-07T15:59:30.162560+00:00,2026-08-25,2026-09-04,11,52.03,39.73,58.33,5.56
2026-09-08,2026-09-07T15:59:30.162560+00:00,2026-08-25,2026-09-04,12,56.78,45.0,65.95,5.44
2026-09-08,2026-09-07T15:59:30.162560+00:00,2026-08-25,2026-09-04,13,65.38,49.96,79.18,7.81
2026-09-08,2026-09-07T15:59:30.162560+00:00,2026-08-25,2026-09-04,14,63.64,50.4,86.63,7.65
2026-09-08,2026-09-07T15:59:30.162560+00:00,2026-08-25,2026-09-04,15,70.99,54.03,86.41,9.28
2026-09-08,2026-09-07T15:59:30.162560+00:00,2026-08-25,2026-09-04,16,78.54,65.53,88.24,12.26
2026-09-08,2026-09-07T15:59:30.162560+00:00,2026-08-25,2026-09-04,17,94.54,87.86,88.39,16.22
2026-09-08,2026-09-07T15:59:30.162560+00:00,2026-08-25,2026-09-04,18,111.78,92.41,88.81,16.92
2026-09-08,2026-09-07T15:59:30.162560+00:00,2026-08-25,2026-09-04,19,111.83,102.17,88.0,15.34
2026-09-08,2026-09-07T15:59:30.162560+00:00,2026-08-25,2026-09-04,20,96.66,91.55,86.81,11.27
2026-09-08,2026-09-07T15:59:30.162560+00:00,2026-08-25,2026-09-04,21,75.13,78.64,86.58,9.54
2026-09-08,2026-09-07T15:59:30.162560+00:00,2026-08-25,2026-09-04,22,55.63,53.86,61.64,8.2
2026-09-08,2026-09-07T15:59:30.162560+00:00,2026-08-25,2026-09-04,23,46.72,49.94,48.35,6.96
2026-09-08,2026-09-07T15:59:30.162560+00:00,2026-08-25,2026-09-04,24,45.35,44.66,46.12,3.98
2026-09-09,2026-09-08T14:42:49.234109+00:00,2026-07-29,2026-06-10,1,45.38,38.99,32.47,3.24
2026-09-09,2026-09-08T14:42:49.234109+00:00,2026-07-29,2026-06-10,2,41.78,36.33,33.32,3.09
2026-09-09,2026-09-08T14:42:49.234109+00:00,2026-07-29,2026-06-10,3,40.71,34.74,33.56,2.98
2026-09-09,2026-09-08T14:42:49.234109+00:00,2026-07-29,2026-06-10,4,41.48,34.54,29.15,2.9
2026-09-09,2026-09-08T14:42:49.234109+00:00,2026-07-29,2026-06-10,5,44.09,35.67,32.97,2.96
2026-09-09,2026-09-08T14:42:49.234109+00:00,2026-07-29,2026-06-10,6,47.06,34.56,31.65,4.26
2026-09-09,2026-09-08T14:42:49.234109+00:00,2026-07-29,2026-06-10,7,49.2,39.1,38.32,5.08
2026-09-09,2026-09-08T14:42:49.234109+00:00,2026-07-29,2026-06-10,8,54.67,43.07,44.98,4.38
2026-09-09,2026-09-08T14:42:49.234109+00:00,2026-07-29,2026-06-10,9,53.01,43.66,49.6,6.11
2026-09-09,2026-09-08T14:42:49.234109+00:00,2026-07-29,2026-06-10,10,57.08,43.45,58.8,4.54
2026-09-09,2026-09-08T14:42:49.234109+00:00,2026-07-29,2026-06-10,11,63.26,44.13,62.02,5.76
2026-09-09,2026-09-08T14:42:49.234109+00:00,2026-07-29,2026-06-10,12,72.9,49.13,62.03,4.94
2026-09-09,2026-09-08T14:42:49.234109+00:00,2026-07-29,2026-06-10,13,88.54,51.75,62.02,7.95
2026-09-09,2026-09-08T14:42:49.234109+00:00,2026-07-29,2026-06-10,14,92.62,46.88,62.37,7.96
2026-09-09,2026-09-08T14:42:49.234109+00:00,2026-07-29,2026-06-10,15,93.78,58.77,75.01,9.88
2026-09-09,2026-09-08T14:42:49.234109+00:00,2026-07-29,2026-06-10,16,108.85,60.03,85.5,11.73
2026-09-09,2026-09-08T14:42:49.234109+00:00,2026-07-29,2026-06-10,17,107.8,69.31,102.87,15.22
2026-09-09,2026-09-08T14:42:49.234109+00:00,2026-07-29,2026-06-10,18,106.34,68.21,115.74,16.35
2026-09-09,2026-09-08T14:42:49.234109+00:00,2026-07-29,2026-06-10,19,99.57,76.58,114.52,15.03
2026-09-09,2026-09-08T14:42:49.234109+00:00,2026-07-29,2026-06-10,20,99.41,69.62,109.79,12.61
2026-09-09,2026-09-08T14:42:49.234109+00:00,2026-07-29,2026-06-10,21,88.21,67.17,89.19,10.06
2026-09-09,2026-09-08T14:42:49.234109+00:00,2026-07-29,2026-06-10,22,62.34,59.88,61.56,6.53
2026-09-09,2026-09-08T14:42:49.234109+00:00,2026-07-29,2026-06-10,23,51.82,47.94,48.25,5.54
2026-09-09,2026-09-08T14:42:49.234109+00:00,2026-07-29,2026-06-10,24,47.62,43.21,38.19,3.02
2026-09-10,2026-09-09T14:44:17.233124+00:00,2026-08-03,2026-07-22,1,46.39,35.91,31.18,2.87
2026-09-10,2026-09-09T14:44:17.233124+00:00,2026-08-03,2026-07-22,2,41.67,33.38,25.46,2.59
2026-09-10,2026-09-09T14:44:17.233124+00:00,2026-08-03,2026-07-22,3,39.25,32.42,25.39,2.72
2026-09-10,2026-09-09T14:44:17.233124+00:00,2026-08-03,2026-07-22,4,37.81,31.06,25.51,2.74
2026-09-10,2026-09-09T14:44:17.233124+00:00,2026-08-03,2026-07-22,5,42.29,31.22,32.25,3.24
2026-09-10,2026-09-09T14:44:17.233124+00:00,2026-08-03,2026-07-22,6,48.03,30.53,31.6,4.62
2026-09-10,2026-09-09T14:44:17.233124+00:00,2026-08-03,2026-07-22,7,51.87,30.71,37.07,4.89
2026-09-10,2026-09-09T14:44:17.233124+00:00,2026-08-03,2026-07-22,8,54.55,34.07,38.84,4.43
2026-09-10,2026-09-09T14:44:17.233124+00:00,2026-08-03,2026-07-22,9,54.28,35.64,36.68,5.27
2026-09-10,2026-09-09T14:44:17.233124+00:00,2026-08-03,2026-07-22,10,52.41,40.91,36.73,4.59
2026-09-10,2026-09-09T14:44:17.233124+00:00,2026-08-03,2026-07-22,11,58.17,38.46,37.72,5.69
2026-09-10,2026-09-09T14:44:17.233124+00:00,2026-08-03,2026-07-22,12,60.65,43.34,39.78,5.78
2026-09-10,2026-09-09T14:44:17.233124+00:00,2026-08-03,2026-07-22,13,61.49,51.12,39.5,9.43
2026-09-10,2026-09-09T14:44:17.233124+00:00,2026-08-03,2026-07-22,14,64.3,54.77,40.18,8.62
2026-09-10,2026-09-09T14:44:17.233124+00:00,2026-08-03,2026-07-22,15,75.27,54.56,40.22,9.69
2026-09-10,2026-09-09T14:44:17.233124+00:00,2026-08-03,2026-07-22,16,75.3,72.32,37.62,12.31
2026-09-10,2026-09-09T14:44:17.233124+00:00,2026-08-03,2026-07-22,17,86.33,89.1,51.2,15.27
2026-09-10,2026-09-09T14:44:17.233124+00:00,2026-08-03,2026-07-22,18,88.17,90.36,52.92,17.37
2026-09-10,2026-09-09T14:44:17.233124+00:00,2026-08-03,2026-07-22,19,91.29,89.68,57.15,13.81
2026-09-10,2026-09-09T14:44:17.233124+00:00,2026-08-03,2026-07-22,20,92.44,84.5,57.98,12.63
2026-09-10,2026-09-09T14:44:17.233124+00:00,2026-08-03,2026-07-22,21,78.21,73.36,54.97,9.52
2026-09-10,2026-09-09T14:44:17.233124+00:00,2026-08-03,2026-07-22,22,54.88,65.52,49.51,7.42
2026-09-10,2026-09-09T14:44:17.233124+00:00,2026-08-03,2026-07-22,23,50.34,43.73,40.89,5.43
2026-09-10,2026-09-09T14:44:17.233124+00:00,2026-08-03,2026-07-22,24,44.62,40.65,35.74,4.06
2026-09-11,2026-09-10T14:35:58.043864+00:00,2025-09-11,2026-08-28,1,43.95,37.14,37.24,3.26
2026-09-11,2026-09-10T14:35:58.043864+00:00,2025-09-11,2026-08-28,2,43.0,33.03,36.0,2.96
2026-09-11,2026-09-10T14:35:58.043864+00:00,2025-09-11,2026-08-28,3,41.01,32.55,34.09,3.05
2026-09-11,2026-09-10T14:35:58.043864+00:00,2025-09-11,2026-08-28,4,40.02,31.82,34.3,3.15
2026-09-11,2026-09-10T14:35:58.043864+00:00,2025-09-11,2026-08-28,5,42.59,33.01,38.26,3.31
2026-09-11,2026-09-10T14:35:58.043864+00:00,2025-09-11,2026-08-28,6,46.05,40.35,38.12,4.49
2026-09-11,2026-09-10T14:35:58.043864+00:00,2025-09-11,2026-08-28,7,57.88,47.54,48.61,5.3
2026-09-11,2026-09-10T14:35:58.043864+00:00,2025-09-11,2026-08-28,8,56.26,44.66,48.23,4.81
2026-09-11,2026-09-10T14:35:58.043864+00:00,2025-09-11,2026-08-28,9,53.75,37.67,48.76,4.88
2026-09-11,2026-09-10T14:35:58.043864+00:00,2025-09-11,2026-08-28,10,53.19,36.81,49.72,4.83
2026-09-11,2026-09-10T14:35:58.043864+00:00,2025-09-11,2026-08-28,11,50.95,37.06,48.74,5.0
2026-09-11,2026-09-10T14:35:58.043864+00:00,2025-09-11,2026-08-28,12,54.22,38.68,53.24,4.91
2026-09-11,2026-09-10T14:35:58.043864+00:00,2025-09-11,2026-08-28,13,55.31,41.55,58.46,9.07
2026-09-11,2026-09-10T14:35:58.043864+00:00,2025-09-11,2026-08-28,14,55.91,45.16,57.98,8.17
2026-09-11,2026-09-10T14:35:58.043864+00:00,2025-09-11,2026-08-28,15,57.94,47.43,53.05,8.72
2026-09-11,2026-09-10T14:35:58.043864+00:00,2025-09-11,2026-08-28,16,62.82,55.33,56.61,10.27
2026-09-11,2026-09-10T14:35:58.043864+00:00,2025-09-11,2026-08-28,17,75.31,72.84,68.46,12.92
2026-09-11,2026-09-10T14:35:58.043864+00:00,2025-09-11,2026-08-28,18,88.1,77.52,77.28,16.13
2026-09-11,2026-09-10T14:35:58.043864+00:00,2025-09-11,2026-08-28,19,88.86,83.5,90.72,14.15
2026-09-11,2026-09-10T14:35:58.043864+00:00,2025-09-11,2026-08-28,20,87.8,70.89,83.62,12.49
2026-09-11,2026-09-10T14:35:58.043864+00:00,2025-09-11,2026-08-28,21,62.11,46.87,55.93,10.27
2026-09-11,2026-09-10T14:35:58.043864+00:00,2025-09-11,2026-08-28,22,52.81,41.35,50.95,7.0
2026-09-11,2026-09-10T14:35:58.043864+00:00,2025-09-11,2026-08-28,23,44.9,41.14,41.17,5.55
2026-09-11,2026-09-10T14:35:58.043864+00:00,2025-09-11,2026-08-28,24,43.6,39.13,40.21,4.04
2026-09-12,2026-09-11T14:34:38.871281+00:00,2026-08-22,2026-08-29,1,40.57,42.21,39.14,2.99
2026-09-12,2026-09-11T14:34:38.871281+00:00,2026-08-22,2026-08-29,2,36.54,39.95,33.27,3.07
2026-09-12,2026-09-11T14:34:38.871281+00:00,2026-08-22,2026-08-29,3,36.77,38.86,27.89,3.16
2026-09-12,2026-09-11T14:34:38.871281+00:00,2026-08-22,2026-08-29,4,36.73,37.18,28.4,2.92
2026-09-12,2026-09-11T14:34:38.871281+00:00,2026-08-22,2026-08-29,5,36.17,36.68,34.2,3.36
2026-09-12,2026-09-11T14:34:38.871281+00:00,2026-08-22,2026-08-29,6,39.45,34.44,32.92,4.34
2026-09-12,2026-09-11T14:34:38.871281+00:00,2026-08-22,2026-08-29,7,40.83,33.5,33.01,5.29
2026-09-12,2026-09-11T14:34:38.871281+00:00,2026-08-22,2026-08-29,8,40.14,38.54,33.07,4.75
2026-09-12,2026-09-11T14:34:38.871281+00:00,2026-08-22,2026-08-29,9,40.83,41.39,33.55,5.55
2026-09-12,2026-09-11T14:34:38.871281+00:00,2026-08-22,2026-08-29,10,41.4,46.86,36.37,4.54
2026-09-12,2026-09-11T14:34:38.871281+00:00,2026-08-22,2026-08-29,11,41.43,53.05,34.22,4.99
2026-09-12,2026-09-11T14:34:38.871281+00:00,2026-08-22,2026-08-29,12,44.83,55.2,36.46,5.78
2026-09-12,2026-09-11T14:34:38.871281+00:00,2026-08-22,2026-08-29,13,48.95,63.69,36.52,9.33
2026-09-12,2026-09-11T14:34:38.871281+00:00,2026-08-22,2026-08-29,14,48.06,67.45,38.66,8.98
2026-09-12,2026-09-11T14:34:38.871281+00:00,2026-08-22,2026-08-29,15,50.17,73.51,40.93,10.29
2026-09-12,2026-09-11T14:34:38.871281+00:00,2026-08-22,2026-08-29,16,58.71,78.42,45.22,10.25
2026-09-12,2026-09-11T14:34:38.871281+00:00,2026-08-22,2026-08-29,17,72.89,87.97,62.01,14.34
2026-09-12,2026-09-11T14:34:38.871281+00:00,2026-08-22,2026-08-29,18,78.37,90.54,67.05,16.17
2026-09-12,2026-09-11T14:34:38.871281+00:00,2026-08-22,2026-08-29,19,74.1,90.16,73.95,13.93
2026-09-12,2026-09-11T14:34:38.871281+00:00,2026-08-22,2026-08-29,20,64.71,79.64,54.66,12.26
2026-09-12,2026-09-11T14:34:38.871281+00:00,2026-08-22,2026-08-29,21,53.92,68.9,48.04,9.49
2026-09-12,2026-09-11T14:34:38.871281+00:00,2026-08-22,2026-08-29,22,46.86,52.32,42.85,6.71
2026-09-12,2026-09-11T14:34:38.871281+00:00,2026-08-22,2026-08-29,23,41.82,45.3,40.17,5.38
2026-09-12,2026-09-11T14:34:38.871281+00:00,2026-08-22,2026-08-29,24,42.42,44.74,42.86,4.16
2026-09-13,2026-09-12T13:43:24.651907+00:00,2025-08-24,2026-08-29,1,41.88,30.42,39.14,3.21
2026-09-13,2026-09-12T13:43:24.651907+00:00,2025-08-24,2026-08-29,2,38.46,24.4,33.27,2.77
2026-09-13,2026-09-12T13:43:24.651907+00:00,2025-08-24,2026-08-29,3,36.99,23.32,27.89,2.83
2026-09-13,2026-09-12T13:43:24.651907+00:00,2025-08-24,2026-08-29,4,37.21,21.24,28.4,2.81
2026-09-13,2026-09-12T13:43:24.651907+00:00,2025-08-24,2026-08-29,5,36.73,23.38,34.2,3.51
2026-09-13,2026-09-12T13:43:24.651907+00:00,2025-08-24,2026-08-29,6,38.48,23.47,32.92,4.4
2026-09-13,2026-09-12T13:43:24.651907+00:00,2025-08-24,2026-08-29,7,38.93,27.93,33.01,5.16
2026-09-13,2026-09-12T13:43:24.651907+00:00,2025-08-24,2026-08-29,8,40.89,31.85,33.07,5.72
2026-09-13,2026-09-12T13:43:24.651907+00:00,2025-08-24,2026-08-29,9,41.97,36.06,33.55,6.81
2026-09-13,2026-09-12T13:43:24.651907+00:00,2025-08-24,2026-08-29,10,42.38,36.54,36.37,5.64
2026-09-13,2026-09-12T13:43:24.651907+00:00,2025-08-24,2026-08-29,11,43.18,39.06,34.22,7.22
2026-09-13,2026-09-12T13:43:24.651907+00:00,2025-08-24,2026-08-29,12,44.57,39.13,36.46,7.37
2026-09-13,2026-09-12T13:43:24.651907+00:00,2025-08-24,2026-08-29,13,47.9,39.31,36.52,10.03
2026-09-13,2026-09-12T13:43:24.651907+00:00,2025-08-24,2026-08-29,14,48.61,36.7,38.66,10.28
2026-09-13,2026-09-12T13:43:24.651907+00:00,2025-08-24,2026-08-29,15,52.37,37.63,40.93,10.99
2026-09-13,2026-09-12T13:43:24.651907+00:00,2025-08-24,2026-08-29,16,61.25,37.44,45.22,12.4
2026-09-13,2026-09-12T13:43:24.651907+00:00,2025-08-24,2026-08-29,17,66.46,41.3,62.01,15.71
2026-09-13,2026-09-12T13:43:24.651907+00:00,2025-08-24,2026-08-29,18,71.67,52.31,67.05,18.98
2026-09-13,2026-09-12T13:43:24.651907+00:00,2025-08-24,2026-08-29,19,67.13,67.97,73.95,15.93
2026-09-13,2026-09-12T13:43:24.651907+00:00,2025-08-24,2026-08-29,20,70.21,63.88,54.66,14.35
2026-09-13,2026-09-12T13:43:24.651907+00:00,2025-08-24,2026-08-29,21,58.63,61.7,48.04,9.28
2026-09-13,2026-09-12T13:43:24.651907+00:00,2025-08-24,2026-08-29,22,47.56,42.14,42.85,6.5
2026-09-13,2026-09-12T13:43:24.651907+00:00,2025-08-24,2026-08-29,23,42.58,37.81,40.17,5.68
2026-09-13,2026-09-12T13:43:24.651907+00:00,2025-08-24,2026-08-29,24,36.95,36.35,42.86,3.58
2026-09-14,2026-09-13T14:10:42.238516+00:00,2026-05-06,2025-09-19,1,34.32,38.28,39.34,3.3
2026-09-14,2026-09-13T14:10:42.238516+00:00,2026-05-06,2025-09-19,2,33.5,38.73,36.68,3.34
2026-09-14,2026-09-13T14:10:42.238516+00:00,2026-05-06,2025-09-19,3,35.49,35.54,35.41,3.39
2026-09-14,2026-09-13T14:10:42.238516+00:00,2026-05-06,2025-09-19,4,35.28,32.68,35.36,3.07
2026-09-14,2026-09-13T14:10:42.238516+00:00,2026-05-06,2025-09-19,5,35.57,35.16,36.92,3.21
2026-09-14,2026-09-13T14:10:42.238516+00:00,2026-05-06,2025-09-19,6,39.88,44.1,40.86,4.06
2026-09-14,2026-09-13T14:10:42.238516+00:00,2026-05-06,2025-09-19,7,44.76,62.22,45.77,5.94
2026-09-14,2026-09-13T14:10:42.238516+00:00,2026-05-06,2025-09-19,8,48.28,60.84,41.58,5.82
2026-09-14,2026-09-13T14:10:42.238516+00:00,2026-05-06,2025-09-19,9,45.96,50.03,41.29,6.22
2026-09-14,2026-09-13T14:10:42.238516+00:00,2026-05-06,2025-09-19,10,47.35,47.38,41.29,5.34
2026-09-14,2026-09-13T14:10:42.238516+00:00,2026-05-06,2025-09-19,11,47.7,42.52,44.4,6.26
2026-09-14,2026-09-13T14:10:42.238516+00:00,2026-05-06,2025-09-19,12,48.81,41.19,44.14,6.44
2026-09-14,2026-09-13T14:10:42.238516+00:00,2026-05-06,2025-09-19,13,50.58,40.85,44.02,10.34
2026-09-14,2026-09-13T14:10:42.238516+00:00,2026-05-06,2025-09-19,14,50.81,40.38,44.04,9.57
2026-09-14,2026-09-13T14:10:42.238516+00:00,2026-05-06,2025-09-19,15,53.75,33.81,44.48,11.31
2026-09-14,2026-09-13T14:10:42.238516+00:00,2026-05-06,2025-09-19,16,60.78,36.66,53.29,11.56
2026-09-14,2026-09-13T14:10:42.238516+00:00,2026-05-06,2025-09-19,17,70.29,45.47,74.38,14.37
2026-09-14,2026-09-13T14:10:42.238516+00:00,2026-05-06,2025-09-19,18,82.44,52.7,73.35,17.97
2026-09-14,2026-09-13T14:10:42.238516+00:00,2026-05-06,2025-09-19,19,78.87,65.55,67.68,15.58
2026-09-14,2026-09-13T14:10:42.238516+00:00,2026-05-06,2025-09-19,20,75.59,74.85,59.61,15.11
2026-09-14,2026-09-13T14:10:42.238516+00:00,2026-05-06,2025-09-19,21,60.07,57.89,43.92,10.79
2026-09-14,2026-09-13T14:10:42.238516+00:00,2026-05-06,2025-09-19,22,45.91,44.11,42.77,7.26
2026-09-14,2026-09-13T14:10:42.238516+00:00,2026-05-06,2025-09-19,23,43.13,38.6,40.48,5.37
2026-09-14,2026-09-13T14:10:42.238516+00:00,2026-05-06,2025-09-19,24,39.5,37.4,37.27,3.5
2026-09-15,2026-09-14T16:30:18.333113+00:00,2026-04-29,2026-08-24,1,35.63,29.91,32.99,3.2
2026-09-15,2026-09-14T16:30:18.333113+00:00,2026-04-29,2026-08-24,2,33.82,30.05,32.73,2.85
2026-09-15,2026-09-14T16:30:18.333113+00:00,2026-04-29,2026-08-24,3,32.61,30.03,32.68,3.05
2026-09-15,2026-09-14T16:30:18.333113+00:00,2026-04-29,2026-08-24,4,32.48,30.09,33.12,3.01
2026-09-15,2026-09-14T16:30:18.333113+00:00,2026-04-29,2026-08-24,5,34.15,30.44,33.71,3.79
2026-09-15,2026-09-14T16:30:18.333113+00:00,2026-04-29,2026-08-24,6,38.08,44.72,38.89,4.44
2026-09-15,2026-09-14T16:30:18.333113+00:00,2026-04-29,2026-08-24,7,44.08,62.48,43.8,6.07
2026-09-15,2026-09-14T16:30:18.333113+00:00,2026-04-29,2026-08-24,8,42.26,55.44,44.1,4.94
2026-09-15,2026-09-14T16:30:18.333113+00:00,2026-04-29,2026-08-24,9,39.37,74.99,39.31,6.57
2026-09-15,2026-09-14T16:30:18.333113+00:00,2026-04-29,2026-08-24,10,38.7,67.02,40.14,5.97
2026-09-15,2026-09-14T16:30:18.333113+00:00,2026-04-29,2026-08-24,11,42.04,55.01,39.46,6.25
2026-09-15,2026-09-14T16:30:18.333113+00:00,2026-04-29,2026-08-24,12,41.84,62.04,40.36,6.22
2026-09-15,2026-09-14T16:30:18.333113+00:00,2026-04-29,2026-08-24,13,48.09,64.3,39.42,9.75
2026-09-15,2026-09-14T16:30:18.333113+00:00,2026-04-29,2026-08-24,14,51.13,49.57,40.32,9.44
2026-09-15,2026-09-14T16:30:18.333113+00:00,2026-04-29,2026-08-24,15,54.4,61.92,46.48,10.82
2026-09-15,2026-09-14T16:30:18.333113+00:00,2026-04-29,2026-08-24,16,60.15,61.34,55.02,11.13
2026-09-15,2026-09-14T16:30:18.333113+00:00,2026-04-29,2026-08-24,17,72.43,49.3,74.77,13.16
2026-09-15,2026-09-14T16:30:18.333113+00:00,2026-04-29,2026-08-24,18,89.56,70.9,78.49,15.62
2026-09-15,2026-09-14T16:30:18.333113+00:00,2026-04-29,2026-08-24,19,84.28,85.21,89.29,14.71
2026-09-15,2026-09-14T16:30:18.333113+00:00,2026-04-29,2026-08-24,20,83.33,73.44,87.31,12.9
2026-09-15,2026-09-14T16:30:18.333113+00:00,2026-04-29,2026-08-24,21,65.09,58.77,72.54,10.93
2026-09-15,2026-09-14T16:30:18.333113+00:00,2026-04-29,2026-08-24,22,52.33,44.77,51.64,7.01
2026-09-15,2026-09-14T16:30:18.333113+00:00,2026-04-29,2026-08-24,23,43.73,39.04,42.36,5.67
2026-09-15,2026-09-14T16:30:18.333113+00:00,2026-04-29,2026-08-24,24,42.14,34.57,42.96,2.83
2026-09-16,2026-09-15T15:10:05.378732+00:00,2025-09-24,2026-09-04,1,40.75,46.27,52.18,3.19
2026-09-16,2026-09-15T15:10:05.378732+00:00,2025-09-24,2026-09-04,2,39.61,43.66,44.03,3.11
2026-09-16,2026-09-15T15:10:05.378732+00:00,2025-09-24,2026-09-04,3,37.71,40.54,39.46,3.47
2026-09-16,2026-09-15T15:10:05.378732+00:00,2025-09-24,2026-09-04,4,36.98,38.93,39.29,3.22
2026-09-16,2026-09-15T15:10:05.378732+00:00,2025-09-24,2026-09-04,5,39.55,41.2,44.02,3.49
2026-09-16,2026-09-15T15:10:05.378732+00:00,2025-09-24,2026-09-04,6,46.12,60.7,39.83,4.25
2026-09-16,2026-09-15T15:10:05.378732+00:00,2025-09-24,2026-09-04,7,48.61,96.3,48.74,6.32
2026-09-16,2026-09-15T15:10:05.378732+00:00,2025-09-24,2026-09-04,8,47.47,98.04,48.56,5.4
2026-09-16,2026-09-15T15:10:05.378732+00:00,2025-09-24,2026-09-04,9,47.47,91.05,48.41,6.66
2026-09-16,2026-09-15T15:10:05.378732+00:00,2025-09-24,2026-09-04,10,47.6,98.65,53.02,5.06
2026-09-16,2026-09-15T15:10:05.378732+00:00,2025-09-24,2026-09-04,11,49.08,99.97,58.33,5.66
2026-09-16,2026-09-15T15:10:05.378732+00:00,2025-09-24,2026-09-04,12,52.25,101.82,65.95,6.15
2026-09-16,2026-09-15T15:10:05.378732+00:00,2025-09-24,2026-09-04,13,52.65,112.61,79.18,9.75
2026-09-16,2026-09-15T15:10:05.378732+00:00,2025-09-24,2026-09-04,14,55.57,118.0,86.63,9.24
2026-09-16,2026-09-15T15:10:05.378732+00:00,2025-09-24,2026-09-04,15,53.86,115.15,86.41,11.35
2026-09-16,2026-09-15T15:10:05.378732+00:00,2025-09-24,2026-09-04,16,59.22,113.77,88.24,12.64
2026-09-16,2026-09-15T15:10:05.378732+00:00,2025-09-24,2026-09-04,17,73.23,119.83,88.39,14.91
2026-09-16,2026-09-15T15:10:05.378732+00:00,2025-09-24,2026-09-04,18,78.46,100.0,88.81,16.74
2026-09-16,2026-09-15T15:10:05.378732+00:00,2025-09-24,2026-09-04,19,73.37,109.66,88.0,14.58
2026-09-16,2026-09-15T15:10:05.378732+00:00,2025-09-24,2026-09-04,20,71.58,116.91,86.81,13.81
2026-09-16,2026-09-15T15:10:05.378732+00:00,2025-09-24,2026-09-04,21,59.92,92.27,86.58,10.57
2026-09-16,2026-09-15T15:10:05.378732+00:00,2025-09-24,2026-09-04,22,49.08,62.69,61.64,7.64
2026-09-16,2026-09-15T15:10:05.378732+00:00,2025-09-24,2026-09-04,23,46.56,43.0,48.35,5.17
2026-09-16,2026-09-15T15:10:05.378732+00:00,2025-09-24,2026-09-04,24,43.5,38.9,46.12,3.29
2026-09-17,2026-09-16T15:06:43.220392+00:00,2026-09-16,2026-08-25,1,40.49,35.17,36.43,3.22
2026-09-17,2026-09-16T15:06:43.220392+00:00,2026-09-16,2026-08-25,2,41.28,37.63,34.63,2.47
2026-09-17,2026-09-16T15:06:43.220392+00:00,2026-09-16,2026-08-25,3,42.14,38.57,34.52,2.96
2026-09-17,2026-09-16T15:06:43.220392+00:00,2026-09-16,2026-08-25,4,41.26,37.53,34.68,2.47
2026-09-17,2026-09-16T15:06:43.220392+00:00,2026-09-16,2026-08-25,5,43.3,39.61,37.18,2.9
2026-09-17,2026-09-16T15:06:43.220392+00:00,2026-09-16,2026-08-25,6,48.22,48.02,38.77,3.83
2026-09-17,2026-09-16T15:06:43.220392+00:00,2026-09-16,2026-08-25,7,53.46,55.79,43.34,5.37
2026-09-17,2026-09-16T15:06:43.220392+00:00,2026-09-16,2026-08-25,8,49.47,49.41,43.51,4.56
2026-09-17,2026-09-16T15:06:43.220392+00:00,2026-09-16,2026-08-25,9,48.69,48.03,39.51,5.64
2026-09-17,2026-09-16T15:06:43.220392+00:00,2026-09-16,2026-08-25,10,51.29,52.11,39.57,5.15
2026-09-17,2026-09-16T15:06:43.220392+00:00,2026-09-16,2026-08-25,11,51.41,51.85,39.73,5.49
2026-09-17,2026-09-16T15:06:43.220392+00:00,2026-09-16,2026-08-25,12,52.67,56.72,45.0,5.83
2026-09-17,2026-09-16T15:06:43.220392+00:00,2026-09-16,2026-08-25,13,54.83,62.77,49.96,8.74
2026-09-17,2026-09-16T15:06:43.220392+00:00,2026-09-16,2026-08-25,14,56.16,55.94,50.4,8.85
2026-09-17,2026-09-16T15:06:43.220392+00:00,2026-09-16,2026-08-25,15,58.11,62.99,54.03,10.97
2026-09-17,2026-09-16T15:06:43.220392+00:00,2026-09-16,2026-08-25,16,64.66,74.29,65.53,11.0
2026-09-17,2026-09-16T15:06:43.220392+00:00,2026-09-16,2026-08-25,17,74.3,80.82,87.86,14.57
2026-09-17,2026-09-16T15:06:43.220392+00:00,2026-09-16,2026-08-25,18,78.44,87.88,92.41,16.44
2026-09-17,2026-09-16T15:06:43.220392+00:00,2026-09-16,2026-08-25,19,84.0,87.22,102.17,15.09
2026-09-17,2026-09-16T15:06:43.220392+00:00,2026-09-16,2026-08-25,20,77.88,77.01,91.55,13.4
2026-09-17,2026-09-16T15:06:43.220392+00:00,2026-09-16,2026-08-25,21,60.28,55.83,78.64,10.49
2026-09-17,2026-09-16T15:06:43.220392+00:00,2026-09-16,2026-08-25,22,46.64,46.06,53.86,7.89
2026-09-17,2026-09-16T15:06:43.220392+00:00,2026-09-16,2026-08-25,23,42.75,39.93,49.94,5.57
2026-09-17,2026-09-16T15:06:43.220392+00:00,2026-09-16,2026-08-25,24,41.32,43.71,44.66,3.71
2026-09-18,2026-09-17T15:43:00.680201+00:00,2026-09-14,2025-08-26,1,41.28,34.57,33.23,
2026-09-18,2026-09-17T15:43:00.680201+00:00,2026-09-14,2025-08-26,2,39.24,35.7,30.64,
2026-09-18,2026-09-17T15:43:00.680201+00:00,2026-09-14,2025-08-26,3,39.24,36.03,28.06,
2026-09-18,2026-09-17T15:43:00.680201+00:00,2026-09-14,2025-08-26,4,36.14,36.81,30.06,
2026-09-18,2026-09-17T15:43:00.680201+00:00,2026-09-14,2025-08-26,5,37.91,39.13,30.74,
2026-09-18,2026-09-17T15:43:00.680201+00:00,2026-09-14,2025-08-26,6,43.0,42.98,33.08,
2026-09-18,2026-09-17T15:43:00.680201+00:00,2026-09-14,2025-08-26,7,48.48,55.61,37.31,
2026-09-18,2026-09-17T15:43:00.680201+00:00,2026-09-14,2025-08-26,8,50.28,47.57,38.49,
2026-09-18,2026-09-17T15:43:00.680201+00:00,2026-09-14,2025-08-26,9,48.03,39.15,39.02,
2026-09-18,2026-09-17T15:43:00.680201+00:00,2026-09-14,2025-08-26,10,50.11,37.34,36.51,
2026-09-18,2026-09-17T15:43:00.680201+00:00,2026-09-14,2025-08-26,11,52.51,36.47,34.41,
2026-09-18,2026-09-17T15:43:00.680201+00:00,2026-09-14,2025-08-26,12,52.85,37.3,34.21,
2026-09-18,2026-09-17T15:43:00.680201+00:00,2026-09-14,2025-08-26,13,58.94,39.91,36.45,
2026-09-18,2026-09-17T15:43:00.680201+00:00,2026-09-14,2025-08-26,14,59.76,40.34,36.54,
2026-09-18,2026-09-17T15:43:00.680201+00:00,2026-09-14,2025-08-26,15,59.27,42.96,38.95,
2026-09-18,2026-09-17T15:43:00.680201+00:00,2026-09-14,2025-08-26,16,58.98,47.62,43.08,
2026-09-18,2026-09-17T15:43:00.680201+00:00,2026-09-14,2025-08-26,17,62.47,60.84,61.01,
2026-09-18,2026-09-17T15:43:00.680201+00:00,2026-09-14,2025-08-26,18,66.9,77.46,60.98,
2026-09-18,2026-09-17T15:43:00.680201+00:00,2026-09-14,2025-08-26,19,71.31,77.74,54.59,
2026-09-18,2026-09-17T15:43:00.680201+00:00,2026-09-14,2025-08-26,20,66.05,73.58,64.32,
2026-09-18,2026-09-17T15:43:00.680201+00:00,2026-09-14,2025-08-26,21,53.13,53.87,63.86,
2026-09-18,2026-09-17T15:43:00.680201+00:00,2026-09-14,2025-08-26,22,44.91,46.62,41.62,
2026-09-18,2026-09-17T15:43:00.680201+00:00,2026-09-14,2025-08-26,23,39.17,39.64,37.6,
2026-09-18,2026-09-17T15:43:00.680201+00:00,2026-09-14,2025-08-26,24,38.26,39.77,36.94,
