interval_start_local,target_date,ontario,ontario_northeast,ontario_northwest,ontario_southwest,ontario_southeast,wind_forecast,temperature_2m,relative_humidity_2m,precipitation,snowfall,wind_speed_10m,shortwave_radiation,global_tilted_irradiance,wind_speed_10m_port_alma,wind_speed_100m_port_alma,nuclear_avail,gas_avail,hydro_avail,adq_demand,solar_forecast,net_load,net_load_day_min,net_load_day_max,capacity_margin,shortwave_radiation_port_alma,temperature_2m_toronto,wind_speed_10m_toronto,relative_humidity_2m_toronto
2026-07-10 00:00:00-05:00,2026-07-10,16889.0,1050.0,381.0,6237.0,9221.0,68.8,20.461000442504883,96.0,0.0,0.0,1.2041594982147217,0.0,0.0,3.466987133026123,,,,,,,,,,,,,,
2026-07-10 01:00:00-05:00,2026-07-10,16305.0,1028.0,365.0,6094.0,8818.0,63.3,19.711000442504883,95.0,0.0,0.0,1.3892444372177124,0.0,0.0,1.9723082780838013,,,,,,,,,,,,,,
2026-07-10 02:00:00-05:00,2026-07-10,15903.0,1003.0,351.0,6014.0,8535.0,59.8,19.31100082397461,95.0,0.0,0.0,1.5033296346664429,0.0,0.0,1.7117242813110352,,,,,,,,,,,,,,
2026-07-10 03:00:00-05:00,2026-07-10,15938.0,1088.0,352.0,6073.0,8425.0,74.2,18.961000442504883,94.0,0.0,0.0,1.5297058820724487,0.0,0.0,1.403566837310791,,,,,,,,,,,,,,
2026-07-10 04:00:00-05:00,2026-07-10,16426.0,1076.0,348.0,6138.0,8540.0,80.0,18.711000442504883,93.0,0.0,0.0,1.838477611541748,0.0,0.0,1.5033296346664429,,,,,,,,,,,,,,
2026-07-10 05:00:00-05:00,2026-07-10,17189.0,1090.0,351.0,6250.0,9058.0,101.4,18.411001205444336,94.0,0.0,0.0,1.4422205686569214,9.0,9.000000953674316,2.0591259002685547,,,,,,,,,,,,,,
2026-07-10 06:00:00-05:00,2026-07-10,17996.0,1106.0,370.0,6478.0,9674.0,78.6,19.76099967956543,91.0,0.0,0.0,1.6278821229934692,124.0,123.9999771118164,3.0066592693328857,,,,,,,,,,,,,,
2026-07-10 07:00:00-05:00,2026-07-10,18696.0,1132.0,387.0,6653.0,10190.0,70.3,20.86100006103516,86.0,0.0,0.0,1.838477611541748,291.0,290.9999694824219,3.3241539001464844,,,,,,,,,,,,,,
2026-07-10 08:00:00-05:00,2026-07-10,19409.0,1138.0,394.0,6826.0,10669.0,69.5,22.31100082397461,80.0,0.0,0.0,1.552417516708374,466.0,466.0000305175781,3.801315546035767,,,,,,,,,,,,,,
2026-07-10 09:00:00-05:00,2026-07-10,19789.0,1151.0,399.0,6972.0,11188.0,74.9,23.56100082397461,73.0,0.0,0.0,1.334166407585144,631.0,631.0,2.280350923538208,,,,,,,,,,,,,,
2026-07-10 10:00:00-05:00,2026-07-10,20337.0,1145.0,398.0,7132.0,11527.0,52.4,24.61100006103516,65.0,0.0,0.0,1.3152945041656494,771.0,771.0,3.96232271194458,,,,,,,,,,,,,,
2026-07-10 11:00:00-05:00,2026-07-10,20729.0,1153.0,403.0,7226.0,11845.0,56.2,25.461000442504883,57.0,0.0,0.0,1.104536056518555,871.0,871.0,4.964876174926758,,,,,,,,,,,,,,
2026-07-10 12:00:00-05:00,2026-07-10,21312.0,1166.0,407.0,7341.0,12161.0,66.3,26.06100082397461,53.0,0.0,0.0,0.3162277638912201,922.0,922.0,5.234500885009766,,,,,,,,,,,,,,
2026-07-10 13:00:00-05:00,2026-07-10,21622.0,1170.0,410.0,7426.0,12345.0,55.8,26.61100006103516,52.0,0.0,0.0,0.9899494647979736,921.0,921.0,1.4422205686569214,,,,,,,,,,,,,,
2026-07-10 14:00:00-05:00,2026-07-10,21800.0,1158.0,414.0,7434.0,12444.0,43.9,26.411001205444336,53.0,0.0,0.0,1.303840398788452,555.0,555.0,1.9697715044021609,,,,,,,,,,,,,,
2026-07-10 15:00:00-05:00,2026-07-10,22732.0,1167.0,417.0,7497.0,12784.0,52.3,25.56100082397461,59.0,1.7999999523162842,0.0,3.676955223083496,454.0,454.0,3.721558809280396,,,,,,,,,,,,,,
2026-07-10 16:00:00-05:00,2026-07-10,23081.0,1180.0,419.0,7647.0,13171.0,91.4,23.711000442504883,69.0,0.0,0.0,1.7088007926940918,558.0,558.0,1.7492855787277222,,,,,,,,,,,,,,
2026-07-10 17:00:00-05:00,2026-07-10,23115.0,1192.0,420.0,7606.0,13121.0,150.6,24.961000442504883,64.0,0.0,0.0,1.8248286247253416,478.0,477.99993896484375,1.0198038816452026,,,,,,,,,,,,,,
2026-07-10 18:00:00-05:00,2026-07-10,22889.0,1218.0,436.0,7511.0,12947.0,144.8,24.06100082397461,68.0,0.0,0.0,2.109502077102661,295.0,295.0,2.475883722305298,,,,,,,,,,,,,,
2026-07-10 19:00:00-05:00,2026-07-10,22079.0,1243.0,445.0,7378.0,12439.0,159.2,22.56100082397461,73.0,0.0,0.0,2.102379560470581,107.0,106.99999237060548,3.1953091621398926,,,,,,,,,,,,,,
2026-07-10 20:00:00-05:00,2026-07-10,21439.0,1250.0,444.0,7202.0,12071.0,168.1,21.411001205444336,76.0,0.0,0.0,2.0024983882904053,0.0,0.0,2.5,,,,,,,,,,,,,,
2026-07-10 21:00:00-05:00,2026-07-10,20249.0,1225.0,442.0,6813.0,11420.0,152.6,21.06100082397461,81.0,0.0,0.0,1.216552495956421,0.0,0.0,3.0805842876434326,,,,,,,,,,,,,,
2026-07-10 22:00:00-05:00,2026-07-10,18806.0,1180.0,424.0,6402.0,10575.0,126.2,20.61100006103516,79.0,0.0,0.0,1.931320786476136,0.0,0.0,3.132091760635376,,,,,,,,,,,,,,
2026-07-10 23:00:00-05:00,2026-07-10,17546.0,1147.0,401.0,6028.0,9734.0,119.4,20.211000442504883,80.0,0.0,0.0,1.0630146265029907,0.0,0.0,3.036445379257202,,,,,,,,,,,,,,
2026-07-11 00:00:00-05:00,2026-07-11,16165.0,1119.0,410.0,5779.0,8857.0,113.5,17.911001205444336,76.0,0.0,0.0,1.886796236038208,0.0,0.0,1.7691805362701416,,,,,,,,,,,,,,
2026-07-11 01:00:00-05:00,2026-07-11,15485.0,1104.0,400.0,5626.0,8355.0,121.0,17.161001205444336,74.0,0.0,0.0,1.1661903858184814,0.0,0.0,2.9529645442962646,,,,,,,,,,,,,,
2026-07-11 02:00:00-05:00,2026-07-11,15092.0,1086.0,400.0,5588.0,8018.0,179.0,16.211000442504883,75.0,0.0,0.0,2.0024983882904053,0.0,0.0,3.0870697498321533,,,,,,,,,,,,,,
2026-07-11 03:00:00-05:00,2026-07-11,14891.0,1083.0,396.0,5584.0,7828.0,189.6,15.611000061035156,74.0,0.0,0.0,1.838477611541748,0.0,0.0,3.383785009384156,,,,,,,,,,,,,,
2026-07-11 04:00:00-05:00,2026-07-11,14701.0,1070.0,390.0,5488.0,7753.0,210.5,14.81100082397461,76.0,0.0,0.0,1.649242281913757,0.0,0.0,2.6076807975769043,,,,,,,,,,,,,,
2026-07-11 05:00:00-05:00,2026-07-11,14780.0,1059.0,382.0,5520.0,7819.0,223.3,14.461000442504885,74.0,0.0,0.0,1.702938675880432,8.0,8.0,1.9416487216949463,,,,,,,,,,,,,,
2026-07-11 06:00:00-05:00,2026-07-11,15583.0,1066.0,403.0,5605.0,8044.0,197.1,15.66100025177002,76.0,0.0,0.0,1.7000000476837158,123.0,122.99996948242188,1.7000000476837158,,,,,,,,,,,,,,
2026-07-11 07:00:00-05:00,2026-07-11,16552.0,1090.0,422.0,5956.0,8578.0,165.1,17.711000442504883,72.0,0.0,0.0,1.2000000476837158,258.0,258.0,2.6076810359954834,,,,,,,,,,,,,,
2026-07-11 08:00:00-05:00,2026-07-11,17445.0,1103.0,433.0,6295.0,9224.0,153.1,19.86100006103516,66.0,0.0,0.0,1.523154616355896,480.0,480.0000305175781,2.9732136726379395,,,,,,,,,,,,,,
2026-07-11 09:00:00-05:00,2026-07-11,17834.0,1117.0,435.0,6521.0,9761.0,163.9,21.661001205444336,58.0,0.0,0.0,1.3038405179977417,632.0,632.0,3.2557642459869385,,,,,,,,,,,,,,
2026-07-11 10:00:00-05:00,2026-07-11,18392.0,1121.0,434.0,6684.0,10153.0,180.6,22.76099967956543,48.0,0.0,0.0,1.0630146265029907,760.0,760.0,3.959797859191896,,,,,,,,,,,,,,
2026-07-11 11:00:00-05:00,2026-07-11,18889.0,1143.0,439.0,6847.0,10460.0,183.2,23.211000442504883,44.0,0.0,0.0,2.745906114578247,890.0,890.0,4.4721360206604,,,,,,,,,,,,,,
2026-07-11 12:00:00-05:00,2026-07-11,19316.0,1154.0,443.0,6954.0,10765.0,169.0,23.61100006103516,43.0,0.0,0.0,3.001666307449341,944.0,944.0,5.508175849914551,,,,,,,,,,,,,,
2026-07-11 13:00:00-05:00,2026-07-11,19497.0,1167.0,449.0,7027.0,10854.0,154.2,23.911001205444336,43.0,0.0,0.0,3.3015148639678955,944.0,944.0,5.000999927520752,,,,,,,,,,,,,,
2026-07-11 14:00:00-05:00,2026-07-11,19636.0,1164.0,455.0,7116.0,10901.0,150.2,24.161001205444336,43.0,0.0,0.0,3.001666307449341,902.0,902.0,4.601086616516113,,,,,,,,,,,,,,
2026-07-11 15:00:00-05:00,2026-07-11,20589.0,1182.0,464.0,7272.0,11254.0,157.2,24.36100006103516,42.0,0.0,0.0,2.3345234394073486,809.0,809.0,4.50444221496582,,,,,,,,,,,,,,
2026-07-11 16:00:00-05:00,2026-07-11,21004.0,1211.0,478.0,7536.0,11779.0,170.9,24.31100082397461,44.0,0.0,0.0,2.4515302181243896,665.0,665.0,4.904079914093018,,,,,,,,,,,,,,
2026-07-11 17:00:00-05:00,2026-07-11,21239.0,1235.0,480.0,7585.0,11939.0,177.1,23.81100082397461,46.0,0.0,0.0,2.308679342269897,497.0,497.00006103515625,4.011234283447266,,,,,,,,,,,,,,
2026-07-11 18:00:00-05:00,2026-07-11,20969.0,1254.0,486.0,7418.0,11811.0,181.6,23.411001205444336,55.0,0.0,0.0,1.3601469993591309,312.0,312.0,3.4132096767425537,,,,,,,,,,,,,,
2026-07-11 19:00:00-05:00,2026-07-11,20282.0,1260.0,484.0,7167.0,11371.0,191.9,22.81100082397461,57.0,0.0,0.0,1.6155494451522827,129.0,129.00001525878906,2.193171262741089,,,,,,,,,,,,,,
2026-07-11 20:00:00-05:00,2026-07-11,19702.0,1248.0,474.0,6874.0,11106.0,211.0,21.36100006103516,49.0,0.0,0.0,0.7280109524726868,0.0,0.0,2.523885726928711,,,,,,,,,,,,,,
2026-07-11 21:00:00-05:00,2026-07-11,18823.0,1226.0,469.0,6566.0,10562.0,225.7,19.86100006103516,54.0,0.0,0.0,0.5099019408226013,0.0,0.0,2.126029253005981,,,,,,,,,,,,,,
2026-07-11 22:00:00-05:00,2026-07-11,17541.0,1180.0,447.0,6152.0,9762.0,180.9,18.86100006103516,59.0,0.0,0.0,0.9055384993553162,0.0,0.0,2.247220277786255,,,,,,,,,,,,,,
2026-07-11 23:00:00-05:00,2026-07-11,16474.0,1151.0,426.0,5851.0,9046.0,157.3,18.06100082397461,62.0,0.0,0.0,1.4304817914962769,0.0,0.0,2.5646393299102783,,,,,,,,,,,,,,
2026-07-12 00:00:00-05:00,2026-07-12,15661.0,1130.0,418.0,5582.0,8520.0,270.7,17.161001205444336,68.0,0.0,0.0,1.2206555604934692,0.0,0.0,2.549509763717652,,,,,,,,,,,,,,
2026-07-12 01:00:00-05:00,2026-07-12,15099.0,1118.0,409.0,5489.0,8080.0,268.6,16.661001205444336,75.0,0.0,0.0,0.4000000059604645,0.0,0.0,2.334523677825928,,,,,,,,,,,,,,
2026-07-12 02:00:00-05:00,2026-07-12,14711.0,1096.0,403.0,5408.0,7802.0,270.8,16.31100082397461,75.0,0.0,0.0,0.8602325320243835,0.0,0.0,2.920616388320923,,,,,,,,,,,,,,
2026-07-12 03:00:00-05:00,2026-07-12,14456.0,1090.0,398.0,5363.0,7617.0,279.2,15.66100025177002,77.0,0.0,0.0,0.5,0.0,0.0,2.9732136726379395,,,,,,,,,,,,,,
2026-07-12 04:00:00-05:00,2026-07-12,14216.0,1078.0,396.0,5210.0,7521.0,292.2,14.91100025177002,81.0,0.0,0.0,1.4142135381698608,0.0,0.0,2.8999998569488525,,,,,,,,,,,,,,
2026-07-12 05:00:00-05:00,2026-07-12,14216.0,1075.0,390.0,5203.0,7528.0,312.5,14.861000061035156,82.0,0.0,0.0,1.3892444372177124,8.0,7.999998092651367,2.920616388320923,,,,,,,,,,,,,,
2026-07-12 06:00:00-05:00,2026-07-12,14882.0,1078.0,407.0,5257.0,7793.0,287.6,16.111000061035156,89.0,0.0,0.0,0.6082762479782104,121.0,120.9999771118164,2.549509763717652,,,,,,,,,,,,,,
2026-07-12 07:00:00-05:00,2026-07-12,15807.0,1102.0,425.0,5567.0,8282.0,283.3,18.36100006103516,85.0,0.0,0.0,1.702938675880432,289.0,289.0,3.4205262660980225,,,,,,,,,,,,,,
2026-07-12 08:00:00-05:00,2026-07-12,16739.0,1123.0,439.0,5943.0,8847.0,272.6,20.161001205444336,79.0,0.0,0.0,0.5830951929092407,458.0,458.0000305175781,3.661966562271118,,,,,,,,,,,,,,
2026-07-12 09:00:00-05:00,2026-07-12,17564.0,1153.0,450.0,6164.0,9431.0,263.0,21.661001205444336,74.0,0.0,0.0,0.5099019408226013,630.0,630.0,3.5846896171569824,,,,,,,,,,,,,,
2026-07-12 10:00:00-05:00,2026-07-12,18344.0,1164.0,447.0,6418.0,9984.0,247.9,23.11100006103516,67.0,0.0,0.0,0.5830951929092407,774.0,774.0,3.668787240982056,,,,,,,,,,,,,,
2026-07-12 11:00:00-05:00,2026-07-12,18723.0,1180.0,457.0,6682.0,10426.0,231.9,24.36100006103516,57.0,0.0,0.0,1.392838716506958,872.0,872.0,3.1384711265563965,,,,,,,,,,,,,,
2026-07-12 12:00:00-05:00,2026-07-12,19294.0,1206.0,472.0,6854.0,10803.0,213.1,25.11100006103516,47.0,0.0,0.0,2.5553863048553467,919.0,919.0,4.099999904632568,,,,,,,,,,,,,,
2026-07-12 13:00:00-05:00,2026-07-12,19589.0,1218.0,475.0,6994.0,10908.0,194.9,25.61100006103516,43.0,0.0,0.0,2.9529645442962646,894.0,894.0,4.701063632965088,,,,,,,,,,,,,,
2026-07-12 14:00:00-05:00,2026-07-12,19949.0,1225.0,483.0,7158.0,11064.0,162.8,26.01099967956543,39.0,0.0,0.0,3.2449963092803955,857.0,857.0,4.816637992858887,,,,,,,,,,,,,,
2026-07-12 15:00:00-05:00,2026-07-12,21010.0,1269.0,488.0,7386.0,11463.0,140.5,26.31100082397461,37.0,0.0,0.0,2.865309715270996,730.0,730.0,4.800000190734863,,,,,,,,,,,,,,
2026-07-12 16:00:00-05:00,2026-07-12,21480.0,1283.0,498.0,7709.0,12055.0,123.9,25.56100082397461,46.0,0.0,0.0,3.059411764144897,526.0,526.0,4.328972339630127,,,,,,,,,,,,,,
2026-07-12 17:00:00-05:00,2026-07-12,21782.0,1267.0,500.0,7814.0,12251.0,104.8,25.411001205444336,47.0,0.0,0.0,2.0880613327026367,433.0,433.0,4.099999904632568,,,,,,,,,,,,,,
2026-07-12 18:00:00-05:00,2026-07-12,21593.0,1277.0,506.0,7661.0,12191.0,94.8,24.11100006103516,62.0,0.0,0.0,2.435159206390381,278.0,278.0,3.5693135261535645,,,,,,,,,,,,,,
2026-07-12 19:00:00-05:00,2026-07-12,21036.0,1287.0,522.0,7434.0,11794.0,80.2,22.61100006103516,68.0,0.0,0.0,2.0808651447296143,99.0,99.0,2.549509763717652,,,,,,,,,,,,,,
2026-07-12 20:00:00-05:00,2026-07-12,20455.0,1293.0,517.0,7174.0,11520.0,76.4,20.961000442504883,76.0,0.0,0.0,2.280350923538208,0.0,0.0,2.1377556324005127,,,,,,,,,,,,,,
2026-07-12 21:00:00-05:00,2026-07-12,19419.0,1264.0,494.0,6823.0,10872.0,71.2,19.86100006103516,77.0,0.0,0.0,2.2360680103302,0.0,0.0,2.302172899246216,,,,,,,,,,,,,,
2026-07-12 22:00:00-05:00,2026-07-12,18089.0,1216.0,459.0,6415.0,9986.0,61.0,18.961000442504883,79.0,0.0,0.0,2.280350923538208,0.0,0.0,2.745906114578247,,,,,,,,,,,,,,
2026-07-12 23:00:00-05:00,2026-07-12,16969.0,1195.0,436.0,6110.0,9209.0,47.7,18.41962623596192,78.5,0.0,0.0,2.09696626663208,0.0,0.0,2.9978103637695312,,,,,,,,,,,,,,
2026-07-13 00:00:00-05:00,2026-07-13,16183.0,1247.0,416.0,5799.0,8721.0,57.7,17.711000442504883,80.0,0.0,0.0,1.8601075410842896,0.0,0.0,2.051828384399414,,,,,,,,,,,,,,
2026-07-13 01:00:00-05:00,2026-07-13,15674.0,1242.0,404.0,5733.0,8295.0,48.0,17.411001205444336,80.0,0.0,0.0,2.193171262741089,0.0,0.0,2.8231186866760254,,,,,,,,,,,,,,
2026-07-13 02:00:00-05:00,2026-07-13,15411.0,1231.0,392.0,5716.0,8072.0,40.0,17.06100082397461,83.0,0.0,0.0,2.284731864929199,0.0,0.0,2.729468822479248,,,,,,,,,,,,,,
2026-07-13 03:00:00-05:00,2026-07-13,15207.0,1218.0,391.0,5595.0,8003.0,28.6,16.911001205444336,83.0,0.0,0.0,2.024845838546753,0.0,0.0,1.6970562934875488,,,,,,,,,,,,,,
2026-07-13 04:00:00-05:00,2026-07-13,15651.0,1210.0,388.0,5526.0,8205.0,23.1,17.461000442504883,81.0,0.0,0.0,2.061552762985229,0.0,0.0,1.334166407585144,,,,,,,,,,,,,,
2026-07-13 05:00:00-05:00,2026-07-13,16538.0,1236.0,389.0,5687.0,8659.0,22.8,17.161001205444336,80.0,0.0,0.0,2.683281660079956,6.0,6.0,1.5,,,,,,,,,,,,,,
2026-07-13 06:00:00-05:00,2026-07-13,17787.0,1269.0,401.0,6062.0,9375.0,19.5,17.711000442504883,77.0,0.0,0.0,3.47131085395813,14.0,14.0,2.5553863048553467,,,,,,,,,,,,,,
2026-07-13 07:00:00-05:00,2026-07-13,18974.0,1301.0,420.0,6605.0,10140.0,9.2,19.661001205444336,75.0,0.0,0.0,4.114608287811279,239.0,239.00001525878903,1.2529964447021484,,,,,,,,,,,,,,
2026-07-13 08:00:00-05:00,2026-07-13,20010.0,1314.0,444.0,6873.0,10851.0,4.5,20.211000442504883,75.0,0.0,0.0,3.4885528087615967,140.0,140.0,1.897366523742676,,,,,,,,,,,,,,
2026-07-13 09:00:00-05:00,2026-07-13,20930.0,1339.0,472.0,7198.0,11528.0,5.4,20.81100082397461,79.0,0.0,0.0,1.6763055324554443,59.0,59.0,3.0016660690307617,,,,,,,,,,,,,,
2026-07-13 10:00:00-05:00,2026-07-13,21730.0,1360.0,493.0,7480.0,11990.0,6.1,23.56100082397461,68.0,0.0,0.0,3.328663349151612,507.0,507.0,2.0223748683929443,,,,,,,,,,,,,,
2026-07-13 11:00:00-05:00,2026-07-13,22672.0,1370.0,506.0,7732.0,12530.0,5.6,24.211000442504883,63.0,0.0,0.0,2.408318996429444,398.0,398.0,2.0223748683929443,,,,,,,,,,,,,,
2026-07-13 12:00:00-05:00,2026-07-13,23208.0,1413.0,549.0,8113.0,13133.0,8.7,23.56100082397461,68.0,0.0,0.0,1.5264337062835691,51.0,51.0,4.804164886474609,,,,,,,,,,,,,,
2026-07-13 13:00:00-05:00,2026-07-13,23626.0,1410.0,564.0,8317.0,13335.0,11.9,25.81100082397461,62.0,0.0,0.0,3.847076654434204,387.0,387.0,5.0,,,,,,,,,,,,,,
2026-07-13 14:00:00-05:00,2026-07-13,24401.0,1407.0,583.0,8512.0,13519.0,19.7,27.86100006103516,58.0,0.0,0.0,4.699999809265137,849.0,849.0,4.924428939819336,,,,,,,,,,,,,,
2026-07-13 15:00:00-05:00,2026-07-13,25113.0,1422.0,616.0,8782.0,13960.0,29.2,28.461000442504883,56.0,0.0,0.0,4.5,767.0,767.0,4.326661586761475,,,,,,,,,,,,,,
2026-07-13 16:00:00-05:00,2026-07-13,25447.0,1440.0,635.0,8924.0,14448.0,35.5,29.06100082397461,53.0,0.0,0.0,4.119465827941895,648.0,648.0,3.956008195877075,,,,,,,,,,,,,,
2026-07-13 17:00:00-05:00,2026-07-13,25575.0,1452.0,662.0,9011.0,14450.0,47.0,28.961000442504883,54.0,0.0,0.0,3.4234485626220703,475.0,475.0,3.471311092376709,,,,,,,,,,,,,,
2026-07-13 18:00:00-05:00,2026-07-13,25498.0,1497.0,656.0,8904.0,14441.0,61.7,28.161001205444336,60.0,0.0,0.0,2.0099751949310303,316.0,316.0000305175781,2.9832868576049805,,,,,,,,,,,,,,
2026-07-13 19:00:00-05:00,2026-07-13,25149.0,1527.0,639.0,8769.0,14214.0,85.3,26.711000442504883,70.0,0.0,0.0,1.6401219367980957,102.0,102.0,3.275667905807495,,,,,,,,,,,,,,
2026-07-13 20:00:00-05:00,2026-07-13,24508.0,1510.0,594.0,8530.0,13874.0,113.9,25.06100082397461,72.0,0.0,0.0,2.2135941982269287,0.0,0.0,3.3241539001464844,,,,,,,,,,,,,,
2026-07-13 21:00:00-05:00,2026-07-13,23106.0,1469.0,570.0,8075.0,12992.0,144.5,23.461000442504883,80.0,0.0,0.0,2.280350923538208,0.0,0.0,3.640054941177368,,,,,,,,,,,,,,
2026-07-13 22:00:00-05:00,2026-07-13,21321.0,1405.0,544.0,7474.0,11898.0,158.8,22.711000442504883,83.0,0.0,0.0,1.8788294792175293,0.0,0.0,4.317406177520752,,,,,,,,,,,,,,
2026-07-13 23:00:00-05:00,2026-07-13,19730.0,1356.0,473.0,7014.0,10887.0,185.0,22.54462623596192,79.5,0.0,0.0,2.5551862716674805,0.0,0.0,3.680999279022217,,,,,,,,,,,,,,
2026-07-14 00:00:00-05:00,2026-07-14,18491.0,1506.0,418.0,6537.0,10030.0,350.2,22.411001205444336,84.0,0.0,0.0,2.8844411373138428,0.0,0.0,4.060788154602051,,,,,,,,,,,,,,
2026-07-14 01:00:00-05:00,2026-07-14,17746.0,1490.0,411.0,6304.0,9541.0,338.3,22.11100006103516,86.0,0.0,0.0,2.435159206390381,0.0,0.0,3.820994377136232,,,,,,,,,,,,,,
2026-07-14 02:00:00-05:00,2026-07-14,17559.0,1485.0,413.0,6411.0,9250.0,312.3,21.86100006103516,87.0,0.0,0.0,2.8284270763397217,0.0,0.0,3.6400551795959473,,,,,,,,,,,,,,
2026-07-14 03:00:00-05:00,2026-07-14,17082.0,1492.0,403.0,6106.0,9081.0,301.7,21.661001205444336,87.0,0.0,0.0,3.0610456466674805,0.0,0.0,4.02243709564209,,,,,,,,,,,,,,
2026-07-14 04:00:00-05:00,2026-07-14,18114.0,1455.0,416.0,6011.0,9258.0,282.8,21.56100082397461,84.0,0.0,0.0,3.8897299766540527,0.0,0.0,3.1622776985168457,,,,,,,,,,,,,,
2026-07-14 05:00:00-05:00,2026-07-14,19088.0,1663.0,1498.0,6219.0,9708.0,273.3,20.911001205444336,87.0,0.0,0.0,1.7464250326156616,6.0,6.0,2.912043809890747,,,,,,,,,,,,,,
2026-07-14 06:00:00-05:00,2026-07-14,20778.0,1543.0,361.0,6783.0,10646.0,233.5,21.76099967956543,86.0,0.0,0.0,2.8017852306365967,98.0,98.0,3.140063524246216,,,,,,,,,,,,,,
2026-07-14 07:00:00-05:00,2026-07-14,21786.0,1494.0,534.0,7426.0,11635.0,217.8,23.461000442504883,80.0,0.0,0.0,3.612478494644165,241.0,241.0,3.501428365707397,,,,,,,,,,,,,,
2026-07-14 08:00:00-05:00,2026-07-14,22935.0,1494.0,556.0,7790.0,12592.0,238.2,25.36100006103516,77.0,0.0,0.0,3.4655447006225586,418.0,418.0,3.931920766830444,,,,,,,,,,,,,,
2026-07-14 09:00:00-05:00,2026-07-14,23864.0,1505.0,570.0,8072.0,13292.0,275.3,27.76099967956543,69.0,0.0,0.0,4.569463729858398,573.0,573.0,3.8209946155548096,,,,,,,,,,,,,,
2026-07-14 10:00:00-05:00,2026-07-14,24741.0,1497.0,590.0,8346.0,13842.0,301.5,28.961000442504883,66.0,0.0,0.0,4.623851299285889,682.0,682.0,3.996248245239258,,,,,,,,,,,,,,
2026-07-14 11:00:00-05:00,2026-07-14,25719.0,1522.0,634.0,8588.0,14465.0,329.1,30.461000442504883,61.0,0.0,0.0,4.810405254364014,791.0,791.0,4.904079914093018,,,,,,,,,,,,,,
2026-07-14 12:00:00-05:00,2026-07-14,26228.0,1544.0,661.0,8952.0,15071.0,368.5,32.2609977722168,54.0,0.0,0.0,4.904079437255859,845.0,845.0,6.200806617736816,,,,,,,,,,,,,,
2026-07-14 13:00:00-05:00,2026-07-14,26437.0,1499.0,654.0,9021.0,15263.0,386.2,33.9109992980957,48.0,0.0,0.0,5.53624439239502,895.0,895.0,6.79411506652832,,,,,,,,,,,,,,
2026-07-14 14:00:00-05:00,2026-07-14,26655.0,1458.0,639.0,9102.0,15456.0,403.4,34.810997009277344,44.0,0.0,0.0,6.648307800292969,863.0,863.0,6.85930061340332,,,,,,,,,,,,,,
2026-07-14 15:00:00-05:00,2026-07-14,27100.0,1493.0,623.0,9240.0,15744.0,431.0,35.060997009277344,44.0,0.0,0.0,6.648307800292969,760.0,760.0,6.72681188583374,,,,,,,,,,,,,,
2026-07-14 16:00:00-05:00,2026-07-14,27345.0,1477.0,622.0,9180.0,16066.0,463.8,34.560997009277344,45.0,0.0,0.0,6.428063869476318,621.0,621.0,6.67083215713501,,,,,,,,,,,,,,
2026-07-14 17:00:00-05:00,2026-07-14,27259.0,1496.0,615.0,9187.0,15961.0,489.4,34.060997009277344,47.0,0.0,0.0,6.166036128997803,452.0,452.0000305175781,6.4031243324279785,,,,,,,,,,,,,,
2026-07-14 18:00:00-05:00,2026-07-14,27158.0,1545.0,592.0,9055.0,15966.0,498.9,32.560997009277344,51.0,0.0,0.0,5.643580436706543,274.0,274.0,5.731492042541504,,,,,,,,,,,,,,
2026-07-14 19:00:00-05:00,2026-07-14,26829.0,1589.0,580.0,9008.0,15652.0,513.5,30.51099967956543,58.0,0.0,0.0,3.54400897026062,104.0,103.99999237060548,6.184658527374268,,,,,,,,,,,,,,
2026-07-14 20:00:00-05:00,2026-07-14,26342.0,1612.0,553.0,8913.0,15264.0,533.7,26.31100082397461,84.0,0.0,0.0,2.906888484954834,0.0,0.0,5.872818946838379,,,,,,,,,,,,,,
2026-07-14 21:00:00-05:00,2026-07-14,24779.0,1561.0,505.0,8485.0,14228.0,577.6,23.06100082397461,89.0,7.900000095367432,0.0,4.661544799804688,0.0,0.0,5.903388500213623,,,,,,,,,,,,,,
2026-07-14 22:00:00-05:00,2026-07-14,22888.0,1534.0,516.0,7781.0,13057.0,535.9,23.26099967956543,88.0,0.0,0.0,2.8284270763397217,0.0,0.0,5.131276607513428,,,,,,,,,,,,,,
2026-07-14 23:00:00-05:00,2026-07-14,21402.0,1492.0,503.0,7418.0,11989.0,506.3,23.43212509155273,87.25,0.1000000014901161,0.0,2.508169651031494,0.0,0.0,4.7449164390563965,,,,,,,,,,,,,,
2026-07-16 00:00:00-05:00,2026-07-16,18014.0,1257.0,410.0,6620.0,9727.0,197.4,18.56100082397461,79.0,0.0,0.0,2.376972913742065,0.0,0.0,4.800000190734863,,,,,,,,,,,,,,
2026-07-16 01:00:00-05:00,2026-07-16,17136.0,1233.0,396.0,6285.0,9222.0,200.2,17.911001205444336,82.0,0.0,0.0,2.2360680103302,0.0,0.0,4.599999904632568,,,,,,,,,,,,,,
2026-07-16 02:00:00-05:00,2026-07-16,16680.0,1212.0,386.0,6217.0,8865.0,174.6,17.611000061035156,81.0,0.0,0.0,2.692582368850708,0.0,0.0,3.605551242828369,,,,,,,,,,,,,,
2026-07-16 03:00:00-05:00,2026-07-16,16537.0,1194.0,381.0,6334.0,8628.0,171.9,17.111000061035156,82.0,0.0,0.0,2.692582368850708,0.0,0.0,3.1144821643829346,,,,,,,,,,,,,,
2026-07-16 04:00:00-05:00,2026-07-16,17045.0,1185.0,376.0,6322.0,8773.0,160.7,16.611000061035156,84.0,0.0,0.0,2.247220516204834,0.0,0.0,2.5,,,,,,,,,,,,,,
2026-07-16 05:00:00-05:00,2026-07-16,17924.0,1204.0,379.0,6458.0,9389.0,157.0,16.861000061035156,83.0,0.0,0.0,3.104835033416748,2.0,2.0,2.2825424671173096,,,,,,,,,,,,,,
2026-07-16 06:00:00-05:00,2026-07-16,18929.0,1227.0,392.0,6743.0,10053.0,150.3,17.76099967956543,85.0,0.0,0.0,2.280350923538208,82.0,82.0,2.262741804122925,,,,,,,,,,,,,,
2026-07-16 07:00:00-05:00,2026-07-16,19896.0,1247.0,415.0,6918.0,10860.0,134.8,19.61100006103516,78.0,0.0,0.0,3.361547470092773,248.0,248.0,1.9849432706832888,,,,,,,,,,,,,,
2026-07-16 08:00:00-05:00,2026-07-16,20774.0,1244.0,435.0,7146.0,11517.0,131.0,20.961000442504883,70.0,0.0,0.0,4.38292121887207,356.0,356.0,2.920616388320923,,,,,,,,,,,,,,
2026-07-16 09:00:00-05:00,2026-07-16,21563.0,1267.0,462.0,7385.0,12089.0,126.8,21.36100006103516,69.0,0.0,0.0,4.204759120941162,246.0,246.0,3.860051870346069,,,,,,,,,,,,,,
2026-07-16 10:00:00-05:00,2026-07-16,22304.0,1285.0,480.0,7646.0,12510.0,124.3,20.76099967956543,67.0,0.0,0.0,3.3060550689697266,97.0,97.0,3.753664970397949,,,,,,,,,,,,,,
2026-07-16 11:00:00-05:00,2026-07-16,23046.0,1308.0,497.0,7963.0,12915.0,126.6,22.411001205444336,64.0,0.0,0.0,4.060788154602051,254.0,254.0,3.982461452484131,,,,,,,,,,,,,,
2026-07-16 12:00:00-05:00,2026-07-16,23408.0,1332.0,510.0,8337.0,13229.0,129.8,24.411001205444336,52.0,0.0,0.0,5.860033988952637,837.0,837.0,4.2190046310424805,,,,,,,,,,,,,,
2026-07-16 13:00:00-05:00,2026-07-16,23767.0,1343.0,515.0,8563.0,13346.0,130.3,26.11100006103516,39.0,0.0,0.0,6.606814384460449,874.0,874.0,4.1617302894592285,,,,,,,,,,,,,,
2026-07-16 14:00:00-05:00,2026-07-16,24084.0,1336.0,510.0,8832.0,13406.0,132.1,26.26099967956543,33.0,0.0,0.0,7.247067928314209,884.0,884.0,3.328663349151612,,,,,,,,,,,,,,
2026-07-16 15:00:00-05:00,2026-07-16,24418.0,1349.0,502.0,8951.0,13616.0,131.8,26.01099967956543,29.0,0.0,0.0,7.22011137008667,803.0,803.0,2.193171262741089,,,,,,,,,,,,,,
2026-07-16 16:00:00-05:00,2026-07-16,24777.0,1367.0,502.0,9037.0,13871.0,121.0,25.81100082397461,29.0,0.0,0.0,7.080254077911377,660.0,660.0,2.692582130432129,,,,,,,,,,,,,,
2026-07-16 17:00:00-05:00,2026-07-16,24661.0,1382.0,498.0,8982.0,13799.0,110.6,25.211000442504883,30.0,0.0,0.0,6.378087520599365,481.0,481.0,2.927456378936768,,,,,,,,,,,,,,
2026-07-16 18:00:00-05:00,2026-07-16,24296.0,1408.0,493.0,8719.0,13676.0,97.5,24.161001205444336,29.0,0.0,0.0,6.435060024261475,309.0,309.00006103515625,1.9026297330856323,,,,,,,,,,,,,,
2026-07-16 19:00:00-05:00,2026-07-16,23657.0,1421.0,482.0,8514.0,13240.0,77.9,22.31100082397461,32.0,0.0,0.0,4.879549503326416,127.0,127.00000762939452,3.417601585388184,,,,,,,,,,,,,,
2026-07-16 20:00:00-05:00,2026-07-16,22880.0,1421.0,480.0,8174.0,12805.0,73.5,19.51099967956543,42.0,0.0,0.0,3.2802438735961914,0.0,0.0,3.275667905807495,,,,,,,,,,,,,,
2026-07-16 21:00:00-05:00,2026-07-16,21548.0,1361.0,463.0,7696.0,12028.0,80.0,17.211000442504883,54.0,0.0,0.0,2.1954498291015625,0.0,0.0,2.906888246536255,,,,,,,,,,,,,,
2026-07-16 22:00:00-05:00,2026-07-16,19757.0,1311.0,438.0,7037.0,10971.0,71.1,15.861000061035156,62.0,0.0,0.0,1.931320786476136,0.0,0.0,2.8284270763397217,,,,,,,,,,,,,,
2026-07-16 23:00:00-05:00,2026-07-16,18211.0,1258.0,424.0,6641.0,9888.0,60.1,14.957125663757324,60.0,0.0,0.0,2.145341396331787,0.0,0.0,2.3225808143615723,,,,,,,,,,,,,,
2026-07-18 00:00:00-05:00,2026-07-18,15672.0,1251.0,389.0,5720.0,8280.0,508.8,17.56100082397461,78.0,0.0,0.0,2.284731864929199,0.0,0.0,6.360031127929688,,,,,,,,,,,,,,
2026-07-18 01:00:00-05:00,2026-07-18,15156.0,1229.0,378.0,5615.0,7910.0,556.3,17.611000061035156,83.0,0.0,0.0,1.2041594982147217,0.0,0.0,6.06052827835083,,,,,,,,,,,,,,
2026-07-18 02:00:00-05:00,2026-07-18,14892.0,1214.0,369.0,5596.0,7683.0,595.4,17.161001205444336,81.0,0.0,0.0,2.617250442504883,0.0,0.0,5.341347694396973,,,,,,,,,,,,,,
2026-07-18 03:00:00-05:00,2026-07-18,14870.0,1201.0,363.0,5774.0,7528.0,641.3,16.911001205444336,80.0,0.0,0.0,2.1213202476501465,0.0,0.0,5.024937629699707,,,,,,,,,,,,,,
2026-07-18 04:00:00-05:00,2026-07-18,14898.0,1196.0,357.0,5807.0,7515.0,641.0,16.461000442504883,80.0,0.0,0.0,1.9026297330856323,0.0,0.0,5.515433311462402,,,,,,,,,,,,,,
2026-07-18 05:00:00-05:00,2026-07-18,15151.0,1199.0,361.0,5883.0,7683.0,639.4,16.411001205444336,82.0,0.0,0.0,2.0,1.0,1.0,5.731492042541504,,,,,,,,,,,,,,
2026-07-18 06:00:00-05:00,2026-07-18,15947.0,1218.0,381.0,6011.0,7980.0,684.1,16.06100082397461,92.0,0.699999988079071,0.0,1.9104973077774048,6.0,6.0,5.700877189636231,,,,,,,,,,,,,,
2026-07-18 07:00:00-05:00,2026-07-18,16882.0,1252.0,397.0,6130.0,8633.0,757.9,17.161001205444336,94.0,2.200000047683716,0.0,1.7464250326156616,28.0,28.0,6.12943696975708,,,,,,,,,,,,,,
2026-07-18 08:00:00-05:00,2026-07-18,17851.0,1281.0,408.0,6352.0,9415.0,810.2,17.611000061035156,90.0,0.699999988079071,0.0,2.5179357528686523,171.0,171.0,6.7082037925720215,,,,,,,,,,,,,,
2026-07-18 09:00:00-05:00,2026-07-18,18264.0,1286.0,412.0,6648.0,9945.0,828.4,17.26099967956543,93.0,1.100000023841858,0.0,4.801041603088379,309.0,309.0,6.7535176277160645,,,,,,,,,,,,,,
2026-07-18 10:00:00-05:00,2026-07-18,18783.0,1291.0,415.0,6841.0,10254.0,874.1,19.51099967956543,85.0,0.0,0.0,4.143670082092285,485.0,485.0,7.029224872589111,,,,,,,,,,,,,,
2026-07-18 11:00:00-05:00,2026-07-18,19102.0,1291.0,417.0,6969.0,10437.0,911.9,20.86100006103516,81.0,0.0,0.0,4.22965669631958,789.0,789.0,8.132035255432129,,,,,,,,,,,,,,
2026-07-18 12:00:00-05:00,2026-07-18,19296.0,1292.0,419.0,7032.0,10558.0,940.6,21.661001205444336,82.0,0.4000000059604645,0.0,4.883646011352539,816.0,816.0,9.052071571350098,,,,,,,,,,,,,,
2026-07-18 13:00:00-05:00,2026-07-18,19453.0,1292.0,424.0,7078.0,10673.0,852.7,21.36100006103516,84.0,0.0,0.0,4.215447902679443,535.0,535.0,9.449338912963867,,,,,,,,,,,,,,
2026-07-18 14:00:00-05:00,2026-07-18,19546.0,1299.0,422.0,7080.0,10725.0,852.9,21.31100082397461,89.0,0.0,0.0,3.758989095687866,487.0,487.0,9.749359130859377,,,,,,,,,,,,,,
2026-07-18 15:00:00-05:00,2026-07-18,19852.0,1310.0,427.0,7266.0,10867.0,857.6,21.11100006103516,90.0,0.0,0.0,0.3000000119209289,108.0,108.0,6.016643524169922,,,,,,,,,,,,,,
2026-07-18 16:00:00-05:00,2026-07-18,20031.0,1339.0,436.0,7303.0,10994.0,673.6,20.26099967956543,95.0,1.399999976158142,0.0,2.3259406089782715,43.0,43.0,4.879549503326416,,,,,,,,,,,,,,
2026-07-18 17:00:00-05:00,2026-07-18,19825.0,1356.0,441.0,7200.0,10855.0,506.0,20.56100082397461,95.0,0.4000000059604645,0.0,2.109502077102661,25.0,25.0,6.0,,,,,,,,,,,,,,
2026-07-18 18:00:00-05:00,2026-07-18,19369.0,1370.0,441.0,7003.0,10560.0,648.5,20.56100082397461,95.0,0.0,0.0,1.0816653966903689,71.0,71.0,4.609772205352783,,,,,,,,,,,,,,
2026-07-18 19:00:00-05:00,2026-07-18,18908.0,1366.0,442.0,6816.0,10282.0,639.6,20.51099967956543,95.0,0.0,0.0,1.4866068363189695,28.0,28.0,3.436568021774292,,,,,,,,,,,,,,
2026-07-18 20:00:00-05:00,2026-07-18,18514.0,1352.0,438.0,6702.0,10070.0,601.0,20.61100006103516,91.0,0.4000000059604645,0.0,3.6138620376586914,0.0,0.0,3.733630895614624,,,,,,,,,,,,,,
2026-07-18 21:00:00-05:00,2026-07-18,17750.0,1318.0,430.0,6374.0,9646.0,587.3,18.661001205444336,83.0,0.0,0.0,5.140038967132568,0.0,0.0,3.9012820720672607,,,,,,,,,,,,,,
2026-07-18 22:00:00-05:00,2026-07-18,16845.0,1287.0,409.0,6038.0,9127.0,540.2,17.01099967956543,83.0,0.0,0.0,4.3011627197265625,0.0,0.0,3.7054014205932617,,,,,,,,,,,,,,
2026-07-18 23:00:00-05:00,2026-07-18,15907.0,1256.0,388.0,5721.0,8532.0,484.5,16.182125091552734,86.75,0.0,0.0,4.075114727020264,0.0,0.0,3.677401065826416,,,,,,,,,,,,,,
2026-07-20 00:00:00-05:00,2026-07-20,14908.0,1253.0,395.0,5366.0,7875.0,45.7,14.66100025177002,85.0,0.0,0.0,2.420743703842163,0.0,0.0,2.3194828033447266,,,,,,,,,,,,,,
2026-07-20 01:00:00-05:00,2026-07-20,14407.0,1244.0,382.0,5248.0,7503.0,30.9,14.361000061035156,86.0,0.0,0.0,2.5,0.0,0.0,2.400000095367432,,,,,,,,,,,,,,
2026-07-20 02:00:00-05:00,2026-07-20,14253.0,1232.0,371.0,5349.0,7305.0,24.0,13.91100025177002,87.0,0.0,0.0,2.1400933265686035,0.0,0.0,2.6476402282714844,,,,,,,,,,,,,,
2026-07-20 03:00:00-05:00,2026-07-20,14146.0,1217.0,368.0,5267.0,7268.0,19.4,13.56100082397461,87.0,0.0,0.0,2.10950231552124,0.0,0.0,2.5298221111297607,,,,,,,,,,,,,,
2026-07-20 04:00:00-05:00,2026-07-20,14369.0,1210.0,364.0,5279.0,7476.0,17.0,13.261000633239746,85.0,0.0,0.0,1.8027756214141848,0.0,0.0,2.594224452972412,,,,,,,,,,,,,,
2026-07-20 05:00:00-05:00,2026-07-20,15422.0,1234.0,371.0,5475.0,7950.0,17.3,13.011000633239746,84.0,0.0,0.0,1.6970562934875488,4.0,4.0,2.5,,,,,,,,,,,,,,
2026-07-20 06:00:00-05:00,2026-07-20,16327.0,1253.0,386.0,5782.0,8495.0,22.0,14.41100025177002,89.0,0.0,0.0,1.7029385566711426,103.0,102.99998474121094,2.692582130432129,,,,,,,,,,,,,,
2026-07-20 07:00:00-05:00,2026-07-20,17198.0,1284.0,410.0,6054.0,9071.0,25.2,16.661001205444336,81.0,0.0,0.0,2.376972913742065,266.0,266.0000305175781,1.0440306663513184,,,,,,,,,,,,,,
2026-07-20 08:00:00-05:00,2026-07-20,17971.0,1296.0,419.0,6352.0,9573.0,44.8,18.411001205444336,74.0,0.0,0.0,2.376972913742065,447.0,447.0,2.0,,,,,,,,,,,,,,
2026-07-20 09:00:00-05:00,2026-07-20,18338.0,1306.0,421.0,6566.0,10061.0,74.4,20.01099967956543,68.0,0.0,0.0,2.6248810291290283,615.0,615.0,4.477722644805908,,,,,,,,,,,,,,
2026-07-20 10:00:00-05:00,2026-07-20,18910.0,1318.0,419.0,6767.0,10414.0,98.7,21.11100006103516,64.0,0.0,0.0,3.0,754.0,754.0,5.092150688171387,,,,,,,,,,,,,,
2026-07-20 11:00:00-05:00,2026-07-20,19426.0,1327.0,418.0,6944.0,10739.0,135.2,22.26099967956543,57.0,0.0,0.0,2.4186770915985107,831.0,831.0,5.597321033477783,,,,,,,,,,,,,,
2026-07-20 12:00:00-05:00,2026-07-20,19948.0,1350.0,417.0,7179.0,11015.0,181.9,22.961000442504883,49.0,0.0,0.0,3.862641572952272,793.0,793.0,5.700877189636231,,,,,,,,,,,,,,
2026-07-20 13:00:00-05:00,2026-07-20,20366.0,1368.0,424.0,7310.0,11269.0,215.3,23.81100082397461,47.0,0.0,0.0,3.827531576156616,834.0,834.0,5.481788158416748,,,,,,,,,,,,,,
2026-07-20 14:00:00-05:00,2026-07-20,20773.0,1373.0,420.0,7452.0,11512.0,252.6,24.461000442504883,41.0,0.0,0.0,4.522167682647705,571.0,571.0,4.981967449188232,,,,,,,,,,,,,,
2026-07-20 15:00:00-05:00,2026-07-20,21363.0,1398.0,416.0,7676.0,11893.0,270.7,24.661001205444336,41.0,0.0,0.0,4.617358684539795,538.0,538.0,4.652956008911133,,,,,,,,,,,,,,
2026-07-20 16:00:00-05:00,2026-07-20,21761.0,1420.0,415.0,7743.0,12236.0,270.8,24.11100006103516,43.0,0.0,0.0,4.3011627197265625,284.0,284.0,3.801315546035767,,,,,,,,,,,,,,
2026-07-20 17:00:00-05:00,2026-07-20,21620.0,1432.0,407.0,7633.0,12172.0,292.8,23.161001205444336,50.0,0.0,0.0,3.3734254837036133,178.0,178.0,3.1780495643615723,,,,,,,,,,,,,,
2026-07-20 18:00:00-05:00,2026-07-20,21222.0,1451.0,409.0,7459.0,11905.0,316.3,22.161001205444336,64.0,0.0,0.0,2.0024983882904053,171.0,171.0,3.1384711265563965,,,,,,,,,,,,,,
2026-07-20 19:00:00-05:00,2026-07-20,20824.0,1461.0,418.0,7296.0,11658.0,352.6,20.36100006103516,73.0,0.0,0.0,1.899999976158142,17.0,17.0,3.733630895614624,,,,,,,,,,,,,,
2026-07-20 20:00:00-05:00,2026-07-20,20321.0,1452.0,430.0,7103.0,11389.0,411.8,19.11100006103516,72.0,0.0,0.0,2.353720426559448,0.0,0.0,2.9410881996154785,,,,,,,,,,,,,,
2026-07-20 21:00:00-05:00,2026-07-20,19282.0,1417.0,436.0,6737.0,10718.0,512.2,18.51099967956543,76.0,0.0,0.0,2.353720426559448,0.0,0.0,3.4234485626220703,,,,,,,,,,,,,,
2026-07-20 22:00:00-05:00,2026-07-20,17984.0,1352.0,423.0,6262.0,9931.0,494.2,18.11100006103516,75.0,0.0,0.0,2.879236221313477,0.0,0.0,5.099019527435303,,,,,,,,,,,,,,
2026-07-20 23:00:00-05:00,2026-07-20,16871.0,1313.0,402.0,5912.0,9237.0,554.7,18.332124710083008,72.0,0.0,0.0,1.8238365650177,0.0,0.0,5.016061305999756,,,,,,,,,,,,,,
2026-07-21 00:00:00-05:00,2026-07-21,15522.0,1280.0,394.0,5459.0,8344.0,821.8,16.661001205444336,84.0,0.0,0.0,1.6278821229934692,0.0,0.0,7.125307083129883,,,,,,,,,,,,,,
2026-07-21 01:00:00-05:00,2026-07-21,15004.0,1254.0,382.0,5358.0,7957.0,862.8,16.411001205444336,85.0,0.0,0.0,0.8485281467437744,0.0,0.0,6.8680419921875,,,,,,,,,,,,,,
2026-07-21 02:00:00-05:00,2026-07-21,14783.0,1226.0,372.0,5441.0,7712.0,892.4,16.111000061035156,87.0,0.0,0.0,1.4317820072174072,0.0,0.0,8.032434463500977,,,,,,,,,,,,,,
2026-07-21 03:00:00-05:00,2026-07-21,14695.0,1214.0,368.0,5385.0,7671.0,1039.5,15.461000442504885,86.0,0.0,0.0,1.8601075410842896,0.0,0.0,8.421995162963867,,,,,,,,,,,,,,
2026-07-21 04:00:00-05:00,2026-07-21,15269.0,1210.0,363.0,5435.0,7889.0,1068.1,15.111000061035156,87.0,0.0,0.0,1.4317820072174072,0.0,0.0,7.22495698928833,,,,,,,,,,,,,,
2026-07-21 05:00:00-05:00,2026-07-21,16215.0,1229.0,366.0,5692.0,8461.0,1017.0,14.861000061035156,82.0,0.0,0.0,1.2727922201156616,3.0,3.0,5.1623640060424805,,,,,,,,,,,,,,
2026-07-21 06:00:00-05:00,2026-07-21,17173.0,1249.0,379.0,6004.0,9121.0,1079.0,15.861000061035156,84.0,0.0,0.0,1.6763055324554443,69.0,69.0,5.968249320983887,,,,,,,,,,,,,,
2026-07-21 07:00:00-05:00,2026-07-21,17606.0,1276.0,404.0,6265.0,9671.0,1120.6,18.461000442504883,77.0,0.0,0.0,3.257299423217773,221.0,221.0,5.74282169342041,,,,,,,,,,,,,,
2026-07-21 08:00:00-05:00,2026-07-21,18175.0,1288.0,413.0,6432.0,10015.0,1175.0,17.661001205444336,79.0,0.0,0.0,2.879236221313477,52.0,52.0,6.780117988586426,,,,,,,,,,,,,,
2026-07-21 09:00:00-05:00,2026-07-21,18773.0,1293.0,417.0,6653.0,10396.0,1081.4,21.36100006103516,75.0,0.0,0.0,4.51774263381958,461.0,461.0,8.139410018920898,,,,,,,,,,,,,,
2026-07-21 10:00:00-05:00,2026-07-21,19280.0,1287.0,414.0,6826.0,10740.0,1034.2,23.51099967956543,74.0,0.0,0.0,4.609772205352783,648.0,648.0,8.104320526123047,,,,,,,,,,,,,,
2026-07-21 11:00:00-05:00,2026-07-21,19671.0,1294.0,414.0,6989.0,10954.0,997.2,24.211000442504883,76.0,0.0,0.0,4.338202476501465,683.0,683.0,11.629703521728516,,,,,,,,,,,,,,
2026-07-21 12:00:00-05:00,2026-07-21,20006.0,1296.0,411.0,7135.0,11143.0,972.1,23.411001205444336,76.0,0.0,0.0,4.031128883361816,141.0,141.0,9.841238975524902,,,,,,,,,,,,,,
2026-07-21 13:00:00-05:00,2026-07-21,20251.0,1303.0,404.0,7171.0,11343.0,962.6,26.961000442504883,66.0,0.0,0.0,4.686149597167969,789.0,789.0,8.44037914276123,,,,,,,,,,,,,,
2026-07-21 14:00:00-05:00,2026-07-21,20477.0,1308.0,395.0,7181.0,11539.0,833.1,25.61100006103516,66.0,0.0,0.0,2.9529645442962646,162.0,162.0,8.876935958862305,,,,,,,,,,,,,,
2026-07-21 15:00:00-05:00,2026-07-21,20840.0,1316.0,386.0,7369.0,11739.0,738.4,25.06100082397461,68.0,0.0,0.0,3.257299423217773,95.0,95.0,7.762086868286133,,,,,,,,,,,,,,
2026-07-21 16:00:00-05:00,2026-07-21,21038.0,1314.0,389.0,7418.0,11920.0,549.8,21.51099967956543,84.0,2.5,0.0,5.500908851623535,361.0,361.0,4.924428939819336,,,,,,,,,,,,,,
2026-07-21 17:00:00-05:00,2026-07-21,20711.0,1313.0,389.0,7284.0,11687.0,573.5,22.411001205444336,81.0,0.0,0.0,3.5735137462615967,131.0,131.0,6.723094940185547,,,,,,,,,,,,,,
2026-07-21 18:00:00-05:00,2026-07-21,20254.0,1326.0,399.0,7166.0,11303.0,687.7,22.31100082397461,83.0,0.0,0.0,5.590169906616211,202.0,202.0,7.962411403656006,,,,,,,,,,,,,,
2026-07-21 19:00:00-05:00,2026-07-21,19926.0,1334.0,414.0,7061.0,11076.0,646.4,20.911001205444336,89.0,0.4000000059604645,0.0,6.920259952545166,88.0,88.0,3.106444835662842,,,,,,,,,,,,,,
2026-07-21 20:00:00-05:00,2026-07-21,19512.0,1337.0,425.0,6914.0,10850.0,602.8,20.26099967956543,90.0,0.0,0.0,5.738466739654541,0.0,0.0,0.2236068099737167,,,,,,,,,,,,,,
2026-07-21 21:00:00-05:00,2026-07-21,18507.0,1314.0,423.0,6530.0,10222.0,554.9,20.211000442504883,91.0,0.0,0.0,4.666904449462891,0.0,0.0,4.534313678741455,,,,,,,,,,,,,,
2026-07-21 22:00:00-05:00,2026-07-21,17247.0,1273.0,405.0,6007.0,9509.0,594.2,20.36100006103516,92.0,0.0,0.0,5.108816146850586,0.0,0.0,5.403702259063721,,,,,,,,,,,,,,
2026-07-21 23:00:00-05:00,2026-07-21,16166.0,1236.0,382.0,5689.0,8810.0,638.5,19.394624710083008,87.5,0.0,0.0,5.118687152862549,0.0,0.0,7.009067535400391,,,,,,,,,,,,,,
2026-07-23 00:00:00-05:00,2026-07-23,14102.0,1220.0,381.0,4974.0,7500.0,142.6,11.56100082397461,87.0,0.0,0.0,2.126029253005981,0.0,0.0,2.340939998626709,,,,,,,,,,,,,,
2026-07-23 01:00:00-05:00,2026-07-23,13795.0,1207.0,370.0,4974.0,7225.0,156.7,11.211000442504885,87.0,0.0,0.0,2.280350923538208,0.0,0.0,2.280350923538208,,,,,,,,,,,,,,
2026-07-23 02:00:00-05:00,2026-07-23,13657.0,1196.0,360.0,5005.0,7078.0,164.3,10.81100082397461,84.0,0.0,0.0,1.6763055324554443,0.0,0.0,2.4186770915985107,,,,,,,,,,,,,,
2026-07-23 03:00:00-05:00,2026-07-23,13690.0,1184.0,356.0,5063.0,7059.0,162.3,10.361000061035156,86.0,0.0,0.0,2.0124611854553223,0.0,0.0,2.5,,,,,,,,,,,,,,
2026-07-23 04:00:00-05:00,2026-07-23,13988.0,1182.0,353.0,5137.0,7282.0,150.8,10.461000442504885,84.0,0.0,0.0,2.549509763717652,0.0,0.0,2.475883722305298,,,,,,,,,,,,,,
2026-07-23 05:00:00-05:00,2026-07-23,14991.0,1198.0,358.0,5344.0,7705.0,136.6,10.81100082397461,87.0,0.0,0.0,2.816025733947754,2.0,2.0,2.024845838546753,,,,,,,,,,,,,,
2026-07-23 06:00:00-05:00,2026-07-23,15419.0,1209.0,371.0,5672.0,8213.0,97.9,12.16100025177002,90.0,0.0,0.0,2.3706538677215576,86.0,86.00000762939453,1.8248286247253416,,,,,,,,,,,,,,
2026-07-23 07:00:00-05:00,2026-07-23,15745.0,1124.0,392.0,5643.0,8563.0,73.2,13.511000633239746,86.0,0.0,0.0,2.280350923538208,59.0,59.0,2.109502077102661,,,,,,,,,,,,,,
2026-07-23 08:00:00-05:00,2026-07-23,16194.0,1123.0,395.0,5797.0,8881.0,51.0,16.211000442504883,81.0,0.0,0.0,2.8999998569488525,450.0,450.0000305175781,1.897366523742676,,,,,,,,,,,,,,
2026-07-23 09:00:00-05:00,2026-07-23,16590.0,1131.0,395.0,5859.0,9202.0,35.4,18.31100082397461,70.0,0.0,0.0,3.39705753326416,613.0,613.0,2.118962049484253,,,,,,,,,,,,,,
2026-07-23 10:00:00-05:00,2026-07-23,16962.0,1138.0,397.0,5961.0,9456.0,26.9,19.911001205444336,62.0,0.0,0.0,3.5846896171569824,756.0,756.0,2.193171262741089,,,,,,,,,,,,,,
2026-07-23 11:00:00-05:00,2026-07-23,17390.0,1156.0,399.0,6127.0,9698.0,21.2,21.161001205444336,59.0,0.0,0.0,4.071854591369629,854.0,854.0,2.64007568359375,,,,,,,,,,,,,,
2026-07-23 12:00:00-05:00,2026-07-23,17845.0,1187.0,404.0,6270.0,9994.0,20.7,22.26099967956543,55.0,0.0,0.0,4.464303016662598,904.0,904.0,2.5553863048553467,,,,,,,,,,,,,,
2026-07-23 13:00:00-05:00,2026-07-23,18161.0,1197.0,407.0,6358.0,10177.0,21.1,23.06100082397461,50.0,0.0,0.0,4.49110221862793,914.0,914.0,2.9529645442962646,,,,,,,,,,,,,,
2026-07-23 14:00:00-05:00,2026-07-23,18632.0,1222.0,409.0,6516.0,10466.0,19.7,23.461000442504883,45.0,0.0,0.0,4.002499103546143,606.0,606.0,3.0870697498321533,,,,,,,,,,,,,,
2026-07-23 15:00:00-05:00,2026-07-23,19241.0,1254.0,410.0,6733.0,10833.0,16.1,23.411001205444336,44.0,0.0,0.0,3.443835020065308,383.0,383.0,2.4413111209869385,,,,,,,,,,,,,,
2026-07-23 16:00:00-05:00,2026-07-23,19837.0,1274.0,416.0,6964.0,11230.0,17.1,20.11100006103516,59.0,0.699999988079071,0.0,2.8844411373138428,56.0,56.0,1.9104971885681152,,,,,,,,,,,,,,
2026-07-23 17:00:00-05:00,2026-07-23,19874.0,1293.0,420.0,6981.0,11194.0,18.9,19.36100006103516,62.0,0.0,0.0,1.2806248664855957,97.0,97.0,0.943398118019104,,,,,,,,,,,,,,
2026-07-23 18:00:00-05:00,2026-07-23,19620.0,1312.0,437.0,6839.0,11042.0,26.9,17.911001205444336,73.0,0.0,0.0,2.9732136726379395,48.0,48.0,3.47131085395813,,,,,,,,,,,,,,
2026-07-23 19:00:00-05:00,2026-07-23,19166.0,1319.0,451.0,6636.0,10753.0,31.4,17.711000442504883,73.0,0.0,0.0,2.0999999046325684,29.0,29.0,2.745906114578247,,,,,,,,,,,,,,
2026-07-23 20:00:00-05:00,2026-07-23,18639.0,1315.0,451.0,6453.0,10471.0,33.9,16.961000442504883,76.0,0.0,0.0,2.0223748683929443,0.0,0.0,2.4413111209869385,,,,,,,,,,,,,,
2026-07-23 21:00:00-05:00,2026-07-23,17550.0,1277.0,440.0,6041.0,9768.0,37.2,15.961000442504885,81.0,0.0,0.0,2.6019222736358643,0.0,0.0,2.3430747985839844,,,,,,,,,,,,,,
2026-07-23 22:00:00-05:00,2026-07-23,16585.0,1316.0,423.0,5709.0,9128.0,31.9,15.461000442504885,81.0,0.0,0.0,2.549509763717652,0.0,0.0,1.8027756214141848,,,,,,,,,,,,,,
2026-07-23 23:00:00-05:00,2026-07-23,15667.0,1275.0,404.0,5541.0,8446.0,28.9,15.544626235961914,80.5,0.0,0.0,2.620546102523804,0.0,0.0,1.9609293937683103,,,,,,,,,,,,,,
2026-07-25 00:00:00-05:00,2026-07-25,15330.0,1202.0,433.0,5419.0,8236.0,25.4,16.81100082397461,79.0,0.0,0.0,1.603121995925903,0.0,0.0,2.334523677825928,,,,,,,,,,,,,,
2026-07-25 01:00:00-05:00,2026-07-25,14873.0,1190.0,422.0,5377.0,7869.0,23.4,15.861000061035156,84.0,0.0,0.0,1.0770329236984253,0.0,0.0,2.1540658473968506,,,,,,,,,,,,,,
2026-07-25 02:00:00-05:00,2026-07-25,14597.0,1177.0,408.0,5379.0,7624.0,28.9,15.261000633239746,85.0,0.0,0.0,1.2806248664855957,0.0,0.0,2.8460500240325928,,,,,,,,,,,,,,
2026-07-25 03:00:00-05:00,2026-07-25,14400.0,1163.0,404.0,5343.0,7481.0,30.0,14.91100025177002,83.0,0.0,0.0,1.3152945041656494,0.0,0.0,2.7018513679504395,,,,,,,,,,,,,,
2026-07-25 04:00:00-05:00,2026-07-25,14290.0,1154.0,395.0,5211.0,7503.0,34.4,14.461000442504885,84.0,0.0,0.0,1.6401219367980957,0.0,0.0,2.6419689655303955,,,,,,,,,,,,,,
2026-07-25 05:00:00-05:00,2026-07-25,14466.0,1153.0,395.0,5296.0,7591.0,48.5,13.91100025177002,89.0,0.0,0.0,1.7464250326156616,0.0,0.0,2.7202939987182617,,,,,,,,,,,,,,
2026-07-25 06:00:00-05:00,2026-07-25,15336.0,1171.0,399.0,5440.0,7963.0,40.5,15.06100082397461,91.0,0.0,0.0,0.9055384993553162,89.0,89.00001525878906,2.6000001430511475,,,,,,,,,,,,,,
2026-07-25 07:00:00-05:00,2026-07-25,16238.0,1194.0,427.0,5669.0,8499.0,30.4,17.461000442504883,83.0,0.0,0.0,1.9104973077774048,253.0,252.99996948242188,1.7691805362701416,,,,,,,,,,,,,,
2026-07-25 08:00:00-05:00,2026-07-25,17170.0,1220.0,437.0,6016.0,9111.0,25.3,19.51099967956543,76.0,0.0,0.0,1.2649110555648804,429.0,429.0,2.617250442504883,,,,,,,,,,,,,,
2026-07-25 09:00:00-05:00,2026-07-25,17920.0,1242.0,445.0,6230.0,9680.0,22.8,21.661001205444336,68.0,0.0,0.0,1.5,601.0,601.0,2.4413111209869385,,,,,,,,,,,,,,
2026-07-25 10:00:00-05:00,2026-07-25,18257.0,1261.0,452.0,6438.0,10129.0,26.1,23.36100006103516,61.0,0.0,0.0,1.8681540489196773,744.0,744.0,1.6278821229934692,,,,,,,,,,,,,,
2026-07-25 11:00:00-05:00,2026-07-25,18667.0,1268.0,459.0,6595.0,10341.0,40.3,25.01099967956543,54.0,0.0,0.0,2.473863363265991,845.0,845.0,1.5811388492584229,,,,,,,,,,,,,,
2026-07-25 12:00:00-05:00,2026-07-25,19060.0,1271.0,468.0,6829.0,10501.0,56.9,26.411001205444336,51.0,0.0,0.0,2.4515302181243896,898.0,898.0,3.900000095367432,,,,,,,,,,,,,,
2026-07-25 13:00:00-05:00,2026-07-25,19352.0,1278.0,477.0,6920.0,10673.0,82.0,27.911001205444336,43.0,0.0,0.0,3.224903106689453,798.0,798.0,5.223982810974121,,,,,,,,,,,,,,
2026-07-25 14:00:00-05:00,2026-07-25,19662.0,1280.0,471.0,6975.0,10922.0,109.8,28.711000442504883,39.0,0.0,0.0,3.900000095367432,817.0,817.0,6.198386669158936,,,,,,,,,,,,,,
2026-07-25 15:00:00-05:00,2026-07-25,20087.0,1290.0,475.0,7166.0,11151.0,125.3,28.61100006103516,39.0,0.0,0.0,4.177319526672363,577.0,577.0,5.82494592666626,,,,,,,,,,,,,,
2026-07-25 16:00:00-05:00,2026-07-25,20521.0,1302.0,480.0,7352.0,11429.0,135.9,28.56100082397461,39.0,0.0,0.0,4.477722644805908,594.0,594.0,5.393514633178711,,,,,,,,,,,,,,
2026-07-25 17:00:00-05:00,2026-07-25,20498.0,1314.0,477.0,7331.0,11399.0,143.0,28.06100082397461,40.0,0.0,0.0,3.8948683738708496,433.0,433.0000305175781,4.805205345153809,,,,,,,,,,,,,,
2026-07-25 18:00:00-05:00,2026-07-25,20175.0,1314.0,478.0,7204.0,11197.0,155.2,26.711000442504883,45.0,0.0,0.0,2.720294237136841,258.0,258.0000305175781,3.9458839893341056,,,,,,,,,,,,,,
2026-07-25 19:00:00-05:00,2026-07-25,19640.0,1310.0,482.0,6999.0,10841.0,168.5,24.711000442504883,56.0,0.0,0.0,1.7464250326156616,72.0,72.0,3.125699758529663,,,,,,,,,,,,,,
2026-07-25 20:00:00-05:00,2026-07-25,19118.0,1301.0,480.0,6765.0,10607.0,177.2,22.86100006103516,59.0,0.0,0.0,2.0223748683929443,0.0,0.0,3.140063524246216,,,,,,,,,,,,,,
2026-07-25 21:00:00-05:00,2026-07-25,18238.0,1275.0,474.0,6406.0,10092.0,192.1,21.81100082397461,63.0,0.0,0.0,1.3152945041656494,0.0,0.0,3.0805842876434326,,,,,,,,,,,,,,
2026-07-25 22:00:00-05:00,2026-07-25,17220.0,1245.0,454.0,6105.0,9405.0,181.8,21.26099967956543,73.0,0.0,0.0,1.4142135381698608,0.0,0.0,3.0805842876434326,,,,,,,,,,,,,,
2026-07-25 23:00:00-05:00,2026-07-25,16304.0,1218.0,433.0,5929.0,8712.0,185.4,20.532123565673828,70.75,0.0,0.0,1.1886732578277588,0.0,0.0,3.063664197921753,,,,,,,,,,,,,,
2026-07-26 00:00:00-05:00,2026-07-26,15397.0,1230.0,420.0,5603.0,8140.0,177.6,20.211000442504883,68.0,0.0,0.0,2.5019991397857666,0.0,0.0,3.827531576156616,,,,,,,,,,,,,,
2026-07-26 01:00:00-05:00,2026-07-26,14847.0,1219.0,404.0,5505.0,7711.0,154.8,19.661001205444336,82.0,0.0,0.0,1.5132745504379272,0.0,0.0,3.858756303787232,,,,,,,,,,,,,,
2026-07-26 02:00:00-05:00,2026-07-26,14562.0,1206.0,395.0,5546.0,7433.0,133.3,19.711000442504883,79.0,0.0,0.0,0.3605551421642303,0.0,0.0,3.4655447006225586,,,,,,,,,,,,,,
2026-07-26 03:00:00-05:00,2026-07-26,14257.0,1194.0,390.0,5367.0,7296.0,124.4,19.11100006103516,79.0,0.0,0.0,0.670820415019989,0.0,0.0,3.125699758529663,,,,,,,,,,,,,,
2026-07-26 04:00:00-05:00,2026-07-26,14145.0,1185.0,386.0,5311.0,7251.0,116.1,18.211000442504883,81.0,0.0,0.0,0.948683261871338,0.0,0.0,3.794733047485352,,,,,,,,,,,,,,
2026-07-26 05:00:00-05:00,2026-07-26,14251.0,1188.0,379.0,5257.0,7391.0,105.4,18.161001205444336,84.0,0.0,0.0,1.403566837310791,0.0,0.0,3.1384711265563965,,,,,,,,,,,,,,
2026-07-26 06:00:00-05:00,2026-07-26,15067.0,1203.0,400.0,5393.0,7701.0,76.1,18.56100082397461,88.0,0.0,0.0,0.8062257766723633,39.0,39.0,2.385371923446656,,,,,,,,,,,,,,
2026-07-26 07:00:00-05:00,2026-07-26,15988.0,1234.0,421.0,5670.0,8256.0,65.7,19.661001205444336,86.0,0.0,0.0,1.0,166.0,166.0,1.341640830039978,,,,,,,,,,,,,,
2026-07-26 08:00:00-05:00,2026-07-26,16894.0,1255.0,436.0,5925.0,8880.0,70.0,20.911001205444336,80.0,0.0,0.0,0.9055384993553162,151.0,151.0,1.7492855787277222,,,,,,,,,,,,,,
2026-07-26 09:00:00-05:00,2026-07-26,17745.0,1273.0,447.0,6222.0,9444.0,86.2,21.161001205444336,81.0,0.0,0.0,1.2727922201156616,146.0,146.0,1.649242281913757,,,,,,,,,,,,,,
2026-07-26 10:00:00-05:00,2026-07-26,18146.0,1297.0,444.0,6490.0,9950.0,112.3,22.06100082397461,75.0,0.0,0.0,0.4472136199474334,248.0,248.0,2.1400933265686035,,,,,,,,,,,,,,
2026-07-26 11:00:00-05:00,2026-07-26,18681.0,1308.0,448.0,6648.0,10297.0,142.0,23.711000442504883,75.0,0.0,0.0,0.4472136199474334,765.0,765.0,2.906888246536255,,,,,,,,,,,,,,
2026-07-26 12:00:00-05:00,2026-07-26,19108.0,1328.0,450.0,6858.0,10495.0,163.4,25.161001205444336,68.0,0.0,0.0,0.2828427255153656,867.0,867.0,3.984971761703491,,,,,,,,,,,,,,
2026-07-26 13:00:00-05:00,2026-07-26,19433.0,1340.0,456.0,7006.0,10635.0,171.6,26.26099967956543,65.0,0.0,0.0,0.3605551421642303,865.0,865.0,5.675385475158691,,,,,,,,,,,,,,
2026-07-26 14:00:00-05:00,2026-07-26,19862.0,1356.0,459.0,7099.0,10949.0,178.1,26.61100006103516,63.0,0.0,0.0,0.6403124332427979,433.0,433.0,6.378871440887451,,,,,,,,,,,,,,
2026-07-26 15:00:00-05:00,2026-07-26,20437.0,1387.0,459.0,7313.0,11294.0,188.8,27.711000442504883,56.0,0.0,0.0,1.3601471185684204,668.0,668.0,6.453681468963623,,,,,,,,,,,,,,
2026-07-26 16:00:00-05:00,2026-07-26,20980.0,1409.0,460.0,7443.0,11716.0,181.7,27.961000442504883,53.0,0.0,0.0,2.0,555.0,555.0,4.83735466003418,,,,,,,,,,,,,,
2026-07-26 17:00:00-05:00,2026-07-26,21154.0,1420.0,459.0,7481.0,11837.0,163.2,27.56100082397461,54.0,0.0,0.0,1.7000000476837158,366.0,366.0,6.946222305297852,,,,,,,,,,,,,,
2026-07-26 18:00:00-05:00,2026-07-26,20978.0,1421.0,456.0,7449.0,11692.0,166.5,23.51099967956543,80.0,0.0,0.0,1.923538446426392,142.0,142.0,4.565084934234619,,,,,,,,,,,,,,
2026-07-26 19:00:00-05:00,2026-07-26,20527.0,1410.0,455.0,7284.0,11383.0,210.7,22.11100006103516,83.0,0.0,0.0,2.024845838546753,47.0,47.0,2.860069990158081,,,,,,,,,,,,,,
2026-07-26 20:00:00-05:00,2026-07-26,20090.0,1403.0,448.0,7161.0,11143.0,275.7,21.11100006103516,86.0,0.0,0.0,1.4142135381698608,0.0,0.0,3.3241539001464844,,,,,,,,,,,,,,
2026-07-26 21:00:00-05:00,2026-07-26,19139.0,1364.0,442.0,6845.0,10515.0,327.1,20.36100006103516,86.0,0.0,0.0,3.0066592693328857,0.0,0.0,3.395585298538208,,,,,,,,,,,,,,
2026-07-26 22:00:00-05:00,2026-07-26,18000.0,1311.0,425.0,6508.0,9760.0,196.9,19.961000442504883,88.0,0.0,0.0,2.102379560470581,0.0,0.0,5.442425727844238,,,,,,,,,,,,,,
2026-07-26 23:00:00-05:00,2026-07-26,16943.0,1277.0,405.0,6237.0,9011.0,190.8,19.15712547302246,91.75,0.125,0.0,1.4920645952224731,0.0,0.0,1.8837040662765503,,,,,,,,,,,,,,
2026-07-27 00:00:00-05:00,2026-07-27,15771.0,1263.0,385.0,5869.0,8209.0,70.7,19.51099967956543,87.0,0.0,0.0,0.761577308177948,0.0,0.0,2.433104991912842,,,,,,,,,,,,,,
2026-07-27 01:00:00-05:00,2026-07-27,15242.0,1256.0,375.0,5780.0,7802.0,78.8,19.76099967956543,88.0,0.0,0.0,1.1180340051651,0.0,0.0,3.1575305461883545,,,,,,,,,,,,,,
2026-07-27 02:00:00-05:00,2026-07-27,15002.0,1240.0,367.0,5801.0,7586.0,88.9,19.56100082397461,91.0,0.0,0.0,1.0770329236984253,0.0,0.0,2.7892651557922363,,,,,,,,,,,,,,
2026-07-27 03:00:00-05:00,2026-07-27,14884.0,1221.0,365.0,5702.0,7566.0,101.5,18.86100006103516,91.0,0.0,0.0,1.2649110555648804,0.0,0.0,4.026164531707764,,,,,,,,,,,,,,
2026-07-27 04:00:00-05:00,2026-07-27,15144.0,1213.0,362.0,5745.0,7785.0,131.9,18.31100082397461,92.0,0.0,0.0,1.2041594982147217,0.0,0.0,3.0,,,,,,,,,,,,,,
2026-07-27 05:00:00-05:00,2026-07-27,16341.0,1232.0,371.0,5939.0,8349.0,133.8,17.861000061035156,92.0,0.0,0.0,1.140175461769104,0.0,0.0,2.1633307933807373,,,,,,,,,,,,,,
2026-07-27 06:00:00-05:00,2026-07-27,17393.0,1258.0,384.0,6237.0,9021.0,139.7,18.86100006103516,95.0,0.0,0.0,0.5099019408226013,80.0,80.00001525878906,3.140063524246216,,,,,,,,,,,,,,
2026-07-27 07:00:00-05:00,2026-07-27,18323.0,1284.0,407.0,6590.0,9691.0,171.1,20.81100082397461,91.0,0.0,0.0,0.6082762479782104,239.0,239.00001525878903,4.753945827484131,,,,,,,,,,,,,,
2026-07-27 08:00:00-05:00,2026-07-27,18666.0,1292.0,414.0,6733.0,10235.0,185.2,22.76099967956543,85.0,0.0,0.0,1.2041594982147217,409.0,408.9999694824219,4.51774263381958,,,,,,,,,,,,,,
2026-07-27 09:00:00-05:00,2026-07-27,19214.0,1297.0,414.0,6891.0,10600.0,248.5,24.161001205444336,80.0,0.0,0.0,1.3601471185684204,539.0,539.0,2.751363039016724,,,,,,,,,,,,,,
2026-07-27 10:00:00-05:00,2026-07-27,19778.0,1309.0,408.0,7063.0,11005.0,304.5,25.01099967956543,75.0,0.0,0.0,1.835756063461304,532.0,532.0,4.201189994812012,,,,,,,,,,,,,,
2026-07-27 11:00:00-05:00,2026-07-27,20217.0,1313.0,408.0,7192.0,11291.0,366.5,25.961000442504883,70.0,0.0,0.0,1.7691805362701416,556.0,556.0,2.5612497329711914,,,,,,,,,,,,,,
2026-07-27 12:00:00-05:00,2026-07-27,20676.0,1335.0,407.0,7445.0,11505.0,423.5,25.961000442504883,67.0,0.0,0.0,1.6643316745758057,324.0,324.0,4.701063632965088,,,,,,,,,,,,,,
2026-07-27 13:00:00-05:00,2026-07-27,20896.0,1343.0,411.0,7497.0,11632.0,442.1,26.161001205444336,65.0,0.0,0.0,2.1470909118652344,311.0,311.0,4.947726726531982,,,,,,,,,,,,,,
2026-07-27 14:00:00-05:00,2026-07-27,21152.0,1327.0,410.0,7516.0,11878.0,504.6,25.61100006103516,70.0,0.0,0.0,0.7071067690849304,151.0,151.0,4.904079914093018,,,,,,,,,,,,,,
2026-07-27 15:00:00-05:00,2026-07-27,21528.0,1340.0,411.0,7617.0,12151.0,587.3,26.661001205444336,68.0,0.0,0.0,1.702938675880432,537.0,537.0,6.296824932098389,,,,,,,,,,,,,,
2026-07-27 16:00:00-05:00,2026-07-27,21896.0,1347.0,416.0,7695.0,12471.0,569.9,26.911001205444336,62.0,0.0,0.0,1.923538446426392,513.0,513.0,6.397655963897705,,,,,,,,,,,,,,
2026-07-27 17:00:00-05:00,2026-07-27,21855.0,1355.0,422.0,7644.0,12445.0,558.9,26.661001205444336,64.0,0.0,0.0,1.941648840904236,320.0,320.0,5.693856716156006,,,,,,,,,,,,,,
2026-07-27 18:00:00-05:00,2026-07-27,21588.0,1380.0,434.0,7593.0,12180.0,580.4,25.76099967956543,72.0,0.0,0.0,1.523154616355896,152.0,152.0,4.695742607116699,,,,,,,,,,,,,,
2026-07-27 19:00:00-05:00,2026-07-27,21236.0,1397.0,446.0,7534.0,11848.0,539.9,24.61100006103516,79.0,0.0,0.0,1.4142135381698608,25.0,25.0,4.036087512969971,,,,,,,,,,,,,,
2026-07-27 20:00:00-05:00,2026-07-27,20841.0,1401.0,450.0,7436.0,11609.0,440.3,23.31100082397461,77.0,0.0,0.0,0.9055384993553162,0.0,0.0,3.041381359100342,,,,,,,,,,,,,,
2026-07-27 21:00:00-05:00,2026-07-27,19801.0,1377.0,445.0,7055.0,10931.0,371.6,22.11100006103516,83.0,0.0,0.0,1.835756063461304,0.0,0.0,3.3241541385650635,,,,,,,,,,,,,,
2026-07-27 22:00:00-05:00,2026-07-27,18565.0,1319.0,427.0,6759.0,10034.0,420.8,21.51099967956543,86.0,0.0,0.0,1.6278821229934692,0.0,0.0,3.395585298538208,,,,,,,,,,,,,,
2026-07-27 23:00:00-05:00,2026-07-27,17501.0,1277.0,407.0,6505.0,9306.0,410.8,20.15712547302246,89.5,0.025000000372529,0.0,0.8782382011413574,0.0,0.0,5.594282150268555,,,,,,,,,,,,,,
2026-07-30 00:00:00-05:00,2026-07-30,15405.0,1183.0,416.0,5490.0,8287.0,352.1,19.01099967956543,94.0,0.0,0.0,0.8246211409568787,0.0,0.0,2.8231186866760254,,,,,,,,,,,,,,
2026-07-30 01:00:00-05:00,2026-07-30,14971.0,1167.0,408.0,5420.0,7956.0,388.1,19.06100082397461,94.0,0.0,0.0,1.5811387300491333,0.0,0.0,2.6419689655303955,,,,,,,,,,,,,,
2026-07-30 02:00:00-05:00,2026-07-30,14715.0,1148.0,400.0,5387.0,7754.0,404.3,18.961000442504883,94.0,0.0,0.0,0.9848857522010804,0.0,0.0,2.720294237136841,,,,,,,,,,,,,,
2026-07-30 03:00:00-05:00,2026-07-30,14712.0,1138.0,398.0,5454.0,7697.0,409.7,18.86100006103516,93.0,0.0,0.0,1.2041594982147217,0.0,0.0,2.842534065246582,,,,,,,,,,,,,,
2026-07-30 04:00:00-05:00,2026-07-30,14976.0,1138.0,394.0,5508.0,7908.0,394.3,18.661001205444336,94.0,0.0,0.0,1.6552945375442505,0.0,0.0,2.865309715270996,,,,,,,,,,,,,,
2026-07-30 05:00:00-05:00,2026-07-30,15876.0,1135.0,390.0,5700.0,8248.0,379.7,18.661001205444336,94.0,0.0,0.0,1.2649110555648804,0.0,0.0,3.088689088821411,,,,,,,,,,,,,,
2026-07-30 06:00:00-05:00,2026-07-30,16783.0,1151.0,398.0,6035.0,8802.0,329.9,18.911001205444336,95.0,0.0,0.0,1.0198038816452026,18.0,18.0,3.1384711265563965,,,,,,,,,,,,,,
2026-07-30 07:00:00-05:00,2026-07-30,17134.0,1072.0,419.0,6266.0,9391.0,259.4,19.211000442504883,94.0,0.0,0.0,0.8246211409568787,15.0,15.0,3.400000095367432,,,,,,,,,,,,,,
2026-07-30 08:00:00-05:00,2026-07-30,17672.0,1053.0,437.0,6226.0,9938.0,232.3,19.76099967956543,93.0,0.0,0.0,0.2000000029802322,145.0,145.0,4.123105525970459,,,,,,,,,,,,,,
2026-07-30 09:00:00-05:00,2026-07-30,18234.0,1053.0,431.0,6435.0,10296.0,231.8,20.961000442504883,88.0,0.0,0.0,0.7810249924659729,424.0,424.0,3.667424201965332,,,,,,,,,,,,,,
2026-07-30 10:00:00-05:00,2026-07-30,18840.0,1061.0,437.0,6628.0,10701.0,239.7,21.06100082397461,85.0,0.0,0.0,1.1704699993133545,221.0,221.0,3.7576589584350586,,,,,,,,,,,,,,
2026-07-30 11:00:00-05:00,2026-07-30,19421.0,1069.0,446.0,6789.0,11097.0,247.3,19.56100082397461,91.0,3.200000047683716,0.0,1.9723082780838013,18.0,18.0,4.085339546203613,,,,,,,,,,,,,,
2026-07-30 12:00:00-05:00,2026-07-30,20022.0,1101.0,456.0,6993.0,11489.0,251.2,19.36100006103516,91.0,7.199999809265137,0.0,1.104536056518555,22.0,22.0,4.830113887786865,,,,,,,,,,,,,,
2026-07-30 13:00:00-05:00,2026-07-30,20381.0,1097.0,463.0,7154.0,11654.0,247.9,21.01099967956543,88.0,0.0,0.0,0.6324555277824402,735.0,735.0,5.281098365783691,,,,,,,,,,,,,,
2026-07-30 14:00:00-05:00,2026-07-30,20819.0,1139.0,462.0,7344.0,11878.0,245.3,21.961000442504883,85.0,0.0,0.0,1.0,634.0,634.0,5.412947654724121,,,,,,,,,,,,,,
2026-07-30 15:00:00-05:00,2026-07-30,21325.0,1170.0,466.0,7512.0,12182.0,247.5,23.06100082397461,80.0,0.0,0.0,0.5385164618492126,691.0,691.0,5.277309417724609,,,,,,,,,,,,,,
2026-07-30 16:00:00-05:00,2026-07-30,21846.0,1185.0,459.0,7672.0,12553.0,219.2,22.81100082397461,79.0,0.0,0.0,0.9219544529914856,209.0,209.0,5.748912811279297,,,,,,,,,,,,,,
2026-07-30 17:00:00-05:00,2026-07-30,22017.0,1239.0,449.0,7782.0,12564.0,187.3,22.76099967956543,82.0,0.0,0.0,1.4866068363189695,326.0,326.0,5.629387378692627,,,,,,,,,,,,,,
2026-07-30 18:00:00-05:00,2026-07-30,21791.0,1267.0,453.0,7689.0,12433.0,158.7,22.11100006103516,84.0,0.0,0.0,1.345362424850464,173.0,173.0,4.428318023681641,,,,,,,,,,,,,,
2026-07-30 19:00:00-05:00,2026-07-30,21213.0,1281.0,461.0,7435.0,12029.0,119.3,21.56100082397461,88.0,0.0,0.0,1.0198038816452026,78.0,78.0,2.729468822479248,,,,,,,,,,,,,,
2026-07-30 20:00:00-05:00,2026-07-30,20631.0,1258.0,462.0,7205.0,11750.0,96.3,20.411001205444336,86.0,0.0,0.0,1.6552945375442505,0.0,0.0,2.061552762985229,,,,,,,,,,,,,,
2026-07-30 21:00:00-05:00,2026-07-30,19435.0,1211.0,458.0,6777.0,10986.0,81.5,19.711000442504883,89.0,0.0,0.0,1.334166407585144,0.0,0.0,0.8544003963470459,,,,,,,,,,,,,,
2026-07-30 22:00:00-05:00,2026-07-30,18065.0,1263.0,438.0,6345.0,9988.0,58.0,19.211000442504883,89.0,0.0,0.0,0.8062257766723633,0.0,0.0,1.2999999523162842,,,,,,,,,,,,,,
2026-07-30 23:00:00-05:00,2026-07-30,16877.0,1240.0,422.0,6032.0,9149.0,44.1,18.30712509155273,91.75,0.0,0.0,1.6115888357162476,0.0,0.0,1.754668951034546,,,,,,,,,,,,,,
2026-07-31 00:00:00-05:00,2026-07-31,16399.0,1333.0,402.0,5920.0,8744.0,45.2,19.31100082397461,80.0,0.0,0.0,0.800000011920929,0.0,0.0,1.8788294792175293,,,,,,,,,,,,,,
2026-07-31 01:00:00-05:00,2026-07-31,15787.0,1327.0,391.0,5764.0,8305.0,54.5,18.711000442504883,79.0,0.0,0.0,0.7280109524726868,0.0,0.0,2.5,,,,,,,,,,,,,,
2026-07-31 02:00:00-05:00,2026-07-31,15356.0,1320.0,382.0,5652.0,8002.0,31.3,17.861000061035156,82.0,0.0,0.0,1.8601075410842896,0.0,0.0,2.0880613327026367,,,,,,,,,,,,,,
2026-07-31 03:00:00-05:00,2026-07-31,15285.0,1300.0,382.0,5656.0,7947.0,29.7,17.111000061035156,87.0,0.0,0.0,2.024845838546753,0.0,0.0,1.403566837310791,,,,,,,,,,,,,,
2026-07-31 04:00:00-05:00,2026-07-31,15458.0,1295.0,377.0,5672.0,8114.0,29.9,16.661001205444336,88.0,0.0,0.0,2.024845838546753,0.0,0.0,2.5,,,,,,,,,,,,,,
2026-07-31 05:00:00-05:00,2026-07-31,16516.0,1312.0,386.0,5823.0,8454.0,36.5,16.211000442504883,89.0,0.0,0.0,1.9849432706832888,0.0,0.0,3.0,,,,,,,,,,,,,,
2026-07-31 06:00:00-05:00,2026-07-31,17520.0,1339.0,406.0,6211.0,9099.0,47.4,17.111000061035156,91.0,0.0,0.0,1.1180340051651,73.0,73.00001525878906,2.816025733947754,,,,,,,,,,,,,,
2026-07-31 07:00:00-05:00,2026-07-31,18339.0,1375.0,424.0,6518.0,9666.0,32.7,18.911001205444336,86.0,0.0,0.0,1.4560219049453735,232.0,231.9999847412109,0.948683261871338,,,,,,,,,,,,,,
2026-07-31 08:00:00-05:00,2026-07-31,19138.0,1400.0,435.0,6630.0,10228.0,38.0,20.711000442504883,80.0,0.0,0.0,1.303840398788452,409.0,408.9999694824219,1.2000000476837158,,,,,,,,,,,,,,
2026-07-31 09:00:00-05:00,2026-07-31,19973.0,1420.0,441.0,6965.0,10755.0,37.0,22.51099967956543,74.0,0.0,0.0,2.0024983882904053,578.0,578.0,1.0049875974655151,,,,,,,,,,,,,,
2026-07-31 10:00:00-05:00,2026-07-31,20364.0,1440.0,441.0,7308.0,11175.0,42.6,24.211000442504883,64.0,0.0,0.0,1.8110769987106323,721.0,721.0,1.8601075410842896,,,,,,,,,,,,,,
2026-07-31 11:00:00-05:00,2026-07-31,20908.0,1428.0,446.0,7551.0,11483.0,42.3,25.211000442504883,61.0,0.0,0.0,1.6763055324554443,826.0,826.0,2.901723861694336,,,,,,,,,,,,,,
2026-07-31 12:00:00-05:00,2026-07-31,21421.0,1431.0,443.0,7787.0,11760.0,49.6,25.61100006103516,60.0,0.0,0.0,2.408318996429444,883.0,883.0,3.801315546035767,,,,,,,,,,,,,,
2026-07-31 13:00:00-05:00,2026-07-31,21598.0,1425.0,446.0,7804.0,11923.0,63.6,25.961000442504883,54.0,0.0,0.0,2.8017852306365967,888.0,888.0,4.801041603088379,,,,,,,,,,,,,,
2026-07-31 14:00:00-05:00,2026-07-31,21884.0,1410.0,442.0,7937.0,12095.0,84.3,26.26099967956543,49.0,0.0,0.0,2.720294237136841,840.0,840.0,5.003998279571533,,,,,,,,,,,,,,
2026-07-31 15:00:00-05:00,2026-07-31,22281.0,1396.0,441.0,8023.0,12421.0,113.3,26.411001205444336,45.0,0.0,0.0,2.220360279083252,753.0,753.0,5.671860218048096,,,,,,,,,,,,,,
2026-07-31 16:00:00-05:00,2026-07-31,22710.0,1387.0,439.0,8103.0,12781.0,108.1,26.161001205444336,46.0,0.0,0.0,2.051828384399414,609.0,609.0,5.3758721351623535,,,,,,,,,,,,,,
2026-07-31 17:00:00-05:00,2026-07-31,22489.0,1372.0,433.0,7989.0,12695.0,98.7,25.461000442504883,56.0,0.0,0.0,1.923538446426392,409.0,409.0,4.7518415451049805,,,,,,,,,,,,,,
2026-07-31 18:00:00-05:00,2026-07-31,22031.0,1395.0,437.0,7841.0,12358.0,93.5,24.711000442504883,65.0,0.0,0.0,1.6763055324554443,259.0,259.0,3.733630895614624,,,,,,,,,,,,,,
2026-07-31 19:00:00-05:00,2026-07-31,21489.0,1416.0,448.0,7670.0,11955.0,99.1,23.411001205444336,73.0,0.0,0.0,1.8110769987106323,77.0,77.0,2.745906114578247,,,,,,,,,,,,,,
2026-07-31 20:00:00-05:00,2026-07-31,21142.0,1427.0,448.0,7595.0,11672.0,106.9,21.86100006103516,75.0,0.0,0.0,2.220360279083252,0.0,0.0,1.9416487216949463,,,,,,,,,,,,,,
2026-07-31 21:00:00-05:00,2026-07-31,19981.0,1395.0,445.0,7129.0,11012.0,119.3,20.911001205444336,79.0,0.0,0.0,1.979898929595948,0.0,0.0,2.2825424671173096,,,,,,,,,,,,,,
2026-07-31 22:00:00-05:00,2026-07-31,19036.0,1376.0,432.0,6929.0,10299.0,137.9,20.411001205444336,78.0,0.0,0.0,2.061552762985229,0.0,0.0,2.483948469161988,,,,,,,,,,,,,,
2026-07-31 23:00:00-05:00,2026-07-31,17884.0,1340.0,415.0,6585.0,9544.0,172.2,19.911001205444336,86.0,0.0,0.0,1.9104971885681152,0.0,0.0,2.842534065246582,,,,,,,,,,,,,,
2026-08-01 00:00:00-05:00,2026-08-01,16918.0,1304.0,410.0,6190.0,9096.0,117.6,19.911001205444336,88.0,0.0,0.0,1.2649110555648804,0.0,0.0,3.0610456466674805,,,,,,,,,,,,,,
2026-08-01 01:00:00-05:00,2026-08-01,16242.0,1293.0,396.0,5985.0,8645.0,92.9,19.36100006103516,89.0,0.0,0.0,1.1180340051651,0.0,0.0,2.280350923538208,,,,,,,,,,,,,,
2026-08-01 02:00:00-05:00,2026-08-01,15761.0,1273.0,388.0,5857.0,8283.0,87.7,18.961000442504883,90.0,0.0,0.0,2.158703088760376,0.0,0.0,3.1384711265563965,,,,,,,,,,,,,,
2026-08-01 03:00:00-05:00,2026-08-01,15496.0,1250.0,386.0,5795.0,8096.0,87.7,18.711000442504883,90.0,0.0,0.0,1.334166407585144,0.0,0.0,2.6076810359954834,,,,,,,,,,,,,,
2026-08-01 04:00:00-05:00,2026-08-01,15387.0,1225.0,381.0,5740.0,8065.0,85.7,18.36100006103516,91.0,0.0,0.0,1.2529964447021484,0.0,0.0,2.720294237136841,,,,,,,,,,,,,,
2026-08-01 05:00:00-05:00,2026-08-01,15349.0,1218.0,384.0,5743.0,7987.0,102.5,18.01099967956543,91.0,0.0,0.0,1.603121995925903,0.0,0.0,3.0016660690307617,,,,,,,,,,,,,,
2026-08-01 06:00:00-05:00,2026-08-01,16113.0,1240.0,402.0,5897.0,8245.0,136.2,18.81100082397461,93.0,0.0,0.0,0.761577308177948,55.0,55.0,3.3734254837036133,,,,,,,,,,,,,,
2026-08-01 07:00:00-05:00,2026-08-01,17001.0,1284.0,423.0,6080.0,8829.0,141.1,20.36100006103516,91.0,0.0,0.0,1.0,185.0,185.0,3.125699758529663,,,,,,,,,,,,,,
2026-08-01 08:00:00-05:00,2026-08-01,17986.0,1316.0,433.0,6191.0,9631.0,152.5,21.81100082397461,86.0,0.0,0.0,1.3892444372177124,278.0,278.0,4.197618007659912,,,,,,,,,,,,,,
2026-08-01 09:00:00-05:00,2026-08-01,18939.0,1346.0,445.0,6454.0,10360.0,179.8,23.36100006103516,80.0,0.0,0.0,2.459674835205078,392.0,392.0,3.041381359100342,,,,,,,,,,,,,,
2026-08-01 10:00:00-05:00,2026-08-01,19341.0,1373.0,452.0,6752.0,10847.0,186.6,24.711000442504883,70.0,0.0,0.0,3.0610456466674805,592.0,592.0,2.927456378936768,,,,,,,,,,,,,,
2026-08-01 11:00:00-05:00,2026-08-01,19875.0,1375.0,459.0,6967.0,11167.0,206.1,24.961000442504883,67.0,0.0,0.0,3.0805842876434326,582.0,582.0,2.523885726928711,,,,,,,,,,,,,,
2026-08-01 12:00:00-05:00,2026-08-01,20139.0,1393.0,464.0,7031.0,11350.0,197.6,25.26099967956543,68.0,0.0,0.0,2.683281660079956,516.0,516.0,3.2802438735961914,,,,,,,,,,,,,,
2026-08-01 13:00:00-05:00,2026-08-01,20248.0,1402.0,467.0,6973.0,11492.0,219.8,26.01099967956543,66.0,0.0,0.0,2.4186770915985107,569.0,569.0,3.764305830001831,,,,,,,,,,,,,,
2026-08-01 14:00:00-05:00,2026-08-01,20442.0,1426.0,457.0,7039.0,11556.0,262.9,26.411001205444336,62.0,0.0,0.0,2.549509763717652,550.0,550.0,2.5612497329711914,,,,,,,,,,,,,,
2026-08-01 15:00:00-05:00,2026-08-01,20686.0,1433.0,459.0,7073.0,11754.0,323.0,26.31100082397461,62.0,0.0,0.0,2.0999999046325684,401.0,401.0,3.551056146621704,,,,,,,,,,,,,,
2026-08-01 16:00:00-05:00,2026-08-01,20930.0,1430.0,463.0,7153.0,11960.0,379.8,26.76099967956543,61.0,0.0,0.0,1.649242281913757,428.0,428.0,4.770743846893311,,,,,,,,,,,,,,
2026-08-01 17:00:00-05:00,2026-08-01,20728.0,1443.0,470.0,7078.0,11808.0,435.1,26.51099967956543,62.0,0.0,0.0,2.024845838546753,390.0,390.0,4.220189571380615,,,,,,,,,,,,,,
2026-08-01 18:00:00-05:00,2026-08-01,20100.0,1428.0,471.0,6860.0,11367.0,491.8,25.56100082397461,74.0,0.0,0.0,1.5620499849319458,196.0,196.0,3.801315546035767,,,,,,,,,,,,,,
2026-08-01 19:00:00-05:00,2026-08-01,19504.0,1416.0,470.0,6638.0,10973.0,505.9,24.161001205444336,80.0,0.0,0.0,1.835756063461304,54.0,54.0,3.6138620376586914,,,,,,,,,,,,,,
2026-08-01 20:00:00-05:00,2026-08-01,19157.0,1399.0,462.0,6564.0,10815.0,552.1,22.961000442504883,82.0,0.0,0.0,1.9104971885681152,0.0,0.0,3.330165147781372,,,,,,,,,,,,,,
2026-08-01 21:00:00-05:00,2026-08-01,18250.0,1352.0,454.0,6175.0,10276.0,591.4,22.01099967956543,84.0,0.0,0.0,2.10950231552124,0.0,0.0,1.8027756214141848,,,,,,,,,,,,,,
2026-08-01 22:00:00-05:00,2026-08-01,17397.0,1309.0,439.0,6030.0,9660.0,585.9,21.461000442504883,86.0,0.0,0.0,1.923538446426392,0.0,0.0,2.778488874435425,,,,,,,,,,,,,,
2026-08-01 23:00:00-05:00,2026-08-01,16468.0,1280.0,420.0,5770.0,9009.0,612.2,20.53212547302246,88.25,0.1500000059604644,0.0,1.0030776262283323,0.0,0.0,5.780488967895508,,,,,,,,,,,,,,
2026-08-02 00:00:00-05:00,2026-08-02,15749.0,1155.0,400.0,5695.0,8514.0,332.5,21.161001205444336,86.0,0.0,0.0,1.1704699993133545,0.0,0.0,3.0016660690307617,,,,,,,,,,,,,,
2026-08-02 01:00:00-05:00,2026-08-02,15193.0,1156.0,392.0,5574.0,8086.0,324.9,20.81100082397461,87.0,0.0,0.0,1.2000000476837158,0.0,0.0,4.870318412780762,,,,,,,,,,,,,,
2026-08-02 02:00:00-05:00,2026-08-02,14748.0,1137.0,385.0,5447.0,7788.0,337.8,20.36100006103516,88.0,0.0,0.0,0.6000000238418579,0.0,0.0,5.199999809265137,,,,,,,,,,,,,,
2026-08-02 03:00:00-05:00,2026-08-02,14493.0,1120.0,381.0,5381.0,7631.0,401.9,19.961000442504883,88.0,0.0,0.0,1.7088007926940918,0.0,0.0,3.8948683738708496,,,,,,,,,,,,,,
2026-08-02 04:00:00-05:00,2026-08-02,14284.0,1106.0,369.0,5236.0,7582.0,441.9,19.961000442504883,91.0,0.0,0.0,1.6124515533447266,0.0,0.0,3.0805842876434326,,,,,,,,,,,,,,
2026-08-02 05:00:00-05:00,2026-08-02,14248.0,1111.0,365.0,5279.0,7487.0,404.2,19.961000442504883,93.0,2.200000047683716,0.0,1.2529964447021484,0.0,0.0,3.538361072540283,,,,,,,,,,,,,,
2026-08-02 06:00:00-05:00,2026-08-02,14534.0,1106.0,392.0,5381.0,7641.0,378.2,20.211000442504883,92.0,0.0,0.0,2.332380771636963,37.0,37.0,3.546829462051392,,,,,,,,,,,,,,
2026-08-02 07:00:00-05:00,2026-08-02,15526.0,1128.0,403.0,5532.0,8130.0,361.1,20.26099967956543,92.0,0.4000000059604645,0.0,1.923538446426392,29.0,29.0,3.36005973815918,,,,,,,,,,,,,,
2026-08-02 08:00:00-05:00,2026-08-02,16350.0,1131.0,417.0,5664.0,8756.0,404.2,20.31100082397461,93.0,0.699999988079071,0.0,2.247220516204834,26.0,26.0,4.036087512969971,,,,,,,,,,,,,,
2026-08-02 09:00:00-05:00,2026-08-02,17123.0,1131.0,418.0,5870.0,9436.0,458.7,20.26099967956543,95.0,2.200000047683716,0.0,2.9410881996154785,74.0,74.0,4.1617302894592285,,,,,,,,,,,,,,
2026-08-02 10:00:00-05:00,2026-08-02,17409.0,1143.0,427.0,6025.0,9848.0,449.8,20.661001205444336,93.0,0.0,0.0,2.340939998626709,119.0,119.0,5.249762058258057,,,,,,,,,,,,,,
2026-08-02 11:00:00-05:00,2026-08-02,17840.0,1146.0,437.0,6210.0,10091.0,476.2,21.06100082397461,92.0,1.100000023841858,0.0,3.3120992183685303,333.0,333.0,5.8796257972717285,,,,,,,,,,,,,,
2026-08-02 12:00:00-05:00,2026-08-02,18008.0,1179.0,441.0,6259.0,10164.0,522.4,20.461000442504883,94.0,12.199999809265137,0.0,1.5132745504379272,18.0,18.0,5.748913288116455,,,,,,,,,,,,,,
2026-08-02 13:00:00-05:00,2026-08-02,18090.0,1161.0,454.0,6247.0,10230.0,472.7,20.86100006103516,93.0,2.200000047683716,0.0,2.729468822479248,99.0,99.0,4.957822322845459,,,,,,,,,,,,,,
2026-08-02 14:00:00-05:00,2026-08-02,18301.0,1178.0,461.0,6291.0,10365.0,463.1,20.36100006103516,95.0,0.699999988079071,0.0,2.505992889404297,21.0,21.0,4.763401985168457,,,,,,,,,,,,,,
2026-08-02 15:00:00-05:00,2026-08-02,18715.0,1222.0,470.0,6418.0,10608.0,454.4,20.76099967956543,93.0,0.0,0.0,2.5,99.0,99.0,5.590169906616211,,,,,,,,,,,,,,
2026-08-02 16:00:00-05:00,2026-08-02,19163.0,1276.0,475.0,6612.0,10862.0,497.5,20.36100006103516,96.0,4.699999809265137,0.0,2.433104991912842,13.0,13.0,5.011985778808594,,,,,,,,,,,,,,
2026-08-02 17:00:00-05:00,2026-08-02,19012.0,1296.0,480.0,6488.0,10781.0,550.8,19.61100006103516,90.0,0.0,0.0,3.6221539974212646,23.0,23.0,4.701064109802246,,,,,,,,,,,,,,
2026-08-02 18:00:00-05:00,2026-08-02,18543.0,1289.0,489.0,6304.0,10457.0,577.5,19.36100006103516,91.0,0.0,0.0,2.416609287261963,28.0,28.0,5.239274501800537,,,,,,,,,,,,,,
2026-08-02 19:00:00-05:00,2026-08-02,18160.0,1265.0,482.0,6152.0,10241.0,564.3,19.26099967956543,90.0,0.0,0.0,2.915475845336914,14.0,14.0,4.438467979431152,,,,,,,,,,,,,,
2026-08-02 20:00:00-05:00,2026-08-02,17928.0,1248.0,473.0,6139.0,10136.0,524.9,19.06100082397461,90.0,0.0,0.0,2.8301944732666016,0.0,0.0,3.224903106689453,,,,,,,,,,,,,,
2026-08-02 21:00:00-05:00,2026-08-02,17006.0,1202.0,462.0,5769.0,9562.0,503.8,18.81100082397461,89.0,0.0,0.0,2.745906114578247,0.0,0.0,4.110960960388184,,,,,,,,,,,,,,
2026-08-02 22:00:00-05:00,2026-08-02,16097.0,1178.0,439.0,5524.0,8950.0,488.9,18.61100006103516,91.0,0.0,0.0,1.9104973077774048,0.0,0.0,4.049691677093506,,,,,,,,,,,,,,
2026-08-02 23:00:00-05:00,2026-08-02,15281.0,1150.0,414.0,5306.0,8375.0,481.8,18.43212509155273,93.75,0.2249999940395355,0.0,1.8220763206481927,0.0,0.0,4.032644271850586,,,,,,,,,,,,,,
2026-08-03 00:00:00-05:00,2026-08-03,14863.0,1236.0,374.0,5274.0,7972.0,539.1,19.211000442504883,96.0,1.7999999523162842,0.0,1.421267032623291,0.0,0.0,4.609772205352783,,,,,,,,,,,,,,
2026-08-03 01:00:00-05:00,2026-08-03,14537.0,1238.0,362.0,5286.0,7649.0,528.9,19.06100082397461,95.0,0.0,0.0,1.523154616355896,0.0,0.0,4.455333709716797,,,,,,,,,,,,,,
2026-08-03 02:00:00-05:00,2026-08-03,14270.0,1229.0,355.0,5218.0,7453.0,516.1,18.711000442504883,94.0,0.4000000059604645,0.0,3.220248222351074,0.0,0.0,3.634556293487549,,,,,,,,,,,,,,
2026-08-03 03:00:00-05:00,2026-08-03,14170.0,1204.0,372.0,5244.0,7343.0,465.2,18.31100082397461,92.0,0.699999988079071,0.0,4.27200174331665,0.0,0.0,4.341659069061279,,,,,,,,,,,,,,
2026-08-03 04:00:00-05:00,2026-08-03,14161.0,1167.0,362.0,5289.0,7354.0,474.7,18.01099967956543,90.0,0.0,0.0,4.071854591369629,0.0,0.0,4.0792155265808105,,,,,,,,,,,,,,
2026-08-03 05:00:00-05:00,2026-08-03,14076.0,1153.0,369.0,5301.0,7234.0,460.5,17.861000061035156,90.0,0.0,0.0,2.6248810291290283,0.0,0.0,3.765634059906006,,,,,,,,,,,,,,
2026-08-03 06:00:00-05:00,2026-08-03,14223.0,1161.0,384.0,5277.0,7355.0,422.8,18.01099967956543,89.0,0.0,0.0,3.1622774600982666,36.0,36.0,3.601388454437256,,,,,,,,,,,,,,
2026-08-03 07:00:00-05:00,2026-08-03,15233.0,1153.0,401.0,5482.0,7814.0,410.0,18.461000442504883,87.0,0.0,0.0,4.669047355651856,129.0,129.0,4.0199503898620605,,,,,,,,,,,,,,
2026-08-03 08:00:00-05:00,2026-08-03,16126.0,1159.0,401.0,5607.0,8543.0,390.7,19.51099967956543,84.0,0.0,0.0,4.957822322845459,373.0,373.0,4.130375385284424,,,,,,,,,,,,,,
2026-08-03 09:00:00-05:00,2026-08-03,16960.0,1183.0,413.0,5833.0,9199.0,378.5,20.26099967956543,80.0,0.0,0.0,5.818075180053711,556.0,556.0,4.570558071136475,,,,,,,,,,,,,,
2026-08-03 10:00:00-05:00,2026-08-03,17628.0,1193.0,423.0,6069.0,9640.0,360.0,20.961000442504883,74.0,0.0,0.0,6.090156555175781,694.0,694.0,4.936598300933838,,,,,,,,,,,,,,
2026-08-03 11:00:00-05:00,2026-08-03,17971.0,1200.0,437.0,6313.0,10033.0,348.6,21.56100082397461,68.0,0.0,0.0,6.5,837.0,837.0,4.527692794799805,,,,,,,,,,,,,,
2026-08-03 12:00:00-05:00,2026-08-03,18510.0,1206.0,448.0,6492.0,10369.0,349.2,21.961000442504883,64.0,0.0,0.0,5.948109149932861,897.0,897.0,4.3185648918151855,,,,,,,,,,,,,,
2026-08-03 13:00:00-05:00,2026-08-03,19007.0,1224.0,455.0,6697.0,10629.0,307.0,22.51099967956543,62.0,0.0,0.0,5.283937931060791,903.0,903.0,3.90512490272522,,,,,,,,,,,,,,
2026-08-03 14:00:00-05:00,2026-08-03,19534.0,1246.0,463.0,6898.0,10917.0,286.9,22.661001205444336,58.0,0.0,0.0,4.875448703765869,859.0,859.0,3.920459270477295,,,,,,,,,,,,,,
2026-08-03 15:00:00-05:00,2026-08-03,20560.0,1281.0,469.0,7120.0,11309.0,271.8,23.411001205444336,59.0,0.0,0.0,3.0610456466674805,756.0,756.0,4.492215633392334,,,,,,,,,,,,,,
2026-08-03 16:00:00-05:00,2026-08-03,20981.0,1301.0,474.0,7440.0,11826.0,271.8,23.76099967956543,62.0,0.0,0.0,2.860069990158081,610.0,610.0,3.920459270477295,,,,,,,,,,,,,,
2026-08-03 17:00:00-05:00,2026-08-03,21152.0,1342.0,466.0,7480.0,11907.0,259.6,23.711000442504883,67.0,0.0,0.0,2.308679342269897,437.0,437.0,3.505709648132324,,,,,,,,,,,,,,
2026-08-03 18:00:00-05:00,2026-08-03,20830.0,1363.0,461.0,7285.0,11735.0,256.2,23.161001205444336,75.0,0.0,0.0,1.5297058820724487,251.0,250.9999847412109,3.3734254837036133,,,,,,,,,,,,,,
2026-08-03 19:00:00-05:00,2026-08-03,20338.0,1366.0,455.0,7108.0,11408.0,237.5,21.711000442504883,83.0,0.0,0.0,1.9697715044021609,71.0,71.00000762939453,3.517101287841797,,,,,,,,,,,,,,
2026-08-03 20:00:00-05:00,2026-08-03,19792.0,1354.0,443.0,6936.0,11124.0,206.5,20.11100006103516,84.0,0.0,0.0,1.9924858808517456,0.0,0.0,3.436568021774292,,,,,,,,,,,,,,
2026-08-03 21:00:00-05:00,2026-08-03,18604.0,1334.0,433.0,6478.0,10360.0,180.0,19.161001205444336,82.0,0.0,0.0,1.303840398788452,0.0,0.0,3.5999999046325684,,,,,,,,,,,,,,
2026-08-03 22:00:00-05:00,2026-08-03,17364.0,1301.0,416.0,6128.0,9512.0,133.2,18.461000442504883,81.0,0.0,0.0,1.3601471185684204,0.0,0.0,3.551056146621704,,,,,,,,,,,,,,
2026-08-03 23:00:00-05:00,2026-08-03,16251.0,1263.0,389.0,5787.0,8770.0,102.6,17.10712432861328,84.75,0.0,0.0,2.245821714401245,0.0,0.0,2.849428653717041,,,,,,,,,,,,,,
2026-08-04 00:00:00-05:00,2026-08-04,14781.0,1301.0,369.0,5325.0,7786.0,49.9,16.31100082397461,89.0,0.0,0.0,2.2825424671173096,0.0,0.0,2.302172899246216,,,,,,,,,,,,,,
2026-08-04 01:00:00-05:00,2026-08-04,14344.0,1298.0,360.0,5266.0,7420.0,44.2,15.81100082397461,90.0,0.0,0.0,2.385371923446656,0.0,0.0,2.640075922012329,,,,,,,,,,,,,,
2026-08-04 02:00:00-05:00,2026-08-04,14104.0,1302.0,353.0,5254.0,7195.0,32.5,15.461000442504885,89.0,0.0,0.0,1.923538446426392,0.0,0.0,2.617250442504883,,,,,,,,,,,,,,
2026-08-04 03:00:00-05:00,2026-08-04,14018.0,1284.0,351.0,5240.0,7143.0,26.1,15.211000442504885,89.0,0.0,0.0,2.906888246536255,0.0,0.0,2.9546573162078857,,,,,,,,,,,,,,
2026-08-04 04:00:00-05:00,2026-08-04,14250.0,1279.0,346.0,5268.0,7357.0,24.8,15.06100082397461,88.0,0.0,0.0,2.817800521850586,0.0,0.0,3.400000095367432,,,,,,,,,,,,,,
2026-08-04 05:00:00-05:00,2026-08-04,15127.0,1289.0,350.0,5463.0,7680.0,18.5,14.81100082397461,87.0,0.0,0.0,3.0870697498321533,0.0,0.0,3.4539833068847656,,,,,,,,,,,,,,
2026-08-04 06:00:00-05:00,2026-08-04,15874.0,1295.0,370.0,5641.0,8165.0,17.5,15.41100025177002,88.0,0.0,0.0,2.507987260818481,68.0,67.99999237060547,2.9732136726379395,,,,,,,,,,,,,,
2026-08-04 07:00:00-05:00,2026-08-04,16653.0,1312.0,393.0,5887.0,8683.0,13.0,17.361000061035156,84.0,0.0,0.0,2.886173963546753,234.0,233.9999542236328,2.3430747985839844,,,,,,,,,,,,,,
2026-08-04 08:00:00-05:00,2026-08-04,17460.0,1311.0,401.0,6106.0,9207.0,18.0,18.911001205444336,81.0,0.0,0.0,2.6476402282714844,408.0,408.0000305175781,3.2557642459869385,,,,,,,,,,,,,,
2026-08-04 09:00:00-05:00,2026-08-04,18220.0,1327.0,403.0,6376.0,9789.0,18.9,20.51099967956543,75.0,0.0,0.0,2.7892651557922363,578.0,578.0,4.02243709564209,,,,,,,,,,,,,,
2026-08-04 10:00:00-05:00,2026-08-04,18855.0,1344.0,403.0,6605.0,10190.0,18.5,21.661001205444336,71.0,0.0,0.0,2.9410881996154785,721.0,721.0,3.996248245239258,,,,,,,,,,,,,,
2026-08-04 11:00:00-05:00,2026-08-04,19510.0,1357.0,405.0,6827.0,10578.0,23.6,22.911001205444336,66.0,0.0,0.0,3.1622776985168457,810.0,810.0,4.317406177520752,,,,,,,,,,,,,,
2026-08-04 12:00:00-05:00,2026-08-04,19851.0,1376.0,407.0,7066.0,11002.0,30.3,23.81100082397461,61.0,0.0,0.0,3.2202484607696533,870.0,870.0,4.704253196716309,,,,,,,,,,,,,,
2026-08-04 13:00:00-05:00,2026-08-04,20320.0,1377.0,414.0,7235.0,11294.0,35.2,24.711000442504883,56.0,0.0,0.0,2.731300115585327,878.0,878.0,4.726520538330078,,,,,,,,,,,,,,
2026-08-04 14:00:00-05:00,2026-08-04,20887.0,1403.0,415.0,7439.0,11630.0,46.8,25.211000442504883,53.0,0.0,0.0,2.662705421447754,822.0,822.0,4.570558071136475,,,,,,,,,,,,,,
2026-08-04 15:00:00-05:00,2026-08-04,21795.0,1417.0,418.0,7536.0,12059.0,56.1,25.26099967956543,51.0,0.0,0.0,1.9104971885681152,720.0,720.0,4.49444055557251,,,,,,,,,,,,,,
2026-08-04 16:00:00-05:00,2026-08-04,22158.0,1422.0,419.0,7772.0,12545.0,47.6,25.06100082397461,54.0,0.0,0.0,2.0591259002685547,577.0,577.0,4.0249223709106445,,,,,,,,,,,,,,
2026-08-04 17:00:00-05:00,2026-08-04,22278.0,1428.0,420.0,7832.0,12598.0,46.0,24.461000442504883,64.0,0.0,0.0,2.247220277786255,405.0,405.0,3.6359317302703857,,,,,,,,,,,,,,
2026-08-04 18:00:00-05:00,2026-08-04,21985.0,1453.0,433.0,7684.0,12415.0,44.7,23.461000442504883,74.0,0.0,0.0,1.9646883010864256,223.0,223.0,3.0805842876434326,,,,,,,,,,,,,,
2026-08-04 19:00:00-05:00,2026-08-04,21499.0,1460.0,445.0,7493.0,12101.0,49.3,21.81100082397461,79.0,0.0,0.0,2.1377556324005127,58.0,58.0,1.5620499849319458,,,,,,,,,,,,,,
2026-08-04 20:00:00-05:00,2026-08-04,20854.0,1452.0,446.0,7235.0,11721.0,54.5,20.31100082397461,82.0,0.0,0.0,2.2360680103302,0.0,0.0,2.8231186866760254,,,,,,,,,,,,,,
2026-08-04 21:00:00-05:00,2026-08-04,19498.0,1417.0,440.0,6765.0,10876.0,60.1,19.411001205444336,83.0,0.0,0.0,2.6476402282714844,0.0,0.0,2.9732136726379395,,,,,,,,,,,,,,
2026-08-04 22:00:00-05:00,2026-08-04,18004.0,1381.0,420.0,6309.0,9894.0,59.3,18.961000442504883,86.0,0.0,0.0,2.961418628692627,0.0,0.0,3.2202484607696533,,,,,,,,,,,,,,
2026-08-04 23:00:00-05:00,2026-08-04,16801.0,1345.0,394.0,5921.0,9141.0,57.2,17.932125091552734,85.5,0.0,0.0,2.1712405681610107,0.0,0.0,3.3727893829345703,,,,,,,,,,,,,,
2026-08-05 00:00:00-05:00,2026-08-05,16307.0,1200.0,394.0,5956.0,8757.0,58.9,17.26099967956543,89.0,0.0,0.0,1.7492855787277222,0.0,0.0,3.2202484607696533,,,,,,,,,,,,,,
2026-08-05 01:00:00-05:00,2026-08-05,15670.0,1195.0,387.0,5799.0,8289.0,65.4,16.76099967956543,88.0,0.0,0.0,1.0,0.0,0.0,3.700000047683716,,,,,,,,,,,,,,
2026-08-05 02:00:00-05:00,2026-08-05,15229.0,1184.0,380.0,5653.0,8012.0,65.7,16.361000061035156,88.0,0.0,0.0,0.9848857522010804,0.0,0.0,3.984971761703491,,,,,,,,,,,,,,
2026-08-05 03:00:00-05:00,2026-08-05,15183.0,1164.0,380.0,5724.0,7915.0,55.9,15.961000442504885,88.0,0.0,0.0,1.4560219049453735,0.0,0.0,4.052160263061523,,,,,,,,,,,,,,
2026-08-05 04:00:00-05:00,2026-08-05,15736.0,1159.0,367.0,5743.0,8103.0,45.0,15.511000633239746,89.0,0.0,0.0,0.3605551421642303,0.0,0.0,3.5693135261535645,,,,,,,,,,,,,,
2026-08-05 05:00:00-05:00,2026-08-05,16545.0,1168.0,366.0,6038.0,8510.0,46.0,15.06100082397461,89.0,0.0,0.0,1.5297058820724487,0.0,0.0,3.0999999046325684,,,,,,,,,,,,,,
2026-08-05 06:00:00-05:00,2026-08-05,17429.0,1171.0,385.0,6338.0,9112.0,51.8,15.761000633239746,95.0,0.0,0.0,1.1180340051651,63.0,63.0000114440918,2.886173963546753,,,,,,,,,,,,,,
2026-08-05 07:00:00-05:00,2026-08-05,18270.0,1187.0,401.0,6572.0,9692.0,55.8,17.76099967956543,88.0,0.0,0.0,0.5656854510307312,227.0,226.9999542236328,2.9427878856658936,,,,,,,,,,,,,,
2026-08-05 08:00:00-05:00,2026-08-05,19137.0,1191.0,410.0,6833.0,10251.0,45.7,19.661001205444336,86.0,0.0,0.0,0.3605551421642303,404.0,404.0,2.6248810291290283,,,,,,,,,,,,,,
2026-08-05 09:00:00-05:00,2026-08-05,19975.0,1207.0,415.0,7018.0,10947.0,42.2,21.31100082397461,84.0,0.0,0.0,0.7280109524726868,576.0,576.0,3.023243427276612,,,,,,,,,,,,,,
2026-08-05 10:00:00-05:00,2026-08-05,20811.0,1220.0,422.0,7351.0,11366.0,68.2,23.36100006103516,79.0,0.0,0.0,1.5297058820724487,716.0,716.0,3.328663349151612,,,,,,,,,,,,,,
2026-08-05 11:00:00-05:00,2026-08-05,21589.0,1236.0,440.0,7768.0,11817.0,95.6,25.36100006103516,71.0,0.0,0.0,2.3194828033447266,823.0,823.0,4.3046488761901855,,,,,,,,,,,,,,
2026-08-05 12:00:00-05:00,2026-08-05,21917.0,1272.0,456.0,7942.0,12247.0,130.4,26.661001205444336,66.0,0.0,0.0,3.1780495643615723,877.0,877.0,4.743416786193848,,,,,,,,,,,,,,
2026-08-05 13:00:00-05:00,2026-08-05,22401.0,1291.0,494.0,8035.0,12581.0,152.2,27.31100082397461,60.0,0.0,0.0,3.764305830001831,884.0,884.0,5.852349758148193,,,,,,,,,,,,,,
2026-08-05 14:00:00-05:00,2026-08-05,23158.0,1327.0,512.0,8142.0,12822.0,167.7,27.56100082397461,58.0,0.0,0.0,3.862641572952272,835.0,835.0,5.728001594543457,,,,,,,,,,,,,,
2026-08-05 15:00:00-05:00,2026-08-05,23870.0,1387.0,546.0,8315.0,13263.0,197.0,27.411001205444336,59.0,0.0,0.0,3.605551242828369,734.0,734.0,5.249762058258057,,,,,,,,,,,,,,
2026-08-05 16:00:00-05:00,2026-08-05,24226.0,1422.0,561.0,8515.0,13728.0,181.1,27.06100082397461,60.0,0.0,0.0,3.275667905807495,590.0,590.0,4.904079914093018,,,,,,,,,,,,,,
2026-08-05 17:00:00-05:00,2026-08-05,24334.0,1438.0,566.0,8581.0,13749.0,178.9,26.36100006103516,66.0,0.0,0.0,2.906888484954834,418.0,418.0,4.681879997253418,,,,,,,,,,,,,,
2026-08-05 18:00:00-05:00,2026-08-05,24046.0,1445.0,592.0,8476.0,13533.0,197.1,25.36100006103516,73.0,0.0,0.0,2.308679342269897,231.0,231.00001525878903,4.123105525970459,,,,,,,,,,,,,,
2026-08-05 19:00:00-05:00,2026-08-05,23419.0,1415.0,579.0,8326.0,13099.0,211.2,23.86100006103516,80.0,0.0,0.0,1.8681540489196773,59.0,59.0,2.5553863048553467,,,,,,,,,,,,,,
2026-08-05 20:00:00-05:00,2026-08-05,22625.0,1358.0,530.0,8096.0,12641.0,225.4,22.211000442504883,82.0,0.0,0.0,2.0880613327026367,0.0,0.0,3.7054014205932617,,,,,,,,,,,,,,
2026-08-05 21:00:00-05:00,2026-08-05,20893.0,1303.0,483.0,7442.0,11665.0,242.1,21.161001205444336,82.0,0.0,0.0,1.8248286247253416,0.0,0.0,3.6138620376586914,,,,,,,,,,,,,,
2026-08-05 22:00:00-05:00,2026-08-05,19759.0,1257.0,562.0,7119.0,10821.0,229.3,20.36100006103516,86.0,0.0,0.0,1.0049875974655151,0.0,0.0,4.119465827941895,,,,,,,,,,,,,,
2026-08-05 23:00:00-05:00,2026-08-05,18190.0,1200.0,373.0,6693.0,9924.0,216.4,19.79462432861328,86.0,0.0,0.0,1.1365764141082764,0.0,0.0,3.901167869567871,,,,,,,,,,,,,,
2026-08-06 00:00:00-05:00,2026-08-06,17210.0,1212.0,380.0,6321.0,9297.0,135.5,19.911001205444336,89.0,0.0,0.0,1.0770329236984253,0.0,0.0,4.328972339630127,,,,,,,,,,,,,,
2026-08-06 01:00:00-05:00,2026-08-06,16488.0,1206.0,373.0,6147.0,8762.0,107.0,19.661001205444336,90.0,0.0,0.0,1.7691805362701416,0.0,0.0,3.929376602172852,,,,,,,,,,,,,,
2026-08-06 02:00:00-05:00,2026-08-06,15996.0,1192.0,365.0,6010.0,8429.0,109.6,19.661001205444336,90.0,0.0,0.0,0.5385164618492126,0.0,0.0,3.8078866004943848,,,,,,,,,,,,,,
2026-08-06 03:00:00-05:00,2026-08-06,15852.0,1171.0,366.0,6029.0,8286.0,107.1,18.81100082397461,92.0,0.0,0.0,1.3152945041656494,0.0,0.0,3.7576589584350586,,,,,,,,,,,,,,
2026-08-06 04:00:00-05:00,2026-08-06,16318.0,1164.0,357.0,6016.0,8430.0,98.3,18.411001205444336,92.0,0.0,0.0,1.0,0.0,0.0,3.1906113624572754,,,,,,,,,,,,,,
2026-08-06 05:00:00-05:00,2026-08-06,17136.0,1172.0,359.0,6304.0,8826.0,92.8,18.11100006103516,92.0,0.0,0.0,1.4422205686569214,0.0,0.0,3.178049802780152,,,,,,,,,,,,,,
2026-08-06 06:00:00-05:00,2026-08-06,18039.0,1175.0,379.0,6652.0,9403.0,71.7,18.81100082397461,98.0,0.0,0.0,0.943398118019104,54.0,54.00000762939453,3.8275318145751953,,,,,,,,,,,,,,
2026-08-06 07:00:00-05:00,2026-08-06,18844.0,1192.0,391.0,6894.0,9990.0,60.4,20.81100082397461,94.0,0.0,0.0,0.9055384993553162,196.0,196.0,2.8284270763397217,,,,,,,,,,,,,,
2026-08-06 08:00:00-05:00,2026-08-06,19691.0,1193.0,399.0,7063.0,10564.0,34.0,22.56100082397461,91.0,0.0,0.0,0.4000000059604645,374.0,374.0,3.289376735687256,,,,,,,,,,,,,,
2026-08-06 09:00:00-05:00,2026-08-06,20477.0,1206.0,407.0,7269.0,11280.0,27.4,24.211000442504883,87.0,0.0,0.0,0.5,526.0,526.0,2.2360680103302,,,,,,,,,,,,,,
2026-08-06 10:00:00-05:00,2026-08-06,21158.0,1213.0,417.0,7521.0,11639.0,38.4,25.961000442504883,81.0,0.0,0.0,1.0630146265029907,668.0,668.0,1.341640830039978,,,,,,,,,,,,,,
2026-08-06 11:00:00-05:00,2026-08-06,21524.0,1227.0,434.0,7826.0,12037.0,71.0,27.26099967956543,75.0,0.0,0.0,1.0049875974655151,748.0,748.0,2.3345234394073486,,,,,,,,,,,,,,
2026-08-06 12:00:00-05:00,2026-08-06,22118.0,1247.0,452.0,8053.0,12366.0,103.3,26.211000442504883,78.0,0.0,0.0,2.109502077102661,216.0,216.0,4.00124979019165,,,,,,,,,,,,,,
2026-08-06 13:00:00-05:00,2026-08-06,22553.0,1276.0,494.0,8163.0,12620.0,107.1,24.661001205444336,95.0,0.0,0.0,3.310589075088501,480.0,480.0,4.652956008911133,,,,,,,,,,,,,,
2026-08-06 14:00:00-05:00,2026-08-06,23197.0,1305.0,516.0,8262.0,12807.0,97.9,25.26099967956543,87.0,0.0,0.0,2.906888246536255,580.0,580.0,5.208646297454834,,,,,,,,,,,,,,
2026-08-06 15:00:00-05:00,2026-08-06,23816.0,1369.0,553.0,8387.0,13192.0,82.7,26.36100006103516,80.0,0.0,0.0,2.807133674621582,682.0,682.0,5.300000190734863,,,,,,,,,,,,,,
2026-08-06 16:00:00-05:00,2026-08-06,24130.0,1411.0,567.0,8543.0,13609.0,56.5,26.61100006103516,82.0,0.0,0.0,3.2015621662139893,555.0,555.0,6.684309482574463,,,,,,,,,,,,,,
2026-08-06 17:00:00-05:00,2026-08-06,24186.0,1429.0,571.0,8554.0,13632.0,31.2,26.461000442504883,82.0,0.0,0.0,2.308679342269897,395.0,395.0000305175781,4.527692794799805,,,,,,,,,,,,,,
2026-08-06 18:00:00-05:00,2026-08-06,23927.0,1441.0,597.0,8453.0,13436.0,25.2,25.711000442504883,83.0,0.0,0.0,2.102379560470581,209.0,209.0,1.334166407585144,,,,,,,,,,,,,,
2026-08-06 19:00:00-05:00,2026-08-06,23268.0,1414.0,585.0,8289.0,12980.0,36.4,24.76099967956543,88.0,0.0,0.0,0.4123105704784393,50.0,49.999996185302734,2.473863363265991,,,,,,,,,,,,,,
2026-08-06 20:00:00-05:00,2026-08-06,22444.0,1360.0,535.0,8059.0,12490.0,31.4,23.61100006103516,91.0,0.0,0.0,1.7029385566711426,0.0,0.0,2.0880613327026367,,,,,,,,,,,,,,
2026-08-06 21:00:00-05:00,2026-08-06,20716.0,1302.0,486.0,7425.0,11503.0,47.4,23.01099967956543,92.0,0.0,0.0,0.8602325320243835,0.0,0.0,1.4142135381698608,,,,,,,,,,,,,,
2026-08-06 22:00:00-05:00,2026-08-06,19525.0,1256.0,568.0,6994.0,10707.0,36.5,22.661001205444336,92.0,0.0,0.0,2.220360279083252,0.0,0.0,1.8027756214141848,,,,,,,,,,,,,,
2026-08-06 23:00:00-05:00,2026-08-06,17998.0,1198.0,384.0,6591.0,9825.0,36.9,21.85712432861328,93.25,0.025000000372529,0.0,0.9294822216033936,0.0,0.0,1.101305603981018,,,,,,,,,,,,,,
2026-08-07 00:00:00-05:00,2026-08-07,17225.0,1254.0,396.0,6224.0,9329.0,67.1,21.11100006103516,88.0,0.0,0.0,1.3000000715255735,0.0,0.0,1.2041594982147217,,,,,,,,,,,,,,
2026-08-07 01:00:00-05:00,2026-08-07,16682.0,1235.0,387.0,6142.0,8900.0,49.6,20.661001205444336,91.0,0.0,0.0,1.4317820072174072,0.0,0.0,0.6082762479782104,,,,,,,,,,,,,,
2026-08-07 02:00:00-05:00,2026-08-07,16368.0,1215.0,382.0,6175.0,8589.0,54.1,20.26099967956543,91.0,0.0,0.0,1.4764822721481323,0.0,0.0,1.3000000715255735,,,,,,,,,,,,,,
2026-08-07 03:00:00-05:00,2026-08-07,16209.0,1196.0,381.0,6146.0,8456.0,84.8,20.11100006103516,92.0,0.0,0.0,1.5,0.0,0.0,1.0816653966903689,,,,,,,,,,,,,,
2026-08-07 04:00:00-05:00,2026-08-07,16431.0,1182.0,374.0,6233.0,8614.0,79.2,19.711000442504883,93.0,0.0,0.0,1.2041594982147217,0.0,0.0,0.7280109524726868,,,,,,,,,,,,,,
2026-08-07 05:00:00-05:00,2026-08-07,17334.0,1193.0,381.0,6355.0,9077.0,62.5,19.26099967956543,93.0,0.0,0.0,0.6000000238418579,0.0,0.0,1.77200448513031,,,,,,,,,,,,,,
2026-08-07 06:00:00-05:00,2026-08-07,18131.0,1196.0,385.0,6527.0,9644.0,79.7,20.01099967956543,97.0,0.0,0.0,0.8062257766723633,40.0,40.0,2.692582368850708,,,,,,,,,,,,,,
2026-08-07 07:00:00-05:00,2026-08-07,18956.0,1207.0,405.0,6776.0,10207.0,96.0,21.36100006103516,95.0,0.0,0.0,0.6324555277824402,154.0,154.0,3.0805842876434326,,,,,,,,,,,,,,
2026-08-07 08:00:00-05:00,2026-08-07,19698.0,1198.0,419.0,6986.0,10771.0,120.6,22.81100082397461,92.0,0.0,0.0,0.8999999761581421,228.0,228.0,4.099999904632568,,,,,,,,,,,,,,
2026-08-07 09:00:00-05:00,2026-08-07,20055.0,1209.0,429.0,7096.0,11343.0,166.8,24.31100082397461,87.0,0.0,0.0,1.0049875974655151,527.0,527.0,3.956008195877075,,,,,,,,,,,,,,
2026-08-07 10:00:00-05:00,2026-08-07,20533.0,1226.0,437.0,7272.0,11608.0,203.4,25.36100006103516,83.0,0.0,0.0,1.5132745504379272,548.0,548.0,4.35660457611084,,,,,,,,,,,,,,
2026-08-07 11:00:00-05:00,2026-08-07,20929.0,1240.0,435.0,7374.0,11881.0,197.0,26.461000442504883,77.0,0.0,0.0,2.061552762985229,730.0,730.0,4.418144226074219,,,,,,,,,,,,,,
2026-08-07 12:00:00-05:00,2026-08-07,21341.0,1275.0,438.0,7562.0,12061.0,181.2,27.211000442504883,74.0,0.0,0.0,2.102379560470581,712.0,712.0,3.5902645587921143,,,,,,,,,,,,,,
2026-08-07 13:00:00-05:00,2026-08-07,21618.0,1293.0,443.0,7635.0,12271.0,162.4,27.86100006103516,70.0,0.0,0.0,2.408318996429444,752.0,752.0,3.0528674125671387,,,,,,,,,,,,,,
2026-08-07 14:00:00-05:00,2026-08-07,21680.0,1314.0,450.0,7586.0,12323.0,165.7,27.711000442504883,70.0,0.0,0.0,2.3345234394073486,380.0,380.0,6.166036128997803,,,,,,,,,,,,,,
2026-08-07 15:00:00-05:00,2026-08-07,21822.0,1332.0,455.0,7582.0,12449.0,178.9,27.56100082397461,72.0,0.0,0.0,2.886173963546753,550.0,550.0,6.184658527374268,,,,,,,,,,,,,,
2026-08-07 16:00:00-05:00,2026-08-07,22001.0,1337.0,456.0,7652.0,12594.0,201.4,27.411001205444336,72.0,0.0,0.0,2.353720426559448,391.0,391.0,5.178802967071533,,,,,,,,,,,,,,
2026-08-07 17:00:00-05:00,2026-08-07,21819.0,1352.0,449.0,7637.0,12400.0,208.6,26.31100082397461,74.0,0.0,0.0,3.522783041000366,342.0,342.0,3.900000095367432,,,,,,,,,,,,,,
2026-08-07 18:00:00-05:00,2026-08-07,21446.0,1364.0,467.0,7496.0,12129.0,226.5,24.911001205444336,78.0,0.0,0.0,1.9924858808517456,229.0,229.0,4.242640495300293,,,,,,,,,,,,,,
2026-08-07 19:00:00-05:00,2026-08-07,20993.0,1350.0,472.0,7385.0,11795.0,293.7,24.161001205444336,84.0,0.0,0.0,0.7810249924659729,50.0,50.0,3.4234485626220703,,,,,,,,,,,,,,
2026-08-07 20:00:00-05:00,2026-08-07,20437.0,1331.0,462.0,7241.0,11461.0,318.9,22.961000442504883,85.0,0.0,0.0,1.2649110555648804,0.0,0.0,3.612478256225586,,,,,,,,,,,,,,
2026-08-07 21:00:00-05:00,2026-08-07,19351.0,1310.0,456.0,6809.0,10758.0,276.2,21.961000442504883,88.0,0.0,0.0,1.7117242813110352,0.0,0.0,3.612478256225586,,,,,,,,,,,,,,
2026-08-07 22:00:00-05:00,2026-08-07,18421.0,1288.0,434.0,6492.0,10225.0,267.9,21.51099967956543,90.0,0.0,0.0,1.403566837310791,0.0,0.0,3.5846896171569824,,,,,,,,,,,,,,
2026-08-07 23:00:00-05:00,2026-08-07,17401.0,1257.0,411.0,6139.0,9566.0,324.4,20.86962509155273,90.5,0.0,0.0,1.287414312362671,0.0,0.0,3.833795070648194,,,,,,,,,,,,,,
2026-08-08 00:00:00-05:00,2026-08-08,16949.0,1324.0,387.0,5969.0,9269.0,445.3,21.86100006103516,94.0,0.0,0.0,0.6000000238418579,0.0,0.0,4.044749736785889,,,,,,,,,,,,,,
2026-08-08 01:00:00-05:00,2026-08-08,16501.0,1302.0,373.0,5952.0,8874.0,411.5,21.56100082397461,94.0,0.0,0.0,1.2369316816329956,0.0,0.0,3.736308097839356,,,,,,,,,,,,,,
2026-08-08 02:00:00-05:00,2026-08-08,16214.0,1282.0,363.0,6014.0,8555.0,363.9,21.31100082397461,95.0,0.0,0.0,1.0816653966903689,0.0,0.0,4.604345798492432,,,,,,,,,,,,,,
2026-08-08 03:00:00-05:00,2026-08-08,15997.0,1266.0,361.0,6027.0,8343.0,379.7,22.211000442504883,94.0,0.0,0.0,0.9219544529914856,0.0,0.0,3.720215082168579,,,,,,,,,,,,,,
2026-08-08 04:00:00-05:00,2026-08-08,15887.0,1252.0,358.0,5988.0,8289.0,361.1,22.11100006103516,94.0,0.0,0.0,1.140175461769104,0.0,0.0,5.385164737701416,,,,,,,,,,,,,,
2026-08-08 05:00:00-05:00,2026-08-08,15927.0,1260.0,359.0,6028.0,8280.0,362.0,22.01099967956543,94.0,0.0,0.0,1.2649110555648804,0.0,0.0,5.021952152252197,,,,,,,,,,,,,,
2026-08-08 06:00:00-05:00,2026-08-08,16453.0,1277.0,383.0,5869.0,8496.0,333.7,22.01099967956543,93.0,0.0,0.0,0.8544003963470459,29.0,29.0,3.3241541385650635,,,,,,,,,,,,,,
2026-08-08 07:00:00-05:00,2026-08-08,17416.0,1314.0,402.0,6095.0,9068.0,321.6,22.961000442504883,86.0,0.0,0.0,0.3605551421642303,198.0,198.0,4.393176555633545,,,,,,,,,,,,,,
2026-08-08 08:00:00-05:00,2026-08-08,18423.0,1341.0,413.0,6347.0,9850.0,340.8,23.211000442504883,87.0,0.0,0.0,0.8246211409568787,150.0,150.0,5.738466739654541,,,,,,,,,,,,,,
2026-08-08 09:00:00-05:00,2026-08-08,19201.0,1367.0,424.0,6619.0,10483.0,352.6,24.211000442504883,84.0,0.0,0.0,1.2041594982147217,387.0,387.0,6.161168575286865,,,,,,,,,,,,,,
2026-08-08 10:00:00-05:00,2026-08-08,19508.0,1387.0,429.0,6763.0,10929.0,376.3,24.661001205444336,78.0,0.0,0.0,1.7999999523162842,224.0,224.0,5.981638431549072,,,,,,,,,,,,,,
2026-08-08 11:00:00-05:00,2026-08-08,20072.0,1380.0,434.0,6961.0,11297.0,433.4,25.961000442504883,76.0,0.0,0.0,1.9416487216949463,719.0,719.0,5.800861835479736,,,,,,,,,,,,,,
2026-08-08 12:00:00-05:00,2026-08-08,20562.0,1396.0,435.0,7116.0,11615.0,488.2,26.61100006103516,75.0,0.0,0.0,2.901723861694336,670.0,670.0,6.242595195770264,,,,,,,,,,,,,,
2026-08-08 13:00:00-05:00,2026-08-08,20996.0,1400.0,441.0,7277.0,11878.0,555.1,26.86100006103516,73.0,0.0,0.0,3.667424201965332,510.0,510.0,6.887670040130615,,,,,,,,,,,,,,
2026-08-08 14:00:00-05:00,2026-08-08,21314.0,1418.0,444.0,7342.0,12110.0,599.1,28.26099967956543,66.0,0.0,0.0,3.671512126922608,803.0,803.0,6.7082037925720215,,,,,,,,,,,,,,
2026-08-08 15:00:00-05:00,2026-08-08,21496.0,1426.0,453.0,7415.0,12202.0,592.6,29.06100082397461,58.0,0.0,0.0,4.341658592224121,701.0,701.0,7.077428817749023,,,,,,,,,,,,,,
2026-08-08 16:00:00-05:00,2026-08-08,21634.0,1424.0,457.0,7408.0,12345.0,494.9,29.211000442504883,59.0,0.0,0.0,4.390899658203125,539.0,539.0,6.906518459320068,,,,,,,,,,,,,,
2026-08-08 17:00:00-05:00,2026-08-08,21598.0,1446.0,464.0,7344.0,12344.0,373.6,28.56100082397461,61.0,0.0,0.0,4.036087512969971,264.0,264.0,7.710382461547852,,,,,,,,,,,,,,
2026-08-08 18:00:00-05:00,2026-08-08,21202.0,1441.0,462.0,7194.0,12105.0,309.0,27.81100082397461,66.0,0.0,0.0,2.6870057582855225,139.0,139.0,6.365532398223877,,,,,,,,,,,,,,
2026-08-08 19:00:00-05:00,2026-08-08,20717.0,1426.0,458.0,7033.0,11800.0,253.5,25.76099967956543,79.0,0.0,0.0,2.376972913742065,45.0,45.0,5.597320556640625,,,,,,,,,,,,,,
2026-08-08 20:00:00-05:00,2026-08-08,20176.0,1408.0,449.0,6831.0,11488.0,298.7,24.661001205444336,84.0,0.0,0.0,0.943398118019104,0.0,0.0,4.964876651763916,,,,,,,,,,,,,,
2026-08-08 21:00:00-05:00,2026-08-08,19117.0,1369.0,437.0,6458.0,10853.0,334.2,23.01099967956543,85.0,0.0,0.0,3.3241539001464844,0.0,0.0,5.186521053314209,,,,,,,,,,,,,,
2026-08-08 22:00:00-05:00,2026-08-08,18123.0,1335.0,418.0,6145.0,10225.0,307.9,22.661001205444336,88.0,0.0,0.0,3.466987133026123,0.0,0.0,4.687216758728027,,,,,,,,,,,,,,
2026-08-08 23:00:00-05:00,2026-08-08,17098.0,1308.0,399.0,5878.0,9513.0,280.1,22.01099967956543,87.0,0.0,0.0,3.047950029373169,0.0,0.0,3.5902645587921143,,,,,,,,,,,,,,
2026-08-09 00:00:00-05:00,2026-08-09,16402.0,1291.0,384.0,5666.0,9061.0,204.3,21.461000442504883,87.0,0.0,0.0,2.9681644439697266,0.0,0.0,2.617250442504883,,,,,,,,,,,,,,
2026-08-09 01:00:00-05:00,2026-08-09,15907.0,1285.0,375.0,5639.0,8608.0,149.9,20.911001205444336,88.0,0.0,0.0,3.2449963092803955,0.0,0.0,2.773084878921509,,,,,,,,,,,,,,
2026-08-09 02:00:00-05:00,2026-08-09,15497.0,1268.0,367.0,5663.0,8199.0,102.5,20.51099967956543,89.0,0.0,0.0,2.9832866191864014,0.0,0.0,1.6970562934875488,,,,,,,,,,,,,,
2026-08-09 03:00:00-05:00,2026-08-09,15158.0,1253.0,362.0,5628.0,7915.0,82.6,20.06100082397461,91.0,0.0,0.0,2.5,0.0,0.0,3.3241539001464844,,,,,,,,,,,,,,
2026-08-09 04:00:00-05:00,2026-08-09,14868.0,1236.0,356.0,5517.0,7759.0,52.4,19.56100082397461,94.0,0.0,0.0,1.5,0.0,0.0,2.8460500240325928,,,,,,,,,,,,,,
2026-08-09 05:00:00-05:00,2026-08-09,14845.0,1235.0,358.0,5496.0,7756.0,33.7,19.01099967956543,92.0,0.0,0.0,1.2529964447021484,0.0,0.0,2.716615676879883,,,,,,,,,,,,,,
2026-08-09 06:00:00-05:00,2026-08-09,15226.0,1246.0,379.0,5403.0,7884.0,19.1,19.56100082397461,91.0,0.0,0.0,2.459674835205078,51.0,51.00001525878906,2.5019991397857666,,,,,,,,,,,,,,
2026-08-09 07:00:00-05:00,2026-08-09,15976.0,1275.0,395.0,5540.0,8327.0,16.4,20.61100006103516,87.0,0.0,0.0,2.844292640686035,194.0,193.9999847412109,2.2360680103302,,,,,,,,,,,,,,
2026-08-09 08:00:00-05:00,2026-08-09,16829.0,1282.0,407.0,5744.0,8981.0,36.8,21.461000442504883,86.0,0.0,0.0,3.257299423217773,359.0,359.0,2.459674835205078,,,,,,,,,,,,,,
2026-08-09 09:00:00-05:00,2026-08-09,17620.0,1293.0,414.0,6034.0,9500.0,57.7,22.11100006103516,82.0,0.0,0.0,3.889730215072632,472.0,472.0,3.4234485626220703,,,,,,,,,,,,,,
2026-08-09 10:00:00-05:00,2026-08-09,18334.0,1314.0,421.0,6274.0,9987.0,91.3,23.01099967956543,78.0,0.0,0.0,3.92173433303833,628.0,628.0,3.6878178119659424,,,,,,,,,,,,,,
2026-08-09 11:00:00-05:00,2026-08-09,18994.0,1323.0,425.0,6511.0,10410.0,170.8,24.01099967956543,72.0,0.0,0.0,3.8078866004943848,736.0,736.0,3.920459032058716,,,,,,,,,,,,,,
2026-08-09 12:00:00-05:00,2026-08-09,19316.0,1342.0,428.0,6760.0,10786.0,238.3,24.911001205444336,67.0,0.0,0.0,4.114608287811279,799.0,799.0,3.847076654434204,,,,,,,,,,,,,,
2026-08-09 13:00:00-05:00,2026-08-09,19751.0,1359.0,432.0,6959.0,11001.0,265.0,26.36100006103516,56.0,0.0,0.0,4.623851299285889,809.0,809.0,4.044749736785889,,,,,,,,,,,,,,
2026-08-09 14:00:00-05:00,2026-08-09,20289.0,1377.0,438.0,7155.0,11319.0,295.6,27.36100006103516,48.0,0.0,0.0,4.947726726531982,756.0,756.0,4.501111030578613,,,,,,,,,,,,,,
2026-08-09 15:00:00-05:00,2026-08-09,20881.0,1403.0,444.0,7349.0,11685.0,309.2,27.51099967956543,43.0,0.0,0.0,4.924428939819336,670.0,670.0,5.178802967071533,,,,,,,,,,,,,,
2026-08-09 16:00:00-05:00,2026-08-09,21402.0,1428.0,453.0,7481.0,12040.0,300.8,27.211000442504883,46.0,0.0,0.0,4.850772857666016,522.0,522.0,4.720169544219971,,,,,,,,,,,,,,
2026-08-09 17:00:00-05:00,2026-08-09,21554.0,1442.0,458.0,7490.0,12164.0,287.3,26.461000442504883,46.0,0.0,0.0,4.570558071136475,358.0,358.0,3.047950029373169,,,,,,,,,,,,,,
2026-08-09 18:00:00-05:00,2026-08-09,21208.0,1444.0,456.0,7308.0,12000.0,337.7,25.461000442504883,49.0,0.0,0.0,3.920459270477295,174.0,173.99998474121094,2.729468822479248,,,,,,,,,,,,,,
2026-08-09 19:00:00-05:00,2026-08-09,20664.0,1438.0,455.0,7036.0,11735.0,314.3,23.01099967956543,62.0,0.0,0.0,1.897366523742676,39.0,39.0,3.5341196060180664,,,,,,,,,,,,,,
2026-08-09 20:00:00-05:00,2026-08-09,20115.0,1422.0,454.0,6848.0,11391.0,292.7,21.211000442504883,76.0,0.0,0.0,2.0,0.0,0.0,4.110960960388184,,,,,,,,,,,,,,
2026-08-09 21:00:00-05:00,2026-08-09,18969.0,1374.0,441.0,6455.0,10699.0,252.2,20.411001205444336,84.0,0.0,0.0,1.7691805362701416,0.0,0.0,3.313608169555664,,,,,,,,,,,,,,
2026-08-09 22:00:00-05:00,2026-08-09,17929.0,1337.0,423.0,6206.0,9963.0,284.2,19.81100082397461,84.0,0.0,0.0,1.897366523742676,0.0,0.0,3.436568021774292,,,,,,,,,,,,,,
2026-08-09 23:00:00-05:00,2026-08-09,16879.0,1308.0,401.0,5934.0,9236.0,378.0,19.56100082397461,86.0,0.0,0.0,1.5033296346664429,0.0,0.0,4.177319526672363,,,,,,,,,,,,,,
2026-08-10 00:00:00-05:00,2026-08-10,16177.0,1246.0,370.0,5729.0,8810.0,652.2,18.81100082397461,88.0,0.0,0.0,2.193171262741089,0.0,0.0,2.0591259002685547,,,,,,,,,,,,,,
2026-08-10 01:00:00-05:00,2026-08-10,15809.0,1234.0,361.0,5786.0,8408.0,538.9,18.61100006103516,89.0,0.0,0.0,1.7029385566711426,0.0,0.0,1.4866068363189695,,,,,,,,,,,,,,
2026-08-10 02:00:00-05:00,2026-08-10,15676.0,1223.0,355.0,5918.0,8177.0,551.3,18.31100082397461,89.0,0.0,0.0,1.6970562934875488,0.0,0.0,2.109502077102661,,,,,,,,,,,,,,
2026-08-10 03:00:00-05:00,2026-08-10,15619.0,1211.0,353.0,5898.0,8122.0,649.4,18.161001205444336,90.0,0.0,0.0,0.9219544529914856,0.0,0.0,1.5297058820724487,,,,,,,,,,,,,,
2026-08-10 04:00:00-05:00,2026-08-10,15955.0,1207.0,352.0,5966.0,8392.0,684.5,18.06100082397461,90.0,0.0,0.0,1.3000000715255735,0.0,0.0,1.6970562934875488,,,,,,,,,,,,,,
2026-08-10 05:00:00-05:00,2026-08-10,17045.0,1206.0,355.0,6198.0,8937.0,637.7,18.01099967956543,92.0,0.0,0.0,2.109502077102661,0.0,0.0,2.549509763717652,,,,,,,,,,,,,,
2026-08-10 06:00:00-05:00,2026-08-10,17819.0,1213.0,367.0,6348.0,9527.0,511.7,18.26099967956543,93.0,0.0,0.0,1.2999999523162842,13.0,13.0,1.2529964447021484,,,,,,,,,,,,,,
2026-08-10 07:00:00-05:00,2026-08-10,18238.0,1238.0,388.0,6602.0,10028.0,529.6,19.211000442504883,92.0,0.0,0.0,0.3162277638912201,98.0,98.0,1.5811388492584229,,,,,,,,,,,,,,
2026-08-10 08:00:00-05:00,2026-08-10,18839.0,1252.0,399.0,6682.0,10501.0,504.1,20.76099967956543,88.0,0.0,0.0,1.140175461769104,328.0,328.0,0.6082762479782104,,,,,,,,,,,,,,
2026-08-10 09:00:00-05:00,2026-08-10,19457.0,1268.0,403.0,6861.0,10931.0,466.9,21.06100082397461,86.0,0.0,0.0,1.4142135381698608,130.0,130.0,6.576473236083984,,,,,,,,,,,,,,
2026-08-10 10:00:00-05:00,2026-08-10,20014.0,1280.0,402.0,6994.0,11336.0,428.4,23.06100082397461,75.0,0.0,0.0,1.7117242813110352,669.0,669.0,3.7576589584350586,,,,,,,,,,,,,,
2026-08-10 11:00:00-05:00,2026-08-10,20568.0,1293.0,405.0,7210.0,11665.0,405.0,24.161001205444336,70.0,0.0,0.0,1.9104971885681152,746.0,746.0,5.546169757843018,,,,,,,,,,,,,,
2026-08-10 12:00:00-05:00,2026-08-10,21050.0,1310.0,406.0,7390.0,11960.0,400.3,24.911001205444336,64.0,0.0,0.0,3.178049802780152,812.0,812.0,5.521775245666504,,,,,,,,,,,,,,
2026-08-10 13:00:00-05:00,2026-08-10,21366.0,1320.0,415.0,7484.0,12139.0,321.4,25.31100082397461,61.0,0.0,0.0,3.4885528087615967,837.0,837.0,5.700877189636231,,,,,,,,,,,,,,
2026-08-10 14:00:00-05:00,2026-08-10,21735.0,1327.0,428.0,7578.0,12407.0,242.0,25.711000442504883,59.0,0.0,0.0,3.3734254837036133,790.0,790.0,4.661544799804688,,,,,,,,,,,,,,
2026-08-10 15:00:00-05:00,2026-08-10,22064.0,1352.0,437.0,7666.0,12605.0,179.3,26.461000442504883,55.0,0.0,0.0,3.5341196060180664,691.0,691.0,5.920303821563721,,,,,,,,,,,,,,
2026-08-10 16:00:00-05:00,2026-08-10,22390.0,1366.0,448.0,7853.0,12762.0,125.5,26.911001205444336,57.0,0.0,0.0,3.546829462051392,548.0,548.0,5.186521053314209,,,,,,,,,,,,,,
2026-08-10 17:00:00-05:00,2026-08-10,22308.0,1381.0,453.0,7816.0,12679.0,91.0,26.86100006103516,54.0,0.0,0.0,4.248528957366943,353.0,353.0,3.275667905807495,,,,,,,,,,,,,,
2026-08-10 18:00:00-05:00,2026-08-10,21987.0,1403.0,464.0,7697.0,12417.0,88.6,20.161001205444336,94.0,75.19999694824219,0.0,7.2801103591918945,25.0,25.0,2.630589008331299,,,,,,,,,,,,,,
2026-08-10 19:00:00-05:00,2026-08-10,21689.0,1414.0,467.0,7534.0,12295.0,174.1,19.26099967956543,96.0,0.4000000059604645,0.0,1.7088007926940918,1.0,1.0,1.931320786476136,,,,,,,,,,,,,,
2026-08-10 20:00:00-05:00,2026-08-10,21125.0,1409.0,456.0,7376.0,11947.0,221.3,19.661001205444336,93.0,0.0,0.0,1.720465064048767,0.0,0.0,1.1313709020614624,,,,,,,,,,,,,,
2026-08-10 21:00:00-05:00,2026-08-10,19910.0,1365.0,441.0,6979.0,11123.0,219.8,19.461000442504883,94.0,0.0,0.0,0.699999988079071,0.0,0.0,2.061552762985229,,,,,,,,,,,,,,
2026-08-10 22:00:00-05:00,2026-08-10,18655.0,1336.0,420.0,6613.0,10282.0,190.1,19.56100082397461,93.0,0.0,0.0,1.8439089059829712,0.0,0.0,2.4413111209869385,,,,,,,,,,,,,,
2026-08-10 23:00:00-05:00,2026-08-10,17484.0,1296.0,398.0,6242.0,9510.0,128.0,19.09462547302246,93.75,0.2249999940395355,0.0,2.7953968048095703,0.0,0.0,3.142951011657715,,,,,,,,,,,,,,
2026-08-11 00:00:00-05:00,2026-08-11,16613.0,1255.0,392.0,6054.0,8898.0,113.1,19.26099967956543,94.0,0.0,0.0,0.948683261871338,0.0,0.0,3.041381359100342,,,,,,,,,,,,,,
2026-08-11 01:00:00-05:00,2026-08-11,16067.0,1240.0,383.0,5963.0,8462.0,178.0,19.11100006103516,95.0,0.0,0.0,1.5,0.0,0.0,2.617250442504883,,,,,,,,,,,,,,
2026-08-11 02:00:00-05:00,2026-08-11,15749.0,1226.0,376.0,5930.0,8198.0,124.1,18.961000442504883,94.0,0.0,0.0,1.5652475357055664,0.0,0.0,2.404163122177124,,,,,,,,,,,,,,
2026-08-11 03:00:00-05:00,2026-08-11,15653.0,1212.0,374.0,5974.0,8068.0,123.2,18.661001205444336,93.0,0.0,0.0,2.0223748683929443,0.0,0.0,2.865309715270996,,,,,,,,,,,,,,
2026-08-11 04:00:00-05:00,2026-08-11,15881.0,1199.0,368.0,6016.0,8284.0,97.6,18.26099967956543,93.0,0.0,0.0,2.2360680103302,0.0,0.0,2.0999999046325684,,,,,,,,,,,,,,
2026-08-11 05:00:00-05:00,2026-08-11,16353.0,1202.0,368.0,6179.0,8605.0,52.1,17.76099967956543,93.0,0.0,0.0,1.9416487216949463,0.0,0.0,1.8027756214141848,,,,,,,,,,,,,,
2026-08-11 06:00:00-05:00,2026-08-11,17365.0,1211.0,380.0,6350.0,9092.0,47.1,18.11100006103516,95.0,0.0,0.0,1.6155494451522827,47.0,47.00000762939453,2.408318996429444,,,,,,,,,,,,,,
2026-08-11 07:00:00-05:00,2026-08-11,17785.0,1224.0,404.0,6517.0,9659.0,40.1,19.81100082397461,93.0,0.0,0.0,2.0099751949310303,203.0,203.0,1.7029385566711426,,,,,,,,,,,,,,
2026-08-11 08:00:00-05:00,2026-08-11,18371.0,1219.0,414.0,6637.0,10104.0,38.6,20.911001205444336,87.0,0.0,0.0,1.7117242813110352,322.0,322.0,2.483948469161988,,,,,,,,,,,,,,
2026-08-11 09:00:00-05:00,2026-08-11,18908.0,1231.0,418.0,6829.0,10424.0,29.8,22.01099967956543,85.0,0.0,0.0,1.8248286247253416,540.0,540.0,1.8027756214141848,,,,,,,,,,,,,,
2026-08-11 10:00:00-05:00,2026-08-11,19504.0,1240.0,420.0,7059.0,10782.0,23.0,22.961000442504883,81.0,0.0,0.0,2.1540658473968506,684.0,684.0,1.702938675880432,,,,,,,,,,,,,,
2026-08-11 11:00:00-05:00,2026-08-11,20452.0,1246.0,423.0,7255.0,11221.0,19.9,23.61100006103516,75.0,0.0,0.0,2.7202939987182617,801.0,801.0,1.5811388492584229,,,,,,,,,,,,,,
2026-08-11 12:00:00-05:00,2026-08-11,20801.0,1264.0,426.0,7424.0,11704.0,16.2,24.161001205444336,71.0,0.0,0.0,3.101612567901612,816.0,816.0,0.4472136199474334,,,,,,,,,,,,,,
2026-08-11 13:00:00-05:00,2026-08-11,21280.0,1280.0,434.0,7573.0,12000.0,35.8,24.161001205444336,70.0,0.0,0.0,3.400000095367432,775.0,775.0,3.00832200050354,,,,,,,,,,,,,,
2026-08-11 14:00:00-05:00,2026-08-11,21679.0,1294.0,434.0,7643.0,12307.0,64.2,23.56100082397461,68.0,0.0,0.0,2.6076810359954834,563.0,563.0,5.74282169342041,,,,,,,,,,,,,,
2026-08-11 15:00:00-05:00,2026-08-11,22081.0,1318.0,437.0,7813.0,12515.0,69.5,23.961000442504883,60.0,0.0,0.0,1.3601469993591309,714.0,714.0,5.481788158416748,,,,,,,,,,,,,,
2026-08-11 16:00:00-05:00,2026-08-11,22432.0,1335.0,438.0,7912.0,12772.0,38.3,23.61100006103516,62.0,0.0,0.0,2.778488874435425,566.0,566.0,4.294181823730469,,,,,,,,,,,,,,
2026-08-11 17:00:00-05:00,2026-08-11,22497.0,1348.0,441.0,7964.0,12777.0,38.6,22.461000442504883,73.0,0.0,0.0,2.280350923538208,182.0,182.0,1.8681540489196773,,,,,,,,,,,,,,
2026-08-11 18:00:00-05:00,2026-08-11,22210.0,1376.0,454.0,7854.0,12535.0,35.0,21.81100082397461,84.0,0.0,0.0,1.6124515533447266,176.0,176.0,1.5811388492584229,,,,,,,,,,,,,,
2026-08-11 19:00:00-05:00,2026-08-11,21773.0,1386.0,465.0,7626.0,12309.0,36.8,20.961000442504883,86.0,0.0,0.0,1.2806248664855957,77.0,77.0,4.36806583404541,,,,,,,,,,,,,,
2026-08-11 20:00:00-05:00,2026-08-11,21136.0,1375.0,460.0,7445.0,11920.0,72.6,18.26099967956543,87.0,0.0,0.0,3.710794925689697,0.0,0.0,4.332435607910156,,,,,,,,,,,,,,
2026-08-11 21:00:00-05:00,2026-08-11,19840.0,1341.0,449.0,6976.0,11091.0,56.9,17.861000061035156,89.0,0.0,0.0,0.9055384993553162,0.0,0.0,2.408318996429444,,,,,,,,,,,,,,
2026-08-11 22:00:00-05:00,2026-08-11,18343.0,1310.0,427.0,6537.0,10041.0,51.5,17.461000442504883,89.0,0.0,0.0,0.7810249924659729,0.0,0.0,2.1400933265686035,,,,,,,,,,,,,,
2026-08-11 23:00:00-05:00,2026-08-11,17158.0,1281.0,404.0,6159.0,9273.0,49.1,17.59462547302246,82.75,0.0,0.0,1.4408050775527954,0.0,0.0,2.171114206314087,,,,,,,,,,,,,,
2026-08-12 00:00:00-05:00,2026-08-12,16385.0,1247.0,399.0,5986.0,8736.0,348.4,16.461000442504883,85.0,0.0,0.0,1.923538327217102,0.0,0.0,1.5264337062835691,,,,,,,,,,,,,,
2026-08-12 01:00:00-05:00,2026-08-12,15839.0,1239.0,390.0,5842.0,8349.0,286.4,16.01099967956543,85.0,0.0,0.0,1.6124515533447266,0.0,0.0,2.024845600128174,,,,,,,,,,,,,,
2026-08-12 02:00:00-05:00,2026-08-12,15525.0,1232.0,383.0,5811.0,8071.0,254.1,15.81100082397461,80.0,0.0,0.0,0.9848857522010804,0.0,0.0,1.780449390411377,,,,,,,,,,,,,,
2026-08-12 03:00:00-05:00,2026-08-12,15515.0,1218.0,379.0,5927.0,7963.0,234.7,15.511000633239746,80.0,0.0,0.0,2.220360517501831,0.0,0.0,1.8601075410842896,,,,,,,,,,,,,,
2026-08-12 04:00:00-05:00,2026-08-12,15795.0,1209.0,371.0,6011.0,8180.0,214.3,14.91100025177002,89.0,0.0,0.0,1.923538446426392,0.0,0.0,1.2041594982147217,,,,,,,,,,,,,,
2026-08-12 05:00:00-05:00,2026-08-12,16300.0,1213.0,372.0,6188.0,8510.0,180.1,15.211000442504885,92.0,0.0,0.0,2.184032917022705,0.0,0.0,1.140175461769104,,,,,,,,,,,,,,
2026-08-12 06:00:00-05:00,2026-08-12,17265.0,1218.0,382.0,6236.0,9067.0,158.2,15.81100082397461,91.0,1.7999999523162842,0.0,1.0295629501342771,11.0,11.0,1.334166407585144,,,,,,,,,,,,,,
2026-08-12 07:00:00-05:00,2026-08-12,17700.0,1236.0,405.0,6439.0,9638.0,132.6,16.56100082397461,91.0,0.0,0.0,0.6403124332427979,136.0,136.0,0.948683261871338,,,,,,,,,,,,,,
2026-08-12 08:00:00-05:00,2026-08-12,18305.0,1241.0,416.0,6583.0,10058.0,116.1,17.861000061035156,90.0,0.0,0.0,1.2000000476837158,351.0,351.0,1.403566837310791,,,,,,,,,,,,,,
2026-08-12 09:00:00-05:00,2026-08-12,18948.0,1254.0,419.0,6893.0,10389.0,97.3,18.81100082397461,86.0,0.0,0.0,1.6278821229934692,416.0,416.0,1.7117242813110352,,,,,,,,,,,,,,
2026-08-12 10:00:00-05:00,2026-08-12,19514.0,1263.0,421.0,7044.0,10786.0,101.5,19.661001205444336,86.0,0.0,0.0,0.5099019408226013,661.0,661.0,2.051828384399414,,,,,,,,,,,,,,
2026-08-12 11:00:00-05:00,2026-08-12,20076.0,1270.0,425.0,7216.0,11160.0,108.0,19.911001205444336,80.0,0.0,0.0,0.7211102843284607,281.0,281.0,3.7121422290802,,,,,,,,,,,,,,
2026-08-12 12:00:00-05:00,2026-08-12,20661.0,1292.0,428.0,7392.0,11568.0,122.1,21.31100082397461,77.0,0.0,0.0,0.7071067690849304,789.0,789.0,4.081666469573975,,,,,,,,,,,,,,
2026-08-12 13:00:00-05:00,2026-08-12,21039.0,1298.0,433.0,7546.0,11768.0,129.1,21.06100082397461,73.0,0.0,0.0,1.0630146265029907,175.0,175.0,3.3015148639678955,,,,,,,,,,,,,,
2026-08-12 14:00:00-05:00,2026-08-12,21315.0,1312.0,433.0,7612.0,11963.0,149.9,22.461000442504883,69.0,0.0,0.0,2.280350923538208,776.0,776.0,6.161168575286865,,,,,,,,,,,,,,
2026-08-12 15:00:00-05:00,2026-08-12,21521.0,1338.0,437.0,7670.0,12067.0,142.8,22.81100082397461,70.0,0.0,0.0,2.860069990158081,706.0,706.0,5.147814750671387,,,,,,,,,,,,,,
2026-08-12 16:00:00-05:00,2026-08-12,21761.0,1355.0,441.0,7787.0,12212.0,110.5,22.86100006103516,67.0,0.0,0.0,2.9681644439697266,511.0,511.0,5.646237373352051,,,,,,,,,,,,,,
2026-08-12 17:00:00-05:00,2026-08-12,21652.0,1365.0,444.0,7723.0,12125.0,71.7,22.461000442504883,71.0,0.0,0.0,2.3259406089782715,324.0,324.0,3.5846896171569824,,,,,,,,,,,,,,
2026-08-12 18:00:00-05:00,2026-08-12,21447.0,1393.0,460.0,7648.0,11951.0,63.5,21.76099967956543,80.0,0.0,0.0,1.5297058820724487,209.0,209.0,3.90512490272522,,,,,,,,,,,,,,
2026-08-12 19:00:00-05:00,2026-08-12,21158.0,1404.0,471.0,7488.0,11812.0,39.6,20.81100082397461,78.0,0.0,0.0,1.3038405179977417,34.0,34.0,2.41867733001709,,,,,,,,,,,,,,
2026-08-12 20:00:00-05:00,2026-08-12,20607.0,1392.0,465.0,7321.0,11491.0,37.2,19.411001205444336,80.0,0.0,0.0,1.5652475357055664,0.0,0.0,2.668332815170288,,,,,,,,,,,,,,
2026-08-12 21:00:00-05:00,2026-08-12,19385.0,1356.0,454.0,6864.0,10726.0,32.5,18.51099967956543,86.0,0.0,0.0,1.403566837310791,0.0,0.0,1.552417516708374,,,,,,,,,,,,,,
2026-08-12 22:00:00-05:00,2026-08-12,17959.0,1325.0,436.0,6442.0,9726.0,19.4,17.76099967956543,90.0,0.0,0.0,1.8027756214141848,0.0,0.0,1.0295629501342771,,,,,,,,,,,,,,
2026-08-12 23:00:00-05:00,2026-08-12,16842.0,1294.0,415.0,6088.0,9006.0,22.0,17.232126235961914,87.5,0.050000000745058,0.0,2.2929725646972656,0.0,0.0,1.1641273498535156,,,,,,,,,,,,,,
2026-08-13 00:00:00-05:00,2026-08-13,16380.0,1307.0,406.0,5946.0,8709.0,127.4,16.211000442504883,92.0,0.0,0.0,1.1180340051651,0.0,0.0,3.298484563827514,,,,,,,,,,,,,,
2026-08-13 01:00:00-05:00,2026-08-13,15994.0,1297.0,400.0,5960.0,8337.0,120.0,15.761000633239746,92.0,0.0,0.0,0.4123105704784393,0.0,0.0,3.794733047485352,,,,,,,,,,,,,,
2026-08-13 02:00:00-05:00,2026-08-13,15684.0,1287.0,395.0,5945.0,8041.0,119.0,15.361000061035156,93.0,0.0,0.0,0.5385164618492126,0.0,0.0,3.337663650512696,,,,,,,,,,,,,,
2026-08-13 03:00:00-05:00,2026-08-13,15618.0,1270.0,392.0,5968.0,7959.0,145.6,15.111000061035156,93.0,0.0,0.0,0.8062257766723633,0.0,0.0,3.90512490272522,,,,,,,,,,,,,,
2026-08-13 04:00:00-05:00,2026-08-13,15924.0,1260.0,386.0,6076.0,8184.0,168.6,14.961000442504885,92.0,0.0,0.0,0.6324555277824402,0.0,0.0,3.5999999046325684,,,,,,,,,,,,,,
2026-08-13 05:00:00-05:00,2026-08-13,16802.0,1265.0,387.0,6221.0,8611.0,145.8,14.56100082397461,95.0,0.0,0.0,0.4472136199474334,0.0,0.0,2.420743703842163,,,,,,,,,,,,,,
2026-08-13 06:00:00-05:00,2026-08-13,17521.0,1275.0,394.0,6398.0,9139.0,131.2,14.961000442504885,100.0,0.0,0.0,0.5,28.0,28.0,2.061552762985229,,,,,,,,,,,,,,
2026-08-13 07:00:00-05:00,2026-08-13,17884.0,1292.0,415.0,6544.0,9644.0,86.7,16.361000061035156,100.0,0.0,0.0,0.761577308177948,146.0,146.0,1.9849432706832888,,,,,,,,,,,,,,
2026-08-13 08:00:00-05:00,2026-08-13,18488.0,1293.0,422.0,6676.0,10105.0,67.9,18.76099967956543,93.0,0.0,0.0,0.7280109524726868,360.0,360.0,2.594224452972412,,,,,,,,,,,,,,
2026-08-13 09:00:00-05:00,2026-08-13,19028.0,1300.0,425.0,6917.0,10388.0,59.8,20.06100082397461,89.0,0.0,0.0,0.3605551421642303,451.0,451.0,2.3259406089782715,,,,,,,,,,,,,,
2026-08-13 10:00:00-05:00,2026-08-13,19577.0,1300.0,427.0,7111.0,10748.0,39.0,21.01099967956543,82.0,0.4000000059604645,0.0,3.1384711265563965,320.0,320.0,2.778488874435425,,,,,,,,,,,,,,
2026-08-13 11:00:00-05:00,2026-08-13,20080.0,1311.0,430.0,7237.0,11093.0,24.8,21.31100082397461,74.0,0.4000000059604645,0.0,3.289376735687256,712.0,712.0,3.612478494644165,,,,,,,,,,,,,,
2026-08-13 12:00:00-05:00,2026-08-13,20678.0,1328.0,435.0,7469.0,11465.0,19.0,20.161001205444336,77.0,0.0,0.0,1.6155494451522827,211.0,211.0,3.8275318145751953,,,,,,,,,,,,,,
2026-08-13 13:00:00-05:00,2026-08-13,21118.0,1339.0,440.0,7669.0,11685.0,19.3,21.961000442504883,71.0,0.0,0.0,2.915475845336914,857.0,857.0,3.4655447006225586,,,,,,,,,,,,,,
2026-08-13 14:00:00-05:00,2026-08-13,21413.0,1341.0,444.0,7728.0,11906.0,21.4,22.26099967956543,68.0,0.0,0.0,2.8284270763397217,579.0,579.0,2.920616388320923,,,,,,,,,,,,,,
2026-08-13 15:00:00-05:00,2026-08-13,21672.0,1364.0,449.0,7848.0,12003.0,20.9,22.711000442504883,65.0,0.0,0.0,3.440930128097534,621.0,621.0,1.8384774923324585,,,,,,,,,,,,,,
2026-08-13 16:00:00-05:00,2026-08-13,21995.0,1383.0,452.0,7973.0,12228.0,22.1,22.81100082397461,64.0,0.0,0.0,3.3941125869750977,563.0,563.0,3.1144821643829346,,,,,,,,,,,,,,
2026-08-13 17:00:00-05:00,2026-08-13,21948.0,1398.0,457.0,7945.0,12165.0,24.5,22.26099967956543,67.0,0.0,0.0,2.831960439682007,337.0,337.0,3.1953091621398926,,,,,,,,,,,,,,
2026-08-13 18:00:00-05:00,2026-08-13,21716.0,1433.0,477.0,7788.0,12026.0,38.5,21.661001205444336,71.0,0.0,0.0,1.6155494451522827,204.0,203.9999847412109,1.421267032623291,,,,,,,,,,,,,,
2026-08-13 19:00:00-05:00,2026-08-13,21414.0,1444.0,492.0,7621.0,11876.0,43.8,20.411001205444336,67.0,0.0,0.0,1.8601075410842896,28.0,28.0,2.9732136726379395,,,,,,,,,,,,,,
2026-08-13 20:00:00-05:00,2026-08-13,20869.0,1432.0,489.0,7446.0,11574.0,40.9,18.76099967956543,74.0,0.0,0.0,2.220360279083252,0.0,0.0,3.47131085395813,,,,,,,,,,,,,,
2026-08-13 21:00:00-05:00,2026-08-13,19601.0,1397.0,478.0,6949.0,10794.0,47.2,17.861000061035156,77.0,0.0,0.0,1.649242281913757,0.0,0.0,2.1400933265686035,,,,,,,,,,,,,,
2026-08-13 22:00:00-05:00,2026-08-13,18154.0,1361.0,459.0,6479.0,9830.0,46.2,17.361000061035156,81.0,0.0,0.0,1.897366523742676,0.0,0.0,2.1954498291015625,,,,,,,,,,,,,,
2026-08-13 23:00:00-05:00,2026-08-13,16988.0,1320.0,441.0,6119.0,9083.0,43.2,16.48212432861328,81.5,0.3000000119209289,0.0,1.7600561380386353,0.0,0.0,1.85727334022522,,,,,,,,,,,,,,
2026-08-14 00:00:00-05:00,2026-08-14,16444.0,1338.0,433.0,6060.0,8598.0,34.5,15.56100082397461,83.0,0.0,0.0,0.8246211409568787,0.0,0.0,3.047950029373169,,,,,,,,,,,,,,
2026-08-14 01:00:00-05:00,2026-08-14,15979.0,1325.0,424.0,6046.0,8201.0,34.4,15.111000061035156,85.0,0.0,0.0,1.0,0.0,0.0,3.546829462051392,,,,,,,,,,,,,,
2026-08-14 02:00:00-05:00,2026-08-14,15575.0,1309.0,422.0,5918.0,7920.0,40.8,15.511000633239746,87.0,0.0,0.0,0.5099019408226013,0.0,0.0,3.3241539001464844,,,,,,,,,,,,,,
2026-08-14 03:00:00-05:00,2026-08-14,15489.0,1286.0,418.0,5939.0,7840.0,67.4,15.111000061035156,90.0,0.0,0.0,1.6401219367980957,0.0,0.0,3.228002548217773,,,,,,,,,,,,,,
2026-08-14 04:00:00-05:00,2026-08-14,15714.0,1275.0,410.0,6016.0,8011.0,81.9,14.461000442504885,88.0,0.0,0.0,0.3162277638912201,0.0,0.0,4.130375385284424,,,,,,,,,,,,,,
2026-08-14 05:00:00-05:00,2026-08-14,16190.0,1292.0,411.0,6175.0,8318.0,91.4,14.16100025177002,87.0,0.0,0.0,1.140175461769104,0.0,0.0,3.1144821643829346,,,,,,,,,,,,,,
2026-08-14 06:00:00-05:00,2026-08-14,16791.0,1301.0,409.0,6305.0,8790.0,176.9,14.511000633239746,91.0,0.0,0.0,0.5656854510307312,41.0,41.00000762939453,3.471311092376709,,,,,,,,,,,,,,
2026-08-14 07:00:00-05:00,2026-08-14,17362.0,1315.0,431.0,6438.0,9192.0,91.0,16.211000442504883,90.0,0.0,0.0,1.2041594982147217,192.0,191.99996948242188,4.477722644805908,,,,,,,,,,,,,,
2026-08-14 08:00:00-05:00,2026-08-14,17909.0,1311.0,443.0,6628.0,9541.0,58.8,18.01099967956543,84.0,0.0,0.0,1.4866068363189695,359.0,359.0,5.103919982910156,,,,,,,,,,,,,,
2026-08-14 09:00:00-05:00,2026-08-14,18408.0,1312.0,450.0,6775.0,9894.0,63.3,19.161001205444336,75.0,0.0,0.0,1.6124515533447266,462.0,462.0,4.36806583404541,,,,,,,,,,,,,,
2026-08-14 10:00:00-05:00,2026-08-14,18774.0,1318.0,451.0,6858.0,10153.0,56.4,19.76099967956543,73.0,0.0,0.0,2.0,578.0,578.0,4.036087512969971,,,,,,,,,,,,,,
2026-08-14 11:00:00-05:00,2026-08-14,19186.0,1327.0,453.0,6982.0,10427.0,50.8,19.911001205444336,73.0,0.0,0.0,1.5811388492584229,418.0,418.0,5.456189155578613,,,,,,,,,,,,,,
2026-08-14 12:00:00-05:00,2026-08-14,19656.0,1353.0,460.0,7158.0,10706.0,49.3,20.86100006103516,72.0,0.0,0.0,1.3601469993591309,680.0,680.0,6.276942253112793,,,,,,,,,,,,,,
2026-08-14 13:00:00-05:00,2026-08-14,19998.0,1361.0,470.0,7344.0,10848.0,52.0,20.911001205444336,71.0,0.0,0.0,1.0049875974655151,518.0,518.0,6.053924083709717,,,,,,,,,,,,,,
2026-08-14 14:00:00-05:00,2026-08-14,20197.0,1372.0,476.0,7415.0,10918.0,66.9,20.911001205444336,69.0,0.0,0.0,1.899999976158142,258.0,258.0,5.345090866088867,,,,,,,,,,,,,,
2026-08-14 15:00:00-05:00,2026-08-14,20594.0,1389.0,479.0,7631.0,11082.0,82.8,22.01099967956543,66.0,0.0,0.0,1.923538327217102,710.0,710.0,5.629387378692627,,,,,,,,,,,,,,
2026-08-14 16:00:00-05:00,2026-08-14,21098.0,1409.0,477.0,7820.0,11431.0,114.5,21.06100082397461,64.0,0.0,0.0,2.901723861694336,296.0,296.0,5.852349758148193,,,,,,,,,,,,,,
2026-08-14 17:00:00-05:00,2026-08-14,21146.0,1433.0,479.0,7809.0,11451.0,215.4,20.86100006103516,60.0,0.0,0.0,2.807133674621582,393.0,392.9999694824219,3.992492914199829,,,,,,,,,,,,,,
2026-08-14 18:00:00-05:00,2026-08-14,20816.0,1458.0,495.0,7600.0,11277.0,235.1,19.76099967956543,68.0,0.0,0.0,2.0223748683929443,206.0,205.9999847412109,2.0223748683929443,,,,,,,,,,,,,,
2026-08-14 19:00:00-05:00,2026-08-14,20247.0,1451.0,502.0,7306.0,10980.0,189.7,18.36100006103516,71.0,0.0,0.0,1.8248286247253416,24.0,24.0,1.5811388492584229,,,,,,,,,,,,,,
2026-08-14 20:00:00-05:00,2026-08-14,19608.0,1428.0,496.0,7050.0,10675.0,198.4,17.411001205444336,68.0,0.0,0.0,1.8110769987106323,0.0,0.0,3.920459270477295,,,,,,,,,,,,,,
2026-08-14 21:00:00-05:00,2026-08-14,18464.0,1388.0,479.0,6603.0,9986.0,208.5,16.161001205444336,79.0,0.0,0.0,2.0999999046325684,0.0,0.0,3.612478256225586,,,,,,,,,,,,,,
2026-08-14 22:00:00-05:00,2026-08-14,17258.0,1368.0,458.0,6136.0,9278.0,208.8,15.361000061035156,81.0,0.0,0.0,1.3152945041656494,0.0,0.0,3.1575305461883545,,,,,,,,,,,,,,
2026-08-14 23:00:00-05:00,2026-08-14,16200.0,1343.0,440.0,5797.0,8583.0,207.9,14.507125854492188,79.0,0.0,0.0,1.5329704284667969,0.0,0.0,3.350663185119629,,,,,,,,,,,,,,
2026-08-15 00:00:00-05:00,2026-08-15,15818.0,1286.0,404.0,5810.0,8318.0,113.3,14.861000061035156,80.0,0.0,0.0,0.9219544529914856,0.0,0.0,2.901723861694336,,,,,,,,,,,,,,
2026-08-15 01:00:00-05:00,2026-08-15,15386.0,1270.0,396.0,5804.0,7916.0,91.8,14.461000442504885,80.0,0.0,0.0,0.8062257766723633,0.0,0.0,3.200000047683716,,,,,,,,,,,,,,
2026-08-15 02:00:00-05:00,2026-08-15,15001.0,1258.0,389.0,5748.0,7606.0,80.9,13.961000442504885,81.0,0.0,0.0,1.1661903858184814,0.0,0.0,2.4020824432373047,,,,,,,,,,,,,,
2026-08-15 03:00:00-05:00,2026-08-15,14761.0,1238.0,385.0,5687.0,7451.0,64.2,13.461000442504885,83.0,0.0,0.0,1.0440306663513184,0.0,0.0,2.5179357528686523,,,,,,,,,,,,,,
2026-08-15 04:00:00-05:00,2026-08-15,14627.0,1223.0,379.0,5577.0,7448.0,59.6,13.111000061035156,87.0,0.0,0.0,1.8110769987106323,0.0,0.0,2.061552762985229,,,,,,,,,,,,,,
2026-08-15 05:00:00-05:00,2026-08-15,14569.0,1217.0,377.0,5561.0,7414.0,65.4,12.611000061035156,86.0,0.0,0.0,1.6278821229934692,0.0,0.0,1.8601075410842896,,,,,,,,,,,,,,
2026-08-15 06:00:00-05:00,2026-08-15,15185.0,1236.0,400.0,5572.0,7619.0,70.7,13.06100082397461,88.0,0.0,0.0,1.2000000476837158,40.0,40.00001525878906,2.1213202476501465,,,,,,,,,,,,,,
2026-08-15 07:00:00-05:00,2026-08-15,15976.0,1266.0,418.0,5760.0,8098.0,64.7,14.91100025177002,84.0,0.0,0.0,0.9055384993553162,200.0,199.9999847412109,1.4560219049453735,,,,,,,,,,,,,,
2026-08-15 08:00:00-05:00,2026-08-15,16795.0,1272.0,433.0,6046.0,8657.0,57.0,16.861000061035156,78.0,0.0,0.0,1.0816653966903689,378.0,378.0,1.8788294792175293,,,,,,,,,,,,,,
2026-08-15 09:00:00-05:00,2026-08-15,17483.0,1278.0,448.0,6309.0,9145.0,57.2,18.31100082397461,75.0,0.0,0.0,1.0770329236984253,550.0,550.0,2.5,,,,,,,,,,,,,,
2026-08-15 10:00:00-05:00,2026-08-15,17785.0,1286.0,454.0,6543.0,9502.0,69.7,19.411001205444336,72.0,0.0,0.0,0.4000000059604645,674.0,674.0,2.0,,,,,,,,,,,,,,
2026-08-15 11:00:00-05:00,2026-08-15,18360.0,1292.0,454.0,6747.0,9867.0,74.6,20.56100082397461,65.0,0.0,0.0,0.5,791.0,791.0,2.920616388320923,,,,,,,,,,,,,,
2026-08-15 12:00:00-05:00,2026-08-15,18828.0,1313.0,455.0,6898.0,10162.0,97.7,21.411001205444336,63.0,0.0,0.0,0.2828427255153656,747.0,747.0,4.5188493728637695,,,,,,,,,,,,,,
2026-08-15 13:00:00-05:00,2026-08-15,19200.0,1316.0,453.0,7058.0,10373.0,123.0,22.661001205444336,52.0,0.0,0.0,2.860069990158081,784.0,784.0,3.517101287841797,,,,,,,,,,,,,,
2026-08-15 14:00:00-05:00,2026-08-15,19482.0,1333.0,456.0,7189.0,10504.0,146.0,23.01099967956543,50.0,0.0,0.0,3.101612567901612,773.0,773.0,2.9832868576049805,,,,,,,,,,,,,,
2026-08-15 15:00:00-05:00,2026-08-15,19924.0,1358.0,461.0,7339.0,10766.0,200.8,23.26099967956543,50.0,0.0,0.0,2.247220516204834,720.0,720.0,5.235455989837647,,,,,,,,,,,,,,
2026-08-15 16:00:00-05:00,2026-08-15,20313.0,1377.0,462.0,7421.0,11053.0,230.7,23.161001205444336,50.0,0.0,0.0,1.897366523742676,532.0,532.0,5.185556888580322,,,,,,,,,,,,,,
2026-08-15 17:00:00-05:00,2026-08-15,20253.0,1397.0,463.0,7314.0,11079.0,265.4,22.76099967956543,51.0,0.0,0.0,1.603121995925903,370.0,370.0,4.664761543273926,,,,,,,,,,,,,,
2026-08-15 18:00:00-05:00,2026-08-15,19689.0,1397.0,455.0,7046.0,10791.0,315.8,21.26099967956543,64.0,0.0,0.0,1.6278821229934692,155.0,155.0,3.8052594661712646,,,,,,,,,,,,,,
2026-08-15 19:00:00-05:00,2026-08-15,19177.0,1380.0,450.0,6793.0,10554.0,409.1,19.11100006103516,80.0,0.0,0.0,2.102379560470581,16.0,15.999999046325684,2.8017852306365967,,,,,,,,,,,,,,
2026-08-15 20:00:00-05:00,2026-08-15,18669.0,1363.0,441.0,6589.0,10276.0,513.8,17.861000061035156,84.0,0.0,0.0,1.9026297330856323,0.0,0.0,4.031128883361816,,,,,,,,,,,,,,
2026-08-15 21:00:00-05:00,2026-08-15,17690.0,1331.0,427.0,6204.0,9728.0,605.9,17.111000061035156,85.0,0.0,0.0,2.0099751949310303,0.0,0.0,2.844292640686035,,,,,,,,,,,,,,
2026-08-15 22:00:00-05:00,2026-08-15,16664.0,1305.0,409.0,5875.0,9075.0,522.8,16.56100082397461,86.0,0.0,0.0,2.0099751949310303,0.0,0.0,4.512205600738525,,,,,,,,,,,,,,
2026-08-15 23:00:00-05:00,2026-08-15,15812.0,1286.0,393.0,5657.0,8476.0,458.8,15.761000633239746,87.0,0.0,0.0,1.2649110555648804,0.0,0.0,4.438467979431152,,,,,,,,,,,,,,
2026-08-16 00:00:00-05:00,2026-08-16,15144.0,1220.0,388.0,5531.0,8005.0,317.8,15.16100025177002,89.0,0.0,0.0,0.8246211409568787,0.0,0.0,3.440930128097534,,,,,,,,,,,,,,
2026-08-16 01:00:00-05:00,2026-08-16,14767.0,1227.0,382.0,5509.0,7649.0,258.0,14.761000633239746,89.0,0.0,0.0,1.3000000715255735,0.0,0.0,3.6400551795959473,,,,,,,,,,,,,,
2026-08-16 02:00:00-05:00,2026-08-16,14500.0,1224.0,375.0,5521.0,7380.0,215.0,14.16100025177002,89.0,0.0,0.0,1.5264337062835691,0.0,0.0,4.215447902679443,,,,,,,,,,,,,,
2026-08-16 03:00:00-05:00,2026-08-16,14378.0,1210.0,370.0,5582.0,7216.0,182.9,13.761000633239746,90.0,0.0,0.0,1.726267695426941,0.0,0.0,4.143670082092285,,,,,,,,,,,,,,
2026-08-16 04:00:00-05:00,2026-08-16,14300.0,1186.0,364.0,5534.0,7216.0,159.7,13.81100082397461,89.0,0.0,0.0,1.3000000715255735,0.0,0.0,4.51774263381958,,,,,,,,,,,,,,
2026-08-16 05:00:00-05:00,2026-08-16,14393.0,1184.0,371.0,5600.0,7238.0,158.1,13.56100082397461,92.0,0.0,0.0,1.4560219049453735,0.0,0.0,3.649657249450684,,,,,,,,,,,,,,
2026-08-16 06:00:00-05:00,2026-08-16,14798.0,1183.0,389.0,5527.0,7386.0,163.9,13.961000442504885,92.0,0.0,0.0,1.1704699993133545,16.0,16.0,3.6138620376586914,,,,,,,,,,,,,,
2026-08-16 07:00:00-05:00,2026-08-16,15549.0,1219.0,404.0,5701.0,7785.0,154.8,14.961000442504885,86.0,0.0,0.0,1.3601469993591309,70.0,70.0,4.123105525970459,,,,,,,,,,,,,,
2026-08-16 08:00:00-05:00,2026-08-16,16458.0,1240.0,412.0,5972.0,8362.0,162.7,16.01099967956543,84.0,0.0,0.0,1.5033296346664429,140.0,140.0,4.522167682647705,,,,,,,,,,,,,,
2026-08-16 09:00:00-05:00,2026-08-16,17317.0,1255.0,420.0,6301.0,8952.0,195.5,16.26099967956543,84.0,0.0,0.0,2.0124611854553223,117.0,117.0,3.891015291213989,,,,,,,,,,,,,,
2026-08-16 10:00:00-05:00,2026-08-16,18032.0,1269.0,425.0,6610.0,9399.0,220.9,16.81100082397461,81.0,0.0,0.0,2.280350923538208,114.0,114.0,6.262587547302246,,,,,,,,,,,,,,
2026-08-16 11:00:00-05:00,2026-08-16,18360.0,1283.0,430.0,6818.0,9829.0,282.2,18.36100006103516,76.0,0.0,0.0,2.716615676879883,388.0,388.0,6.021627902984619,,,,,,,,,,,,,,
2026-08-16 12:00:00-05:00,2026-08-16,18866.0,1288.0,435.0,7072.0,10071.0,338.9,19.711000442504883,72.0,0.0,0.0,3.101612567901612,523.0,523.0,6.046486854553223,,,,,,,,,,,,,,
2026-08-16 13:00:00-05:00,2026-08-16,19214.0,1292.0,439.0,7215.0,10268.0,363.5,20.06100082397461,69.0,0.0,0.0,3.605551242828369,434.0,434.0,5.1623640060424805,,,,,,,,,,,,,,
2026-08-16 14:00:00-05:00,2026-08-16,19558.0,1309.0,448.0,7351.0,10450.0,385.6,20.81100082397461,69.0,0.0,0.0,4.00124979019165,531.0,531.0,5.315073013305664,,,,,,,,,,,,,,
2026-08-16 15:00:00-05:00,2026-08-16,20020.0,1335.0,456.0,7472.0,10757.0,424.0,21.61100006103516,68.0,0.0,0.0,3.9012820720672607,537.0,537.0,5.557877063751221,,,,,,,,,,,,,,
2026-08-16 16:00:00-05:00,2026-08-16,20487.0,1356.0,463.0,7641.0,11027.0,366.0,20.31100082397461,72.0,0.0,0.0,2.906888484954834,32.0,32.0,5.807753562927246,,,,,,,,,,,,,,
2026-08-16 17:00:00-05:00,2026-08-16,20303.0,1360.0,470.0,7548.0,10925.0,332.2,20.26099967956543,77.0,0.0,0.0,2.961418628692627,208.0,208.0,4.972926616668701,,,,,,,,,,,,,,
2026-08-16 18:00:00-05:00,2026-08-16,19793.0,1362.0,472.0,7341.0,10618.0,310.1,19.01099967956543,78.0,0.0,0.0,3.140063524246216,42.0,42.0,5.186521053314209,,,,,,,,,,,,,,
2026-08-16 19:00:00-05:00,2026-08-16,19568.0,1359.0,475.0,7208.0,10526.0,281.2,18.51099967956543,80.0,0.0,0.0,2.433104991912842,0.0,0.0,4.940647602081299,,,,,,,,,,,,,,
2026-08-16 20:00:00-05:00,2026-08-16,19242.0,1346.0,472.0,7110.0,10314.0,283.9,17.961000442504883,83.0,0.699999988079071,0.0,2.353720426559448,0.0,0.0,3.560898780822754,,,,,,,,,,,,,,
2026-08-16 21:00:00-05:00,2026-08-16,18221.0,1308.0,457.0,6706.0,9750.0,332.3,17.211000442504883,92.0,2.900000095367432,0.0,2.844292640686035,0.0,0.0,6.000833511352539,,,,,,,,,,,,,,
2026-08-16 22:00:00-05:00,2026-08-16,17366.0,1280.0,435.0,6402.0,9249.0,359.8,16.661001205444336,97.0,10.399999618530272,0.0,3.5846896171569824,0.0,0.0,2.340939998626709,,,,,,,,,,,,,,
2026-08-16 23:00:00-05:00,2026-08-16,16466.0,1257.0,412.0,6112.0,8685.0,378.6,17.182125091552734,92.0,0.050000000745058,0.0,2.566350221633911,0.0,0.0,3.297088623046875,,,,,,,,,,,,,,
2026-08-17 00:00:00-05:00,2026-08-17,15786.0,1242.0,392.0,5892.0,8233.0,388.2,17.06100082397461,82.0,0.0,0.0,1.5033296346664429,0.0,0.0,5.232590198516846,,,,,,,,,,,,,,
2026-08-17 01:00:00-05:00,2026-08-17,15416.0,1230.0,379.0,5862.0,7935.0,369.8,16.861000061035156,85.0,0.0,0.0,1.4422205686569214,0.0,0.0,5.772347927093506,,,,,,,,,,,,,,
2026-08-17 02:00:00-05:00,2026-08-17,15219.0,1218.0,369.0,5870.0,7750.0,321.8,16.81100082397461,86.0,0.0,0.0,1.0295629501342771,0.0,0.0,4.99799919128418,,,,,,,,,,,,,,
2026-08-17 03:00:00-05:00,2026-08-17,15221.0,1204.0,366.0,5927.0,7692.0,289.3,16.76099967956543,87.0,0.0,0.0,1.649242281913757,0.0,0.0,3.860051870346069,,,,,,,,,,,,,,
2026-08-17 04:00:00-05:00,2026-08-17,15977.0,1197.0,364.0,6065.0,7969.0,267.2,16.211000442504883,87.0,0.0,0.0,0.8246211409568787,0.0,0.0,3.2449963092803955,,,,,,,,,,,,,,
2026-08-17 05:00:00-05:00,2026-08-17,16819.0,1198.0,370.0,6377.0,8551.0,262.2,16.211000442504883,88.0,0.0,0.0,0.5099019408226013,0.0,0.0,3.041381359100342,,,,,,,,,,,,,,
2026-08-17 06:00:00-05:00,2026-08-17,17167.0,1210.0,377.0,6566.0,9026.0,249.9,16.361000061035156,90.0,0.0,0.0,0.5385164618492126,30.0,29.999998092651367,3.264965772628784,,,,,,,,,,,,,,
2026-08-17 07:00:00-05:00,2026-08-17,18069.0,1229.0,398.0,6655.0,9505.0,252.5,17.26099967956543,90.0,0.0,0.0,0.8944272398948669,65.0,65.0,3.361547470092773,,,,,,,,,,,,,,
2026-08-17 08:00:00-05:00,2026-08-17,18446.0,1234.0,407.0,6817.0,10009.0,232.7,17.911001205444336,86.0,0.0,0.0,1.4317821264266968,70.0,70.0,4.623851299285889,,,,,,,,,,,,,,
2026-08-17 09:00:00-05:00,2026-08-17,19005.0,1240.0,411.0,6911.0,10454.0,198.8,18.81100082397461,85.0,0.0,0.0,1.835756063461304,179.0,179.0,4.031128883361816,,,,,,,,,,,,,,
2026-08-17 10:00:00-05:00,2026-08-17,19508.0,1239.0,414.0,7047.0,10798.0,186.2,20.56100082397461,81.0,0.0,0.0,2.408318996429444,473.0,473.0,4.118251800537109,,,,,,,,,,,,,,
2026-08-17 11:00:00-05:00,2026-08-17,20151.0,1254.0,419.0,7295.0,11201.0,166.1,21.76099967956543,78.0,0.0,0.0,2.280350923538208,538.0,538.0,3.96232271194458,,,,,,,,,,,,,,
2026-08-17 12:00:00-05:00,2026-08-17,20678.0,1275.0,426.0,7526.0,11473.0,146.5,22.211000442504883,75.0,0.0,0.0,3.124099969863892,357.0,357.0,4.263801097869873,,,,,,,,,,,,,,
2026-08-17 13:00:00-05:00,2026-08-17,21025.0,1277.0,437.0,7675.0,11644.0,131.8,23.26099967956543,68.0,0.0,0.0,3.920459032058716,706.0,706.0,4.957822322845459,,,,,,,,,,,,,,
2026-08-17 14:00:00-05:00,2026-08-17,21339.0,1283.0,448.0,7792.0,11809.0,120.3,22.86100006103516,65.0,0.0,0.0,3.801315546035767,430.0,430.0,5.032891750335693,,,,,,,,,,,,,,
2026-08-17 15:00:00-05:00,2026-08-17,21780.0,1307.0,462.0,7894.0,12108.0,109.9,23.26099967956543,63.0,0.0,0.0,3.9446165561676025,551.0,551.0,5.122499465942383,,,,,,,,,,,,,,
2026-08-17 16:00:00-05:00,2026-08-17,22301.0,1323.0,471.0,8071.0,12492.0,98.1,23.56100082397461,58.0,0.0,0.0,3.720215082168579,555.0,555.0,5.381449699401856,,,,,,,,,,,,,,
2026-08-17 17:00:00-05:00,2026-08-17,22271.0,1344.0,473.0,8025.0,12469.0,97.8,23.01099967956543,62.0,0.0,0.0,2.9410884380340576,368.0,368.0000305175781,4.465422630310059,,,,,,,,,,,,,,
2026-08-17 18:00:00-05:00,2026-08-17,21831.0,1375.0,483.0,7823.0,12151.0,95.2,21.81100082397461,69.0,0.0,0.0,2.420743703842163,145.0,145.0,3.92173433303833,,,,,,,,,,,,,,
2026-08-17 19:00:00-05:00,2026-08-17,21356.0,1390.0,487.0,7641.0,11865.0,91.9,19.81100082397461,75.0,0.0,0.0,2.1400933265686035,0.0,0.0,3.54400897026062,,,,,,,,,,,,,,
2026-08-17 20:00:00-05:00,2026-08-17,20585.0,1385.0,477.0,7372.0,11409.0,89.7,18.56100082397461,80.0,0.0,0.0,1.979898929595948,0.0,0.0,2.416609287261963,,,,,,,,,,,,,,
2026-08-17 21:00:00-05:00,2026-08-17,19256.0,1346.0,461.0,6867.0,10577.0,79.0,17.711000442504883,82.0,0.0,0.0,1.5811387300491333,0.0,0.0,2.061552762985229,,,,,,,,,,,,,,
2026-08-17 22:00:00-05:00,2026-08-17,17962.0,1326.0,437.0,6435.0,9752.0,58.8,16.911001205444336,85.0,0.0,0.0,1.7464250326156616,0.0,0.0,2.262741804122925,,,,,,,,,,,,,,
2026-08-17 23:00:00-05:00,2026-08-17,16851.0,1294.0,413.0,6099.0,9023.0,45.6,16.707124710083008,85.75,0.0,0.0,1.48981773853302,0.0,0.0,1.973248839378357,,,,,,,,,,,,,,
2026-08-18 00:00:00-05:00,2026-08-18,16289.0,1280.0,472.0,6032.0,8505.0,66.8,16.411001205444336,84.0,0.0,0.0,1.2041594982147217,0.0,0.0,1.0816653966903689,,,,,,,,,,,,,,
2026-08-18 01:00:00-05:00,2026-08-18,15935.0,1274.0,464.0,6024.0,8173.0,42.8,15.861000061035156,85.0,0.0,0.0,0.6403124332427979,0.0,0.0,1.838477611541748,,,,,,,,,,,,,,
2026-08-18 02:00:00-05:00,2026-08-18,15551.0,1256.0,457.0,5951.0,7887.0,44.6,15.461000442504885,85.0,0.0,0.0,0.4242640733718872,0.0,0.0,1.140175461769104,,,,,,,,,,,,,,
2026-08-18 03:00:00-05:00,2026-08-18,15436.0,1241.0,456.0,5954.0,7785.0,37.0,14.81100082397461,88.0,0.0,0.0,0.943398118019104,0.0,0.0,1.7000000476837158,,,,,,,,,,,,,,
2026-08-18 04:00:00-05:00,2026-08-18,15630.0,1219.0,453.0,5950.0,8008.0,27.5,14.261000633239746,90.0,0.0,0.0,1.0816653966903689,0.0,0.0,2.5317976474761963,,,,,,,,,,,,,,
2026-08-18 05:00:00-05:00,2026-08-18,16488.0,1218.0,455.0,6085.0,8359.0,28.4,13.91100025177002,90.0,0.0,0.0,1.1704699993133545,0.0,0.0,2.3600847721099854,,,,,,,,,,,,,,
2026-08-18 06:00:00-05:00,2026-08-18,17249.0,1230.0,464.0,6296.0,8867.0,27.4,14.31100082397461,93.0,0.0,0.0,0.9219544529914856,33.0,33.0,1.3601469993591309,,,,,,,,,,,,,,
2026-08-18 07:00:00-05:00,2026-08-18,18016.0,1249.0,489.0,6476.0,9424.0,22.9,16.51099967956543,89.0,0.0,0.0,0.5830951929092407,189.0,189.00001525878903,0.670820415019989,,,,,,,,,,,,,,
2026-08-18 08:00:00-05:00,2026-08-18,18381.0,1243.0,506.0,6712.0,9920.0,21.8,18.06100082397461,82.0,0.0,0.0,0.7071067690849304,184.0,184.0,1.3000000715255735,,,,,,,,,,,,,,
2026-08-18 09:00:00-05:00,2026-08-18,18828.0,1249.0,510.0,6832.0,10237.0,32.2,19.661001205444336,79.0,0.0,0.0,0.5,438.0,438.0,3.041381359100342,,,,,,,,,,,,,,
2026-08-18 10:00:00-05:00,2026-08-18,19344.0,1249.0,512.0,6981.0,10602.0,40.2,21.31100082397461,74.0,0.0,0.0,1.140175461769104,640.0,640.0,2.9410881996154785,,,,,,,,,,,,,,
2026-08-18 11:00:00-05:00,2026-08-18,20214.0,1260.0,515.0,7139.0,10992.0,48.4,22.36100006103516,69.0,0.0,0.0,1.7117242813110352,777.0,777.0,4.455333709716797,,,,,,,,,,,,,,
2026-08-18 12:00:00-05:00,2026-08-18,20522.0,1280.0,519.0,7385.0,11338.0,62.7,23.161001205444336,61.0,0.0,0.0,1.6155494451522827,807.0,807.0,4.134005546569824,,,,,,,,,,,,,,
2026-08-18 13:00:00-05:00,2026-08-18,20973.0,1295.0,521.0,7594.0,11563.0,95.6,23.81100082397461,56.0,0.0,0.0,2.193171262741089,838.0,838.0,5.770615100860596,,,,,,,,,,,,,,
2026-08-18 14:00:00-05:00,2026-08-18,21437.0,1320.0,520.0,7778.0,11819.0,149.3,24.161001205444336,53.0,0.0,0.0,2.2671568393707275,795.0,795.0,5.292447566986084,,,,,,,,,,,,,,
2026-08-18 15:00:00-05:00,2026-08-18,22008.0,1351.0,525.0,7964.0,12168.0,256.8,24.26099967956543,52.0,0.0,0.0,2.061552762985229,656.0,656.0,7.6157732009887695,,,,,,,,,,,,,,
2026-08-18 16:00:00-05:00,2026-08-18,22502.0,1372.0,529.0,8091.0,12510.0,313.6,20.911001205444336,67.0,0.0,0.0,0.7211102843284607,38.0,38.0,6.7535176277160645,,,,,,,,,,,,,,
2026-08-18 17:00:00-05:00,2026-08-18,22430.0,1382.0,538.0,8025.0,12485.0,341.8,22.911001205444336,61.0,0.0,0.0,1.3601469993591309,364.0,363.99993896484375,6.217716693878174,,,,,,,,,,,,,,
2026-08-18 18:00:00-05:00,2026-08-18,22007.0,1411.0,556.0,7802.0,12238.0,390.5,22.11100006103516,72.0,0.0,0.0,1.5264337062835691,179.0,179.0,5.63648796081543,,,,,,,,,,,,,,
2026-08-18 19:00:00-05:00,2026-08-18,21631.0,1416.0,569.0,7688.0,11958.0,398.5,20.31100082397461,75.0,0.0,0.0,2.0880613327026367,0.0,0.0,6.037383556365967,,,,,,,,,,,,,,
2026-08-18 20:00:00-05:00,2026-08-18,21044.0,1397.0,564.0,7522.0,11561.0,427.7,18.86100006103516,78.0,0.0,0.0,2.353720426559448,0.0,0.0,5.968249320983887,,,,,,,,,,,,,,
2026-08-18 21:00:00-05:00,2026-08-18,19784.0,1372.0,545.0,7085.0,10782.0,462.4,18.06100082397461,81.0,0.0,0.0,2.5317976474761963,0.0,0.0,5.869411945343018,,,,,,,,,,,,,,
2026-08-18 22:00:00-05:00,2026-08-18,18489.0,1332.0,519.0,6612.0,10026.0,419.9,17.81100082397461,81.0,0.0,0.0,3.0066592693328857,0.0,0.0,4.3185648918151855,,,,,,,,,,,,,,
2026-08-18 23:00:00-05:00,2026-08-18,17406.0,1297.0,495.0,6327.0,9287.0,403.7,17.64462661743164,82.0,0.0,0.0,2.3946633338928223,0.0,0.0,3.793444633483887,,,,,,,,,,,,,,
2026-08-19 00:00:00-05:00,2026-08-19,16348.0,1167.0,396.0,5999.0,8755.0,426.9,17.81100082397461,90.0,0.0,0.0,2.900000095367432,0.0,0.0,3.395585298538208,,,,,,,,,,,,,,
2026-08-19 01:00:00-05:00,2026-08-19,15908.0,1149.0,388.0,6030.0,8341.0,378.5,18.11100006103516,90.0,0.0,0.0,2.996665000915528,0.0,0.0,2.716615676879883,,,,,,,,,,,,,,
2026-08-19 02:00:00-05:00,2026-08-19,15532.0,1131.0,381.0,5996.0,8015.0,287.6,17.661001205444336,90.0,0.0,0.0,1.923538327217102,0.0,0.0,2.996665000915528,,,,,,,,,,,,,,
2026-08-19 03:00:00-05:00,2026-08-19,15313.0,1117.0,377.0,5880.0,7888.0,272.3,17.56100082397461,90.0,0.0,0.0,2.865309715270996,0.0,0.0,4.052160263061523,,,,,,,,,,,,,,
2026-08-19 04:00:00-05:00,2026-08-19,15644.0,1104.0,366.0,6033.0,8119.0,268.1,17.26099967956543,91.0,0.0,0.0,4.712748527526856,0.0,0.0,3.601388454437256,,,,,,,,,,,,,,
2026-08-19 05:00:00-05:00,2026-08-19,16259.0,1111.0,369.0,6077.0,8701.0,244.1,17.01099967956543,91.0,0.0,0.0,2.549509763717652,0.0,0.0,1.8439089059829712,,,,,,,,,,,,,,
2026-08-19 06:00:00-05:00,2026-08-19,17248.0,1126.0,380.0,6239.0,9176.0,200.9,17.01099967956543,92.0,0.0,0.0,1.838477611541748,1.0,0.9999992847442628,2.3259406089782715,,,,,,,,,,,,,,
2026-08-19 07:00:00-05:00,2026-08-19,17630.0,1131.0,403.0,6500.0,9593.0,164.1,17.161001205444336,91.0,0.0,0.0,2.299999952316284,39.0,39.0,4.177319526672363,,,,,,,,,,,,,,
2026-08-19 08:00:00-05:00,2026-08-19,18143.0,1114.0,406.0,6680.0,9957.0,130.0,18.01099967956543,90.0,1.100000023841858,0.0,2.475883722305298,130.0,130.0,4.7423624992370605,,,,,,,,,,,,,,
2026-08-19 09:00:00-05:00,2026-08-19,18508.0,1115.0,404.0,6765.0,10220.0,105.4,18.51099967956543,95.0,2.5,0.0,2.780287742614746,132.0,132.0,4.640043258666992,,,,,,,,,,,,,,
2026-08-19 10:00:00-05:00,2026-08-19,18895.0,1109.0,402.0,6888.0,10501.0,99.8,19.81100082397461,94.0,1.7999999523162842,0.0,3.546829462051392,445.0,445.0,5.185556888580322,,,,,,,,,,,,,,
2026-08-19 11:00:00-05:00,2026-08-19,19223.0,1112.0,406.0,6985.0,10728.0,100.6,20.41962623596192,91.0,1.399999976158142,0.0,3.5274999141693115,504.0,504.0,5.615820407867432,,,,,,,,,,,,,,
2026-08-19 12:00:00-05:00,2026-08-19,19457.0,1128.0,411.0,7049.0,10879.0,101.8,21.42824935913086,92.0,0.0,0.0,3.701248407363892,694.0,694.0,5.593629837036133,,,,,,,,,,,,,,
2026-08-19 13:00:00-05:00,2026-08-19,19595.0,1138.0,416.0,7069.0,10956.0,84.4,21.099374771118164,88.0,0.0,0.0,3.2815444469451904,726.0,726.0,4.291620254516602,,,,,,,,,,,,,,
2026-08-19 14:00:00-05:00,2026-08-19,19894.0,1152.0,421.0,7149.0,11155.0,78.4,21.295499801635746,75.0,0.0,0.0,2.5553863048553467,677.0,677.0,2.773084878921509,,,,,,,,,,,,,,
2026-08-19 15:00:00-05:00,2026-08-19,20361.0,1184.0,429.0,7326.0,11424.0,81.6,22.59549903869629,73.0,0.0,0.0,2.3600847721099854,672.0,672.0,3.047950029373169,,,,,,,,,,,,,,
2026-08-19 16:00:00-05:00,2026-08-19,20787.0,1213.0,434.0,7403.0,11773.0,68.0,23.39550018310547,77.0,0.0,0.0,2.4515302181243896,541.0,541.0,2.5455844402313232,,,,,,,,,,,,,,
2026-08-19 17:00:00-05:00,2026-08-19,20824.0,1234.0,446.0,7418.0,11758.0,82.8,23.195499420166016,76.0,0.0,0.0,1.649242281913757,372.0,372.0,1.7000000476837158,,,,,,,,,,,,,,
2026-08-19 18:00:00-05:00,2026-08-19,20491.0,1272.0,469.0,7244.0,11510.0,161.0,21.59549903869629,82.0,0.0,0.0,0.8062257766723633,197.0,197.0,1.77200448513031,,,,,,,,,,,,,,
2026-08-19 19:00:00-05:00,2026-08-19,20072.0,1285.0,481.0,7082.0,11242.0,168.4,18.495500564575195,82.0,9.0,0.0,1.0770329236984253,43.0,43.0,2.5709919929504395,,,,,,,,,,,,,,
2026-08-19 20:00:00-05:00,2026-08-19,19419.0,1267.0,473.0,6890.0,10843.0,176.2,17.295499801635742,83.0,0.0,0.0,1.4560219049453735,0.0,0.0,3.132091760635376,,,,,,,,,,,,,,
2026-08-19 21:00:00-05:00,2026-08-19,18216.0,1236.0,458.0,6447.0,10063.0,195.3,16.695499420166016,89.0,0.0,0.0,0.948683261871338,0.0,0.0,2.906888246536255,,,,,,,,,,,,,,
2026-08-19 22:00:00-05:00,2026-08-19,17091.0,1205.0,437.0,6033.0,9409.0,175.9,16.295499801635742,90.0,0.0,0.0,0.2236068099737167,0.0,0.0,2.915475845336914,,,,,,,,,,,,,,
2026-08-19 23:00:00-05:00,2026-08-19,16079.0,1172.0,416.0,5750.0,8719.0,170.4,15.095499992370604,90.75,0.025000000372529,0.0,2.1377556324005127,0.0,0.0,2.7658631801605225,,,,,,,,,,,,,,
2026-08-20 00:00:00-05:00,2026-08-20,15090.0,1045.0,392.0,5574.0,8079.0,188.6,16.06100082397461,82.0,0.0,0.0,1.4764822721481323,0.0,0.0,2.2022716999053955,,,,,,,,,,,,,,
2026-08-20 01:00:00-05:00,2026-08-20,14820.0,1036.0,381.0,5673.0,7730.0,175.8,14.761000633239746,86.0,0.0,0.0,2.102379560470581,0.0,0.0,1.8601075410842896,,,,,,,,,,,,,,
2026-08-20 02:00:00-05:00,2026-08-20,14446.0,1019.0,371.0,5557.0,7499.0,142.0,14.41100025177002,87.0,0.0,0.0,2.2022714614868164,0.0,0.0,3.5693135261535645,,,,,,,,,,,,,,
2026-08-20 03:00:00-05:00,2026-08-20,14460.0,1011.0,368.0,5662.0,7419.0,151.3,13.91100025177002,89.0,0.0,0.0,2.10950231552124,0.0,0.0,2.6248810291290283,,,,,,,,,,,,,,
2026-08-20 04:00:00-05:00,2026-08-20,14733.0,993.0,361.0,5742.0,7637.0,158.7,13.56100082397461,90.0,0.0,0.0,1.835756063461304,0.0,0.0,3.700000047683716,,,,,,,,,,,,,,
2026-08-20 05:00:00-05:00,2026-08-20,15276.0,991.0,366.0,5844.0,8075.0,161.0,13.211000442504885,90.0,0.0,0.0,1.5652475357055664,0.0,0.0,2.0880613327026367,,,,,,,,,,,,,,
2026-08-20 06:00:00-05:00,2026-08-20,15849.0,1005.0,379.0,5996.0,8469.0,159.0,13.361000061035156,90.0,0.0,0.0,0.6082762479782104,30.0,30.00000762939453,2.915475845336914,,,,,,,,,,,,,,
2026-08-20 07:00:00-05:00,2026-08-20,16189.0,1014.0,400.0,6033.0,8742.0,116.3,15.261000633239746,86.0,0.0,0.0,0.6403124332427979,183.0,183.0,4.016217231750488,,,,,,,,,,,,,,
2026-08-20 08:00:00-05:00,2026-08-20,16702.0,995.0,404.0,6181.0,9122.0,117.3,17.06100082397461,82.0,0.0,0.0,0.4242640733718872,363.0,363.0,3.841874599456787,,,,,,,,,,,,,,
2026-08-20 09:00:00-05:00,2026-08-20,17195.0,994.0,408.0,6343.0,9450.0,115.7,18.911001205444336,76.0,0.0,0.0,0.5,543.0,543.0,4.123105525970459,,,,,,,,,,,,,,
2026-08-20 10:00:00-05:00,2026-08-20,17477.0,988.0,411.0,6425.0,9653.0,101.3,20.61100006103516,72.0,0.0,0.0,1.2083046436309814,644.0,644.0,4.123105525970459,,,,,,,,,,,,,,
2026-08-20 11:00:00-05:00,2026-08-20,17978.0,993.0,418.0,6572.0,9995.0,84.7,21.911001205444336,62.0,0.0,0.0,1.835756063461304,736.0,736.0,4.750789165496826,,,,,,,,,,,,,,
2026-08-20 12:00:00-05:00,2026-08-20,18482.0,1005.0,424.0,6808.0,10245.0,60.9,22.81100082397461,54.0,0.0,0.0,1.6278821229934692,838.0,838.0,4.338202476501465,,,,,,,,,,,,,,
2026-08-20 13:00:00-05:00,2026-08-20,18753.0,1019.0,429.0,6842.0,10463.0,46.2,23.461000442504883,48.0,0.0,0.0,1.5556349754333496,840.0,840.0,4.846648216247559,,,,,,,,,,,,,,
2026-08-20 14:00:00-05:00,2026-08-20,19476.0,1041.0,434.0,6952.0,10712.0,42.6,23.911001205444336,46.0,0.0,0.0,1.2041594982147217,796.0,796.0,5.008991718292236,,,,,,,,,,,,,,
2026-08-20 15:00:00-05:00,2026-08-20,20154.0,1084.0,440.0,7186.0,11101.0,43.6,24.161001205444336,45.0,0.0,0.0,1.2083046436309814,632.0,632.0,5.200000286102295,,,,,,,,,,,,,,
2026-08-20 16:00:00-05:00,2026-08-20,20496.0,1112.0,440.0,7401.0,11543.0,60.4,24.211000442504883,40.0,0.0,0.0,1.6124515533447266,519.0,519.0,4.687216758728027,,,,,,,,,,,,,,
2026-08-20 17:00:00-05:00,2026-08-20,20607.0,1136.0,446.0,7434.0,11591.0,86.7,22.81100082397461,48.0,0.0,0.0,1.523154616355896,184.0,184.0,3.264965772628784,,,,,,,,,,,,,,
2026-08-20 18:00:00-05:00,2026-08-20,20263.0,1169.0,464.0,7257.0,11373.0,124.1,21.961000442504883,54.0,0.0,0.0,1.5033296346664429,72.0,72.0,5.308484077453613,,,,,,,,,,,,,,
2026-08-20 19:00:00-05:00,2026-08-20,19876.0,1178.0,473.0,7093.0,11132.0,150.2,19.76099967956543,59.0,0.0,0.0,2.332380771636963,0.0,0.0,4.031128883361816,,,,,,,,,,,,,,
2026-08-20 20:00:00-05:00,2026-08-20,19257.0,1163.0,470.0,6859.0,10765.0,148.7,18.26099967956543,64.0,0.0,0.0,2.284731864929199,0.0,0.0,3.733630895614624,,,,,,,,,,,,,,
2026-08-20 21:00:00-05:00,2026-08-20,18119.0,1137.0,455.0,6495.0,10032.0,145.0,16.911001205444336,71.0,0.0,0.0,2.7018511295318604,0.0,0.0,3.125699758529663,,,,,,,,,,,,,,
2026-08-20 22:00:00-05:00,2026-08-20,17020.0,1125.0,431.0,6050.0,9414.0,143.0,16.211000442504883,78.0,0.0,0.0,2.0124611854553223,0.0,0.0,3.0805842876434326,,,,,,,,,,,,,,
2026-08-20 23:00:00-05:00,2026-08-20,15988.0,1125.0,411.0,5750.0,8702.0,145.0,15.232125282287598,80.75,0.0,0.0,2.000551700592041,0.0,0.0,3.698371410369873,,,,,,,,,,,,,,
2026-08-21 00:00:00-05:00,2026-08-21,15351.0,1148.0,396.0,5582.0,8186.0,123.5,14.611000061035156,77.0,0.0,0.0,1.8027756214141848,0.0,0.0,2.8301944732666016,,,,,,,,,,,,,,
2026-08-21 01:00:00-05:00,2026-08-21,15035.0,1157.0,387.0,5680.0,7810.0,138.4,13.611000061035156,78.0,0.0,0.0,1.923538446426392,0.0,0.0,2.7658631801605225,,,,,,,,,,,,,,
2026-08-21 02:00:00-05:00,2026-08-21,14706.0,1157.0,383.0,5575.0,7550.0,131.4,12.91100025177002,77.0,0.0,0.0,1.8788294792175293,0.0,0.0,2.690724849700928,,,,,,,,,,,,,,
2026-08-21 03:00:00-05:00,2026-08-21,14690.0,1145.0,379.0,5653.0,7483.0,126.8,12.361000061035156,75.0,0.0,0.0,1.8439089059829712,0.0,0.0,2.729468822479248,,,,,,,,,,,,,,
2026-08-21 04:00:00-05:00,2026-08-21,14913.0,1130.0,371.0,5715.0,7670.0,116.3,11.861000061035156,75.0,0.0,0.0,1.7492855787277222,0.0,0.0,3.3015148639678955,,,,,,,,,,,,,,
2026-08-21 05:00:00-05:00,2026-08-21,15350.0,1137.0,380.0,5808.0,8012.0,112.4,11.361000061035156,76.0,0.0,0.0,1.6763055324554443,0.0,0.0,3.3060550689697266,,,,,,,,,,,,,,
2026-08-21 06:00:00-05:00,2026-08-21,15868.0,1145.0,385.0,5935.0,8402.0,126.5,11.41100025177002,79.0,0.0,0.0,1.3601469993591309,30.0,29.999998092651367,3.299999952316284,,,,,,,,,,,,,,
2026-08-21 07:00:00-05:00,2026-08-21,16357.0,1161.0,408.0,6048.0,8714.0,125.6,13.711000442504885,80.0,0.0,0.0,0.9219544529914856,185.0,185.0,3.101612567901612,,,,,,,,,,,,,,
2026-08-21 08:00:00-05:00,2026-08-21,17026.0,1152.0,415.0,6219.0,9247.0,134.8,15.861000061035156,73.0,0.0,0.0,1.5620499849319458,364.0,364.0,4.060788154602051,,,,,,,,,,,,,,
2026-08-21 09:00:00-05:00,2026-08-21,17598.0,1149.0,418.0,6414.0,9619.0,143.6,18.06100082397461,66.0,0.0,0.0,1.5,542.0,542.0,4.295346260070801,,,,,,,,,,,,,,
2026-08-21 10:00:00-05:00,2026-08-21,18100.0,1150.0,417.0,6570.0,9955.0,146.2,19.81100082397461,59.0,0.0,0.0,1.345362424850464,690.0,690.0,3.860051870346069,,,,,,,,,,,,,,
2026-08-21 11:00:00-05:00,2026-08-21,18636.0,1160.0,417.0,6714.0,10336.0,151.7,20.961000442504883,46.0,0.0,0.0,1.2206555604934692,796.0,796.0,3.7121422290802,,,,,,,,,,,,,,
2026-08-21 12:00:00-05:00,2026-08-21,19192.0,1176.0,423.0,7005.0,10617.0,165.3,21.76099967956543,42.0,0.0,0.0,1.0816653966903689,852.0,852.0,3.862641572952272,,,,,,,,,,,,,,
2026-08-21 13:00:00-05:00,2026-08-21,19450.0,1197.0,433.0,7015.0,10794.0,163.5,22.461000442504883,43.0,0.0,0.0,1.4866068363189695,847.0,847.0,4.036087512969971,,,,,,,,,,,,,,
2026-08-21 14:00:00-05:00,2026-08-21,19788.0,1219.0,441.0,7119.0,10979.0,153.2,22.81100082397461,43.0,0.0,0.0,2.102379560470581,793.0,793.0,3.911521434783936,,,,,,,,,,,,,,
2026-08-21 15:00:00-05:00,2026-08-21,20415.0,1250.0,449.0,7348.0,11378.0,142.9,22.961000442504883,42.0,0.0,0.0,1.9697715044021609,690.0,690.0,3.956007957458496,,,,,,,,,,,,,,
2026-08-21 16:00:00-05:00,2026-08-21,20927.0,1272.0,449.0,7499.0,11755.0,136.9,22.76099967956543,41.0,0.0,0.0,2.340939998626709,542.0,542.0,3.9458839893341056,,,,,,,,,,,,,,
2026-08-21 17:00:00-05:00,2026-08-21,20929.0,1293.0,452.0,7503.0,11721.0,128.1,21.961000442504883,40.0,0.0,0.0,2.5632011890411377,302.0,302.0,4.00124979019165,,,,,,,,,,,,,,
2026-08-21 18:00:00-05:00,2026-08-21,20512.0,1310.0,470.0,7294.0,11444.0,137.7,20.36100006103516,50.0,0.0,0.0,1.931320786476136,176.0,175.99998474121094,5.100980281829834,,,,,,,,,,,,,,
2026-08-21 19:00:00-05:00,2026-08-21,20008.0,1302.0,476.0,7072.0,11170.0,161.1,18.26099967956543,63.0,0.0,0.0,2.102379560470581,0.0,0.0,4.199999809265137,,,,,,,,,,,,,,
2026-08-21 20:00:00-05:00,2026-08-21,19376.0,1283.0,468.0,6852.0,10818.0,199.1,17.211000442504883,68.0,0.0,0.0,2.2090721130371094,0.0,0.0,4.110960960388184,,,,,,,,,,,,,,
2026-08-21 21:00:00-05:00,2026-08-21,18315.0,1254.0,449.0,6480.0,10140.0,241.4,16.161001205444336,71.0,0.0,0.0,2.1540658473968506,0.0,0.0,4.130375385284424,,,,,,,,,,,,,,
2026-08-21 22:00:00-05:00,2026-08-21,17185.0,1229.0,427.0,6013.0,9504.0,224.9,15.361000061035156,71.0,0.0,0.0,1.6552945375442505,0.0,0.0,3.920459270477295,,,,,,,,,,,,,,
2026-08-21 23:00:00-05:00,2026-08-21,16212.0,1218.0,409.0,5720.0,8849.0,195.7,14.357125282287598,76.75,0.0,0.0,1.9506049156188965,0.0,0.0,2.8265533447265625,,,,,,,,,,,,,,
2026-08-22 00:00:00-05:00,2026-08-22,15315.0,1146.0,400.0,5447.0,8300.0,193.1,13.511000633239746,86.0,0.0,0.0,1.1313709020614624,0.0,0.0,5.382378578186035,,,,,,,,,,,,,,
2026-08-22 01:00:00-05:00,2026-08-22,15002.0,1156.0,392.0,5501.0,7969.0,179.3,12.961000442504885,87.0,0.0,0.0,1.9104971885681152,0.0,0.0,4.801041603088379,,,,,,,,,,,,,,
2026-08-22 02:00:00-05:00,2026-08-22,14628.0,1155.0,386.0,5381.0,7680.0,184.3,12.41100025177002,89.0,0.0,0.0,1.7691805362701416,0.0,0.0,5.360037326812744,,,,,,,,,,,,,,
2026-08-22 03:00:00-05:00,2026-08-22,14534.0,1143.0,380.0,5485.0,7524.0,186.1,11.91100025177002,89.0,0.0,0.0,1.7029385566711426,0.0,0.0,6.699999809265137,,,,,,,,,,,,,,
2026-08-22 04:00:00-05:00,2026-08-22,14507.0,1131.0,374.0,5469.0,7532.0,164.0,11.56100082397461,89.0,0.0,0.0,1.4764822721481323,0.0,0.0,5.821512222290039,,,,,,,,,,,,,,
2026-08-22 05:00:00-05:00,2026-08-22,14537.0,1125.0,378.0,5417.0,7580.0,162.9,11.211000442504885,88.0,0.0,0.0,1.9104973077774048,0.0,0.0,6.260990142822266,,,,,,,,,,,,,,
2026-08-22 06:00:00-05:00,2026-08-22,14921.0,1137.0,400.0,5536.0,7826.0,170.4,11.511000633239746,90.0,0.0,0.0,1.1180340051651,25.0,24.99999237060547,4.215447902679443,,,,,,,,,,,,,,
2026-08-22 07:00:00-05:00,2026-08-22,15998.0,1172.0,419.0,5671.0,8325.0,195.0,13.961000442504885,83.0,0.0,0.0,2.2360680103302,173.0,173.0,5.069516658782959,,,,,,,,,,,,,,
2026-08-22 08:00:00-05:00,2026-08-22,16917.0,1189.0,429.0,5919.0,8986.0,211.2,16.411001205444336,75.0,0.0,0.0,2.549509763717652,351.0,351.0000305175781,5.517245769500732,,,,,,,,,,,,,,
2026-08-22 09:00:00-05:00,2026-08-22,17741.0,1202.0,434.0,6189.0,9551.0,198.0,18.86100006103516,66.0,0.0,0.0,2.1400933265686035,518.0,518.0,2.9681644439697266,,,,,,,,,,,,,,
2026-08-22 10:00:00-05:00,2026-08-22,18141.0,1202.0,437.0,6464.0,10068.0,194.6,20.36100006103516,62.0,0.0,0.0,2.1400933265686035,672.0,672.0,4.801041603088379,,,,,,,,,,,,,,
2026-08-22 11:00:00-05:00,2026-08-22,18637.0,1199.0,441.0,6553.0,10450.0,208.7,21.76099967956543,60.0,0.0,0.0,2.6570661067962646,771.0,771.0,4.0199503898620605,,,,,,,,,,,,,,
2026-08-22 12:00:00-05:00,2026-08-22,19036.0,1204.0,445.0,6742.0,10681.0,233.3,23.06100082397461,57.0,0.0,0.0,3.046309232711792,775.0,775.0,3.6221539974212646,,,,,,,,,,,,,,
2026-08-22 13:00:00-05:00,2026-08-22,19120.0,1206.0,444.0,6696.0,10771.0,234.6,23.961000442504883,55.0,0.0,0.0,3.640054941177368,795.0,795.0,2.844292640686035,,,,,,,,,,,,,,
2026-08-22 14:00:00-05:00,2026-08-22,19257.0,1223.0,447.0,6711.0,10856.0,219.6,24.81100082397461,54.0,0.0,0.0,4.049691200256348,748.0,748.0,3.1144821643829346,,,,,,,,,,,,,,
2026-08-22 15:00:00-05:00,2026-08-22,19634.0,1247.0,457.0,6849.0,11088.0,265.2,25.56100082397461,49.0,0.0,0.0,3.661966562271118,650.0,650.0,4.204759120941162,,,,,,,,,,,,,,
2026-08-22 16:00:00-05:00,2026-08-22,19944.0,1255.0,464.0,6985.0,11293.0,252.2,25.661001205444336,49.0,0.0,0.0,3.671512126922608,508.0,507.9999694824219,4.310452461242676,,,,,,,,,,,,,,
2026-08-22 17:00:00-05:00,2026-08-22,19727.0,1256.0,475.0,6841.0,11191.0,182.9,24.961000442504883,56.0,0.0,0.0,3.551056146621704,334.0,334.0000305175781,6.972087383270264,,,,,,,,,,,,,,
2026-08-22 18:00:00-05:00,2026-08-22,19163.0,1253.0,476.0,6576.0,10848.0,199.7,22.911001205444336,66.0,0.0,0.0,3.299999952316284,153.0,153.0,7.7524189949035645,,,,,,,,,,,,,,
2026-08-22 19:00:00-05:00,2026-08-22,18700.0,1241.0,470.0,6392.0,10606.0,291.4,20.61100006103516,74.0,0.0,0.0,2.901723861694336,0.0,0.0,4.244997024536133,,,,,,,,,,,,,,
2026-08-22 20:00:00-05:00,2026-08-22,18164.0,1232.0,461.0,6212.0,10296.0,328.0,19.411001205444336,79.0,0.0,0.0,2.6019222736358643,0.0,0.0,4.294181823730469,,,,,,,,,,,,,,
2026-08-22 21:00:00-05:00,2026-08-22,17293.0,1214.0,447.0,5870.0,9766.0,365.6,18.56100082397461,82.0,0.0,0.0,2.745906114578247,0.0,0.0,3.5902645587921143,,,,,,,,,,,,,,
2026-08-22 22:00:00-05:00,2026-08-22,16387.0,1192.0,430.0,5597.0,9172.0,333.8,18.76099967956543,71.0,0.0,0.0,4.1617302894592285,0.0,0.0,2.2090721130371094,,,,,,,,,,,,,,
2026-08-22 23:00:00-05:00,2026-08-22,15514.0,1182.0,418.0,5336.0,8561.0,309.0,18.34462547302246,80.0,0.25,0.0,3.196943998336792,0.0,0.0,3.035104274749756,,,,,,,,,,,,,,
2026-08-23 00:00:00-05:00,2026-08-23,14607.0,1111.0,406.0,5119.0,7944.0,450.7,18.01099967956543,76.0,0.0,0.0,3.612478494644165,0.0,0.0,2.284731864929199,,,,,,,,,,,,,,
2026-08-23 01:00:00-05:00,2026-08-23,14324.0,1104.0,399.0,5206.0,7629.0,472.6,17.661001205444336,84.0,0.0,0.0,0.9219544529914856,0.0,0.0,2.6019222736358643,,,,,,,,,,,,,,
2026-08-23 02:00:00-05:00,2026-08-23,13963.0,1094.0,392.0,5114.0,7346.0,495.2,18.211000442504883,80.0,2.5,0.0,5.517245769500732,0.0,0.0,2.6076807975769043,,,,,,,,,,,,,,
2026-08-23 03:00:00-05:00,2026-08-23,13779.0,1084.0,383.0,5103.0,7205.0,525.4,18.86100006103516,83.0,0.0,0.0,5.122499465942383,0.0,0.0,3.8948683738708496,,,,,,,,,,,,,,
2026-08-23 04:00:00-05:00,2026-08-23,13672.0,1062.0,375.0,5063.0,7173.0,554.6,18.11100006103516,85.0,0.0,0.0,3.535533905029297,0.0,0.0,3.041381359100342,,,,,,,,,,,,,,
2026-08-23 05:00:00-05:00,2026-08-23,13593.0,1065.0,380.0,4947.0,7181.0,539.7,17.911001205444336,86.0,0.0,0.0,4.609772205352783,0.0,0.0,2.915475845336914,,,,,,,,,,,,,,
2026-08-23 06:00:00-05:00,2026-08-23,13779.0,1131.0,398.0,4962.0,7247.0,535.2,17.361000061035156,90.0,1.100000023841858,0.0,4.346262454986572,2.0,2.0,3.3541018962860107,,,,,,,,,,,,,,
2026-08-23 07:00:00-05:00,2026-08-23,14401.0,1163.0,416.0,5153.0,7671.0,551.8,17.461000442504883,90.0,0.0,0.0,2.9732136726379395,26.0,26.0,3.889730215072632,,,,,,,,,,,,,,
2026-08-23 08:00:00-05:00,2026-08-23,15020.0,1175.0,425.0,5269.0,8156.0,561.9,18.11100006103516,90.0,0.0,0.0,2.280350923538208,78.0,78.0,5.546169757843018,,,,,,,,,,,,,,
2026-08-23 09:00:00-05:00,2026-08-23,15610.0,1179.0,428.0,5386.0,8629.0,548.3,20.11100006103516,85.0,0.0,0.0,2.920616388320923,318.0,318.0,6.977105617523193,,,,,,,,,,,,,,
2026-08-23 10:00:00-05:00,2026-08-23,16114.0,1188.0,432.0,5502.0,9009.0,530.3,20.86100006103516,85.0,0.0,0.0,3.560898780822754,177.0,177.0,7.158910751342773,,,,,,,,,,,,,,
2026-08-23 11:00:00-05:00,2026-08-23,16483.0,1196.0,434.0,5601.0,9266.0,493.3,19.661001205444336,92.0,9.0,0.0,3.3526110649108887,20.0,20.0,6.997142314910889,,,,,,,,,,,,,,
2026-08-23 12:00:00-05:00,2026-08-23,16723.0,1203.0,441.0,5741.0,9359.0,450.6,22.11100006103516,84.0,0.0,0.0,3.3615472316741943,527.0,527.0,6.754257678985596,,,,,,,,,,,,,,
2026-08-23 13:00:00-05:00,2026-08-23,16805.0,1208.0,439.0,5759.0,9396.0,425.6,21.76099967956543,83.0,0.0,0.0,2.906888246536255,420.0,420.0,6.360031127929688,,,,,,,,,,,,,,
2026-08-23 14:00:00-05:00,2026-08-23,16989.0,1215.0,446.0,5800.0,9503.0,413.7,22.01099967956543,82.0,0.0,0.0,4.494441032409668,634.0,634.0,6.694027423858643,,,,,,,,,,,,,,
2026-08-23 15:00:00-05:00,2026-08-23,17487.0,1236.0,453.0,6000.0,9810.0,397.5,22.56100082397461,80.0,0.0,0.0,4.981967449188232,620.0,620.0,5.813776969909668,,,,,,,,,,,,,,
2026-08-23 16:00:00-05:00,2026-08-23,17928.0,1262.0,464.0,6139.0,10110.0,355.7,22.76099967956543,72.0,0.0,0.0,4.104875087738037,482.0,482.0,5.5145263671875,,,,,,,,,,,,,,
2026-08-23 17:00:00-05:00,2026-08-23,17922.0,1264.0,472.0,6123.0,10100.0,286.6,21.961000442504883,77.0,0.0,0.0,2.7658634185791016,263.0,263.0,5.748913288116455,,,,,,,,,,,,,,
2026-08-23 18:00:00-05:00,2026-08-23,17591.0,1271.0,477.0,5970.0,9865.0,270.7,20.36100006103516,73.0,0.0,0.0,4.531003952026367,165.0,165.0,4.785394668579102,,,,,,,,,,,,,,
2026-08-23 19:00:00-05:00,2026-08-23,17347.0,1273.0,477.0,5889.0,9727.0,322.6,18.51099967956543,80.0,0.0,0.0,2.731300115585327,0.0,0.0,4.049691200256348,,,,,,,,,,,,,,
2026-08-23 20:00:00-05:00,2026-08-23,16939.0,1265.0,474.0,5805.0,9443.0,338.7,17.76099967956543,86.0,0.0,0.0,1.726267695426941,0.0,0.0,4.130375385284424,,,,,,,,,,,,,,
2026-08-23 21:00:00-05:00,2026-08-23,16091.0,1234.0,459.0,5478.0,8914.0,392.0,17.01099967956543,86.0,0.0,0.0,3.299999952316284,0.0,0.0,1.8027756214141848,,,,,,,,,,,,,,
2026-08-23 22:00:00-05:00,2026-08-23,15327.0,1212.0,436.0,5247.0,8431.0,423.3,16.26099967956543,85.0,0.0,0.0,4.02243709564209,0.0,0.0,4.883646011352539,,,,,,,,,,,,,,
2026-08-23 23:00:00-05:00,2026-08-23,14638.0,1196.0,416.0,5092.0,7918.0,411.4,16.019624710083008,88.75,0.125,0.0,3.363217353820801,0.0,0.0,5.113474845886231,,,,,,,,,,,,,,
2026-08-24 00:00:00-05:00,2026-08-24,14099.0,1230.0,384.0,4966.0,7486.0,428.7,15.861000061035156,90.0,0.0,0.0,1.77200448513031,0.0,0.0,6.095900058746338,,,,,,,,,,,,,,
2026-08-24 01:00:00-05:00,2026-08-24,13969.0,1220.0,374.0,5109.0,7271.0,415.3,15.56100082397461,91.0,0.0,0.0,2.0223748683929443,0.0,0.0,3.4828150272369385,,,,,,,,,,,,,,
2026-08-24 02:00:00-05:00,2026-08-24,13821.0,1210.0,366.0,5123.0,7105.0,405.6,15.16100025177002,92.0,0.0,0.0,2.220360517501831,0.0,0.0,3.535533905029297,,,,,,,,,,,,,,
2026-08-24 03:00:00-05:00,2026-08-24,13855.0,1195.0,362.0,5180.0,7089.0,397.9,14.861000061035156,93.0,0.0,0.0,2.2090721130371094,0.0,0.0,3.90512490272522,,,,,,,,,,,,,,
2026-08-24 04:00:00-05:00,2026-08-24,14206.0,1186.0,359.0,5292.0,7362.0,400.7,14.66100025177002,93.0,0.0,0.0,2.1377556324005127,0.0,0.0,2.692582368850708,,,,,,,,,,,,,,
2026-08-24 05:00:00-05:00,2026-08-24,14691.0,1202.0,367.0,5361.0,7747.0,407.1,13.961000442504885,94.0,0.0,0.0,1.5033296346664429,0.0,0.0,3.001666307449341,,,,,,,,,,,,,,
2026-08-24 06:00:00-05:00,2026-08-24,15666.0,1220.0,378.0,5531.0,8221.0,426.7,14.06100082397461,95.0,0.0,0.0,1.5652475357055664,23.0,23.0000057220459,4.044749736785889,,,,,,,,,,,,,,
2026-08-24 07:00:00-05:00,2026-08-24,15981.0,1234.0,402.0,5720.0,8654.0,480.4,15.261000633239746,90.0,0.0,0.0,2.906888484954834,171.0,170.99996948242188,4.501111030578613,,,,,,,,,,,,,,
2026-08-24 08:00:00-05:00,2026-08-24,16306.0,1235.0,407.0,5769.0,8887.0,510.0,16.411001205444336,86.0,0.0,0.0,3.104835033416748,347.0,347.0000305175781,5.707889080047607,,,,,,,,,,,,,,
2026-08-24 09:00:00-05:00,2026-08-24,16649.0,1237.0,408.0,5813.0,9210.0,543.8,17.711000442504883,77.0,0.0,0.0,3.956007957458496,507.0,507.0,6.020797252655029,,,,,,,,,,,,,,
2026-08-24 10:00:00-05:00,2026-08-24,16802.0,1242.0,409.0,5798.0,9345.0,540.2,18.161001205444336,71.0,0.0,0.0,4.464303016662598,624.0,624.0,6.43272876739502,,,,,,,,,,,,,,
2026-08-24 11:00:00-05:00,2026-08-24,17006.0,1248.0,413.0,5848.0,9494.0,509.6,18.76099967956543,65.0,0.0,0.0,4.827007293701172,610.0,610.0,6.462971687316895,,,,,,,,,,,,,,
2026-08-24 12:00:00-05:00,2026-08-24,17209.0,1252.0,419.0,5989.0,9567.0,505.6,19.01099967956543,63.0,0.0,0.0,4.492215633392334,511.0,511.0,6.198386669158936,,,,,,,,,,,,,,
2026-08-24 13:00:00-05:00,2026-08-24,17236.0,1250.0,430.0,5949.0,9591.0,439.6,19.711000442504883,66.0,0.0,0.0,4.110960960388184,625.0,625.0,6.937578678131104,,,,,,,,,,,,,,
2026-08-24 14:00:00-05:00,2026-08-24,17409.0,1262.0,440.0,5999.0,9685.0,364.3,18.661001205444336,81.0,0.0,0.0,3.701351165771485,571.0,571.0,6.640783309936523,,,,,,,,,,,,,,
2026-08-24 15:00:00-05:00,2026-08-24,17812.0,1289.0,455.0,6178.0,9884.0,282.5,17.661001205444336,83.0,0.0,0.0,0.800000011920929,278.0,278.0,6.146543502807617,,,,,,,,,,,,,,
2026-08-24 16:00:00-05:00,2026-08-24,18240.0,1311.0,468.0,6369.0,10133.0,235.3,18.711000442504883,77.0,0.0,0.0,4.143670082092285,354.0,354.0,5.769748210906982,,,,,,,,,,,,,,
2026-08-24 17:00:00-05:00,2026-08-24,18221.0,1317.0,474.0,6439.0,10010.0,177.3,17.361000061035156,84.0,0.0,0.0,2.1400933265686035,221.0,221.0,4.919349670410156,,,,,,,,,,,,,,
2026-08-24 18:00:00-05:00,2026-08-24,17966.0,1344.0,487.0,6332.0,9786.0,133.0,17.661001205444336,84.0,0.0,0.0,1.2041594982147217,96.0,96.0,3.981205701828003,,,,,,,,,,,,,,
2026-08-24 19:00:00-05:00,2026-08-24,17807.0,1351.0,485.0,6269.0,9729.0,114.8,16.661001205444336,87.0,0.0,0.0,0.8602325320243835,0.0,0.0,1.8110769987106323,,,,,,,,,,,,,,
2026-08-24 20:00:00-05:00,2026-08-24,17329.0,1337.0,476.0,6113.0,9443.0,114.2,15.66100025177002,89.0,0.0,0.0,1.4866068363189695,0.0,0.0,2.408318996429444,,,,,,,,,,,,,,
2026-08-24 21:00:00-05:00,2026-08-24,16417.0,1299.0,459.0,5811.0,8827.0,121.9,16.111000061035156,91.0,0.0,0.0,1.3601469993591309,0.0,0.0,2.8017852306365967,,,,,,,,,,,,,,
2026-08-24 22:00:00-05:00,2026-08-24,15650.0,1286.0,435.0,5583.0,8346.0,123.6,15.861000061035156,92.0,0.0,0.0,2.051828384399414,0.0,0.0,2.915476083755493,,,,,,,,,,,,,,
2026-08-24 23:00:00-05:00,2026-08-24,14913.0,1259.0,413.0,5374.0,7843.0,132.3,15.382125854492188,94.25,0.0,0.0,1.8476734161376955,0.0,0.0,2.602606296539306,,,,,,,,,,,,,,
2026-08-25 00:00:00-05:00,2026-08-25,14326.0,1185.0,364.0,5079.0,7621.0,96.5,14.461000442504885,94.0,0.0,0.0,1.523154616355896,0.0,0.0,0.5,4.687216758728027,,,,,,,,,,,,,
2026-08-25 01:00:00-05:00,2026-08-25,14159.0,1186.0,354.0,5135.0,7439.0,95.4,14.111000061035156,95.0,0.0,0.0,1.5033296346664429,0.0,0.0,0.800000011920929,5.508175849914551,,,,,,,,,,,,,
2026-08-25 02:00:00-05:00,2026-08-25,13895.0,1171.0,347.0,5092.0,7288.0,100.8,13.961000442504885,95.0,0.0,0.0,1.7117242813110352,0.0,0.0,1.4764822721481323,7.502666473388672,,,,,,,,,,,,,
2026-08-25 03:00:00-05:00,2026-08-25,13921.0,1151.0,345.0,5170.0,7267.0,86.0,13.91100025177002,96.0,0.0,0.0,1.6552945375442505,0.0,0.0,2.024845838546753,7.002856731414795,,,,,,,,,,,,,
2026-08-25 04:00:00-05:00,2026-08-25,14178.0,1138.0,341.0,5230.0,7496.0,78.5,13.66100025177002,96.0,0.0,0.0,1.4142135381698608,0.0,0.0,2.280350923538208,4.827007293701172,,,,,,,,,,,,,
2026-08-25 05:00:00-05:00,2026-08-25,15250.0,1153.0,343.0,5398.0,7877.0,78.6,14.111000061035156,97.0,0.0,0.0,0.8062257766723633,0.0,0.0,2.505992889404297,2.2561028003692627,,,,,,,,,,,,,
2026-08-25 06:00:00-05:00,2026-08-25,15752.0,1161.0,358.0,5703.0,8388.0,56.4,14.261000633239746,98.0,0.0,0.0,0.2236068099737167,16.0,16.0,2.640075922012329,1.8110769987106323,,,,,,,,,,,,,
2026-08-25 07:00:00-05:00,2026-08-25,16310.0,1169.0,381.0,5877.0,8826.0,38.6,15.511000633239746,96.0,0.0,0.0,1.216552495956421,151.0,151.0,2.247220277786255,1.8027756214141848,,,,,,,,,,,,,
2026-08-25 08:00:00-05:00,2026-08-25,16701.0,1168.0,388.0,6003.0,9145.0,24.7,17.361000061035156,92.0,0.0,0.0,2.5019991397857666,314.0,314.0,2.886173963546753,2.1470909118652344,,,,,,,,,,,,,
2026-08-25 09:00:00-05:00,2026-08-25,17034.0,1173.0,389.0,6080.0,9406.0,22.3,18.26099967956543,86.0,0.0,0.0,2.8635642528533936,245.0,245.0,2.184032917022705,2.5179357528686523,,,,,,,,,,,,,
2026-08-25 10:00:00-05:00,2026-08-25,17412.0,1174.0,392.0,6215.0,9632.0,17.6,18.31100082397461,84.0,0.0,0.0,3.982461452484131,387.0,387.0,1.5,2.109502077102661,,,,,,,,,,,,,
2026-08-25 11:00:00-05:00,2026-08-25,17793.0,1201.0,399.0,6262.0,9923.0,16.3,17.711000442504883,85.0,0.0,0.0,3.1144821643829346,156.0,156.0,1.2369316816329956,1.2041594982147217,,,,,,,,,,,,,
2026-08-25 12:00:00-05:00,2026-08-25,18316.0,1235.0,399.0,6426.0,10219.0,19.3,17.911001205444336,89.0,5.400000095367432,0.0,3.0870697498321533,75.0,75.0,1.0,1.4142135381698608,,,,,,,,,,,,,
2026-08-25 13:00:00-05:00,2026-08-25,18655.0,1217.0,407.0,6590.0,10398.0,17.5,18.01099967956543,83.0,0.0,0.0,3.0016660690307617,97.0,97.0,1.923538327217102,2.1954498291015625,,,,,,,,,,,,,
2026-08-25 14:00:00-05:00,2026-08-25,19299.0,1229.0,411.0,6727.0,10590.0,19.9,20.411001205444336,75.0,0.0,0.0,3.9446165561676025,660.0,660.0,4.101219177246094,2.780287742614746,,,,,,,,,,,,,
2026-08-25 15:00:00-05:00,2026-08-25,19913.0,1265.0,409.0,6973.0,10878.0,39.6,20.461000442504883,74.0,0.0,0.0,3.667424201965332,500.0,500.0,4.609772205352783,3.982461452484131,,,,,,,,,,,,,
2026-08-25 16:00:00-05:00,2026-08-25,20229.0,1292.0,413.0,7205.0,11166.0,55.2,19.51099967956543,78.0,0.0,0.0,3.58050274848938,141.0,141.0,4.310452461242676,5.964058876037598,,,,,,,,,,,,,
2026-08-25 17:00:00-05:00,2026-08-25,20223.0,1315.0,420.0,7238.0,11111.0,60.8,19.461000442504883,81.0,0.0,0.0,1.838477611541748,193.0,193.0,4.119465827941895,7.240165710449219,,,,,,,,,,,,,
2026-08-25 18:00:00-05:00,2026-08-25,19918.0,1324.0,430.0,7120.0,10918.0,71.0,19.411001205444336,81.0,0.0,0.0,1.552417516708374,147.0,147.0,3.140063524246216,7.169379234313965,,,,,,,,,,,,,
2026-08-25 19:00:00-05:00,2026-08-25,19607.0,1333.0,438.0,7000.0,10737.0,80.8,17.911001205444336,82.0,0.0,0.0,2.0024983882904053,0.0,0.0,2.3194828033447266,7.338937282562256,,,,,,,,,,,,,
2026-08-25 20:00:00-05:00,2026-08-25,18906.0,1334.0,437.0,6734.0,10346.0,90.6,16.81100082397461,87.0,0.0,0.0,2.2135941982269287,0.0,0.0,2.549509763717652,6.67083215713501,,,,,,,,,,,,,
2026-08-25 21:00:00-05:00,2026-08-25,17720.0,1302.0,428.0,6332.0,9678.0,99.0,16.26099967956543,89.0,0.0,0.0,2.158703088760376,0.0,0.0,2.617250442504883,5.507267951965332,,,,,,,,,,,,,
2026-08-25 22:00:00-05:00,2026-08-25,16585.0,1273.0,407.0,5951.0,8985.0,103.8,15.81100082397461,90.0,0.0,0.0,1.8027756214141848,0.0,0.0,2.785677433013916,5.5,,,,,,,,,,,,,
2026-08-25 23:00:00-05:00,2026-08-25,15563.0,1239.0,389.0,5651.0,8341.0,118.6,15.31100082397461,91.0,0.0,0.0,1.9026297330856323,0.0,0.0,3.046309232711792,5.964058876037598,,,,,,,,,,,,,
2026-08-26 00:00:00-05:00,2026-08-26,14942.0,1227.0,367.0,5346.0,7967.0,159.8,14.361000061035156,91.0,0.0,0.0,1.7000000476837158,0.0,0.0,3.337663650512696,5.200961589813232,7800.0,10992.0,6342.0,14942.0,0.0,6576.0,5771.0,11454.0,8163.0,,,,
2026-08-26 01:00:00-05:00,2026-08-26,14657.0,1220.0,360.0,5428.0,7664.0,161.9,13.91100025177002,93.0,0.0,0.0,1.7029385566711426,0.0,0.0,3.889730215072632,4.882622241973877,7800.0,10992.0,6342.0,14657.0,0.0,6220.0,5771.0,11454.0,8518.0,,,,
2026-08-26 02:00:00-05:00,2026-08-26,14305.0,1214.0,355.0,5284.0,7415.0,176.5,13.511000633239746,93.0,0.0,0.0,1.7000000476837158,0.0,0.0,4.110960960388184,4.720169544219971,7800.0,10992.0,6342.0,14305.0,0.0,5805.0,5771.0,11454.0,8933.0,,,,
2026-08-26 03:00:00-05:00,2026-08-26,14334.0,1197.0,349.0,5432.0,7340.0,198.4,13.31100082397461,92.0,0.0,0.0,1.8384774923324585,0.0,0.0,4.049691200256348,4.687216758728027,7800.0,10992.0,6342.0,14334.0,0.0,5771.0,5771.0,11454.0,8965.0,,,,
2026-08-26 04:00:00-05:00,2026-08-26,14595.0,1184.0,339.0,5485.0,7560.0,205.1,12.91100025177002,93.0,0.0,0.0,1.3892444372177124,0.0,0.0,2.9410884380340576,4.882622241973877,7800.0,10992.0,6342.0,14595.0,0.0,5982.0,5771.0,11454.0,8569.0,,,,
2026-08-26 05:00:00-05:00,2026-08-26,15471.0,1194.0,348.0,5627.0,7971.0,206.0,12.711000442504885,92.0,0.0,0.0,1.0630146265029907,0.0,0.0,2.5612497329711914,5.056678771972656,7800.0,10992.0,6342.0,15471.0,1.0,6834.0,5771.0,11454.0,7722.0,,,,
2026-08-26 06:00:00-05:00,2026-08-26,16215.0,1206.0,366.0,5862.0,8452.0,193.8,12.961000442504885,94.0,0.0,0.0,0.9219544529914856,20.0,19.99999618530273,2.758622884750366,5.314132213592529,7800.0,10992.0,6244.0,16215.0,28.0,7540.0,5771.0,11454.0,6919.0,,,,
2026-08-26 07:00:00-05:00,2026-08-26,16581.0,1214.0,391.0,6003.0,8991.0,186.2,14.861000061035156,97.0,0.0,0.0,0.3162277638912201,156.0,156.0,2.280350923538208,5.126402378082275,7800.0,10992.0,6102.0,16581.0,101.0,7773.0,5771.0,11454.0,6463.0,,,,
2026-08-26 08:00:00-05:00,2026-08-26,17089.0,1211.0,397.0,6187.0,9301.0,235.2,17.06100082397461,90.0,0.0,0.0,0.4000000059604645,336.0,336.00006103515625,3.0805842876434326,5.724508762359619,7800.0,10992.0,6102.0,17089.0,192.0,8096.0,5771.0,11454.0,6145.0,,,,
2026-08-26 09:00:00-05:00,2026-08-26,17526.0,1220.0,397.0,6310.0,9587.0,298.6,18.76099967956543,84.0,0.0,0.0,1.1180340051651,436.0,436.0,4.428318023681641,5.894064426422119,7800.0,10992.0,6102.0,17526.0,278.0,8339.0,5771.0,11454.0,5899.0,,,,
2026-08-26 10:00:00-05:00,2026-08-26,18061.0,1219.0,399.0,6553.0,9904.0,355.8,19.76099967956543,78.0,0.0,0.0,1.5,549.0,549.0,5.126402378082275,6.484597206115723,7800.0,10992.0,6105.0,18061.0,310.0,8734.0,5771.0,11454.0,5541.0,,,,
2026-08-26 11:00:00-05:00,2026-08-26,18485.0,1228.0,401.0,6620.0,10229.0,394.1,20.961000442504883,72.0,0.0,0.0,1.5,706.0,706.0,5.162363529205322,7.354589939117432,7800.0,10992.0,6105.0,18485.0,335.0,9014.0,5771.0,11454.0,5258.0,,,,
2026-08-26 12:00:00-05:00,2026-08-26,18950.0,1240.0,402.0,6774.0,10543.0,404.4,22.06100082397461,68.0,0.0,0.0,0.8999999761581421,807.0,807.0,5.403702735900879,8.28734016418457,7800.0,10992.0,6113.0,18950.0,336.0,9393.0,5771.0,11454.0,6029.0,,,,
2026-08-26 13:00:00-05:00,2026-08-26,19339.0,1253.0,406.0,6950.0,10727.0,426.0,22.711000442504883,66.0,0.0,0.0,1.5132745504379272,766.0,766.0,5.003998279571533,7.971198081970215,7800.0,10992.0,6113.0,19339.0,331.0,9778.0,5771.0,11454.0,5645.0,,,,
2026-08-26 14:00:00-05:00,2026-08-26,19754.0,1279.0,409.0,7091.0,10963.0,425.1,23.26099967956543,61.0,0.0,0.0,1.9026297330856323,759.0,759.0,4.428318023681641,8.2346830368042,7800.0,10992.0,6117.0,19754.0,299.0,10251.0,5771.0,11454.0,5177.0,,,,
2026-08-26 15:00:00-05:00,2026-08-26,20294.0,1311.0,416.0,7296.0,11273.0,449.0,23.51099967956543,58.0,0.0,0.0,1.5132745504379272,656.0,656.0,3.848376274108887,8.011241912841797,7800.0,10992.0,6117.0,20294.0,246.0,10858.0,5771.0,11454.0,4571.0,,,,
2026-08-26 16:00:00-05:00,2026-08-26,20765.0,1330.0,419.0,7485.0,11586.0,437.9,23.211000442504883,63.0,0.0,0.0,2.262741804122925,468.0,468.0,3.920459032058716,8.2346830368042,7800.0,10992.0,6301.0,20765.0,166.0,11454.0,5771.0,11454.0,4341.0,,,,
2026-08-26 17:00:00-05:00,2026-08-26,20660.0,1341.0,421.0,7441.0,11479.0,442.3,22.36100006103516,68.0,0.0,0.0,2.247220516204834,288.0,288.0,3.940812110900879,8.015609741210938,7800.0,10992.0,6301.0,20660.0,71.0,11448.0,5771.0,11454.0,4397.0,,,,
2026-08-26 18:00:00-05:00,2026-08-26,20295.0,1361.0,436.0,7234.0,11256.0,490.0,21.26099967956543,78.0,0.0,0.0,1.780449390411377,139.0,139.0,3.8948683738708496,6.935416221618652,7800.0,10992.0,6303.0,20295.0,14.0,10998.0,5771.0,11454.0,4849.0,,,,
2026-08-26 19:00:00-05:00,2026-08-26,19955.0,1368.0,441.0,7084.0,11094.0,546.6,19.51099967956543,80.0,0.0,0.0,2.280350923538208,0.0,0.0,3.1906113624572754,7.212489128112793,7800.0,10992.0,6397.0,19955.0,0.0,10642.0,5771.0,11454.0,5296.0,,,,
2026-08-26 20:00:00-05:00,2026-08-26,19272.0,1351.0,433.0,6803.0,10724.0,611.3,18.26099967956543,83.0,0.0,0.0,2.126029253005981,0.0,0.0,5.491812229156494,8.766413688659668,7800.0,10992.0,6397.0,19272.0,0.0,9839.0,5771.0,11454.0,6098.0,,,,
2026-08-26 21:00:00-05:00,2026-08-26,18175.0,1320.0,421.0,6395.0,10042.0,638.3,17.51099967956543,84.0,0.0,0.0,1.941648840904236,0.0,0.0,7.468600749969482,10.101980209350586,7800.0,10992.0,6390.0,18175.0,0.0,8585.0,5771.0,11454.0,6197.0,,,,
2026-08-26 22:00:00-05:00,2026-08-26,17017.0,1297.0,401.0,6045.0,9261.0,605.1,16.861000061035156,87.0,0.0,0.0,2.024845600128174,0.0,0.0,5.166236400604248,8.65332317352295,7800.0,10992.0,6390.0,17017.0,0.0,7539.0,5771.0,11454.0,7245.0,,,,
2026-08-26 23:00:00-05:00,2026-08-26,16021.0,1275.0,384.0,5736.0,8590.0,583.1,16.094623565673828,88.75,0.0,0.0,1.898319959640503,0.0,0.0,4.6596784591674805,8.043009757995605,7800.0,10992.0,6409.0,16021.0,0.0,6599.0,5771.0,11454.0,8197.0,,,,
2026-08-27 00:00:00-05:00,2026-08-27,15445.0,1214.0,375.0,5682.0,8150.0,551.1,16.26099967956543,91.0,0.0,0.0,1.6552945375442505,0.0,0.0,5.456189155578613,8.35284423828125,7805.0,10992.0,6395.0,15445.0,0.0,5961.0,5532.0,12037.0,8811.0,0.0,18.37200164794922,0.8999999761581421,87.0
2026-08-27 01:00:00-05:00,2026-08-27,15074.0,1208.0,368.0,5667.0,7826.0,468.3,15.91100025177002,93.0,0.0,0.0,1.9849432706832888,0.0,0.0,4.720169544219971,7.787811279296875,7805.0,10992.0,6395.0,15074.0,0.0,5721.0,5532.0,12037.0,9055.0,0.0,18.12200164794922,0.7280109524726868,85.0
2026-08-27 02:00:00-05:00,2026-08-27,14786.0,1198.0,364.0,5626.0,7586.0,392.4,15.66100025177002,93.0,0.0,0.0,1.788854479789734,0.0,0.0,3.8078866004943848,7.558438777923584,7805.0,10992.0,6395.0,14786.0,0.0,5539.0,5532.0,12037.0,9239.0,0.0,18.12200164794922,0.2828427255153656,84.0
2026-08-27 03:00:00-05:00,2026-08-27,14664.0,1183.0,361.0,5566.0,7522.0,323.8,15.41100025177002,92.0,0.0,0.0,1.886796236038208,0.0,0.0,3.801315546035767,8.052329063415527,7805.0,10992.0,6395.0,14664.0,0.0,5532.0,5532.0,12037.0,9248.0,0.0,18.07200050354004,2.668332815170288,86.0
2026-08-27 04:00:00-05:00,2026-08-27,14921.0,1169.0,355.0,5626.0,7730.0,265.2,14.91100025177002,90.0,0.0,0.0,1.720465064048767,0.0,0.0,3.330165147781372,8.161495208740234,7805.0,10992.0,6395.0,14921.0,0.0,5906.0,5532.0,12037.0,8876.0,0.0,18.67200088500977,2.785677433013916,89.0
2026-08-27 05:00:00-05:00,2026-08-27,16009.0,1174.0,361.0,5777.0,8314.0,232.4,14.66100025177002,91.0,0.0,0.0,1.8439089059829712,0.0,0.0,2.9410884380340576,7.402702331542969,7805.0,10992.0,6395.0,16009.0,0.0,7065.0,5532.0,12037.0,7720.0,0.0,18.42200088500977,2.6248810291290283,91.0
2026-08-27 06:00:00-05:00,2026-08-27,16883.0,1191.0,374.0,6049.0,8862.0,215.7,15.111000061035156,92.0,0.0,0.0,1.7000000476837158,6.0,6.0,3.2015621662139893,6.9354166984558105,7805.0,10992.0,6397.0,16883.0,20.0,7931.0,5532.0,12037.0,6855.0,0.0,18.02200126647949,2.8301944732666016,92.0
2026-08-27 07:00:00-05:00,2026-08-27,17644.0,1210.0,397.0,6393.0,9370.0,205.8,16.211000442504883,88.0,0.0,0.0,1.7691805362701416,53.0,53.0,2.6419689655303955,6.985700130462647,7805.0,10992.0,6391.0,17644.0,81.0,8629.0,5532.0,12037.0,6069.0,75.0,18.972000122070312,3.2015621662139893,91.0
2026-08-27 08:00:00-05:00,2026-08-27,17915.0,1211.0,402.0,6547.0,9764.0,216.1,19.26099967956543,79.0,0.0,0.0,2.3345234394073486,300.0,300.0,3.125699758529663,6.592419624328613,7805.0,10992.0,6244.0,17915.0,152.0,8836.0,5532.0,12037.0,5723.0,253.0,19.82200050354004,3.466987133026123,88.0
2026-08-27 09:00:00-05:00,2026-08-27,18371.0,1215.0,397.0,6659.0,10097.0,218.3,20.911001205444336,77.0,0.0,0.0,2.6476402282714844,325.0,325.0,3.956007957458496,7.473285675048828,7805.0,10992.0,6244.0,18371.0,228.0,9203.0,5532.0,12037.0,5355.0,441.0,21.472000122070312,3.661966562271118,86.0
2026-08-27 10:00:00-05:00,2026-08-27,18837.0,1205.0,398.0,6800.0,10445.0,205.7,23.01099967956543,73.0,0.0,0.0,3.505709648132324,626.0,626.0,4.031128883361816,7.889233112335205,7805.0,10992.0,6247.0,18837.0,263.0,9625.0,5532.0,12037.0,4973.0,590.0,22.57200050354004,3.721558809280396,82.0
2026-08-27 11:00:00-05:00,2026-08-27,19204.0,1206.0,403.0,6886.0,10701.0,195.8,23.51099967956543,73.0,0.0,0.0,3.6221539974212646,545.0,545.0,4.919349670410156,7.720103740692139,7805.0,10992.0,6247.0,19204.0,307.0,9943.0,5532.0,12037.0,4654.0,744.0,23.17200088500977,3.538361072540283,78.0
2026-08-27 12:00:00-05:00,2026-08-27,19619.0,1210.0,407.0,7084.0,10931.0,190.0,23.211000442504883,77.0,0.0,0.0,4.011234283447266,650.0,650.0,5.412947177886963,7.683749198913574,7805.0,10992.0,6255.0,19619.0,320.0,10334.0,5532.0,12037.0,5415.0,829.0,24.27200126647949,3.721558809280396,75.0
2026-08-27 13:00:00-05:00,2026-08-27,19919.0,1212.0,407.0,7207.0,11093.0,159.6,24.711000442504883,70.0,0.0,0.0,5.474486351013184,697.0,697.0,4.792703151702881,7.700649261474609,7805.0,10992.0,6403.0,19919.0,325.0,10719.0,5532.0,12037.0,5176.0,811.0,25.472000122070312,4.27200174331665,68.0
2026-08-27 14:00:00-05:00,2026-08-27,20199.0,1216.0,409.0,7303.0,11263.0,135.9,23.51099967956543,74.0,0.0,0.0,4.753945827484131,261.0,261.0,2.9681644439697266,7.121797561645508,7805.0,10992.0,6406.0,20199.0,307.0,11098.0,5532.0,12037.0,4802.0,754.0,26.472000122070312,4.243819236755371,55.0
2026-08-27 15:00:00-05:00,2026-08-27,20557.0,1240.0,415.0,7429.0,11474.0,116.7,20.461000442504883,90.0,28.799999237060547,0.0,6.51920223236084,170.0,170.0,4.35660457611084,6.717886447906494,7805.0,10992.0,6406.0,20557.0,255.0,11538.0,5532.0,12037.0,4365.0,667.0,27.02200126647949,3.940812110900879,51.0
2026-08-27 16:00:00-05:00,2026-08-27,20867.0,1256.0,420.0,7569.0,11670.0,100.6,22.06100082397461,81.0,1.399999976158142,0.0,5.748913288116455,483.0,483.0,4.570558071136475,5.590169906616211,7805.0,10992.0,6406.0,20867.0,174.0,12037.0,5532.0,12037.0,3869.0,595.0,27.17200088500977,4.123105525970459,47.0
2026-08-27 17:00:00-05:00,2026-08-27,20693.0,1263.0,429.0,7472.0,11538.0,80.8,21.11100006103516,85.0,0.0,0.0,3.330165147781372,92.0,92.0,4.22965669631958,5.249762058258057,7805.0,10992.0,6406.0,20693.0,76.0,12037.0,5532.0,12037.0,3923.0,404.0,26.972000122070312,4.4721360206604,46.0
2026-08-27 18:00:00-05:00,2026-08-27,20389.0,1291.0,453.0,7315.0,11321.0,77.2,21.26099967956543,87.0,0.0,0.0,2.334523677825928,137.0,137.00001525878906,3.6878178119659424,3.7054014205932617,7805.0,10992.0,6409.0,20389.0,16.0,11826.0,5532.0,12037.0,4136.0,218.0,25.77200126647949,3.900000095367432,50.0
2026-08-27 19:00:00-05:00,2026-08-27,20135.0,1309.0,464.0,7259.0,11137.0,80.5,20.01099967956543,86.0,0.0,0.0,2.505992889404297,0.0,0.0,2.668332815170288,3.2695565223693848,7805.0,10992.0,6403.0,20135.0,0.0,11609.0,5532.0,12037.0,4350.0,23.0,23.27200126647949,2.816025733947754,57.0
2026-08-27 20:00:00-05:00,2026-08-27,19511.0,1299.0,462.0,7020.0,10771.0,89.3,19.411001205444336,87.0,0.0,0.0,2.9681644439697266,0.0,0.0,3.231098890304565,4.579301357269287,7805.0,10992.0,6598.0,19511.0,0.0,11002.0,5532.0,12037.0,5149.0,0.0,21.62200164794922,2.640075922012329,63.0
2026-08-27 21:00:00-05:00,2026-08-27,18438.0,1278.0,449.0,6610.0,10107.0,112.5,19.01099967956543,87.0,0.0,0.0,3.1906113624572754,0.0,0.0,3.668787240982056,4.981967449188232,7805.0,10992.0,6590.0,18438.0,0.0,9939.0,5532.0,12037.0,5061.0,0.0,20.27200126647949,1.2041594982147217,69.0
2026-08-27 22:00:00-05:00,2026-08-27,17261.0,1256.0,427.0,6321.0,9256.0,132.7,18.961000442504883,89.0,0.0,0.0,2.483948469161988,0.0,0.0,1.7464250326156616,5.742821216583252,7805.0,10992.0,6590.0,17261.0,0.0,8831.0,5532.0,12037.0,6169.0,0.0,19.222000122070312,1.6970562934875488,75.0
2026-08-27 23:00:00-05:00,2026-08-27,16121.0,1231.0,408.0,5867.0,8586.0,168.6,17.90712547302246,91.5,0.0,0.0,2.7271740436553955,0.0,0.0,2.3287224769592285,5.731492042541504,7805.0,10992.0,6590.0,16121.0,0.0,7733.0,5532.0,12037.0,7260.0,0.0,18.578500747680664,1.2064985036849976,78.75
2026-08-28 00:00:00-05:00,2026-08-28,15514.0,1237.0,393.0,5833.0,8051.0,187.6,17.81100082397461,85.0,0.0,0.0,2.915475845336914,0.0,0.0,3.443835020065308,7.992496490478516,7805.0,10992.0,6618.0,15514.0,0.0,7218.0,6435.0,10999.0,7824.0,0.0,16.722000122070312,1.702938675880432,87.0
2026-08-28 01:00:00-05:00,2026-08-28,15081.0,1222.0,383.0,5829.0,7647.0,177.4,16.56100082397461,86.0,0.0,0.0,2.9546573162078857,0.0,0.0,4.3011627197265625,7.049113750457764,7805.0,10992.0,6618.0,15081.0,0.0,6826.0,6435.0,10999.0,8217.0,0.0,16.422000885009766,2.475883722305298,89.0
2026-08-28 02:00:00-05:00,2026-08-28,14749.0,1202.0,380.0,5759.0,7408.0,179.0,16.06100082397461,85.0,0.0,0.0,3.275667905807495,0.0,0.0,4.110960960388184,6.38200569152832,7805.0,10992.0,6618.0,14749.0,0.0,6526.0,6435.0,10999.0,8517.0,0.0,16.022001266479492,2.302172899246216,89.0
2026-08-28 03:00:00-05:00,2026-08-28,14643.0,1186.0,377.0,5726.0,7354.0,166.5,15.41100025177002,85.0,0.0,0.0,3.0610456466674805,0.0,0.0,3.6138620376586914,6.440496921539307,7805.0,10992.0,6618.0,14643.0,0.0,6435.0,6435.0,10999.0,8609.0,0.0,15.371999740600586,2.720294237136841,88.0
2026-08-28 04:00:00-05:00,2026-08-28,14771.0,1172.0,369.0,5703.0,7527.0,157.9,14.961000442504885,86.0,0.0,0.0,2.332380771636963,0.0,0.0,3.3526110649108887,6.830812454223633,7805.0,10992.0,6618.0,14771.0,0.0,6577.0,6435.0,10999.0,8467.0,0.0,14.42199993133545,2.778488874435425,87.0
2026-08-28 05:00:00-05:00,2026-08-28,15434.0,1188.0,376.0,5715.0,7848.0,155.0,14.361000061035156,84.0,0.0,0.0,2.8844411373138428,0.0,0.0,3.275667905807495,7.211102485656738,7805.0,10992.0,6618.0,15434.0,0.0,7244.0,6435.0,10999.0,7802.0,0.0,13.772000312805176,2.6076810359954834,88.0
2026-08-28 06:00:00-05:00,2026-08-28,16057.0,1206.0,384.0,5821.0,8330.0,155.9,13.961000442504885,85.0,0.0,0.0,2.64007568359375,17.0,16.999996185302734,3.275667905807495,7.117583751678467,7805.0,10992.0,6618.0,16057.0,26.0,7840.0,6435.0,10999.0,7205.0,0.0,13.371999740600586,2.5553863048553467,88.0
2026-08-28 07:00:00-05:00,2026-08-28,16370.0,1209.0,407.0,6020.0,8734.0,143.8,14.16100025177002,83.0,0.0,0.0,3.6400551795959473,160.0,160.00001525878906,3.443835020065308,6.530696868896484,7805.0,10992.0,6623.0,16370.0,117.0,8057.0,6435.0,10999.0,7196.0,50.0,14.722000122070312,2.865309715270996,84.0
2026-08-28 08:00:00-05:00,2026-08-28,16914.0,1190.0,411.0,6224.0,9089.0,140.3,14.81100082397461,79.0,0.0,0.0,4.177319526672363,342.0,342.0,3.3615472316741943,5.590169906616211,7805.0,10953.0,6623.0,16914.0,231.0,8464.0,6435.0,10999.0,6756.0,224.0,16.172000885009766,3.535533905029297,76.0
2026-08-28 09:00:00-05:00,2026-08-28,17196.0,1178.0,409.0,6288.0,9321.0,129.5,15.511000633239746,73.0,0.0,0.0,4.280186653137207,515.0,515.0,3.2695565223693848,5.024937629699707,7805.0,10953.0,6623.0,17196.0,328.0,8644.0,6435.0,10999.0,6573.0,466.0,17.32200050354004,3.7121422290802,66.0
2026-08-28 10:00:00-05:00,2026-08-28,17428.0,1179.0,407.0,6380.0,9462.0,103.1,16.161001205444336,68.0,0.0,0.0,4.393176555633545,663.0,663.0,3.3241541385650635,4.27200174331665,7805.0,10941.0,6626.0,17428.0,381.0,8834.0,6435.0,10999.0,6374.0,628.0,18.82200050354004,3.5735137462615967,57.0
2026-08-28 11:00:00-05:00,2026-08-28,17630.0,1178.0,408.0,6417.0,9627.0,84.2,16.31100082397461,65.0,0.0,0.0,3.76430606842041,682.0,682.0,2.692582368850708,3.224903106689453,7805.0,10941.0,6626.0,17630.0,401.0,9013.0,6435.0,10999.0,6195.0,758.0,20.27200126647949,3.6221539974212646,50.0
2026-08-28 12:00:00-05:00,2026-08-28,18016.0,1193.0,412.0,6611.0,9800.0,66.9,17.01099967956543,58.0,0.0,0.0,4.045985698699951,666.0,666.0,3.721558809280396,2.5632011890411377,7805.0,10941.0,6632.0,18016.0,407.0,9371.0,6435.0,10999.0,6986.0,839.0,21.57200050354004,1.6124515533447266,46.0
2026-08-28 13:00:00-05:00,2026-08-28,18195.0,1209.0,421.0,6700.0,9865.0,57.4,17.711000442504883,56.0,0.0,0.0,3.860051870346069,265.0,265.0,4.617358684539795,1.552417516708374,7805.0,10941.0,6632.0,18195.0,396.0,9561.0,6435.0,10999.0,6797.0,864.0,20.32200050354004,3.4655447006225586,57.0
2026-08-28 14:00:00-05:00,2026-08-28,18339.0,1223.0,431.0,6794.0,9891.0,53.0,17.111000061035156,58.0,0.0,0.0,3.0528674125671387,193.0,193.0,5.035871505737305,0.3162277638912201,7805.0,10941.0,6632.0,18339.0,365.0,9734.0,6435.0,10999.0,6625.0,826.0,19.62200164794922,3.623533964157105,62.0
2026-08-28 15:00:00-05:00,2026-08-28,18748.0,1255.0,438.0,6978.0,10077.0,52.2,17.711000442504883,58.0,0.0,0.0,3.264965534210205,327.0,327.0,5.021952152252197,1.2000000476837158,7985.0,10941.0,6711.0,18748.0,303.0,10020.0,6435.0,10999.0,6414.0,739.0,19.67200088500977,3.4828150272369385,62.0
2026-08-28 16:00:00-05:00,2026-08-28,19319.0,1282.0,441.0,7194.0,10402.0,55.6,16.111000061035156,67.0,0.0,0.0,1.4866068363189695,506.0,506.0,4.729693412780762,2.0024983882904053,7985.0,10941.0,6790.0,19319.0,202.0,10732.0,6435.0,10999.0,5890.0,600.0,19.87200164794922,3.140063524246216,59.0
2026-08-28 17:00:00-05:00,2026-08-28,19421.0,1303.0,447.0,7217.0,10454.0,68.2,17.461000442504883,60.0,0.0,0.0,1.0630146265029907,334.0,333.9999694824219,4.317406177520752,2.773084878921509,7985.0,10941.0,6790.0,19421.0,82.0,10999.0,6435.0,10999.0,5626.0,423.0,19.52200126647949,2.780287742614746,58.0
2026-08-28 18:00:00-05:00,2026-08-28,19069.0,1325.0,468.0,6994.0,10282.0,103.7,16.661001205444336,69.0,0.0,0.0,1.1180340051651,139.0,139.00001525878906,3.3541018962860107,4.459820747375488,7985.0,10941.0,6787.0,19069.0,14.0,10728.0,6435.0,10999.0,5978.0,221.0,18.92200088500977,1.7464250326156616,60.0
2026-08-28 19:00:00-05:00,2026-08-28,18775.0,1321.0,472.0,6863.0,10119.0,110.0,15.16100025177002,71.0,0.0,0.0,1.9104971885681152,0.0,0.0,2.220360517501831,4.827007293701172,7985.0,10941.0,6787.0,18775.0,0.0,10462.0,6435.0,10999.0,6244.0,16.0,17.07200050354004,0.4123105704784393,72.0
2026-08-28 20:00:00-05:00,2026-08-28,18165.0,1299.0,464.0,6615.0,9787.0,109.0,13.91100025177002,75.0,0.0,0.0,1.897366523742676,0.0,0.0,2.0099751949310303,3.8288381099700928,7985.0,10941.0,6782.0,18165.0,0.0,9853.0,6435.0,10999.0,6848.0,0.0,16.272001266479492,0.761577308177948,72.0
2026-08-28 21:00:00-05:00,2026-08-28,17108.0,1270.0,446.0,6209.0,9183.0,116.9,13.16100025177002,76.0,0.0,0.0,1.0440306663513184,0.0,0.0,2.3345234394073486,4.669047355651856,7985.0,10941.0,6774.0,17108.0,0.0,8776.0,6435.0,10999.0,6774.0,0.0,15.722000122070312,1.0440306663513184,72.0
2026-08-28 22:00:00-05:00,2026-08-28,16282.0,1252.0,424.0,5934.0,8672.0,84.8,12.611000061035156,78.0,0.0,0.0,1.5264337062835691,0.0,0.0,2.745906114578247,4.949747562408447,8195.0,10980.0,6774.0,16282.0,0.0,7774.0,6435.0,10999.0,7811.0,0.0,15.17199993133545,1.3000000715255735,72.0
2026-08-28 23:00:00-05:00,2026-08-28,15284.0,1236.0,407.0,5580.0,8061.0,62.6,12.06100082397461,82.0,0.0,0.0,1.4422205686569214,0.0,0.0,3.041381359100342,4.4721360206604,8195.0,10982.0,6774.0,15284.0,0.0,6793.0,6435.0,10999.0,8786.0,0.0,14.772000312805176,2.061552762985229,74.0
2026-08-29 00:00:00-05:00,2026-08-29,14635.0,1222.0,395.0,5429.0,7589.0,96.5,12.011000633239746,82.0,0.0,0.0,1.8027756214141848,0.0,0.0,3.623533964157105,4.410215377807617,8195.0,10986.0,6571.0,14635.0,0.0,6116.0,5122.0,9867.0,9960.0,0.0,15.522000312805176,0.3162277638912201,77.0
2026-08-29 01:00:00-05:00,2026-08-29,14210.0,1209.0,388.0,5390.0,7223.0,105.7,11.56100082397461,83.0,0.0,0.0,1.5132745504379272,0.0,0.0,4.162931442260742,5.303772449493408,8195.0,10986.0,6571.0,14210.0,0.0,5688.0,5122.0,9867.0,10389.0,0.0,14.92199993133545,1.5132745504379272,80.0
2026-08-29 02:00:00-05:00,2026-08-29,13946.0,1201.0,385.0,5318.0,7042.0,103.8,11.41100025177002,86.0,0.0,0.0,1.8248286247253416,0.0,0.0,4.810405254364014,6.029925346374512,8195.0,10986.0,6571.0,13946.0,0.0,5417.0,5122.0,9867.0,10660.0,0.0,15.321999549865724,0.2236068099737167,83.0
2026-08-29 03:00:00-05:00,2026-08-29,13814.0,1182.0,380.0,5327.0,6925.0,101.1,11.511000633239746,90.0,0.0,0.0,1.3892444372177124,0.0,0.0,4.933558464050293,5.922837257385254,8195.0,10986.0,6571.0,13814.0,0.0,5256.0,5122.0,9867.0,10821.0,0.0,14.972000122070312,1.8248286247253416,85.0
2026-08-29 04:00:00-05:00,2026-08-29,13710.0,1175.0,374.0,5220.0,6941.0,100.5,11.16100025177002,89.0,0.0,0.0,1.923538446426392,0.0,0.0,5.166236400604248,4.763401985168457,8195.0,10986.0,6571.0,13710.0,0.0,5138.0,5122.0,9867.0,10937.0,0.0,15.121999740600586,1.7088007926940918,90.0
2026-08-29 05:00:00-05:00,2026-08-29,13752.0,1172.0,373.0,5126.0,7082.0,105.3,10.961000442504885,89.0,0.0,0.0,2.024845600128174,0.0,0.0,4.825971603393555,4.527692794799805,8195.0,10986.0,6571.0,13752.0,0.0,5122.0,5122.0,9867.0,10954.0,0.0,14.821999549865724,0.5830951929092407,89.0
2026-08-29 06:00:00-05:00,2026-08-29,14025.0,1189.0,394.0,5153.0,7289.0,106.9,11.111000061035156,91.0,0.0,0.0,1.7492855787277222,15.0,14.999999046325684,4.428318023681641,4.891829967498779,8195.0,10770.0,6572.0,14025.0,0.0,5395.0,5122.0,9867.0,10421.0,0.0,14.621999740600586,0.948683261871338,89.0
2026-08-29 07:00:00-05:00,2026-08-29,14526.0,1202.0,412.0,5319.0,7594.0,110.9,13.41100025177002,89.0,0.0,0.0,2.3430747985839844,138.0,138.00001525878906,4.4721360206604,5.7801384925842285,8195.0,10770.0,6567.0,14526.0,0.0,5896.0,5122.0,9867.0,10068.0,76.0,15.371999740600586,0.5,90.0
2026-08-29 08:00:00-05:00,2026-08-29,15182.0,1200.0,424.0,5538.0,8020.0,131.5,14.711000442504885,85.0,0.0,0.0,2.061552762985229,154.0,154.0,4.870318412780762,5.818075180053711,8195.0,10770.0,6567.0,15182.0,0.0,6552.0,5122.0,9867.0,9419.0,257.0,16.87200164794922,0.8544003963470459,85.0
2026-08-29 09:00:00-05:00,2026-08-29,15646.0,1203.0,436.0,5710.0,8297.0,145.0,16.461000442504883,81.0,0.0,0.0,2.051828384399414,280.0,280.0,5.077401161193848,6.48845100402832,8195.0,10770.0,6567.0,15646.0,0.0,7016.0,5122.0,9867.0,8954.0,447.0,17.922000885009766,1.9924858808517456,76.0
2026-08-29 10:00:00-05:00,2026-08-29,16066.0,1196.0,441.0,5822.0,8607.0,157.0,18.76099967956543,68.0,0.0,0.0,2.906888246536255,523.0,523.0,4.356604099273682,5.882176876068115,8475.0,10770.0,6570.0,16066.0,0.0,7156.0,5122.0,9867.0,8813.0,619.0,19.57200050354004,2.5317976474761963,73.0
2026-08-29 11:00:00-05:00,2026-08-29,16500.0,1192.0,441.0,5955.0,8912.0,174.9,19.81100082397461,64.0,0.0,0.0,3.8078863620758057,695.0,695.0,4.3011627197265625,6.356099605560303,8475.0,10770.0,6570.0,16500.0,0.0,7590.0,5122.0,9867.0,8379.0,751.0,20.92200088500977,3.101612567901612,73.0
2026-08-29 12:00:00-05:00,2026-08-29,17049.0,1213.0,441.0,6174.0,9221.0,189.1,18.711000442504883,70.0,0.0,0.0,2.6000001430511475,115.0,115.0,4.63249397277832,6.447480201721191,8475.0,10846.0,6577.0,17049.0,0.0,8139.0,5122.0,9867.0,7961.0,834.0,23.07200050354004,4.00124979019165,58.0
2026-08-29 13:00:00-05:00,2026-08-29,17347.0,1214.0,442.0,6331.0,9361.0,183.6,19.81100082397461,71.0,0.0,0.0,2.6076810359954834,472.0,472.0,4.570558071136475,6.74166202545166,8475.0,10846.0,6577.0,17347.0,0.0,8437.0,5122.0,9867.0,7663.0,863.0,24.472000122070312,4.801041603088379,50.0
2026-08-29 14:00:00-05:00,2026-08-29,17683.0,1226.0,449.0,6554.0,9454.0,186.5,18.211000442504883,76.0,0.0,0.0,2.630589008331299,45.0,45.0,4.295345783233643,6.862215518951416,8475.0,10846.0,6581.0,17683.0,0.0,8773.0,5122.0,9867.0,7331.0,832.0,25.62200164794922,5.707013130187988,47.0
2026-08-29 15:00:00-05:00,2026-08-29,18172.0,1261.0,459.0,6719.0,9733.0,186.5,20.26099967956543,72.0,0.4000000059604645,0.0,2.507987260818481,554.0,554.0,3.9458839893341056,6.835203170776367,8475.0,10846.0,6581.0,18172.0,0.0,9262.0,5122.0,9867.0,6841.0,732.0,25.972000122070312,5.990826606750488,47.0
2026-08-29 16:00:00-05:00,2026-08-29,18677.0,1289.0,465.0,6874.0,10050.0,194.7,20.161001205444336,70.0,0.0,0.0,3.224903106689453,348.0,348.0,3.3015148639678955,6.224146366119385,8475.0,10866.0,6581.0,18677.0,0.0,9767.0,5122.0,9867.0,6356.0,586.0,25.62200164794922,5.664803981781006,49.0
2026-08-29 17:00:00-05:00,2026-08-29,18777.0,1306.0,470.0,6850.0,10150.0,188.9,20.457124710083008,68.5,0.0,0.0,3.8996214866638175,305.0,305.0,3.036778688430786,5.470831394195557,8475.0,10866.0,6581.0,18777.0,0.0,9867.0,5122.0,9867.0,6256.0,397.75,24.816001892089844,5.717023849487305,51.0
2026-08-29 18:00:00-05:00,2026-08-29,18389.0,1308.0,466.0,6618.0,9998.0,206.5,19.878250122070312,70.5,0.0,0.0,3.591148376464844,88.0,88.00001525878906,2.6931962966918945,5.099999904632568,8475.0,10866.0,6584.0,18389.0,0.0,9479.0,5122.0,9867.0,6645.0,210.5,24.060001373291016,5.682446479797363,51.5
2026-08-29 19:00:00-05:00,2026-08-29,18116.0,1297.0,456.0,6477.0,9886.0,226.6,19.424375534057617,67.5,0.0,0.0,4.331490993499756,13.5,13.50000286102295,2.562451362609864,5.235455989837647,8475.0,10866.0,6578.0,18116.0,0.0,9206.0,5122.0,9867.0,6914.0,43.75,23.10400009155273,5.741653919219971,51.75
2026-08-29 20:00:00-05:00,2026-08-29,17607.0,1285.0,442.0,6270.0,9610.0,247.4,19.695499420166016,63.0,0.0,0.0,5.544366836547852,0.0,0.0,3.0805842876434326,5.664803981781006,8475.0,10866.0,6578.0,17607.0,0.0,8697.0,5122.0,9867.0,7424.0,0.0,22.79800033569336,5.467174530029297,52.0
2026-08-29 21:00:00-05:00,2026-08-29,16808.0,1259.0,428.0,5974.0,9148.0,252.8,19.195499420166016,63.0,0.0,0.0,5.263078689575195,0.0,0.0,3.6138620376586914,6.324555397033691,8475.0,10866.0,6571.0,16808.0,0.0,7898.0,5122.0,9867.0,8217.0,0.0,22.19799995422364,4.601086616516113,51.0
2026-08-29 22:00:00-05:00,2026-08-29,15941.0,1237.0,408.0,5708.0,8589.0,,18.39550018310547,65.0,0.0,0.0,4.879549503326416,0.0,0.0,3.401470184326172,6.082762718200684,8585.0,10866.0,6571.0,15941.0,0.0,6921.0,5122.0,9867.0,9191.0,0.0,21.597999572753903,3.969886541366577,51.0
2026-08-29 23:00:00-05:00,2026-08-29,,,,,,,16.39550018310547,82.0,0.2000000029802322,0.0,4.060788154602051,0.0,0.0,3.0,5.300943374633789,,,,,,,,,,0.0,21.39800071716309,3.6400551795959473,49.0
2026-08-30 00:00:00-05:00,2026-08-30,14592.0,1156.0,396.0,5252.0,7788.0,160.6,15.711000442504885,80.0,0.0,0.0,2.831960439682007,0.0,0.0,2.6419689655303955,5.491812229156494,8580.0,10606.0,6611.0,14592.0,0.0,5101.0,4439.0,9910.0,9861.0,0.0,18.27200126647949,1.140175461769104,77.0
2026-08-30 01:00:00-05:00,2026-08-30,14113.0,1147.0,391.0,5139.0,7436.0,141.3,15.56100082397461,82.0,0.0,0.0,2.308679342269897,0.0,0.0,2.2022714614868164,5.412947177886963,8580.0,10606.0,6611.0,14113.0,0.0,4727.0,4439.0,9910.0,10236.0,0.0,17.472000122070312,1.6278821229934692,77.0
2026-08-30 02:00:00-05:00,2026-08-30,13869.0,1130.0,386.0,5175.0,7178.0,122.3,15.461000442504885,82.0,0.0,0.0,1.0,0.0,0.0,2.7018513679504395,4.465422630310059,8580.0,10606.0,6611.0,13869.0,0.0,4595.0,4439.0,9910.0,10371.0,0.0,17.672000885009766,1.4560219049453735,80.0
2026-08-30 03:00:00-05:00,2026-08-30,13666.0,1120.0,381.0,5112.0,7053.0,120.1,14.711000442504885,87.0,0.0,0.0,2.0024983882904053,0.0,0.0,2.2090721130371094,4.609772205352783,8580.0,10606.0,6611.0,13666.0,0.0,4470.0,4439.0,9910.0,10498.0,0.0,17.672000885009766,1.3000000715255735,80.0
2026-08-30 04:00:00-05:00,2026-08-30,13525.0,1099.0,374.0,5024.0,7028.0,116.3,14.56100082397461,85.0,0.0,0.0,2.0099751949310303,0.0,0.0,0.2236068099737167,4.891829967498779,8580.0,10606.0,6611.0,13525.0,0.0,4439.0,4439.0,9910.0,10531.0,0.0,17.772001266479492,1.9026297330856323,76.0
2026-08-30 05:00:00-05:00,2026-08-30,13668.0,1095.0,379.0,5051.0,7143.0,128.3,14.211000442504885,85.0,0.0,0.0,1.5132745504379272,0.0,0.0,1.2083046436309814,5.390732765197754,8580.0,10606.0,6611.0,13668.0,0.0,4631.0,4439.0,9910.0,10341.0,0.0,17.87200164794922,2.061552762985229,77.0
2026-08-30 06:00:00-05:00,2026-08-30,14423.0,1097.0,398.0,5203.0,7369.0,152.4,14.31100082397461,87.0,0.0,0.0,2.299999952316284,11.0,10.999999046325684,1.941648840904236,5.685068130493164,8580.0,10606.0,6611.0,14423.0,16.0,5341.0,4439.0,9910.0,9624.0,0.0,17.87200164794922,0.5,77.0
2026-08-30 07:00:00-05:00,2026-08-30,15185.0,1122.0,415.0,5369.0,7871.0,192.6,16.361000061035156,86.0,0.0,0.0,2.247220277786255,135.0,135.0,1.4866068363189695,4.887739658355713,8580.0,10606.0,6611.0,15185.0,66.0,5997.0,4439.0,9910.0,8971.0,17.0,18.222000122070312,0.3605551421642303,80.0
2026-08-30 08:00:00-05:00,2026-08-30,15968.0,1121.0,425.0,5602.0,8437.0,248.7,18.26099967956543,83.0,0.0,0.0,3.661966562271118,288.0,288.0,1.6552945375442505,4.215447902679443,8580.0,10631.0,6611.0,15968.0,135.0,6624.0,4439.0,9910.0,8360.0,59.0,17.522001266479492,0.4123105704784393,89.0
2026-08-30 09:00:00-05:00,2026-08-30,16689.0,1126.0,431.0,5806.0,8987.0,206.5,19.11100006103516,83.0,0.0,0.0,2.7018511295318604,329.0,329.0,2.061552762985229,3.130495071411133,8580.0,10599.0,6611.0,16689.0,186.0,7263.0,4439.0,9910.0,7687.0,37.0,17.82200050354004,0.948683261871338,90.0
2026-08-30 10:00:00-05:00,2026-08-30,17022.0,1124.0,437.0,5991.0,9470.0,167.7,17.76099967956543,87.0,0.0,0.0,2.5612497329711914,47.0,47.0,1.9723082780838013,3.8948683738708496,8580.0,10599.0,6614.0,17022.0,218.0,7539.0,4439.0,9910.0,7414.0,63.0,19.67200088500977,1.4866068363189695,83.0
2026-08-30 11:00:00-05:00,2026-08-30,17502.0,1127.0,441.0,6142.0,9792.0,172.1,19.911001205444336,83.0,0.0,0.0,3.0805842876434326,488.0,488.0,2.9681644439697266,6.140032768249512,8580.0,10599.0,6614.0,17502.0,231.0,7945.0,4439.0,9910.0,7012.0,132.0,20.42200088500977,1.941648840904236,80.0
2026-08-30 12:00:00-05:00,2026-08-30,17811.0,1138.0,444.0,6308.0,9921.0,212.0,21.411001205444336,78.0,0.0,0.0,3.0805842876434326,540.0,540.0,4.060788154602051,4.876474380493164,8580.0,10599.0,6622.0,17811.0,232.0,8139.0,4439.0,9910.0,6836.0,286.0,21.62200164794922,1.9849432706832888,75.0
2026-08-30 13:00:00-05:00,2026-08-30,18092.0,1140.0,441.0,6456.0,10055.0,234.2,23.01099967956543,73.0,0.0,0.0,3.538361072540283,770.0,770.0,5.860033988952637,0.4472136199474334,8580.0,10599.0,6622.0,18092.0,228.0,8486.0,4439.0,9910.0,6490.0,51.0,22.27200126647949,3.448188066482544,78.0
2026-08-30 14:00:00-05:00,2026-08-30,18340.0,1153.0,444.0,6570.0,10173.0,220.7,23.26099967956543,73.0,0.0,0.0,3.522783041000366,721.0,721.0,5.720139980316162,3.3541018962860107,8580.0,10599.0,6622.0,18340.0,211.0,8803.0,4439.0,9910.0,6175.0,219.0,22.37200164794922,4.3046488761901855,70.0
2026-08-30 15:00:00-05:00,2026-08-30,18761.0,1183.0,450.0,6721.0,10407.0,192.3,23.51099967956543,72.0,0.0,0.0,3.6359317302703857,610.0,610.0,5.107836723327637,3.801315546035767,8580.0,10599.0,6622.0,18761.0,185.0,9292.0,4439.0,9910.0,5687.0,571.0,21.472000122070312,2.969848155975342,71.0
2026-08-30 16:00:00-05:00,2026-08-30,19197.0,1214.0,454.0,6888.0,10641.0,173.0,23.56100082397461,70.0,0.0,0.0,3.361547470092773,382.0,382.0,4.080440998077393,3.551056146621704,8580.0,10718.0,6622.0,19197.0,120.0,9882.0,4439.0,9910.0,5204.0,62.0,20.02200126647949,3.2526912689208984,76.0
2026-08-30 17:00:00-05:00,2026-08-30,19113.0,1243.0,458.0,6800.0,10612.0,180.3,21.06100082397461,83.0,0.0,0.0,1.941648840904236,206.0,206.0,3.2557642459869385,3.1780495643615723,8580.0,10718.0,6622.0,19113.0,49.0,9910.0,4439.0,9910.0,5172.0,250.0,19.27200126647949,1.9416487216949463,85.0
2026-08-30 18:00:00-05:00,2026-08-30,18734.0,1252.0,454.0,6634.0,10394.0,204.5,20.711000442504883,87.0,0.699999988079071,0.0,3.773592472076416,110.0,109.99998474121094,3.405877113342285,3.96232271194458,8580.0,10859.0,6619.0,18734.0,8.0,9588.0,4439.0,9910.0,5632.0,145.0,18.972000122070312,1.9104971885681152,90.0
2026-08-30 19:00:00-05:00,2026-08-30,18547.0,1253.0,450.0,6539.0,10305.0,223.4,19.51099967956543,88.0,0.0,0.0,1.8384774923324585,0.0,0.0,2.193171262741089,6.51920223236084,8580.0,10859.0,6619.0,18547.0,0.0,9398.0,4439.0,9910.0,5822.0,0.0,18.42200088500977,2.0124611854553223,93.0
2026-08-30 20:00:00-05:00,2026-08-30,18149.0,1242.0,447.0,6458.0,10002.0,256.0,18.81100082397461,90.0,0.0,0.0,1.886796236038208,0.0,0.0,2.0024983882904053,8.302409172058105,8580.0,10859.0,6619.0,18149.0,0.0,9003.0,4439.0,9910.0,6229.0,0.0,18.27200126647949,3.106444835662842,98.0
2026-08-30 21:00:00-05:00,2026-08-30,17269.0,1211.0,434.0,6185.0,9439.0,278.9,18.26099967956543,92.0,0.0,0.0,1.8601075410842896,0.0,0.0,4.254409313201904,9.07579231262207,8580.0,10859.0,6615.0,17269.0,0.0,8093.0,4439.0,9910.0,7134.0,0.0,18.37200164794922,3.3615472316741943,98.0
2026-08-30 22:00:00-05:00,2026-08-30,16286.0,1189.0,412.0,5889.0,8796.0,236.9,17.611000061035156,90.0,0.0,0.0,1.3601469993591309,0.0,0.0,3.58050274848938,9.266067504882812,8580.0,10902.0,6615.0,16286.0,0.0,7181.0,4439.0,9910.0,8095.0,0.0,17.82200050354004,3.471311092376709,98.0
2026-08-30 23:00:00-05:00,2026-08-30,15543.0,1172.0,395.0,5741.0,8235.0,201.5,17.111000061035156,90.0,0.0,0.0,1.2206555604934692,0.0,0.0,3.6400551795959473,9.140022277832031,8580.0,10902.0,6615.0,15543.0,0.0,6474.0,4439.0,9910.0,8795.0,0.0,17.57200050354004,2.716615676879883,99.0
2026-08-31 00:00:00-05:00,2026-08-31,14862.0,1157.0,368.0,5498.0,7839.0,320.0,16.361000061035156,91.0,0.0,0.0,2.1213202476501465,0.0,0.0,3.8078866004943848,7.502666473388672,8622.0,10387.0,6565.0,14862.0,0.0,5457.0,4900.0,11007.0,9326.0,0.0,17.922000885009766,0.4000000059604645,100.0
2026-08-31 01:00:00-05:00,2026-08-31,14562.0,1146.0,357.0,5503.0,7556.0,310.7,15.81100082397461,92.0,0.0,0.0,2.0024983882904053,0.0,0.0,2.9410881996154785,6.140032768249512,8622.0,10387.0,6565.0,14562.0,0.0,5113.0,4900.0,11007.0,9650.0,0.0,17.87200164794922,0.1414213627576828,99.0
2026-08-31 02:00:00-05:00,2026-08-31,14418.0,1132.0,348.0,5533.0,7405.0,292.8,15.011000633239746,92.0,0.0,0.0,1.6278821229934692,0.0,0.0,3.046309232711792,5.507267951965332,8622.0,10387.0,6565.0,14418.0,0.0,4931.0,4900.0,11007.0,9831.0,0.0,17.722000122070312,0.3000000119209289,100.0
2026-08-31 03:00:00-05:00,2026-08-31,14399.0,1118.0,342.0,5559.0,7380.0,291.1,14.361000061035156,91.0,0.0,0.0,1.720465064048767,0.0,0.0,2.758622884750366,5.420331954956055,8622.0,10387.0,6499.0,14399.0,0.0,4900.0,4900.0,11007.0,9797.0,0.0,17.472000122070312,1.0816653966903689,100.0
2026-08-31 04:00:00-05:00,2026-08-31,15122.0,1106.0,340.0,5623.0,7647.0,244.4,13.91100025177002,92.0,0.0,0.0,1.7691805362701416,0.0,0.0,4.356604099273682,5.315073013305664,8622.0,10387.0,6499.0,15122.0,0.0,5645.0,4900.0,11007.0,9052.0,0.0,17.922000885009766,0.5830951929092407,98.0
2026-08-31 05:00:00-05:00,2026-08-31,15910.0,1111.0,349.0,5961.0,8099.0,209.9,13.31100082397461,93.0,0.0,0.0,1.6552945375442505,0.0,0.0,3.720215082168579,5.326349258422852,8622.0,10387.0,6499.0,15910.0,0.0,6446.0,4900.0,11007.0,8461.0,0.0,18.02200126647949,0.0,99.0
2026-08-31 06:00:00-05:00,2026-08-31,16672.0,1132.0,367.0,6154.0,8644.0,211.2,13.211000442504885,94.0,0.0,0.0,2.126029253005981,11.0,10.999999046325684,2.9410881996154785,6.395310401916504,8622.0,10387.0,6488.0,16672.0,18.0,7146.0,4900.0,11007.0,7352.0,0.0,17.422000885009766,2.420743703842163,100.0
2026-08-31 07:00:00-05:00,2026-08-31,17045.0,1147.0,390.0,6296.0,9212.0,208.8,14.761000633239746,90.0,0.0,0.0,2.9832868576049805,151.0,151.00003051757812,3.794733047485352,5.565968036651611,8622.0,10387.0,6387.0,17045.0,74.0,7414.0,4900.0,11007.0,6983.0,16.0,17.522001266479492,1.923538446426392,100.0
2026-08-31 08:00:00-05:00,2026-08-31,17600.0,1146.0,399.0,6498.0,9557.0,188.5,15.761000633239746,89.0,0.0,0.0,2.6019222736358643,270.0,270.0,4.114608287811279,5.261178016662598,8622.0,10345.0,6231.0,17600.0,148.0,7880.0,4900.0,11007.0,5957.0,87.0,18.07200050354004,1.8027756214141848,98.0
2026-08-31 09:00:00-05:00,2026-08-31,18165.0,1153.0,406.0,6656.0,9950.0,209.9,17.211000442504883,88.0,0.0,0.0,2.353720426559448,472.0,472.0,3.899999856948853,3.046309232711792,8622.0,10315.0,6231.0,18165.0,200.0,8338.0,4900.0,11007.0,5469.0,301.0,18.472000122070312,1.9416487216949463,97.0
2026-08-31 10:00:00-05:00,2026-08-31,18639.0,1148.0,409.0,6811.0,10271.0,228.8,18.411001205444336,87.0,0.0,0.0,2.6076807975769043,558.0,558.0,4.775981426239014,3.132091760635376,8622.0,10284.0,6234.0,18639.0,224.0,8806.0,4900.0,11007.0,4973.0,462.0,18.87200164794922,2.2360680103302,96.0
2026-08-31 11:00:00-05:00,2026-08-31,19133.0,1164.0,408.0,7038.0,10523.0,274.3,19.76099967956543,86.0,0.0,0.0,2.302172899246216,692.0,692.0,4.695742607116699,2.9427878856658936,8622.0,10284.0,6234.0,19133.0,221.0,9266.0,4900.0,11007.0,4573.0,692.0,18.92200088500977,3.041381359100342,98.0
2026-08-31 12:00:00-05:00,2026-08-31,19482.0,1181.0,403.0,7214.0,10684.0,293.0,20.911001205444336,80.0,0.0,0.0,2.617250442504883,733.0,733.0,5.608029842376709,4.992994785308838,8622.0,10282.0,6241.0,19482.0,223.0,9585.0,4900.0,11007.0,4798.0,771.0,18.57200050354004,1.403566837310791,100.0
2026-08-31 13:00:00-05:00,2026-08-31,19828.0,1187.0,408.0,7365.0,10868.0,260.0,21.61100006103516,76.0,0.0,0.0,3.206243991851806,635.0,635.0,5.720139980316162,7.392563819885254,8622.0,10282.0,6241.0,19828.0,218.0,9953.0,4900.0,11007.0,4427.0,793.0,19.222000122070312,1.4317820072174072,100.0
2026-08-31 14:00:00-05:00,2026-08-31,20081.0,1196.0,412.0,7448.0,11025.0,276.9,20.81100082397461,78.0,0.0,0.0,2.280350923538208,171.0,171.0,5.1894121170043945,8.200610160827637,8622.0,10280.0,6319.0,20081.0,200.0,10226.0,4900.0,11007.0,5052.0,173.0,20.77200126647949,3.0,97.0
2026-08-31 15:00:00-05:00,2026-08-31,20467.0,1225.0,420.0,7613.0,11209.0,351.2,21.711000442504883,75.0,0.0,0.0,2.617250442504883,343.0,343.0,6.664833068847656,8.2861328125,8622.0,10280.0,6407.0,20467.0,172.0,10636.0,4900.0,11007.0,4728.0,475.0,19.42200088500977,4.604345798492432,98.0
2026-08-31 16:00:00-05:00,2026-08-31,20785.0,1240.0,428.0,7741.0,11376.0,358.7,20.86100006103516,79.0,0.0,0.0,2.4020824432373047,181.0,181.0,6.931810855865479,8.139410018920898,8622.0,10279.0,6473.0,20785.0,113.0,11007.0,4900.0,11007.0,4424.0,464.0,19.37200164794922,2.0024983882904053,99.0
2026-08-31 17:00:00-05:00,2026-08-31,20455.0,1252.0,427.0,7607.0,11169.0,381.4,20.26099967956543,81.0,0.0,0.0,2.220360517501831,129.0,129.0,5.797413349151611,7.158910751342773,8622.0,10279.0,6473.0,20455.0,43.0,10664.0,4900.0,11007.0,4762.0,195.0,19.42200088500977,2.158703088760376,99.0
2026-08-31 18:00:00-05:00,2026-08-31,20062.0,1267.0,436.0,7411.0,10948.0,455.9,19.411001205444336,83.0,0.0,0.0,1.8110769987106323,18.0,18.0,2.549509763717652,8.060397148132324,8622.0,10281.0,6536.0,20062.0,7.0,10230.0,4900.0,11007.0,4474.0,6.0,19.222000122070312,1.8788294792175293,98.0
2026-08-31 19:00:00-05:00,2026-08-31,19959.0,1280.0,439.0,7384.0,10856.0,490.8,18.911001205444336,83.0,0.0,0.0,2.302172899246216,0.0,0.0,4.313930988311768,7.800641059875488,8622.0,10281.0,6536.0,19959.0,0.0,10072.0,4900.0,11007.0,4631.0,0.0,18.87200164794922,3.801315546035767,100.0
2026-08-31 20:00:00-05:00,2026-08-31,19468.0,1274.0,431.0,7241.0,10522.0,540.3,18.461000442504883,86.0,0.0,0.0,1.2649110555648804,0.0,0.0,4.215447902679443,8.823264122009277,8622.0,10282.0,6536.0,19468.0,0.0,9497.0,4900.0,11007.0,5205.0,0.0,18.57200050354004,1.7029385566711426,100.0
2026-08-31 21:00:00-05:00,2026-08-31,18377.0,1239.0,421.0,6860.0,9857.0,599.1,18.161001205444336,84.0,0.0,0.0,2.41867733001709,0.0,0.0,7.353910446166992,8.704596519470215,8622.0,10389.0,6591.0,18377.0,0.0,8322.0,4900.0,11007.0,6183.0,0.0,18.37200164794922,1.3152945041656494,100.0
2026-08-31 22:00:00-05:00,2026-08-31,17344.0,1223.0,398.0,6529.0,9194.0,584.2,18.01099967956543,86.0,0.0,0.0,0.7071067690849304,0.0,0.0,7.102816581726074,8.861715316772461,8622.0,10433.0,6591.0,17344.0,0.0,7338.0,4900.0,11007.0,7248.0,0.0,19.17200088500977,1.923538446426392,98.0
2026-08-31 23:00:00-05:00,2026-08-31,16424.0,1199.0,378.0,6227.0,8620.0,557.2,17.661001205444336,86.0,0.0,0.0,1.7492855787277222,0.0,0.0,6.021627902984619,8.487638473510742,8622.0,10347.0,6596.0,16424.0,0.0,6468.0,4900.0,11007.0,8284.0,0.0,19.27200126647949,1.2083046436309814,98.0
2026-09-01 00:00:00-05:00,2026-09-01,15759.0,1178.0,360.0,6013.0,8208.0,525.7,16.461000442504883,83.0,0.0,0.0,4.0199503898620605,0.0,0.0,3.436568021774292,8.32165813446045,8617.0,10453.0,6594.0,15759.0,0.0,5941.0,5394.0,13268.0,9332.0,0.0,18.82200050354004,1.523154616355896,95.0
2026-09-01 01:00:00-05:00,2026-09-01,15330.0,1167.0,350.0,5941.0,7872.0,492.0,16.01099967956543,86.0,0.0,0.0,3.1953091621398926,0.0,0.0,1.3892444372177124,8.386298179626465,8617.0,10453.0,6594.0,15330.0,0.0,5533.0,5394.0,13268.0,9740.0,0.0,18.07200050354004,0.7810249924659729,96.0
2026-09-01 02:00:00-05:00,2026-09-01,15198.0,1147.0,344.0,5974.0,7733.0,454.4,15.56100082397461,87.0,0.699999988079071,0.0,4.148493766784668,0.0,0.0,3.023243427276612,9.81121826171875,8617.0,10453.0,6594.0,15198.0,0.0,5503.0,5394.0,13268.0,9772.0,0.0,18.67200088500977,2.720294237136841,92.0
2026-09-01 03:00:00-05:00,2026-09-01,15014.0,1133.0,340.0,5852.0,7690.0,410.3,15.261000633239746,82.0,0.0,0.0,4.162931442260742,0.0,0.0,1.7464250326156616,8.640023231506348,8617.0,10453.0,6607.0,15014.0,0.0,5394.0,5394.0,13268.0,9894.0,0.0,19.57200050354004,3.58050274848938,89.0
2026-09-01 04:00:00-05:00,2026-09-01,15365.0,1123.0,332.0,5917.0,7994.0,375.0,15.011000633239746,86.0,1.100000023841858,0.0,3.535533905029297,0.0,0.0,1.8681540489196773,9.08019733428955,8617.0,10453.0,6607.0,15365.0,0.0,5848.0,5394.0,13268.0,9442.0,0.0,19.82200050354004,2.915475845336914,89.0
2026-09-01 05:00:00-05:00,2026-09-01,16498.0,1134.0,337.0,6269.0,8758.0,360.6,14.611000061035156,84.0,0.0,0.0,4.455333709716797,0.0,0.0,2.193171262741089,8.028076171875,8617.0,10453.0,6607.0,16498.0,0.0,7055.0,5394.0,13268.0,8238.0,0.0,19.722000122070312,3.008321762084961,89.0
2026-09-01 06:00:00-05:00,2026-09-01,17649.0,1166.0,356.0,6628.0,9499.0,339.5,14.361000061035156,83.0,0.0,0.0,3.4205262660980225,2.0,2.0,2.8844411373138428,8.132035255432129,8617.0,10453.0,6602.0,17649.0,0.0,8245.0,5394.0,13268.0,7043.0,0.0,19.82200050354004,2.594224452972412,90.0
2026-09-01 07:00:00-05:00,2026-09-01,18204.0,1183.0,385.0,6799.0,9838.0,297.1,14.31100082397461,84.0,0.0,0.0,3.522783041000366,8.0,8.0,3.440930128097534,7.871467590332031,8617.0,10453.0,6544.0,18204.0,0.0,8896.0,5394.0,13268.0,6491.0,25.0,20.87200164794922,3.289376735687256,89.0
2026-09-01 08:00:00-05:00,2026-09-01,18641.0,1183.0,387.0,7014.0,10058.0,221.0,14.511000633239746,84.0,0.0,0.0,3.3541018962860107,23.0,23.0,3.4828150272369385,5.685947418212891,8617.0,10453.0,6409.0,18641.0,0.0,9422.0,5394.0,13268.0,5843.0,23.0,22.722000122070312,3.395585298538208,87.0
2026-09-01 09:00:00-05:00,2026-09-01,19143.0,1187.0,386.0,7145.0,10425.0,168.1,14.81100082397461,85.0,0.0,0.0,2.118962049484253,31.0,31.0,3.264965534210205,7.3355302810668945,8617.0,10453.0,6145.0,19143.0,0.0,9977.0,5394.0,13268.0,5030.0,46.0,24.57200050354004,3.535533905029297,83.0
2026-09-01 10:00:00-05:00,2026-09-01,19729.0,1176.0,389.0,7345.0,10820.0,148.4,15.961000442504885,82.0,0.0,0.0,3.3615472316741943,89.0,89.0,3.841874599456787,7.244998455047607,8617.0,10453.0,6148.0,19729.0,0.0,10583.0,5394.0,13268.0,4425.0,585.0,25.82200050354004,3.471311092376709,78.0
2026-09-01 11:00:00-05:00,2026-09-01,20323.0,1180.0,390.0,7609.0,11145.0,169.7,18.007125854492188,74.75,0.0,0.0,3.6170167922973633,257.25,257.25,4.044193267822266,7.829431533813477,8617.0,10453.0,6160.0,20323.0,0.0,11132.0,5394.0,13268.0,3889.0,630.75,25.340999603271484,3.444631814956665,78.25
2026-09-01 12:00:00-05:00,2026-09-01,20784.0,1187.0,400.0,7782.0,11415.0,161.2,20.403249740600582,63.5,0.0,0.0,4.393934726715088,555.5,555.5,5.288020133972168,7.513321399688721,8617.0,10453.0,6170.0,20784.0,0.0,11564.0,5394.0,13268.0,4610.0,702.0,25.28499984741211,3.4832303524017334,77.0
2026-09-01 13:00:00-05:00,2026-09-01,21340.0,1202.0,410.0,7986.0,11741.0,203.3,21.149375915527344,56.25,0.0,0.0,4.032593250274658,393.0,393.0,6.031756401062012,8.556283950805664,8617.0,10453.0,6170.0,21340.0,0.0,12101.0,5394.0,13268.0,4073.0,755.5,24.553998947143555,3.607110500335693,78.5
2026-09-01 14:00:00-05:00,2026-09-01,21749.0,1222.0,420.0,8032.0,12075.0,212.1,21.89550018310547,50.0,0.0,0.0,4.373785495758057,488.0,488.0,7.641988754272461,10.52615737915039,8617.0,10453.0,6302.0,21749.0,0.0,12466.0,5394.0,13268.0,3836.0,665.0,21.69799995422364,4.92544412612915,91.0
2026-09-01 15:00:00-05:00,2026-09-01,22280.0,1250.0,431.0,8194.0,12404.0,199.4,22.59549903869629,50.0,0.0,0.0,4.604345798492432,569.0,569.0,7.800641059875488,12.193851470947266,8617.0,10453.0,6438.0,22280.0,0.0,12925.0,5394.0,13268.0,3508.0,209.0,21.19799995422364,4.35660457611084,92.0
2026-09-01 16:00:00-05:00,2026-09-01,22552.0,1243.0,439.0,8337.0,12533.0,,22.295499801635746,52.0,0.0,0.0,3.929376602172852,403.0,403.0,8.266196250915527,11.745637893676758,8617.0,10453.0,6438.0,22552.0,0.0,13268.0,5394.0,13268.0,3167.0,346.0,22.79800033569336,3.96232271194458,86.0
2026-09-01 17:00:00-05:00,2026-09-01,,,,,,,20.695499420166016,62.0,0.1000000014901161,0.0,3.733630895614624,191.0,191.0,5.643580436706543,9.436630249023438,,,,,,,,,,99.0,21.99799919128418,3.395585298538208,88.0
2026-09-01 18:00:00-05:00,2026-09-01,,,,,,,19.795499801635746,64.0,0.0,0.0,3.4058773517608643,127.0,126.99999237060548,3.4885528087615967,6.723094463348389,,,,,,,,,,80.0,21.19799995422364,4.522167682647705,92.0
2026-09-02 00:00:00-05:00,2026-09-02,16678.0,1180.0,384.0,6613.0,8501.0,276.7,16.661001205444336,81.0,0.0,0.0,2.4515302181243896,0.0,0.0,3.310589075088501,8.98220443725586,8585.0,10302.0,6664.0,16678.0,0.0,7314.0,6353.0,12894.0,7796.0,0.0,19.52200126647949,3.966106414794922,93.0
2026-09-02 01:00:00-05:00,2026-09-02,16323.0,1170.0,374.0,6661.0,8118.0,299.3,15.91100025177002,85.0,0.0,0.0,1.6155494451522827,0.0,0.0,2.9410884380340576,8.45931339263916,8585.0,10302.0,6664.0,16323.0,0.0,6968.0,6353.0,12894.0,8142.0,0.0,19.62200164794922,3.966106414794922,93.0
2026-09-02 02:00:00-05:00,2026-09-02,15859.0,1152.0,369.0,6417.0,7921.0,234.9,15.56100082397461,86.0,0.0,0.0,2.2671568393707275,0.0,0.0,2.6419689655303955,8.0024995803833,8585.0,10302.0,6664.0,15859.0,0.0,6556.0,6353.0,12894.0,8555.0,0.0,19.722000122070312,4.070626258850098,94.0
2026-09-02 03:00:00-05:00,2026-09-02,15641.0,1133.0,364.0,6296.0,7848.0,220.2,15.16100025177002,89.0,0.0,0.0,1.923538446426392,0.0,0.0,2.906888246536255,7.011419296264648,8585.0,10302.0,6664.0,15641.0,0.0,6353.0,6353.0,12894.0,8758.0,0.0,19.12200164794922,3.676955223083496,95.0
2026-09-02 04:00:00-05:00,2026-09-02,16421.0,1125.0,352.0,6311.0,8131.0,198.2,14.861000061035156,91.0,0.0,0.0,2.247220277786255,0.0,0.0,2.9732136726379395,6.407027721405029,8585.0,10302.0,6664.0,16421.0,0.0,7129.0,6353.0,12894.0,7983.0,0.0,19.12200164794922,3.2202484607696533,96.0
2026-09-02 05:00:00-05:00,2026-09-02,17528.0,1141.0,357.0,6494.0,8922.0,182.0,15.06100082397461,92.0,0.0,0.0,1.8681540489196773,0.0,0.0,4.02243709564209,6.428063869476318,8585.0,10302.0,6664.0,17528.0,0.0,8252.0,6353.0,12894.0,6860.0,0.0,19.17200088500977,3.041381359100342,96.0
2026-09-02 06:00:00-05:00,2026-09-02,18518.0,1180.0,374.0,6884.0,9702.0,159.9,15.211000442504885,93.0,0.0,0.0,1.923538327217102,6.0,6.0,6.053098201751709,6.512296199798584,8585.0,10302.0,6616.0,18518.0,15.0,9245.0,6353.0,12894.0,5820.0,0.0,19.12200164794922,1.720465064048767,96.0
2026-09-02 07:00:00-05:00,2026-09-02,18892.0,1197.0,401.0,7159.0,10135.0,130.2,16.111000061035156,92.0,0.0,0.0,2.2561028003692627,23.0,23.0,1.9849432706832888,5.68858528137207,8585.0,10302.0,6621.0,18892.0,65.0,9538.0,6353.0,12894.0,5530.0,60.0,19.77200126647949,1.649242281913757,96.0
2026-09-02 08:00:00-05:00,2026-09-02,19306.0,1196.0,403.0,7348.0,10359.0,115.5,17.611000061035156,91.0,0.0,0.0,1.931320786476136,65.0,65.0,3.535533905029297,5.630275726318359,8585.0,10260.0,6618.0,19306.0,137.0,9901.0,6353.0,12894.0,5121.0,229.0,20.92200088500977,4.712748527526856,93.0
2026-09-02 09:00:00-05:00,2026-09-02,20253.0,1192.0,402.0,7513.0,10768.0,140.1,19.661001205444336,89.0,0.0,0.0,1.838477611541748,257.0,257.0,4.729693412780762,5.629387378692627,8585.0,10260.0,6618.0,20253.0,200.0,10816.0,6353.0,12894.0,4212.0,412.0,22.67200088500977,2.64007568359375,89.0
2026-09-02 10:00:00-05:00,2026-09-02,20608.0,1177.0,401.0,7857.0,11173.0,198.5,21.11100006103516,86.0,0.0,0.0,3.667423963546753,339.0,339.0,5.953990459442139,5.442425727844238,8585.0,10260.0,6621.0,20608.0,241.0,11077.0,6353.0,12894.0,3959.0,573.0,21.32200050354004,3.848376274108887,96.0
2026-09-02 11:00:00-05:00,2026-09-02,21042.0,1176.0,401.0,7976.0,11489.0,297.5,22.461000442504883,83.0,0.0,0.0,4.464303016662598,568.0,568.0,5.503635406494141,6.276942253112793,8585.0,10260.0,6621.0,21042.0,279.0,11349.0,6353.0,12894.0,3684.0,671.0,21.57200050354004,2.9427878856658936,94.0
2026-09-02 12:00:00-05:00,2026-09-02,21508.0,1179.0,409.0,8179.0,11741.0,391.9,23.661001205444336,80.0,0.0,0.0,3.405877113342285,513.0,513.0,5.544366359710693,7.158910751342773,8585.0,10228.0,6629.0,21508.0,272.0,11734.0,6353.0,12894.0,4417.0,748.0,22.57200050354004,1.3601469993591309,93.0
2026-09-02 13:00:00-05:00,2026-09-02,21928.0,1182.0,416.0,8211.0,12119.0,466.7,24.76099967956543,79.0,0.0,0.0,4.031128883361816,565.0,565.0,5.531726837158203,8.914033889770508,8585.0,10228.0,6629.0,21928.0,268.0,12125.0,6353.0,12894.0,4026.0,785.0,23.62200164794922,1.931320786476136,91.0
2026-09-02 14:00:00-05:00,2026-09-02,22271.0,1178.0,421.0,8255.0,12417.0,519.6,24.911001205444336,78.0,0.0,0.0,3.538361072540283,270.0,270.0,6.041522979736328,9.78365993499756,8585.0,10228.0,6629.0,22271.0,243.0,12451.0,6353.0,12894.0,3699.0,774.0,23.82200050354004,2.0880613327026367,89.0
2026-09-02 15:00:00-05:00,2026-09-02,22696.0,1207.0,431.0,8268.0,12790.0,558.4,25.411001205444336,80.0,0.0,0.0,2.483948469161988,381.0,381.0,6.40780782699585,10.141498565673828,8585.0,10228.0,6629.0,22696.0,188.0,12894.0,6353.0,12894.0,3257.0,679.0,25.52200126647949,1.5556349754333496,82.0
2026-09-02 16:00:00-05:00,2026-09-02,22489.0,1204.0,433.0,8211.0,12641.0,529.4,24.51099967956543,83.0,0.0,0.0,2.3259406089782715,83.0,83.0,6.262587547302246,10.456098556518556,8585.0,10260.0,6677.0,22489.0,122.0,12826.0,6353.0,12894.0,3547.0,565.0,25.722000122070312,2.385371923446656,79.0
2026-09-02 17:00:00-05:00,2026-09-02,22044.0,1214.0,437.0,8092.0,12301.0,563.9,24.01099967956543,87.0,0.0,0.0,1.6278821229934692,46.0,46.0,6.630987644195557,11.268096923828123,8585.0,10260.0,6680.0,22044.0,51.0,12346.0,6353.0,12894.0,4030.0,341.0,24.27200126647949,3.2449963092803955,82.0
2026-09-02 18:00:00-05:00,2026-09-02,21626.0,1231.0,453.0,7980.0,11962.0,581.7,23.161001205444336,88.0,0.0,0.0,2.505992889404297,25.0,25.0,6.54599142074585,12.903488159179688,8585.0,10260.0,6677.0,21626.0,9.0,11874.0,6353.0,12894.0,4498.0,175.0,23.17200088500977,1.8439089059829712,91.0
2026-09-02 19:00:00-05:00,2026-09-02,21485.0,1268.0,456.0,7908.0,11853.0,623.4,22.56100082397461,91.0,1.100000023841858,0.0,2.617250442504883,0.0,0.0,6.6219329833984375,13.300375938415527,8585.0,10260.0,6677.0,21485.0,0.0,11748.0,6353.0,12894.0,4625.0,0.0,22.07200050354004,2.4413111209869385,95.0
2026-09-02 20:00:00-05:00,2026-09-02,20862.0,1268.0,445.0,7762.0,11387.0,576.5,21.961000442504883,92.0,36.400001525878906,0.0,3.7054014205932617,0.0,0.0,7.043436527252197,12.539936065673828,8585.0,10260.0,6672.0,20862.0,0.0,11207.0,6353.0,12894.0,5163.0,0.0,21.62200164794922,6.264183521270752,97.0
2026-09-02 21:00:00-05:00,2026-09-02,19745.0,1240.0,433.0,7437.0,10635.0,509.3,21.26099967956543,95.0,8.600000381469727,0.0,5.907622337341309,0.0,0.0,5.360037326812744,9.43716049194336,8585.0,10260.0,6664.0,19745.0,0.0,10069.0,6353.0,12894.0,5148.0,0.0,20.722000122070312,2.799999952316284,90.0
2026-09-02 22:00:00-05:00,2026-09-02,18429.0,1229.0,408.0,6931.0,9861.0,409.9,20.711000442504883,93.0,1.7999999523162842,0.0,4.904079914093018,0.0,0.0,3.4928500652313232,9.470480918884276,8585.0,10172.0,6664.0,18429.0,0.0,8910.0,6353.0,12894.0,6225.0,0.0,21.472000122070312,3.3541018962860107,87.0
2026-09-02 23:00:00-05:00,2026-09-02,17376.0,1201.0,388.0,6660.0,9127.0,382.7,20.411001205444336,97.0,6.5,0.0,1.2369316816329956,0.0,0.0,0.7211102843284607,8.668333053588867,8585.0,10172.0,6664.0,17376.0,0.0,7856.0,6353.0,12894.0,7271.0,0.0,20.722000122070312,3.4828150272369385,90.0
2026-09-03 00:00:00-05:00,2026-09-03,16386.0,1034.0,385.0,6330.0,8637.0,272.8,20.161001205444336,96.0,0.0,0.0,0.6324555277824402,0.0,0.0,3.969886541366577,4.326661586761475,8575.0,9829.0,6654.0,16386.0,0.0,7267.0,6320.0,13408.0,6898.0,0.0,19.92200088500977,1.334166407585144,94.0
2026-09-03 01:00:00-05:00,2026-09-03,15950.0,1031.0,377.0,6289.0,8253.0,216.8,20.161001205444336,91.0,0.0,0.0,3.014962673187256,0.0,0.0,1.2000000476837158,3.130495071411133,8575.0,9829.0,6654.0,15950.0,0.0,6910.0,6320.0,13408.0,7257.0,0.0,18.32200050354004,0.7810249924659729,91.0
2026-09-03 02:00:00-05:00,2026-09-03,15606.0,1016.0,372.0,6163.0,8055.0,167.8,19.51099967956543,91.0,0.0,0.0,2.473863363265991,0.0,0.0,1.9026297330856323,2.6476402282714844,8575.0,9829.0,6654.0,15606.0,0.0,6565.0,6320.0,13408.0,7602.0,0.0,18.17200088500977,1.2041594982147217,97.0
2026-09-03 03:00:00-05:00,2026-09-03,15370.0,999.0,368.0,6007.0,7996.0,150.7,19.411001205444336,91.0,0.0,0.0,3.6878178119659424,0.0,0.0,1.726267695426941,2.0880613327026367,8575.0,9829.0,6654.0,15370.0,0.0,6320.0,6320.0,13408.0,7847.0,0.0,17.672000885009766,2.0808651447296143,97.0
2026-09-03 04:00:00-05:00,2026-09-03,16212.0,989.0,360.0,6023.0,8254.0,115.6,18.661001205444336,92.0,0.0,0.0,3.605551242828369,0.0,0.0,1.3038405179977417,1.9697715044021609,8575.0,9829.0,6654.0,16212.0,0.0,7255.0,6320.0,13408.0,6913.0,0.0,17.222000122070312,1.8027756214141848,96.0
2026-09-03 05:00:00-05:00,2026-09-03,17338.0,1068.0,366.0,6351.0,9009.0,101.2,18.11100006103516,91.0,0.0,0.0,3.640054941177368,0.0,0.0,1.5264337062835691,0.761577308177948,8575.0,9829.0,6644.0,17338.0,0.0,8430.0,6320.0,13408.0,5730.0,0.0,17.12200164794922,1.726267695426941,94.0
2026-09-03 06:00:00-05:00,2026-09-03,18212.0,1101.0,382.0,6676.0,9721.0,100.0,17.661001205444336,92.0,0.0,0.0,3.448187828063965,8.0,8.0,1.603121995925903,0.2828427255153656,8575.0,9829.0,6596.0,18212.0,19.0,9300.0,6320.0,13408.0,4807.0,0.0,16.922000885009766,2.1633307933807373,94.0
2026-09-03 07:00:00-05:00,2026-09-03,18542.0,1114.0,405.0,6944.0,10079.0,75.1,18.411001205444336,91.0,0.0,0.0,3.667423963546753,129.0,129.0,3.383785009384156,0.8544003963470459,8575.0,9829.0,6443.0,18542.0,86.0,9613.0,6320.0,13408.0,4343.0,44.0,18.17200088500977,0.7211102843284607,94.0
2026-09-03 08:00:00-05:00,2026-09-03,18954.0,1106.0,406.0,7079.0,10363.0,70.3,19.211000442504883,89.0,0.0,0.0,4.35660457611084,302.0,302.0,7.80320405960083,0.5099019408226013,8575.0,9829.0,6371.0,18954.0,173.0,9949.0,6320.0,13408.0,3844.0,59.0,19.972000122070312,2.5632011890411377,87.0
2026-09-03 09:00:00-05:00,2026-09-03,19877.0,1110.0,404.0,7288.0,10749.0,99.2,20.26099967956543,87.0,0.0,0.0,3.911521673202514,468.0,468.0000305175781,3.8897299766540527,1.5033296346664429,8575.0,9829.0,6363.0,19877.0,250.0,10764.0,6320.0,13408.0,3024.0,26.0,21.62200164794922,1.100000023841858,81.0
2026-09-03 10:00:00-05:00,2026-09-03,20188.0,1102.0,404.0,7562.0,11120.0,140.1,21.26099967956543,85.0,0.0,0.0,3.8832974433898926,569.0,569.0,2.716615676879883,3.1906113624572754,8500.0,9829.0,6257.0,20188.0,302.0,11025.0,6320.0,13408.0,2666.0,496.0,23.222000122070312,1.1704699993133545,74.0
2026-09-03 11:00:00-05:00,2026-09-03,20651.0,1108.0,406.0,7711.0,11426.0,136.4,22.211000442504883,81.0,0.0,0.0,3.8832974433898926,657.0,657.0,0.8602325320243835,2.8844411373138428,8575.0,9829.0,6257.0,20651.0,321.0,11350.0,6320.0,13408.0,2344.0,701.0,23.02200126647949,2.3706538677215576,82.0
2026-09-03 12:00:00-05:00,2026-09-03,21053.0,1125.0,416.0,7852.0,11660.0,102.6,23.06100082397461,77.0,0.0,0.0,3.911521673202514,716.0,716.0,1.0,4.589117527008057,8575.0,9829.0,6412.0,21053.0,319.0,11739.0,6320.0,13408.0,3252.0,785.0,23.67200088500977,1.923538327217102,81.0
2026-09-03 13:00:00-05:00,2026-09-03,21442.0,1130.0,424.0,7944.0,11944.0,144.3,23.61100006103516,72.0,0.0,0.0,3.801315546035767,721.0,721.0,4.570558071136475,6.324555397033691,8575.0,9829.0,6345.0,21442.0,306.0,12094.0,6320.0,13408.0,2830.0,803.0,23.77200126647949,2.5317976474761963,76.0
2026-09-03 14:00:00-05:00,2026-09-03,21791.0,1143.0,429.0,8022.0,12197.0,145.4,23.961000442504883,70.0,0.0,0.0,3.863935708999634,707.0,707.0,3.471311092376709,7.306161880493164,8575.0,9829.0,6532.0,21791.0,283.0,12428.0,6320.0,13408.0,2679.0,768.0,23.82200050354004,2.1470909118652344,75.0
2026-09-03 15:00:00-05:00,2026-09-03,22345.0,1178.0,437.0,8170.0,12560.0,111.9,24.06100082397461,69.0,0.0,0.0,3.9458839893341056,588.0,588.0,2.5553863048553467,6.212889671325684,8575.0,9829.0,6533.0,22345.0,232.0,13050.0,6320.0,13408.0,2059.0,678.0,23.67200088500977,1.216552495956421,76.0
2026-09-03 16:00:00-05:00,2026-09-03,22553.0,1181.0,443.0,8181.0,12748.0,98.7,23.86100006103516,67.0,0.0,0.0,3.551056146621704,461.0,460.99993896484375,3.3241541385650635,10.560302734375,8575.0,9829.0,6653.0,22553.0,150.0,13408.0,6320.0,13408.0,1953.0,535.0,23.32200050354004,1.5,76.0
2026-09-03 17:00:00-05:00,2026-09-03,22100.0,1198.0,450.0,7951.0,12501.0,69.6,22.06100082397461,72.0,0.0,0.0,2.751363039016724,96.0,96.0,1.0198038816452026,7.6059184074401855,8575.0,9829.0,6663.0,22100.0,59.0,13099.0,6320.0,13408.0,2269.0,53.0,22.42200088500977,2.0591259002685547,76.0
2026-09-03 18:00:00-05:00,2026-09-03,21577.0,1209.0,466.0,7698.0,12204.0,56.4,21.161001205444336,81.0,0.0,0.0,2.332380771636963,97.0,96.99999237060548,4.4418463706970215,7.5,8575.0,9829.0,6660.0,21577.0,9.0,12674.0,6320.0,13408.0,2784.0,146.0,21.77200126647949,1.8601075410842896,84.0
2026-09-03 19:00:00-05:00,2026-09-03,21462.0,1237.0,471.0,7684.0,12070.0,61.0,19.711000442504883,86.0,0.0,0.0,2.1400933265686035,0.0,0.0,6.55133581161499,8.414867401123047,8575.0,9829.0,6660.0,21462.0,0.0,12596.0,6320.0,13408.0,2864.0,0.0,20.27200126647949,1.6278821229934692,89.0
2026-09-03 20:00:00-05:00,2026-09-03,20669.0,1229.0,465.0,7428.0,11547.0,67.4,18.961000442504883,88.0,0.0,0.0,1.941648840904236,0.0,0.0,11.32254409790039,8.895503997802734,8575.0,9829.0,6655.0,20669.0,0.0,11808.0,6320.0,13408.0,3647.0,0.0,19.12200164794922,1.3601471185684204,91.0
2026-09-03 21:00:00-05:00,2026-09-03,19418.0,1199.0,452.0,7012.0,10755.0,99.5,18.461000442504883,86.0,0.0,0.0,1.720465064048767,0.0,0.0,4.317406177520752,6.576473712921143,8575.0,9829.0,6648.0,19418.0,0.0,10499.0,6320.0,13408.0,3803.0,0.0,19.222000122070312,1.4142135381698608,90.0
2026-09-03 22:00:00-05:00,2026-09-03,17980.0,1178.0,425.0,6584.0,9793.0,67.7,17.961000442504883,88.0,0.0,0.0,1.9416487216949463,0.0,0.0,3.125699758529663,5.54707145690918,8575.0,9829.0,6648.0,17980.0,0.0,9133.0,6320.0,13408.0,5176.0,0.0,19.42200088500977,2.247220516204834,82.0
2026-09-03 23:00:00-05:00,2026-09-03,16892.0,1145.0,404.0,6303.0,9040.0,52.6,18.24462509155273,82.25,0.0,0.0,1.9309449195861816,0.0,0.0,2.143277168273926,6.15223503112793,8575.0,9829.0,6648.0,16892.0,0.0,8086.0,6320.0,13408.0,6216.0,0.0,19.94099998474121,1.476316213607788,78.0
2026-09-04 00:00:00-05:00,2026-09-04,15694.0,1173.0,373.0,6101.0,8047.0,64.3,17.461000442504883,88.0,0.0,0.0,2.0,0.0,0.0,1.649242281913757,3.8288381099700928,8542.0,10626.0,6647.0,15694.0,0.0,6873.0,6166.0,11827.0,8204.0,0.0,18.67200088500977,1.334166407585144,88.0
2026-09-04 01:00:00-05:00,2026-09-04,15153.0,1160.0,364.0,5913.0,7716.0,52.0,17.411001205444336,91.0,0.0,0.0,1.7464250326156616,0.0,0.0,0.4000000059604645,4.243819236755371,8542.0,10626.0,6647.0,15153.0,0.0,6354.0,6166.0,11827.0,8724.0,0.0,17.972000122070312,0.8062257766723633,82.0
2026-09-04 02:00:00-05:00,2026-09-04,15098.0,1144.0,358.0,5795.0,7801.0,42.2,17.01099967956543,91.0,0.0,0.0,1.8027756214141848,0.0,0.0,0.3162277638912201,3.3541018962860107,8542.0,10626.0,6647.0,15098.0,0.0,6305.0,6166.0,11827.0,8773.0,0.0,17.62200164794922,0.7280109524726868,80.0
2026-09-04 03:00:00-05:00,2026-09-04,14938.0,1129.0,357.0,5729.0,7723.0,40.3,16.911001205444336,92.0,0.0,0.0,1.6155494451522827,0.0,0.0,0.8999999761581421,2.860069990158081,8542.0,10626.0,6647.0,14938.0,0.0,6166.0,6166.0,11827.0,8912.0,0.0,17.12200164794922,2.549509763717652,83.0
2026-09-04 04:00:00-05:00,2026-09-04,15600.0,1114.0,353.0,5789.0,7920.0,36.9,16.361000061035156,91.0,0.0,0.0,1.603121995925903,0.0,0.0,2.118962049484253,3.640054941177368,8542.0,10626.0,6647.0,15600.0,0.0,6832.0,6166.0,11827.0,8246.0,0.0,16.672000885009766,2.284731864929199,84.0
2026-09-04 05:00:00-05:00,2026-09-04,16650.0,1131.0,363.0,6128.0,8399.0,23.4,16.461000442504883,92.0,0.0,0.0,2.2135941982269287,0.0,0.0,2.1213202476501465,1.9209372997283936,8542.0,10626.0,6620.0,16650.0,0.0,7910.0,6166.0,11827.0,7142.0,0.0,16.272001266479492,2.061552762985229,87.0
2026-09-04 06:00:00-05:00,2026-09-04,17278.0,1163.0,379.0,6567.0,9169.0,21.8,16.611000061035156,92.0,0.0,0.0,1.523154616355896,2.0,2.0,1.7492855787277222,2.0223748683929443,8542.0,10626.0,6572.0,17278.0,23.0,8533.0,6166.0,11827.0,6466.0,0.0,16.07200050354004,2.0396077632904053,89.0
2026-09-04 07:00:00-05:00,2026-09-04,17677.0,1179.0,407.0,6727.0,9364.0,33.2,16.911001205444336,91.0,0.0,0.0,1.838477611541748,29.0,29.0,0.7810249924659729,2.334523677825928,8542.0,10626.0,6577.0,17677.0,97.0,8869.0,6166.0,11827.0,6134.0,50.0,17.522001266479492,1.6763055324554443,89.0
2026-09-04 08:00:00-05:00,2026-09-04,18205.0,1169.0,418.0,6772.0,9846.0,55.6,18.161001205444336,85.0,0.0,0.0,2.692582368850708,259.0,259.0000305175781,1.8601075410842896,2.745906114578247,8542.0,10626.0,6277.0,18205.0,196.0,9274.0,6166.0,11827.0,5432.0,135.0,19.222000122070312,0.4472136199474334,87.0
2026-09-04 09:00:00-05:00,2026-09-04,18563.0,1169.0,419.0,6931.0,10044.0,26.1,19.161001205444336,81.0,0.0,0.0,2.5553863048553467,430.0,430.0,2.507987260818481,9.718539237976074,8542.0,10626.0,6335.0,18563.0,269.0,9613.0,6166.0,11827.0,5154.0,334.0,20.37200164794922,0.7810249924659729,85.0
2026-09-04 10:00:00-05:00,2026-09-04,19030.0,1154.0,419.0,7103.0,10354.0,38.2,20.11100006103516,77.0,0.0,0.0,3.178049802780152,609.0,609.0,1.4142135381698608,1.552417516708374,8542.0,10626.0,6232.0,19030.0,306.0,10019.0,6166.0,11827.0,4655.0,379.0,20.07200050354004,1.0295629501342771,84.0
2026-09-04 11:00:00-05:00,2026-09-04,19376.0,1163.0,421.0,7138.0,10654.0,48.2,20.81100082397461,73.0,0.0,0.0,3.4205262660980225,614.0,614.0,5.024937629699707,3.401470422744751,8542.0,10629.0,6232.0,19376.0,309.0,10357.0,6166.0,11827.0,4326.0,238.0,21.37200164794922,0.943398118019104,82.0
2026-09-04 12:00:00-05:00,2026-09-04,19754.0,1175.0,424.0,7318.0,10837.0,113.5,21.11100006103516,71.0,0.0,0.0,3.720215082168579,739.0,739.0,4.418144226074219,1.9924858808517456,8542.0,10629.0,6240.0,19754.0,302.0,10662.0,6166.0,11827.0,5170.0,179.0,21.57200050354004,1.9646883010864256,78.0
2026-09-04 13:00:00-05:00,2026-09-04,19984.0,1184.0,431.0,7353.0,11016.0,101.9,21.56100082397461,70.0,0.0,0.0,3.440930128097534,742.0,742.0,3.6069376468658447,1.6124515533447266,8542.0,10629.0,6240.0,19984.0,287.0,10884.0,6166.0,11827.0,4948.0,336.0,19.17200088500977,2.6570661067962646,87.0
2026-09-04 14:00:00-05:00,2026-09-04,20218.0,1196.0,438.0,7398.0,11186.0,90.2,21.11100006103516,70.0,0.0,0.0,2.5612497329711914,315.0,315.0,4.104875087738037,1.9104971885681152,8542.0,10629.0,6377.0,20218.0,272.0,11125.0,6166.0,11827.0,4842.0,677.0,19.32200050354004,2.758622884750366,85.0
2026-09-04 15:00:00-05:00,2026-09-04,20737.0,1225.0,441.0,7554.0,11517.0,103.6,21.31100082397461,69.0,0.0,0.0,2.3600847721099854,319.0,319.0,5.672741889953613,1.897366523742676,8542.0,10629.0,6619.0,20737.0,219.0,11665.0,6166.0,11827.0,4540.0,583.0,19.77200126647949,1.2041594982147217,83.0
2026-09-04 16:00:00-05:00,2026-09-04,20812.0,1237.0,443.0,7490.0,11642.0,92.7,20.61100006103516,76.0,0.0,0.0,3.551056146621704,373.0,373.0,3.883297681808472,1.649242281913757,8542.0,10629.0,6709.0,20812.0,140.0,11827.0,6166.0,11827.0,4467.0,533.0,21.472000122070312,0.5656854510307312,83.0
2026-09-04 17:00:00-05:00,2026-09-04,20491.0,1261.0,448.0,7250.0,11532.0,109.3,19.56100082397461,75.0,0.0,0.0,2.475883722305298,215.0,215.0,2.6248810291290283,2.299999952316284,8542.0,10629.0,6709.0,20491.0,51.0,11571.0,6166.0,11827.0,4719.0,298.0,20.722000122070312,0.8999999761581421,85.0
2026-09-04 18:00:00-05:00,2026-09-04,20013.0,1272.0,465.0,7005.0,11271.0,89.4,18.711000442504883,81.0,0.0,0.0,1.9849432706832888,75.0,75.0,1.7029385566711426,2.617250442504883,8542.0,10629.0,6706.0,20013.0,7.0,11130.0,6166.0,11827.0,5157.0,174.0,18.12200164794922,2.334523677825928,90.0
2026-09-04 19:00:00-05:00,2026-09-04,19891.0,1281.0,469.0,6904.0,11237.0,91.6,17.911001205444336,83.0,0.0,0.0,1.9104971885681152,0.0,0.0,0.9219544529914856,3.7054014205932617,8542.0,10629.0,6706.0,19891.0,0.0,11017.0,6166.0,11827.0,5271.0,0.0,17.972000122070312,1.8384774923324585,92.0
2026-09-04 20:00:00-05:00,2026-09-04,19126.0,1265.0,462.0,6662.0,10737.0,97.2,17.01099967956543,85.0,0.0,0.0,1.886796236038208,0.0,0.0,1.3152945041656494,5.491812229156494,8542.0,10629.0,6701.0,19126.0,0.0,10225.0,6166.0,11827.0,6057.0,0.0,18.02200126647949,1.3000000715255735,94.0
2026-09-04 21:00:00-05:00,2026-09-04,18103.0,1234.0,447.0,6387.0,10035.0,116.4,17.01099967956543,84.0,0.0,0.0,2.280350923538208,0.0,0.0,1.0198038816452026,5.685947418212891,8542.0,10629.0,6693.0,18103.0,0.0,9130.0,6166.0,11827.0,5999.0,0.0,18.87200164794922,1.8027756214141848,91.0
2026-09-04 22:00:00-05:00,2026-09-04,16968.0,1215.0,428.0,5988.0,9337.0,107.5,16.661001205444336,84.0,0.0,0.0,2.505992889404297,0.0,0.0,3.92173433303833,5.9539899826049805,8542.0,10635.0,6693.0,16968.0,0.0,7988.0,6166.0,11827.0,7153.0,0.0,19.57200050354004,3.0016660690307617,88.0
2026-09-04 23:00:00-05:00,2026-09-04,15845.0,1190.0,407.0,5737.0,8511.0,109.7,15.81100082397461,88.0,0.0,0.0,1.7029385566711426,0.0,0.0,3.501428365707397,5.470831394195557,8542.0,10635.0,6693.0,15845.0,0.0,6838.0,6166.0,11827.0,8295.0,0.0,19.32200050354004,1.552417516708374,88.0
2026-09-05 00:00:00-05:00,2026-09-05,15215.0,1175.0,403.0,5548.0,8089.0,65.6,15.861000061035156,91.0,0.0,0.0,1.7464250326156616,0.0,0.0,1.6552945375442505,2.9832868576049805,8532.0,10537.0,6673.0,15215.0,0.0,6173.0,5003.0,9564.0,8868.0,0.0,17.222000122070312,2.816025495529175,89.0
2026-09-05 01:00:00-05:00,2026-09-05,14789.0,1164.0,395.0,5543.0,7687.0,78.8,15.361000061035156,91.0,0.0,0.0,1.0,0.0,0.0,2.640075922012329,3.8183767795562735,8532.0,10566.0,6673.0,14789.0,0.0,5755.0,5003.0,9564.0,9314.0,0.0,16.922000885009766,2.353720426559448,90.0
2026-09-05 02:00:00-05:00,2026-09-05,14342.0,1142.0,390.0,5395.0,7415.0,75.3,15.111000061035156,90.0,0.0,0.0,1.3601471185684204,0.0,0.0,2.5961508750915527,2.9529645442962646,8532.0,10566.0,6673.0,14342.0,0.0,5324.0,5003.0,9564.0,9745.0,0.0,16.422000885009766,1.931320786476136,91.0
2026-09-05 03:00:00-05:00,2026-09-05,14129.0,1127.0,384.0,5333.0,7285.0,83.3,14.91100025177002,92.0,0.0,0.0,2.1633307933807373,0.0,0.0,1.5033296346664429,1.923538327217102,8532.0,10566.0,6673.0,14129.0,0.0,5118.0,5003.0,9564.0,9951.0,0.0,15.971999168395996,2.41867733001709,89.0
2026-09-05 04:00:00-05:00,2026-09-05,14068.0,1110.0,379.0,5269.0,7310.0,130.4,14.711000442504885,93.0,0.0,0.0,1.8788294792175293,0.0,0.0,2.5632011890411377,3.8327536582946777,8532.0,10566.0,6673.0,14068.0,0.0,5003.0,5003.0,9564.0,10066.0,0.0,15.621999740600586,2.745906114578247,88.0
2026-09-05 05:00:00-05:00,2026-09-05,14127.0,1109.0,388.0,5322.0,7308.0,163.2,14.511000633239746,93.0,0.0,0.0,1.788854479789734,0.0,0.0,2.996665000915528,6.087692260742188,8532.0,10566.0,6673.0,14127.0,0.0,5009.0,5003.0,9564.0,10059.0,0.0,15.17199993133545,2.9427878856658936,87.0
2026-09-05 06:00:00-05:00,2026-09-05,14814.0,1129.0,414.0,5453.0,7469.0,187.4,15.361000061035156,92.0,0.0,0.0,1.5652475357055664,2.0,2.0,3.383784770965576,5.632051467895508,8532.0,10566.0,6673.0,14814.0,23.0,5666.0,5003.0,9564.0,9402.0,0.0,14.972000122070312,2.886173963546753,88.0
2026-09-05 07:00:00-05:00,2026-09-05,15540.0,1159.0,435.0,5660.0,7906.0,173.2,16.161001205444336,89.0,0.0,0.0,1.8439089059829712,49.0,49.0,2.7658631801605225,4.792703151702881,8532.0,10566.0,6678.0,15540.0,112.0,6345.0,5003.0,9564.0,8726.0,55.0,16.32200050354004,2.886173963546753,90.0
2026-09-05 08:00:00-05:00,2026-09-05,15920.0,1175.0,447.0,5910.0,8388.0,171.9,17.56100082397461,84.0,0.0,0.0,2.507987260818481,292.0,292.0,3.969886541366577,5.968249320983887,8532.0,10566.0,6678.0,15920.0,224.0,6635.0,5003.0,9564.0,8434.0,222.0,17.772001266479492,3.551056146621704,87.0
2026-09-05 09:00:00-05:00,2026-09-05,16479.0,1176.0,451.0,6068.0,8784.0,191.3,17.31100082397461,84.0,0.0,0.0,2.353720426559448,112.0,112.0,4.1617302894592285,7.381734371185303,8532.0,10537.0,6678.0,16479.0,311.0,7117.0,5003.0,9564.0,7927.0,397.0,19.02200126647949,3.981205940246582,80.0
2026-09-05 10:00:00-05:00,2026-09-05,16945.0,1165.0,455.0,6233.0,9092.0,182.8,19.01099967956543,80.0,0.0,0.0,2.2135941982269287,565.0,565.0,3.940812110900879,6.020797252655029,8532.0,10537.0,6681.0,16945.0,361.0,7558.0,5003.0,9564.0,7497.0,572.0,19.972000122070312,4.0199503898620605,75.0
2026-09-05 11:00:00-05:00,2026-09-05,17378.0,1169.0,462.0,6359.0,9388.0,176.8,19.911001205444336,75.0,0.0,0.0,2.844292640686035,505.0,505.0,4.652956008911133,5.869412422180176,8532.0,10537.0,6681.0,17378.0,383.0,7972.0,5003.0,9564.0,7082.0,707.0,21.12200164794922,4.044749736785889,68.0
2026-09-05 12:00:00-05:00,2026-09-05,17769.0,1180.0,459.0,6494.0,9636.0,175.9,20.26099967956543,73.0,0.0,0.0,3.106444835662842,641.0,641.0,4.827007293701172,5.664803981781006,8532.0,10537.0,6689.0,17769.0,387.0,8315.0,5003.0,9564.0,6745.0,753.0,22.12200164794922,2.729468822479248,65.0
2026-09-05 13:00:00-05:00,2026-09-05,17991.0,1179.0,466.0,6562.0,9784.0,174.6,21.01099967956543,69.0,0.0,0.0,2.061552762985229,727.0,727.0,5.360037326812744,5.1894121170043945,8532.0,10537.0,6689.0,17991.0,382.0,8475.0,5003.0,9564.0,6584.0,800.0,21.82200050354004,2.5,68.0
2026-09-05 14:00:00-05:00,2026-09-05,18292.0,1199.0,469.0,6674.0,9950.0,191.2,21.711000442504883,65.0,0.0,0.0,1.726267695426941,640.0,640.0,4.83735466003418,4.841487407684326,8532.0,10537.0,6689.0,18292.0,351.0,8711.0,5003.0,9564.0,6347.0,754.0,21.87200164794922,1.8601075410842896,68.0
2026-09-05 15:00:00-05:00,2026-09-05,18774.0,1223.0,482.0,6854.0,10215.0,210.3,21.911001205444336,64.0,0.0,0.0,1.8248286247253416,518.0,518.0,3.9458839893341056,5.077401161193848,8532.0,10537.0,6689.0,18774.0,290.0,9154.0,5003.0,9564.0,5903.0,685.0,20.972000122070312,2.8284270763397217,73.0
2026-09-05 16:00:00-05:00,2026-09-05,19104.0,1244.0,492.0,6950.0,10418.0,238.2,17.711000442504883,87.0,2.200000047683716,0.0,3.2015621662139893,8.0,8.0,3.224903106689453,6.640783309936523,8532.0,10537.0,6689.0,19104.0,187.0,9564.0,5003.0,9564.0,5495.0,494.0,19.62200164794922,2.459674835205078,79.0
2026-09-05 17:00:00-05:00,2026-09-05,18958.0,1266.0,501.0,6814.0,10377.0,287.0,18.51099967956543,87.0,0.0,0.0,2.549509763717652,72.0,72.0,4.317406177520752,8.188406944274902,8532.0,10537.0,6689.0,18958.0,69.0,9506.0,5003.0,9564.0,5555.0,227.0,19.87200164794922,1.2041594982147217,77.0
2026-09-05 18:00:00-05:00,2026-09-05,18577.0,1274.0,504.0,6553.0,10246.0,347.5,17.06100082397461,87.0,0.4000000059604645,0.0,3.679673910140991,11.0,11.0,5.0,9.390420913696287,8532.0,10537.0,6686.0,18577.0,9.0,9125.0,5003.0,9564.0,5932.0,177.0,19.37200164794922,1.5264337062835691,79.0
2026-09-05 19:00:00-05:00,2026-09-05,18369.0,1283.0,495.0,6437.0,10154.0,328.6,16.611000061035156,91.0,0.0,0.0,2.061552762985229,0.0,0.0,4.0199503898620605,9.426027297973633,8532.0,10537.0,6686.0,18369.0,0.0,8969.0,5003.0,9564.0,6089.0,0.0,18.77200126647949,1.0770329236984253,87.0
2026-09-05 20:00:00-05:00,2026-09-05,17665.0,1259.0,479.0,6139.0,9788.0,310.9,16.56100082397461,91.0,0.0,0.0,1.8601075410842896,0.0,0.0,3.535533905029297,9.940824508666992,8532.0,10566.0,6681.0,17665.0,0.0,8299.0,5003.0,9564.0,6768.0,0.0,18.32200050354004,2.433104991912842,84.0
2026-09-05 21:00:00-05:00,2026-09-05,16769.0,1234.0,462.0,5819.0,9254.0,273.1,16.461000442504883,93.0,0.0,0.0,1.4142135381698608,0.0,0.0,4.201189994812012,9.454099655151367,8532.0,10566.0,6673.0,16769.0,0.0,7420.0,5003.0,9564.0,7629.0,0.0,18.02200126647949,2.549509763717652,83.0
2026-09-05 22:00:00-05:00,2026-09-05,15962.0,1211.0,434.0,5588.0,8729.0,220.1,15.81100082397461,93.0,0.0,0.0,1.649242281913757,0.0,0.0,3.701351165771485,8.443340301513672,8532.0,10566.0,6673.0,15962.0,0.0,6721.0,5003.0,9564.0,8331.0,0.0,17.422000885009766,2.408318996429444,84.0
2026-09-05 23:00:00-05:00,2026-09-05,15106.0,1187.0,410.0,5314.0,8195.0,189.2,15.06100082397461,91.0,0.0,0.0,1.5811388492584229,0.0,0.0,3.436568021774292,6.720862865447998,8532.0,10566.0,6673.0,15106.0,0.0,5929.0,5003.0,9564.0,9124.0,0.0,16.772001266479492,2.745906114578247,83.0
2026-09-06 00:00:00-05:00,2026-09-06,14265.0,1140.0,414.0,5177.0,7534.0,267.2,15.011000633239746,91.0,0.0,0.0,2.5553863048553467,0.0,0.0,3.96232271194458,7.621679306030273,8532.0,10790.0,6639.0,14265.0,0.0,5028.0,4225.0,9425.0,10224.0,0.0,16.62200164794922,2.5,90.0
2026-09-06 01:00:00-05:00,2026-09-06,13890.0,1128.0,412.0,5148.0,7202.0,207.7,14.81100082397461,90.0,0.0,0.0,1.7464250326156616,0.0,0.0,2.9427878856658936,7.543209075927734,8532.0,10790.0,6639.0,13890.0,0.0,4728.0,4225.0,9425.0,10526.0,0.0,16.972000122070312,2.807133674621582,89.0
2026-09-06 02:00:00-05:00,2026-09-06,13568.0,1105.0,411.0,5095.0,6957.0,187.8,14.211000442504885,90.0,0.0,0.0,1.7000000476837158,0.0,0.0,2.9832868576049805,7.083784103393555,8532.0,10790.0,6639.0,13568.0,0.0,4460.0,4225.0,9425.0,10794.0,0.0,16.57200050354004,2.617250442504883,89.0
2026-09-06 03:00:00-05:00,2026-09-06,13421.0,1090.0,410.0,5101.0,6820.0,191.2,13.66100025177002,91.0,0.0,0.0,1.702938675880432,0.0,0.0,2.6476402282714844,6.155485153198242,8532.0,10790.0,6639.0,13421.0,0.0,4335.0,4225.0,9425.0,10920.0,0.0,16.07200050354004,2.408318996429444,89.0
2026-09-06 04:00:00-05:00,2026-09-06,13331.0,1074.0,410.0,5046.0,6801.0,193.4,13.261000633239746,92.0,0.0,0.0,1.7117242813110352,0.0,0.0,2.9832868576049805,5.522680282592773,8532.0,10821.0,6639.0,13331.0,0.0,4263.0,4225.0,9425.0,11005.0,0.0,15.571999549865724,2.302172899246216,88.0
2026-09-06 05:00:00-05:00,2026-09-06,13296.0,1070.0,408.0,5065.0,6753.0,205.4,12.861000061035156,92.0,0.0,0.0,1.552417516708374,0.0,0.0,2.7892651557922363,5.580322742462158,8532.0,10821.0,6639.0,13296.0,0.0,4225.0,4225.0,9425.0,11045.0,0.0,15.121999740600586,2.302172899246216,89.0
2026-09-06 06:00:00-05:00,2026-09-06,13381.0,1077.0,406.0,5091.0,6807.0,183.0,12.611000061035156,93.0,0.0,0.0,1.4142135381698608,6.0,5.999999046325684,2.7658634185791016,6.489992618560791,8532.0,10821.0,6639.0,13381.0,22.0,4328.0,4225.0,9425.0,10941.0,0.0,14.821999549865724,2.3194828033447266,91.0
2026-09-06 07:00:00-05:00,2026-09-06,13855.0,1097.0,415.0,5231.0,7112.0,153.2,14.06100082397461,91.0,0.0,0.0,1.5297058820724487,128.0,127.99999237060548,2.5298221111297607,6.2681732177734375,8532.0,10821.0,6639.0,13855.0,110.0,4794.0,4225.0,9425.0,10498.0,56.0,16.022001266479492,2.745906114578247,90.0
2026-09-06 08:00:00-05:00,2026-09-06,14391.0,1108.0,425.0,5350.0,7508.0,145.2,15.511000633239746,84.0,0.0,0.0,1.9104971885681152,306.0,306.0,3.2449963092803955,5.186521053314209,8532.0,10790.0,6639.0,14391.0,220.0,5250.0,4225.0,9425.0,10017.0,236.0,17.472000122070312,3.3421547412872314,89.0
2026-09-06 09:00:00-05:00,2026-09-06,14839.0,1113.0,436.0,5428.0,7862.0,150.6,16.611000061035156,80.0,0.0,0.0,1.6970562934875488,479.0,479.0,3.36005973815918,6.010823249816895,8532.0,10761.0,6639.0,14839.0,305.0,5612.0,4225.0,9425.0,9625.0,311.0,18.57200050354004,3.1890437602996826,85.0
2026-09-06 10:00:00-05:00,2026-09-06,15278.0,1109.0,436.0,5577.0,8156.0,151.0,17.81100082397461,75.0,0.0,0.0,1.3038405179977417,627.0,627.0,3.538361072540283,6.171709537506104,8532.0,10761.0,6642.0,15278.0,362.0,6004.0,4225.0,9425.0,9236.0,439.0,19.07200050354004,2.996665000915528,83.0
2026-09-06 11:00:00-05:00,2026-09-06,15729.0,1114.0,446.0,5716.0,8453.0,142.4,18.81100082397461,75.0,0.0,0.0,0.8062257766723633,694.0,694.0,3.310589075088501,6.400781154632568,8532.0,10761.0,6642.0,15729.0,393.0,6448.0,4225.0,9425.0,8791.0,580.0,19.42200088500977,3.0066592693328857,81.0
2026-09-06 12:00:00-05:00,2026-09-06,16112.0,1132.0,449.0,5875.0,8656.0,121.3,20.11100006103516,68.0,0.0,0.0,1.8027756214141848,680.0,680.0,3.668787240982056,6.306345939636231,8532.0,10761.0,6649.0,16112.0,400.0,6848.0,4225.0,9425.0,8399.0,638.0,20.17200088500977,2.5317976474761963,80.0
2026-09-06 13:00:00-05:00,2026-09-06,16387.0,1137.0,453.0,5995.0,8802.0,109.6,20.81100082397461,61.0,0.0,0.0,2.6476402282714844,782.0,782.0,4.242640495300293,6.618912220001221,8532.0,10761.0,6649.0,16387.0,389.0,7147.0,4225.0,9425.0,8100.0,786.0,21.07200050354004,3.601388454437256,74.0
2026-09-06 14:00:00-05:00,2026-09-06,17167.0,1162.0,454.0,6174.0,9035.0,106.5,21.11100006103516,60.0,0.0,0.0,2.7658634185791016,722.0,722.0,4.393176555633545,6.760177135467529,8532.0,10761.0,6649.0,17167.0,358.0,7940.0,4225.0,9425.0,7290.0,703.0,21.67200088500977,3.5999999046325684,71.0
2026-09-06 15:00:00-05:00,2026-09-06,17874.0,1209.0,459.0,6411.0,9426.0,107.8,21.211000442504883,57.0,0.0,0.0,2.807133674621582,608.0,608.0,5.100980281829834,5.748912811279297,8532.0,10761.0,6649.0,17874.0,290.0,8662.0,4225.0,9425.0,6585.0,581.0,21.82200050354004,3.3015148639678955,69.0
2026-09-06 16:00:00-05:00,2026-09-06,18239.0,1230.0,470.0,6638.0,9901.0,105.5,20.81100082397461,58.0,0.0,0.0,2.2561028003692627,458.0,457.99993896484375,4.809365749359131,4.63249397277832,8532.0,10761.0,6649.0,18239.0,187.0,9123.0,4225.0,9425.0,6126.0,545.0,21.62200164794922,3.001666307449341,69.0
2026-09-06 17:00:00-05:00,2026-09-06,18400.0,1260.0,476.0,6627.0,10037.0,115.3,20.31100082397461,66.0,0.0,0.0,1.4142135381698608,278.0,278.0000305175781,3.811823606491089,4.738142967224121,8532.0,10761.0,6649.0,18400.0,73.0,9425.0,4225.0,9425.0,5826.0,261.0,20.972000122070312,2.844292640686035,71.0
2026-09-06 18:00:00-05:00,2026-09-06,18165.0,1270.0,484.0,6484.0,9927.0,129.8,18.911001205444336,72.0,0.0,0.0,1.7029385566711426,85.0,84.99999237060547,2.334523677825928,4.883646011352539,8532.0,10761.0,6646.0,18165.0,10.0,9254.0,4225.0,9425.0,5996.0,172.0,20.07200050354004,2.102379560470581,75.0
2026-09-06 19:00:00-05:00,2026-09-06,17957.0,1281.0,493.0,6363.0,9820.0,117.8,17.26099967956543,70.0,0.0,0.0,2.102379560470581,0.0,0.0,1.897366523742676,5.124451160430908,8532.0,10761.0,6646.0,17957.0,0.0,9099.0,4225.0,9425.0,6151.0,0.0,18.52200126647949,0.2236068099737167,83.0
2026-09-06 20:00:00-05:00,2026-09-06,17203.0,1244.0,492.0,6092.0,9375.0,111.3,16.161001205444336,78.0,0.0,0.0,1.9697715044021609,0.0,0.0,3.0066592693328857,4.738142967224121,8532.0,10790.0,6646.0,17203.0,0.0,8368.0,4225.0,9425.0,6912.0,0.0,17.522001266479492,1.1180340051651,85.0
2026-09-06 21:00:00-05:00,2026-09-06,16201.0,1207.0,475.0,5753.0,8766.0,117.8,15.461000442504885,78.0,0.0,0.0,1.5652475357055664,0.0,0.0,2.807133674621582,4.876473903656006,8532.0,10790.0,6639.0,16201.0,0.0,7345.0,4225.0,9425.0,7927.0,0.0,16.82200050354004,1.923538446426392,89.0
2026-09-06 22:00:00-05:00,2026-09-06,15432.0,1191.0,458.0,5479.0,8304.0,126.6,14.961000442504885,77.0,0.0,0.0,0.8944272398948669,0.0,0.0,4.204759120941162,5.249762058258057,8532.0,10790.0,6639.0,15432.0,0.0,6585.0,4225.0,9425.0,8687.0,0.0,16.222000122070312,1.9209372997283936,90.0
2026-09-06 23:00:00-05:00,2026-09-06,14672.0,1171.0,442.0,5260.0,7799.0,139.7,14.557125091552734,74.5,0.0,0.0,1.330538272857666,0.0,0.0,3.61586332321167,5.502726078033447,8532.0,10796.0,6639.0,14672.0,0.0,5816.0,4225.0,9425.0,9454.0,0.0,16.353500366210938,1.2747548818588257,85.25
2026-09-07 00:00:00-05:00,2026-09-07,14140.0,1142.0,361.0,5148.0,7489.0,101.3,14.761000633239746,80.0,0.0,0.0,1.5297058820724487,0.0,0.0,2.5709919929504395,4.031128883361816,8529.0,10812.0,6639.0,14140.0,0.0,5307.0,4495.0,10547.0,9945.0,0.0,15.772000312805176,1.7464250326156616,88.0
2026-09-07 01:00:00-05:00,2026-09-07,13812.0,1128.0,351.0,5185.0,7148.0,85.6,13.81100082397461,84.0,0.0,0.0,2.2135941982269287,0.0,0.0,1.8681540489196773,3.361547470092773,8529.0,10812.0,6639.0,13812.0,0.0,5005.0,4495.0,10547.0,10248.0,0.0,14.92199993133545,1.3601471185684204,90.0
2026-09-07 02:00:00-05:00,2026-09-07,13527.0,1112.0,356.0,5125.0,6934.0,83.6,13.461000442504885,86.0,0.0,0.0,2.1540658473968506,0.0,0.0,2.200000047683716,2.376972913742065,8529.0,10812.0,6639.0,13527.0,0.0,4749.0,4495.0,10547.0,10504.0,0.0,14.222000122070312,1.403566837310791,87.0
2026-09-07 03:00:00-05:00,2026-09-07,13419.0,1097.0,355.0,5149.0,6818.0,84.8,13.06100082397461,89.0,0.0,0.0,2.102379560470581,0.0,0.0,2.5612497329711914,2.5632011890411377,8529.0,10812.0,6639.0,13419.0,0.0,4659.0,4495.0,10547.0,10595.0,0.0,13.722000122070312,2.220360517501831,88.0
2026-09-07 04:00:00-05:00,2026-09-07,13330.0,1055.0,343.0,5100.0,6832.0,88.6,12.81100082397461,87.0,0.0,0.0,2.061552762985229,0.0,0.0,2.408318996429444,3.3541018962860107,8529.0,10813.0,6639.0,13330.0,0.0,4582.0,4495.0,10547.0,10673.0,0.0,13.321999549865724,2.158703088760376,89.0
2026-09-07 05:00:00-05:00,2026-09-07,13240.0,1049.0,333.0,4974.0,6884.0,96.1,12.611000061035156,84.0,0.0,0.0,1.838477611541748,0.0,0.0,2.9832866191864014,3.7054014205932617,8529.0,10813.0,6639.0,13240.0,0.0,4495.0,4495.0,10547.0,10762.0,0.0,12.92199993133545,1.8439089059829712,89.0
2026-09-07 06:00:00-05:00,2026-09-07,13364.0,1066.0,358.0,4997.0,6943.0,107.5,12.41100025177002,86.0,0.0,0.0,1.9646883010864256,5.0,5.000000953674316,3.577708959579468,4.63249397277832,8529.0,10813.0,6639.0,13364.0,23.0,4594.0,4495.0,10547.0,10655.0,0.0,12.772000312805176,1.788854479789734,88.0
2026-09-07 07:00:00-05:00,2026-09-07,14069.0,1091.0,375.0,5097.0,7199.0,98.4,14.111000061035156,90.0,0.0,0.0,0.7810249924659729,126.0,125.99998474121094,4.0,4.775981426239014,8529.0,10813.0,6639.0,14069.0,112.0,5250.0,4495.0,10547.0,10003.0,25.0,14.17199993133545,0.9219544529914856,91.0
2026-09-07 08:00:00-05:00,2026-09-07,14674.0,1104.0,394.0,5268.0,7607.0,104.9,16.211000442504883,83.0,0.0,0.0,1.2369316816329956,306.0,306.0,4.248528957366943,4.512205600738525,8529.0,10774.0,6639.0,14674.0,223.0,5750.0,4495.0,10547.0,9471.0,100.0,16.922000885009766,1.4317820072174072,87.0
2026-09-07 09:00:00-05:00,2026-09-07,15282.0,1112.0,407.0,5408.0,8047.0,113.7,18.461000442504883,79.0,0.0,0.0,1.334166407585144,479.0,479.0,3.8948683738708496,4.949747562408447,8529.0,10763.0,6639.0,15282.0,306.0,6267.0,4495.0,10547.0,8942.0,285.0,19.17200088500977,0.670820415019989,81.0
2026-09-07 10:00:00-05:00,2026-09-07,15908.0,1117.0,418.0,5585.0,8466.0,123.7,20.461000442504883,65.0,0.0,0.0,1.603121995925903,623.0,623.0,3.2695565223693848,4.716990470886231,8529.0,10763.0,6642.0,15908.0,350.0,6837.0,4495.0,10547.0,8374.0,505.0,20.42200088500977,0.761577308177948,77.0
2026-09-07 11:00:00-05:00,2026-09-07,16222.0,1111.0,428.0,5813.0,8870.0,120.7,21.51099967956543,55.0,0.0,0.0,2.1540658473968506,725.0,725.0,3.6138620376586914,5.063595294952393,8529.0,10763.0,6642.0,16222.0,364.0,7126.0,4495.0,10547.0,8090.0,682.0,20.92200088500977,2.408318996429444,74.0
2026-09-07 12:00:00-05:00,2026-09-07,16740.0,1129.0,432.0,6026.0,9153.0,96.4,21.86100006103516,50.0,0.0,0.0,2.469817876815796,778.0,778.0,4.219004154205322,5.3758721351623535,8529.0,10763.0,6649.0,16740.0,363.0,7654.0,4495.0,10547.0,7569.0,768.0,21.52200126647949,2.807133674621582,62.0
2026-09-07 13:00:00-05:00,2026-09-07,17062.0,1151.0,443.0,6080.0,9388.0,90.3,22.06100082397461,56.0,0.0,0.0,2.4413111209869385,727.0,727.0,4.638965606689453,5.990826606750488,8529.0,10763.0,6649.0,17062.0,352.0,7975.0,4495.0,10547.0,7248.0,811.0,22.37200164794922,2.640075922012329,53.0
2026-09-07 14:00:00-05:00,2026-09-07,18021.0,1179.0,444.0,6357.0,9670.0,87.9,22.211000442504883,54.0,0.0,0.0,2.816025495529175,666.0,666.0,4.522167682647705,6.462197780609131,8529.0,10763.0,6649.0,18021.0,328.0,8944.0,4495.0,10547.0,6280.0,778.0,22.472000122070312,2.8017852306365967,51.0
2026-09-07 15:00:00-05:00,2026-09-07,18801.0,1226.0,461.0,6583.0,10119.0,100.2,22.161001205444336,54.0,0.0,0.0,2.4515302181243896,549.0,549.0,4.4721360206604,5.500908851623535,8529.0,10763.0,6649.0,18801.0,269.0,9744.0,4495.0,10547.0,5480.0,679.0,22.42200088500977,2.906888246536255,51.0
2026-09-07 16:00:00-05:00,2026-09-07,19210.0,1249.0,471.0,6844.0,10646.0,103.9,21.56100082397461,59.0,0.0,0.0,2.996665000915528,445.0,444.9999694824219,3.4928500652313232,5.408326625823975,8529.0,10763.0,6708.0,19210.0,171.0,10239.0,4495.0,10547.0,5037.0,543.0,22.222000122070312,2.404163122177124,51.0
2026-09-07 17:00:00-05:00,2026-09-07,19423.0,1267.0,465.0,6917.0,10774.0,93.2,20.461000442504883,67.0,0.0,0.0,2.692582368850708,257.0,257.0,3.7121422290802,4.99799919128418,8529.0,10763.0,6708.0,19423.0,66.0,10547.0,4495.0,10547.0,4732.0,341.0,21.77200126647949,2.0,51.0
2026-09-07 18:00:00-05:00,2026-09-07,19204.0,1266.0,456.0,6814.0,10668.0,108.7,19.01099967956543,75.0,0.0,0.0,2.2825424671173096,53.0,53.0,3.401470422744751,4.785394668579102,8529.0,10763.0,6705.0,19204.0,8.0,10348.0,4495.0,10547.0,4929.0,167.0,20.722000122070312,1.4317820072174072,59.0
2026-09-07 19:00:00-05:00,2026-09-07,18974.0,1282.0,451.0,6651.0,10590.0,110.0,17.661001205444336,78.0,0.0,0.0,1.9849432706832888,0.0,0.0,2.8460500240325928,4.220189571380615,8529.0,10763.0,6705.0,18974.0,0.0,10129.0,4495.0,10547.0,5148.0,0.0,18.972000122070312,0.8485281467437744,70.0
2026-09-07 20:00:00-05:00,2026-09-07,18166.0,1254.0,435.0,6371.0,10106.0,108.4,16.861000061035156,81.0,0.0,0.0,2.061552762985229,0.0,0.0,3.601388454437256,3.605551242828369,8529.0,10774.0,6705.0,18166.0,0.0,9309.0,4495.0,10547.0,5978.0,0.0,18.27200126647949,1.1661903858184814,67.0
2026-09-07 21:00:00-05:00,2026-09-07,17075.0,1241.0,420.0,5998.0,9416.0,116.9,16.711000442504883,82.0,0.0,0.0,1.9104971885681152,0.0,0.0,3.337663650512696,3.4234485626220703,8529.0,10774.0,6697.0,17075.0,0.0,8177.0,4495.0,10547.0,7108.0,0.0,17.972000122070312,1.341640830039978,63.0
2026-09-07 22:00:00-05:00,2026-09-07,16120.0,1204.0,406.0,5731.0,8779.0,105.3,16.711000442504883,83.0,0.0,0.0,1.9849432706832888,0.0,0.0,3.748332977294922,4.40113639831543,8529.0,10812.0,6697.0,16120.0,0.0,7230.0,4495.0,10547.0,8092.0,0.0,17.37200164794922,0.8062257766723633,62.0
2026-09-07 23:00:00-05:00,2026-09-07,15261.0,1174.0,390.0,5519.0,8178.0,103.5,17.244625091552734,79.25,0.0,0.0,2.0419864654541016,0.0,0.0,3.32324767112732,4.601086616516113,8529.0,10812.0,6697.0,15261.0,0.0,6352.0,4495.0,10547.0,8962.0,0.0,17.49100112915039,1.6681252717971802,62.0
2026-09-08 00:00:00-05:00,2026-09-08,14577.0,1175.0,373.0,5364.0,7665.0,106.3,15.91100025177002,85.0,0.0,0.0,2.334523677825928,0.0,0.0,3.634556293487549,3.700000047683716,8529.0,10452.0,6648.0,14577.0,0.0,5647.0,5281.0,11513.0,9258.0,0.0,16.922000885009766,2.061552762985229,72.0
2026-09-08 01:00:00-05:00,2026-09-08,14293.0,1169.0,364.0,5432.0,7328.0,106.4,15.861000061035156,86.0,0.0,0.0,2.334523677825928,0.0,0.0,3.383785009384156,4.410215377807617,8529.0,10452.0,6648.0,14293.0,0.0,5371.0,5281.0,11513.0,9535.0,0.0,16.32200050354004,1.4866068363189695,76.0
2026-09-08 02:00:00-05:00,2026-09-08,14187.0,1155.0,358.0,5542.0,7132.0,100.1,15.81100082397461,88.0,0.0,0.0,1.6401219367980957,0.0,0.0,3.2557642459869385,5.3338541984558105,8529.0,10452.0,6648.0,14187.0,0.0,5281.0,5281.0,11513.0,9625.0,0.0,16.07200050354004,2.505992889404297,76.0
2026-09-08 03:00:00-05:00,2026-09-08,14204.0,1139.0,353.0,5606.0,7106.0,94.5,15.961000442504885,89.0,0.0,0.0,1.6124515533447266,0.0,0.0,3.499999761581421,5.220153331756592,8529.0,10452.0,6648.0,14204.0,0.0,5308.0,5281.0,11513.0,9598.0,0.0,15.722000122070312,2.1540658473968506,79.0
2026-09-08 04:00:00-05:00,2026-09-08,14737.0,1124.0,345.0,5541.0,7375.0,70.4,15.611000061035156,88.0,0.4000000059604645,0.0,1.7117242813110352,0.0,0.0,3.5114099979400635,4.295346260070801,8529.0,10452.0,6648.0,14737.0,0.0,5845.0,5281.0,11513.0,9061.0,0.0,15.321999549865724,2.1633307933807373,81.0
2026-09-08 05:00:00-05:00,2026-09-08,15678.0,1149.0,351.0,5720.0,7864.0,59.9,15.711000442504885,91.0,0.0,0.0,1.523154616355896,0.0,0.0,3.4132096767425537,3.966106414794922,8529.0,10452.0,6648.0,15678.0,0.0,6798.0,5281.0,11513.0,8108.0,0.0,14.92199993133545,1.8384774923324585,81.0
2026-09-08 06:00:00-05:00,2026-09-08,16270.0,1191.0,374.0,6203.0,8502.0,60.3,15.81100082397461,94.0,0.0,0.0,2.1213202476501465,0.0,0.0,3.4132096767425537,2.860069990158081,8529.0,10452.0,6600.0,16270.0,16.0,7362.0,5281.0,11513.0,7490.0,0.0,14.472000122070312,1.2649110555648804,83.0
2026-09-08 07:00:00-05:00,2026-09-08,16828.0,1205.0,399.0,6281.0,8943.0,57.9,16.31100082397461,94.0,0.0,0.0,1.9697715044021609,22.0,22.0,2.7073974609375,2.7202939987182617,8529.0,10452.0,5940.0,16828.0,87.0,7905.0,5281.0,11513.0,6301.0,49.0,15.772000312805176,0.6082762479782104,86.0
2026-09-08 08:00:00-05:00,2026-09-08,17226.0,1203.0,400.0,6282.0,9341.0,58.7,16.76099967956543,91.0,0.0,0.0,1.835756063461304,38.0,38.0,1.7464250326156616,2.731300115585327,8529.0,10413.0,5899.0,17226.0,180.0,8233.0,5281.0,11513.0,5894.0,224.0,17.87200164794922,1.0,84.0
2026-09-08 09:00:00-05:00,2026-09-08,17718.0,1209.0,406.0,6418.0,9685.0,68.3,17.361000061035156,89.0,0.0,0.0,2.420743703842163,176.0,176.0,1.979898929595948,3.667424201965332,8529.0,10411.0,5899.0,17718.0,253.0,8638.0,5281.0,11513.0,5489.0,412.0,19.87200164794922,1.345362424850464,78.0
2026-09-08 10:00:00-05:00,2026-09-08,18074.0,1202.0,406.0,6490.0,9976.0,74.1,18.711000442504883,83.0,0.0,0.0,2.8999998569488525,515.0,515.0,3.1622774600982666,4.341658592224121,8529.0,10405.0,5902.0,18074.0,289.0,8929.0,5281.0,11513.0,5202.0,577.0,20.87200164794922,1.923538327217102,74.0
2026-09-08 11:00:00-05:00,2026-09-08,18581.0,1212.0,407.0,6680.0,10282.0,74.3,19.36100006103516,76.0,0.0,0.0,2.5612497329711914,528.0,528.0,3.7121422290802,4.3011627197265625,8529.0,10405.0,5902.0,18581.0,297.0,9402.0,5281.0,11513.0,4734.0,706.0,21.57200050354004,2.2561028003692627,73.0
2026-09-08 12:00:00-05:00,2026-09-08,19097.0,1223.0,409.0,6906.0,10559.0,86.1,19.961000442504883,73.0,0.0,0.0,2.334523677825928,572.0,572.0,4.215447902679443,4.860041618347168,8529.0,10405.0,5909.0,19097.0,286.0,9867.0,5281.0,11513.0,5419.0,759.0,22.77200126647949,2.400000095367432,66.0
2026-09-08 13:00:00-05:00,2026-09-08,19460.0,1228.0,409.0,7034.0,10789.0,113.6,20.26099967956543,73.0,0.0,0.0,2.126029253005981,543.0,543.0,4.455333709716797,4.172529220581055,8529.0,10405.0,5909.0,19460.0,259.0,10209.0,5281.0,11513.0,5076.0,795.0,24.02200126647949,2.4020824432373047,51.0
2026-09-08 14:00:00-05:00,2026-09-08,20235.0,1244.0,412.0,7224.0,11054.0,140.2,20.31100082397461,77.0,0.0,0.0,2.1213202476501465,551.0,551.0,5.099019527435303,4.313930988311768,8529.0,10405.0,5909.0,20235.0,236.0,10943.0,5281.0,11513.0,4343.0,747.0,24.52200126647949,2.7018513679504395,46.0
2026-09-08 15:00:00-05:00,2026-09-08,20534.0,1279.0,416.0,7400.0,11439.0,164.2,19.661001205444336,80.0,0.0,0.0,2.4186770915985107,351.0,351.0,5.115662097930908,3.36005973815918,8529.0,10405.0,5909.0,20534.0,182.0,11203.0,5281.0,11513.0,4081.0,674.0,24.722000122070312,2.435159206390381,44.0
2026-09-08 16:00:00-05:00,2026-09-08,20870.0,1290.0,423.0,7481.0,11676.0,205.0,19.26099967956543,80.0,0.0,0.0,0.8944272398948669,57.0,57.0,5.000999927520752,3.959797859191896,8529.0,10405.0,5957.0,20870.0,111.0,11513.0,5281.0,11513.0,3811.0,443.0,24.27200126647949,2.408318996429444,45.0
2026-09-08 17:00:00-05:00,2026-09-08,20601.0,1287.0,429.0,7428.0,11457.0,240.1,19.31100082397461,80.0,0.0,0.0,1.421267032623291,120.0,120.0,5.035871505737305,3.8288381099700928,8529.0,10405.0,6355.0,20601.0,38.0,11224.0,5281.0,11513.0,4490.0,318.0,23.472000122070312,2.7073974609375,49.0
2026-09-08 18:00:00-05:00,2026-09-08,20190.0,1293.0,446.0,7219.0,11232.0,288.0,18.461000442504883,84.0,0.0,0.0,1.780449390411377,16.0,16.0,4.767598628997803,4.548625946044922,8529.0,10405.0,6352.0,20190.0,5.0,10677.0,5281.0,11513.0,5032.0,147.0,21.972000122070312,2.816025495529175,58.0
2026-09-08 19:00:00-05:00,2026-09-08,19970.0,1308.0,452.0,7089.0,11121.0,304.0,17.861000061035156,84.0,0.0,0.0,2.1470909118652344,0.0,0.0,4.130375385284424,5.852349758148193,8529.0,10405.0,6352.0,19970.0,0.0,10305.0,5281.0,11513.0,5401.0,0.0,20.32200050354004,2.5019991397857666,76.0
2026-09-08 20:00:00-05:00,2026-09-08,19110.0,1291.0,443.0,6750.0,10626.0,349.1,16.76099967956543,86.0,0.0,0.0,2.193171262741089,0.0,0.0,5.024937629699707,7.810249805450439,8529.0,10405.0,6347.0,19110.0,0.0,9254.0,5281.0,11513.0,6443.0,0.0,19.87200164794922,2.8635642528533936,75.0
2026-09-08 21:00:00-05:00,2026-09-08,18005.0,1252.0,428.0,6431.0,9894.0,423.2,16.111000061035156,89.0,0.0,0.0,1.9104971885681152,0.0,0.0,4.805205345153809,5.81377649307251,8529.0,10411.0,6340.0,18005.0,0.0,7922.0,5281.0,11513.0,6631.0,0.0,19.87200164794922,2.6570661067962646,72.0
2026-09-08 22:00:00-05:00,2026-09-08,16833.0,1234.0,396.0,6047.0,9156.0,451.2,15.611000061035156,88.0,0.0,0.0,2.193171262741089,0.0,0.0,3.448187828063965,5.941380500793457,8529.0,10450.0,6340.0,16833.0,0.0,6650.0,5281.0,11513.0,7939.0,0.0,19.67200088500977,2.5019991397857666,76.0
2026-09-08 23:00:00-05:00,2026-09-08,15967.0,1209.0,374.0,5803.0,8581.0,499.0,14.961000442504885,87.0,0.0,0.0,2.2360680103302,0.0,0.0,3.3526110649108887,6.053924083709717,8529.0,10452.0,6340.0,15967.0,0.0,5637.0,5281.0,11513.0,8944.0,0.0,19.57200050354004,3.001666307449341,76.0
2026-09-09 00:00:00-05:00,2026-09-09,15487.0,1209.0,340.0,5793.0,8145.0,442.0,16.661001205444336,90.0,0.0,0.0,1.7464250326156616,0.0,0.0,4.830113887786865,6.378871440887451,8529.0,10410.0,6382.0,15487.0,0.0,5436.0,4747.0,9990.0,9445.0,0.0,19.722000122070312,0.948683261871338,85.0
2026-09-09 01:00:00-05:00,2026-09-09,15187.0,1198.0,328.0,5844.0,7817.0,454.1,16.51099967956543,89.0,0.0,0.0,1.649242281913757,0.0,0.0,3.966106414794922,7.119690895080566,8529.0,10410.0,6382.0,15187.0,0.0,5094.0,4747.0,9990.0,9746.0,0.0,19.62200164794922,1.3601471185684204,87.0
2026-09-09 02:00:00-05:00,2026-09-09,15050.0,1182.0,320.0,5914.0,7634.0,439.6,16.31100082397461,92.0,0.0,0.0,1.4317821264266968,0.0,0.0,3.744328737258911,7.440430164337158,8529.0,10410.0,6382.0,15050.0,0.0,4899.0,4747.0,9990.0,9913.0,0.0,19.42200088500977,2.102379560470581,89.0
2026-09-09 03:00:00-05:00,2026-09-09,15027.0,1167.0,316.0,5953.0,7591.0,459.9,15.91100025177002,92.0,0.0,0.0,2.1377556324005127,0.0,0.0,4.554119110107422,7.093658924102783,8529.0,10410.0,6382.0,15027.0,0.0,4747.0,4747.0,9990.0,10048.0,0.0,19.27200126647949,2.284731864929199,88.0
2026-09-09 04:00:00-05:00,2026-09-09,15803.0,1159.0,307.0,6021.0,7872.0,465.9,15.66100025177002,91.0,0.0,0.0,2.668332815170288,0.0,0.0,3.535533905029297,6.661081314086914,8529.0,10410.0,6382.0,15803.0,0.0,5516.0,4747.0,9990.0,9329.0,0.0,18.67200088500977,1.5297058820724487,91.0
2026-09-09 05:00:00-05:00,2026-09-09,16796.0,1181.0,313.0,6185.0,8564.0,488.8,15.261000633239746,91.0,0.0,0.0,2.184032917022705,0.0,0.0,2.1954498291015625,6.103277683258057,8529.0,10410.0,6382.0,16796.0,0.0,6432.0,4747.0,9990.0,8351.0,0.0,18.82200050354004,1.6552945375442505,91.0
2026-09-09 06:00:00-05:00,2026-09-09,17693.0,1221.0,337.0,6583.0,9207.0,552.4,14.361000061035156,90.0,0.0,0.0,1.5620499849319458,1.0,1.0,4.410215377807617,5.872818946838379,8529.0,10410.0,6334.0,17693.0,8.0,7254.0,4747.0,9990.0,7066.0,0.0,18.82200050354004,1.8439089059829712,91.0
2026-09-09 07:00:00-05:00,2026-09-09,18035.0,1234.0,362.0,6873.0,9566.0,533.6,14.66100025177002,89.0,0.0,0.0,2.158703088760376,21.0,21.0,5.140038967132568,6.0,8529.0,10410.0,6325.0,18035.0,45.0,7556.0,4747.0,9990.0,6736.0,20.0,19.67200088500977,0.8944272398948669,92.0
2026-09-09 08:00:00-05:00,2026-09-09,18487.0,1242.0,362.0,7007.0,9876.0,547.2,15.31100082397461,90.0,0.0,0.0,2.433104991912842,81.0,81.0,5.882176876068115,5.860033988952637,8529.0,10368.0,6325.0,18487.0,92.0,7841.0,4747.0,9990.0,6298.0,177.0,20.52200126647949,1.780449390411377,92.0
2026-09-09 09:00:00-05:00,2026-09-09,18997.0,1244.0,364.0,7160.0,10229.0,569.3,16.26099967956543,92.0,0.0,0.0,1.4317821264266968,152.0,152.0,5.408326625823975,5.7688822746276855,8529.0,10368.0,6318.0,18997.0,133.0,8170.0,4747.0,9990.0,5897.0,366.0,20.52200126647949,3.405877113342285,87.0
2026-09-09 10:00:00-05:00,2026-09-09,19481.0,1232.0,361.0,7335.0,10553.0,598.8,19.161001205444336,86.0,0.0,0.0,2.3600847721099854,432.0,432.0,4.328972339630127,6.481512069702148,8529.0,10368.0,6328.0,19481.0,160.0,8383.0,4747.0,9990.0,5697.0,547.0,20.62200164794922,3.8288381099700928,88.0
2026-09-09 11:00:00-05:00,2026-09-09,19901.0,1237.0,360.0,7458.0,10846.0,581.7,20.26099967956543,82.0,0.0,0.0,3.2557642459869385,370.0,370.0,4.939635753631592,8.906739234924316,8529.0,10374.0,6328.0,19901.0,163.0,8612.0,4747.0,9990.0,5472.0,627.0,21.42200088500977,3.400000095367432,93.0
2026-09-09 12:00:00-05:00,2026-09-09,20347.0,1242.0,363.0,7662.0,11080.0,602.0,21.11100006103516,84.0,0.0,0.0,4.410215377807617,428.0,428.0,6.293647766113281,8.000624656677246,8529.0,10374.0,6328.0,20347.0,161.0,8947.0,4747.0,9990.0,5674.0,721.0,20.972000122070312,2.5298221111297607,94.0
2026-09-09 13:00:00-05:00,2026-09-09,20670.0,1253.0,361.0,7720.0,11336.0,692.5,19.76099967956543,87.0,0.0,0.0,3.0265491008758545,38.0,38.0,5.608029842376709,6.306345939636231,8529.0,10394.0,6328.0,20670.0,154.0,9277.0,4747.0,9990.0,6206.0,48.0,21.37200164794922,2.668332815170288,93.0
2026-09-09 14:00:00-05:00,2026-09-09,20923.0,1277.0,362.0,7742.0,11542.0,697.9,20.06100082397461,90.0,0.0,0.0,4.652956008911133,51.0,51.0,3.671512126922608,6.12943696975708,8529.0,10394.0,6328.0,20923.0,142.0,9575.0,4747.0,9990.0,5891.0,53.0,21.77200126647949,3.6138620376586914,94.0
2026-09-09 15:00:00-05:00,2026-09-09,21252.0,1300.0,365.0,7808.0,11779.0,783.5,19.711000442504883,92.0,7.900000095367432,0.0,4.816637992858887,27.0,27.0,5.860034465789795,4.729693412780762,8529.0,10394.0,6337.0,21252.0,115.0,9937.0,4747.0,9990.0,5566.0,500.0,21.32200050354004,1.2206555604934692,97.0
2026-09-09 16:00:00-05:00,2026-09-09,21207.0,1305.0,373.0,7694.0,11835.0,738.9,19.911001205444336,91.0,1.399999976158142,0.0,5.141983985900879,107.0,107.0,6.378871440887451,7.716216564178467,8529.0,10394.0,6393.0,21207.0,75.0,9990.0,4747.0,9990.0,5545.0,105.0,21.62200164794922,2.842534065246582,97.0
2026-09-09 17:00:00-05:00,2026-09-09,20795.0,1311.0,379.0,7533.0,11572.0,689.5,19.711000442504883,92.0,1.7999999523162842,0.0,6.228964328765869,41.0,41.0,6.7082037925720215,8.009993553161621,8529.0,10394.0,6393.0,20795.0,27.0,9645.0,4747.0,9990.0,5892.0,252.0,22.07200050354004,4.3185648918151855,92.0
2026-09-09 18:00:00-05:00,2026-09-09,20454.0,1323.0,394.0,7385.0,11352.0,570.6,19.61100006103516,92.0,0.4000000059604645,0.0,6.251399517059326,12.0,12.0,6.621178150177002,9.119759559631348,8529.0,10394.0,6390.0,20454.0,3.0,9411.0,4747.0,9990.0,5342.0,184.0,21.87200164794922,3.041381359100342,90.0
2026-09-09 19:00:00-05:00,2026-09-09,20226.0,1347.0,401.0,7273.0,11205.0,528.5,19.76099967956543,94.0,1.100000023841858,0.0,4.716990470886231,0.0,0.0,5.6921000480651855,7.000714302062988,8529.0,10394.0,6390.0,20226.0,0.0,9322.0,4747.0,9990.0,5427.0,0.0,21.17200088500977,2.475883722305298,92.0
2026-09-09 20:00:00-05:00,2026-09-09,19499.0,1336.0,397.0,6978.0,10788.0,495.6,20.26099967956543,91.0,0.0,0.0,5.693856716156006,0.0,0.0,4.614109039306641,7.831347465515137,8529.0,10394.0,6390.0,19499.0,0.0,8702.0,4747.0,9990.0,6040.0,0.0,20.92200088500977,2.1470909118652344,92.0
2026-09-09 21:00:00-05:00,2026-09-09,18423.0,1296.0,384.0,6616.0,10127.0,477.7,20.31100082397461,91.0,0.0,0.0,4.964876651763916,0.0,0.0,4.365776062011719,8.1301908493042,8529.0,10394.0,6390.0,18423.0,0.0,7706.0,4747.0,9990.0,6776.0,0.0,20.82200050354004,2.844292640686035,90.0
2026-09-09 22:00:00-05:00,2026-09-09,17426.0,1271.0,363.0,6304.0,9488.0,441.4,20.01099967956543,89.0,0.0,0.0,4.313930988311768,0.0,0.0,4.904079437255859,7.800641059875488,8529.0,10571.0,6390.0,17426.0,0.0,6921.0,4747.0,9990.0,7767.0,0.0,20.02200126647949,2.459674835205078,90.0
2026-09-09 23:00:00-05:00,2026-09-09,16424.0,1231.0,346.0,5988.0,8859.0,411.2,19.26099967956543,87.0,0.0,0.0,3.4885528087615967,0.0,0.0,4.332435607910156,6.972087383270264,8529.0,10571.0,6382.0,16424.0,0.0,6088.0,4747.0,9990.0,8732.0,0.0,19.37200164794922,2.459674835205078,89.0
2026-09-10 00:00:00-05:00,2026-09-10,15578.0,1198.0,381.0,5750.0,8249.0,394.0,20.411001205444336,91.0,0.0,0.0,3.4539833068847656,0.0,0.0,4.242640495300293,8.041144371032715,8529.0,10565.0,6333.0,15578.0,0.0,5150.0,4760.0,9792.0,9373.0,0.0,20.472000122070312,2.1954498291015625,91.0
2026-09-10 01:00:00-05:00,2026-09-10,15230.0,1183.0,372.0,5819.0,7856.0,380.1,19.56100082397461,89.0,0.0,0.0,2.785677433013916,0.0,0.0,4.201189994812012,7.727871417999268,8529.0,10565.0,6333.0,15230.0,0.0,4991.0,4760.0,9792.0,9536.0,0.0,19.972000122070312,2.41867733001709,89.0
2026-09-10 02:00:00-05:00,2026-09-10,14873.0,1158.0,365.0,5756.0,7594.0,345.7,18.86100006103516,88.0,0.0,0.0,3.0675723552703857,0.0,0.0,4.210700511932373,7.558438777923584,8529.0,10565.0,6333.0,14873.0,0.0,4760.0,4760.0,9792.0,9769.0,0.0,18.57200050354004,3.8948683738708496,74.0
2026-09-10 03:00:00-05:00,2026-09-10,14728.0,1139.0,362.0,5738.0,7489.0,295.1,18.01099967956543,89.0,0.0,0.0,2.1470909118652344,0.0,0.0,3.931920766830444,7.068239212036133,8529.0,10585.0,6333.0,14728.0,0.0,4769.0,4760.0,9792.0,9782.0,0.0,17.472000122070312,3.605551242828369,74.0
2026-09-10 04:00:00-05:00,2026-09-10,15410.0,1125.0,355.0,5839.0,7710.0,237.5,17.411001205444336,88.0,0.0,0.0,2.773084878921509,0.0,0.0,3.6221539974212646,6.276942253112793,8529.0,10585.0,6333.0,15410.0,0.0,5613.0,4760.0,9792.0,8942.0,0.0,16.57200050354004,3.0870697498321533,77.0
2026-09-10 05:00:00-05:00,2026-09-10,16235.0,1157.0,359.0,5981.0,8290.0,175.2,16.611000061035156,83.0,0.0,0.0,3.505709648132324,0.0,0.0,2.9832868576049805,5.742821216583252,8529.0,10585.0,6333.0,16235.0,0.0,6589.0,4760.0,9792.0,7969.0,0.0,16.12200164794922,2.906888246536255,80.0
2026-09-10 06:00:00-05:00,2026-09-10,16682.0,1207.0,375.0,6301.0,8799.0,127.9,15.361000061035156,80.0,0.0,0.0,3.8052594661712646,3.0,3.0,3.4885528087615967,5.99082612991333,8529.0,10585.0,6285.0,16682.0,19.0,7123.0,4760.0,9792.0,7337.0,0.0,15.722000122070312,2.773084878921509,82.0
2026-09-10 07:00:00-05:00,2026-09-10,17016.0,1211.0,396.0,6444.0,8965.0,85.3,16.111000061035156,84.0,0.0,0.0,3.721558809280396,118.0,117.99996948242188,3.5846896171569824,5.255473613739014,8529.0,10585.0,6271.0,17016.0,96.0,7403.0,4760.0,9792.0,7041.0,43.0,16.772001266479492,2.816025733947754,83.0
2026-09-10 08:00:00-05:00,2026-09-10,17330.0,1194.0,395.0,6538.0,9203.0,67.2,16.411001205444336,76.0,0.0,0.0,6.400000095367432,300.0,300.0,2.284731864929199,4.638965606689453,8529.0,10523.0,6119.0,17330.0,191.0,7538.0,4760.0,9792.0,6694.0,213.0,18.82200050354004,3.640054941177368,75.0
2026-09-10 09:00:00-05:00,2026-09-10,17516.0,1186.0,394.0,6582.0,9354.0,54.2,16.51099967956543,73.0,0.0,0.0,6.900000095367432,471.0,471.0000305175781,3.2015621662139893,4.51774263381958,8529.0,10523.0,6119.0,17516.0,266.0,7626.0,4760.0,9792.0,6609.0,403.0,19.87200164794922,4.414748191833496,66.0
2026-09-10 10:00:00-05:00,2026-09-10,17700.0,1176.0,393.0,6649.0,9482.0,45.3,16.211000442504883,71.0,0.0,0.0,6.70671272277832,549.0,549.0,3.337663650512696,3.920459270477295,8529.0,10523.0,6122.0,17700.0,310.0,7748.0,4760.0,9792.0,6496.0,548.0,20.87200164794922,5.239274501800537,57.0
2026-09-10 11:00:00-05:00,2026-09-10,17886.0,1176.0,396.0,6692.0,9622.0,41.3,16.111000061035156,69.0,0.0,0.0,6.711929321289063,443.0,443.0,3.2015621662139893,3.8209946155548096,8529.0,10523.0,6144.0,17886.0,325.0,7896.0,4760.0,9792.0,6375.0,680.0,22.32200050354004,5.629387378692627,49.0
2026-09-10 12:00:00-05:00,2026-09-10,18109.0,1186.0,403.0,6769.0,9751.0,45.3,16.01099967956543,69.0,0.0,0.0,7.300000190734863,703.0,703.0,3.0,3.448187828063965,8529.0,10523.0,6014.0,18109.0,325.0,8099.0,4760.0,9792.0,7188.0,703.0,23.37200164794922,5.727128505706787,46.0
2026-09-10 13:00:00-05:00,2026-09-10,18286.0,1184.0,410.0,6846.0,9846.0,55.9,15.961000442504885,64.0,0.0,0.0,7.505997657775879,758.0,758.0,4.177319526672363,4.1617302894592285,8529.0,10523.0,6014.0,18286.0,311.0,8343.0,4760.0,9792.0,6946.0,754.0,23.42200088500977,6.23698616027832,43.0
2026-09-10 14:00:00-05:00,2026-09-10,18545.0,1193.0,417.0,6917.0,10018.0,69.3,16.06100082397461,66.0,0.0,0.0,6.537583827972412,634.0,634.0,4.652956008911133,4.263801097869873,8529.0,10523.0,6014.0,18545.0,281.0,8692.0,4760.0,9792.0,6598.0,685.0,23.77200126647949,6.209670066833496,39.0
2026-09-10 15:00:00-05:00,2026-09-10,18893.0,1226.0,425.0,7032.0,10210.0,78.5,15.961000442504885,64.0,0.0,0.0,5.721887588500977,499.0,499.0,5.269724845886231,3.959797859191896,8529.0,10523.0,6152.0,18893.0,231.0,9165.0,4760.0,9792.0,6264.0,586.0,23.52200126647949,5.852349758148193,38.0
2026-09-10 16:00:00-05:00,2026-09-10,19211.0,1245.0,434.0,7106.0,10426.0,81.2,15.361000061035156,65.0,0.0,0.0,5.445181369781494,429.0,428.9999694824219,5.326349258422852,4.825971603393555,8529.0,10553.0,6360.0,19211.0,145.0,9703.0,4760.0,9792.0,6005.0,438.0,22.87200164794922,5.966573715209961,40.0
2026-09-10 17:00:00-05:00,2026-09-10,19091.0,1259.0,444.0,7001.0,10387.0,75.7,14.361000061035156,70.0,0.0,0.0,3.8209946155548096,195.0,195.0,4.356604099273682,4.215447902679443,8529.0,10553.0,6427.0,19091.0,52.0,9792.0,4760.0,9792.0,5986.0,160.0,21.82200050354004,5.508175849914551,42.0
2026-09-10 18:00:00-05:00,2026-09-10,18903.0,1290.0,467.0,6869.0,10277.0,96.9,13.06100082397461,73.0,0.0,0.0,2.9427878856658936,50.0,50.0,3.623533964157105,2.8635642528533936,8529.0,10553.0,6424.0,18903.0,5.0,9723.0,4760.0,9792.0,6054.0,152.0,20.27200126647949,4.477722644805908,44.0
2026-09-10 19:00:00-05:00,2026-09-10,18600.0,1308.0,477.0,6700.0,10115.0,95.4,12.211000442504885,80.0,0.0,0.0,2.102379560470581,0.0,0.0,2.158703088760376,3.8948683738708496,8529.0,10553.0,6424.0,18600.0,0.0,9514.0,4760.0,9792.0,6265.0,0.0,18.02200126647949,2.920616388320923,48.0
2026-09-10 20:00:00-05:00,2026-09-10,17814.0,1291.0,469.0,6452.0,9602.0,92.7,11.511000633239746,81.0,0.0,0.0,2.2360680103302,0.0,0.0,2.2090721130371094,4.627094268798828,8529.0,10553.0,6419.0,17814.0,0.0,8783.0,4760.0,9792.0,6992.0,0.0,16.37200164794922,2.024845838546753,55.0
2026-09-10 21:00:00-05:00,2026-09-10,16694.0,1253.0,454.0,6075.0,8912.0,101.6,10.961000442504885,84.0,0.0,0.0,1.923538327217102,0.0,0.0,3.257299423217773,4.827007293701172,8529.0,10553.0,6412.0,16694.0,0.0,7666.0,4760.0,9792.0,6964.0,0.0,15.222000122070312,1.9209372997283936,62.0
2026-09-10 22:00:00-05:00,2026-09-10,15874.0,1227.0,426.0,5784.0,8437.0,85.0,10.611000061035156,84.0,0.0,0.0,1.523154616355896,0.0,0.0,2.5632011890411377,3.2557642459869385,8529.0,10615.0,6412.0,15874.0,0.0,6922.0,4760.0,9792.0,7770.0,0.0,14.42199993133545,1.8601075410842896,67.0
2026-09-10 23:00:00-05:00,2026-09-10,15091.0,1198.0,407.0,5572.0,7914.0,84.3,10.211000442504885,86.0,0.0,0.0,1.5556349754333496,0.0,0.0,2.051828384399414,3.3421547412872314,8529.0,10615.0,6412.0,15091.0,0.0,6182.0,4760.0,9792.0,8503.0,0.0,13.621999740600586,1.9723082780838013,72.0
2026-09-11 00:00:00-05:00,2026-09-11,14719.0,1160.0,409.0,5513.0,7637.0,75.2,11.011000633239746,83.0,0.0,0.0,1.6124515533447266,0.0,0.0,2.720294237136841,1.600000023841858,8537.0,10509.0,6428.0,14719.0,0.0,5805.0,5269.0,9802.0,9149.0,0.0,14.92199993133545,2.061552762985229,75.0
2026-09-11 01:00:00-05:00,2026-09-11,14418.0,1145.0,400.0,5548.0,7325.0,49.1,10.511000633239746,82.0,0.0,0.0,2.0099751949310303,0.0,0.0,2.7018511295318604,2.906888246536255,8537.0,10509.0,6428.0,14418.0,0.0,5555.0,5269.0,9802.0,9251.0,0.0,14.121999740600586,2.184032917022705,77.0
2026-09-11 02:00:00-05:00,2026-09-11,14179.0,1127.0,394.0,5509.0,7149.0,47.3,10.06100082397461,84.0,0.0,0.0,1.8027756214141848,0.0,0.0,2.915475845336914,2.9427878856658936,8537.0,10509.0,6428.0,14179.0,0.0,5316.0,5269.0,9802.0,9478.0,0.0,13.371999740600586,2.061552762985229,79.0
2026-09-11 03:00:00-05:00,2026-09-11,14166.0,1118.0,391.0,5539.0,7118.0,70.4,9.511000633239746,85.0,0.0,0.0,1.788854479789734,0.0,0.0,3.0,2.745906114578247,8537.0,10509.0,6428.0,14166.0,0.0,5269.0,5269.0,9802.0,9488.0,0.0,12.92199993133545,2.3259406089782715,82.0
2026-09-11 04:00:00-05:00,2026-09-11,14789.0,1100.0,385.0,5607.0,7345.0,88.4,9.011000633239746,87.0,0.0,0.0,1.5132745504379272,0.0,0.0,3.176476001739502,3.0805842876434326,8537.0,10509.0,6428.0,14789.0,0.0,5864.0,5269.0,9802.0,8895.0,0.0,12.621999740600586,2.549509763717652,83.0
2026-09-11 05:00:00-05:00,2026-09-11,15582.0,1126.0,393.0,5703.0,7919.0,102.3,8.761000633239746,87.0,0.0,0.0,1.649242281913757,0.0,0.0,3.7121422290802,3.736308097839356,8537.0,10509.0,6428.0,15582.0,0.0,6642.0,5269.0,9802.0,8200.0,0.0,12.071999549865724,2.184032917022705,87.0
2026-09-11 06:00:00-05:00,2026-09-11,16021.0,1166.0,404.0,6029.0,8422.0,97.7,8.56100082397461,88.0,0.0,0.0,1.603121995925903,0.0,0.0,3.041381359100342,3.466987133026123,8537.0,10509.0,6380.0,16021.0,22.0,7062.0,5269.0,9802.0,7337.0,0.0,12.321999549865724,2.8301944732666016,84.0
2026-09-11 07:00:00-05:00,2026-09-11,16258.0,1169.0,431.0,6084.0,8574.0,83.4,10.261000633239746,88.0,0.0,0.0,0.8944272398948669,116.0,115.99998474121094,3.1622774600982666,3.920459032058716,8537.0,10509.0,6380.0,16258.0,126.0,7269.0,5269.0,9802.0,7132.0,45.0,13.321999549865724,2.416609287261963,82.0
2026-09-11 08:00:00-05:00,2026-09-11,16344.0,1142.0,438.0,6121.0,8643.0,65.1,11.761000633239746,80.0,0.0,0.0,1.5620499849319458,296.0,296.0000305175781,4.060788154602051,3.969886541366577,8537.0,10467.0,6380.0,16344.0,262.0,7255.0,5269.0,9802.0,7119.0,217.0,15.571999549865724,2.6248810291290283,75.0
2026-09-11 09:00:00-05:00,2026-09-11,16557.0,1133.0,436.0,6163.0,8825.0,53.2,13.211000442504885,70.0,0.0,0.0,1.6124515533447266,470.0,469.9999084472656,4.661544799804688,3.8948683738708496,8537.0,10467.0,6373.0,16557.0,364.0,7379.0,5269.0,9802.0,6990.0,407.0,17.82200050354004,2.2360680103302,66.0
2026-09-11 10:00:00-05:00,2026-09-11,16699.0,1124.0,436.0,6190.0,8949.0,41.0,14.511000633239746,67.0,0.0,0.0,1.726267695426941,610.0,610.0,5.277309894561768,3.178049802780152,8537.0,10441.0,6383.0,16699.0,413.0,7490.0,5269.0,9802.0,6851.0,561.0,19.87200164794922,1.7000000476837158,54.0
2026-09-11 11:00:00-05:00,2026-09-11,17030.0,1132.0,438.0,6319.0,9141.0,37.5,15.711000442504885,66.0,0.0,0.0,3.101612567901612,708.0,708.0,5.186521053314209,2.7658634185791016,8537.0,10441.0,6383.0,17030.0,434.0,7797.0,5269.0,9802.0,6547.0,700.0,20.57200050354004,1.4560219049453735,55.0
2026-09-11 12:00:00-05:00,2026-09-11,17365.0,1159.0,443.0,6413.0,9350.0,42.9,16.56100082397461,63.0,0.0,0.0,3.6138620376586914,771.0,771.0,5.288666725158691,2.751363039016724,8537.0,10441.0,6383.0,17365.0,432.0,8113.0,5269.0,9802.0,6664.0,775.0,20.722000122070312,3.101612567901612,59.0
2026-09-11 13:00:00-05:00,2026-09-11,17530.0,1169.0,456.0,6456.0,9449.0,58.2,17.411001205444336,60.0,0.0,0.0,3.6878178119659424,767.0,767.0,5.727128505706787,3.4828150272369385,8537.0,10441.0,6383.0,17530.0,421.0,8263.0,5269.0,9802.0,6514.0,802.0,21.12200164794922,3.3015148639678955,54.0
2026-09-11 14:00:00-05:00,2026-09-11,17851.0,1188.0,468.0,6596.0,9599.0,70.6,18.11100006103516,58.0,0.0,0.0,3.5902645587921143,706.0,706.0,5.770615100860596,4.38292121887207,8537.0,10441.0,6383.0,17851.0,387.0,8588.0,5269.0,9802.0,7011.0,766.0,21.12200164794922,3.560898780822754,52.0
2026-09-11 15:00:00-05:00,2026-09-11,18352.0,1216.0,474.0,6745.0,9917.0,88.1,18.51099967956543,57.0,0.0,0.0,3.5902645587921143,594.0,594.0,5.700877189636231,4.429447174072266,8537.0,10441.0,6383.0,18352.0,313.0,9133.0,5269.0,9802.0,6468.0,671.0,21.222000122070312,3.535533905029297,49.0
2026-09-11 16:00:00-05:00,2026-09-11,18846.0,1235.0,475.0,6887.0,10249.0,93.1,18.36100006103516,59.0,0.0,0.0,2.9427878856658936,437.0,437.0,5.3758721351623535,4.308131694793701,8537.0,10441.0,6454.0,18846.0,188.0,9709.0,5269.0,9802.0,5957.0,512.0,21.07200050354004,3.328663349151612,47.0
2026-09-11 17:00:00-05:00,2026-09-11,18841.0,1263.0,470.0,6840.0,10268.0,103.1,17.911001205444336,66.0,0.0,0.0,1.6278821229934692,251.0,250.99996948242188,4.904079437255859,3.827531576156616,8537.0,10441.0,6454.0,18841.0,62.0,9802.0,5269.0,9802.0,5918.0,343.0,20.42200088500977,2.906888246536255,51.0
2026-09-11 18:00:00-05:00,2026-09-11,18673.0,1274.0,487.0,6727.0,10185.0,114.9,16.961000442504883,66.0,0.0,0.0,0.948683261871338,55.0,54.999996185302734,4.45982027053833,4.178516387939453,8537.0,10441.0,6525.0,18673.0,6.0,9651.0,5269.0,9802.0,5305.0,127.0,19.32200050354004,2.2561028003692627,58.0
2026-09-11 19:00:00-05:00,2026-09-11,18404.0,1266.0,495.0,6544.0,10099.0,139.6,15.56100082397461,67.0,0.0,0.0,1.2649110555648804,0.0,0.0,3.231098890304565,3.4885528087615967,8537.0,10441.0,6525.0,18404.0,0.0,9309.0,5269.0,9802.0,5646.0,0.0,17.222000122070312,1.6763055324554443,72.0
2026-09-11 20:00:00-05:00,2026-09-11,17677.0,1246.0,487.0,6271.0,9673.0,166.0,14.711000442504885,70.0,0.0,0.0,1.603121995925903,0.0,0.0,3.420526027679444,3.499999761581421,8537.0,10523.0,6525.0,17677.0,0.0,8446.0,5269.0,9802.0,6586.0,0.0,16.222000122070312,1.5033296346664429,79.0
2026-09-11 21:00:00-05:00,2026-09-11,16707.0,1210.0,473.0,5967.0,9057.0,200.2,13.961000442504885,72.0,0.0,0.0,2.061552762985229,0.0,0.0,3.847076654434204,3.4828150272369385,8537.0,10538.0,6525.0,16707.0,0.0,7312.0,5269.0,9802.0,7420.0,0.0,15.722000122070312,2.1470909118652344,80.0
2026-09-11 22:00:00-05:00,2026-09-11,15851.0,1195.0,452.0,5629.0,8575.0,225.7,12.81100082397461,80.0,0.0,0.0,2.2360680103302,0.0,0.0,3.612478256225586,3.981205701828003,8537.0,10580.0,6525.0,15851.0,0.0,6319.0,5269.0,9802.0,8527.0,0.0,15.121999740600586,2.1213202476501465,84.0
2026-09-11 23:00:00-05:00,2026-09-11,15132.0,1180.0,431.0,5489.0,8032.0,250.2,12.111000061035156,85.0,0.0,0.0,1.140175461769104,0.0,0.0,4.804164886474609,5.011985778808594,8537.0,10580.0,6518.0,15132.0,0.0,5482.0,5269.0,9802.0,9617.0,0.0,14.621999740600586,1.6401219367980957,82.0
2026-09-12 00:00:00-05:00,2026-09-12,14574.0,1183.0,422.0,5377.0,7592.0,351.3,11.361000061035156,87.0,0.0,0.0,1.140175461769104,0.0,0.0,4.4721360206604,6.809552192687988,8552.0,10581.0,6455.0,14574.0,0.0,4743.0,3978.0,9689.0,10039.0,0.0,14.222000122070312,2.3259406089782715,77.0
2026-09-12 01:00:00-05:00,2026-09-12,14231.0,1175.0,412.0,5370.0,7274.0,334.7,10.91100025177002,90.0,0.0,0.0,1.4142135381698608,0.0,0.0,4.2190046310424805,7.387827396392822,8552.0,10581.0,6455.0,14231.0,0.0,4384.0,3978.0,9689.0,10397.0,0.0,14.121999740600586,2.435159206390381,76.0
2026-09-12 02:00:00-05:00,2026-09-12,14007.0,1155.0,406.0,5393.0,7053.0,290.4,10.66100025177002,89.0,0.0,0.0,1.4142135381698608,0.0,0.0,3.748332977294922,7.286288738250732,8552.0,10581.0,6455.0,14007.0,0.0,4179.0,3978.0,9689.0,10602.0,0.0,14.121999740600586,1.838477611541748,75.0
2026-09-12 03:00:00-05:00,2026-09-12,13934.0,1139.0,400.0,5464.0,6931.0,269.5,10.41100025177002,89.0,0.0,0.0,1.6278821229934692,0.0,0.0,3.7161808013916016,6.660330295562744,8552.0,10581.0,6455.0,13934.0,0.0,4125.0,3978.0,9689.0,10657.0,0.0,14.022000312805176,1.8601075410842896,78.0
2026-09-12 04:00:00-05:00,2026-09-12,13784.0,1122.0,394.0,5309.0,6959.0,239.6,10.06100082397461,93.0,0.0,0.0,1.8027756214141848,0.0,0.0,3.452535390853882,6.407027721405029,8552.0,10581.0,6455.0,13784.0,0.0,3978.0,3978.0,9689.0,10804.0,0.0,13.272000312805176,2.416609287261963,86.0
2026-09-12 05:00:00-05:00,2026-09-12,13919.0,1127.0,399.0,5328.0,7065.0,245.9,9.81100082397461,94.0,0.0,0.0,1.5297058820724487,0.0,0.0,3.471311092376709,4.965883731842041,8552.0,10581.0,6455.0,13919.0,0.0,4079.0,3978.0,9689.0,10703.0,0.0,13.272000312805176,2.3706538677215576,90.0
2026-09-12 06:00:00-05:00,2026-09-12,14259.0,1153.0,425.0,5453.0,7228.0,285.9,9.461000442504885,94.0,0.0,0.0,1.0440306663513184,0.0,0.0,3.5735137462615967,5.434151649475098,8552.0,10581.0,6455.0,14259.0,18.0,4346.0,3978.0,9689.0,10435.0,0.0,13.272000312805176,2.549509763717652,89.0
2026-09-12 07:00:00-05:00,2026-09-12,15119.0,1183.0,447.0,5560.0,7566.0,263.3,11.361000061035156,92.0,0.0,0.0,0.8544003963470459,108.0,107.99999237060548,3.4885528087615967,7.000714302062988,8552.0,10581.0,6460.0,15119.0,106.0,5207.0,3978.0,9689.0,9578.0,29.0,14.67199993133545,1.6643316745758057,93.0
2026-09-12 08:00:00-05:00,2026-09-12,15480.0,1210.0,459.0,5795.0,8016.0,246.7,13.66100025177002,82.0,0.0,0.0,1.2806248664855957,285.0,285.0,3.700000047683716,7.244307994842529,8552.0,10543.0,6425.0,15480.0,217.0,5505.0,3978.0,9689.0,9207.0,63.0,17.62200164794922,1.5264337062835691,88.0
2026-09-12 09:00:00-05:00,2026-09-12,16025.0,1220.0,461.0,5950.0,8394.0,257.1,16.01099967956543,77.0,0.0,0.0,1.9849432706832888,423.0,423.0,3.634556293487549,7.116880893707275,8552.0,10543.0,6425.0,16025.0,300.0,5939.0,3978.0,9689.0,8775.0,11.0,19.12200164794922,2.0099751949310303,83.0
2026-09-12 10:00:00-05:00,2026-09-12,16582.0,1227.0,464.0,6169.0,8722.0,265.8,17.611000061035156,70.0,0.0,0.0,2.831960439682007,613.0,613.0,8.154139518737793,7.569015979766846,8552.0,10543.0,6435.0,16582.0,339.0,6420.0,3978.0,9689.0,8311.0,20.0,20.92200088500977,1.4560219049453735,78.0
2026-09-12 11:00:00-05:00,2026-09-12,17493.0,1235.0,468.0,6350.0,9092.0,257.7,18.911001205444336,62.0,0.0,0.0,3.1384711265563965,714.0,714.0,4.317406177520752,8.000624656677246,8552.0,10543.0,6435.0,17493.0,345.0,7274.0,3978.0,9689.0,7456.0,65.0,21.972000122070312,1.941648840904236,75.0
2026-09-12 12:00:00-05:00,2026-09-12,17835.0,1244.0,466.0,6679.0,9446.0,269.8,20.211000442504883,57.0,0.0,0.0,3.401470184326172,750.0,750.0,2.9732136726379395,7.762087345123291,8552.0,10543.0,6435.0,17835.0,332.0,7563.0,3978.0,9689.0,7166.0,47.0,23.02200126647949,2.5632011890411377,70.0
2026-09-12 13:00:00-05:00,2026-09-12,18345.0,1244.0,472.0,6875.0,9754.0,260.7,21.56100082397461,57.0,0.0,0.0,3.700000047683716,740.0,740.0,4.482186794281006,7.472616195678711,8552.0,10547.0,6435.0,18345.0,314.0,8162.0,3978.0,9689.0,6574.0,399.0,23.52200126647949,2.5,67.0
2026-09-12 14:00:00-05:00,2026-09-12,18873.0,1263.0,470.0,7097.0,10043.0,250.0,22.411001205444336,58.0,0.0,0.0,3.899999856948853,663.0,663.0,4.701063632965088,6.676076889038086,8552.0,10547.0,6435.0,18873.0,284.0,8735.0,3978.0,9689.0,6001.0,558.0,24.12200164794922,3.7121422290802,66.0
2026-09-12 15:00:00-05:00,2026-09-12,19323.0,1269.0,480.0,7221.0,10353.0,290.0,22.86100006103516,61.0,0.0,0.0,3.3541018962860107,542.0,542.0,4.785394668579102,5.770615100860596,8552.0,10547.0,6435.0,19323.0,221.0,9185.0,3978.0,9689.0,5551.0,554.0,21.972000122070312,3.8209946155548096,72.0
2026-09-12 16:00:00-05:00,2026-09-12,19745.0,1277.0,485.0,7366.0,10617.0,324.9,23.06100082397461,66.0,0.0,0.0,2.404162883758545,376.0,376.0,4.492215633392334,5.907622337341309,8552.0,10536.0,6435.0,19745.0,126.0,9689.0,3978.0,9689.0,5038.0,393.0,21.32200050354004,3.401470422744751,76.0
2026-09-12 17:00:00-05:00,2026-09-12,19587.0,1286.0,485.0,7257.0,10559.0,356.5,22.211000442504883,75.0,0.0,0.0,1.7492855787277222,194.0,194.0,3.982461452484131,6.841052532196045,8552.0,10547.0,6435.0,19587.0,39.0,9548.0,3978.0,9689.0,5190.0,217.0,21.722000122070312,1.4560219049453735,76.0
2026-09-12 18:00:00-05:00,2026-09-12,19227.0,1285.0,488.0,7052.0,10402.0,359.8,20.26099967956543,77.0,0.0,0.0,2.126029253005981,38.0,38.0,4.016217231750488,7.543209075927734,8552.0,10547.0,6432.0,19227.0,4.0,9190.0,3978.0,9689.0,5545.0,119.0,21.27200126647949,1.0295629501342771,78.0
2026-09-12 19:00:00-05:00,2026-09-12,18941.0,1284.0,491.0,6877.0,10289.0,360.9,18.911001205444336,80.0,0.0,0.0,2.2671568393707275,0.0,0.0,3.8078866004943848,8.987213134765625,8552.0,10547.0,6432.0,18941.0,0.0,8874.0,3978.0,9689.0,5861.0,0.0,20.52200126647949,0.761577308177948,84.0
2026-09-12 20:00:00-05:00,2026-09-12,18317.0,1260.0,484.0,6639.0,9934.0,375.4,18.56100082397461,82.0,0.0,0.0,2.404163122177124,0.0,0.0,3.008321762084961,9.569221496582031,8552.0,10547.0,6427.0,18317.0,0.0,8205.0,3978.0,9689.0,6524.0,0.0,18.87200164794922,0.5385164618492126,91.0
2026-09-12 21:00:00-05:00,2026-09-12,17556.0,1235.0,469.0,6407.0,9445.0,396.5,18.411001205444336,83.0,0.0,0.0,2.247220516204834,0.0,0.0,2.6248810291290283,9.548297882080078,8552.0,10547.0,6427.0,17556.0,0.0,7341.0,3978.0,9689.0,7386.0,0.0,18.12200164794922,0.8602325320243835,93.0
2026-09-12 22:00:00-05:00,2026-09-12,16616.0,1206.0,448.0,6059.0,8903.0,343.8,18.61100006103516,84.0,0.0,0.0,1.897366523742676,0.0,0.0,3.275667905807495,9.231468200683594,8552.0,10585.0,6427.0,16616.0,0.0,6529.0,3978.0,9689.0,8237.0,0.0,17.922000885009766,1.4317820072174072,93.0
2026-09-12 23:00:00-05:00,2026-09-12,15804.0,1182.0,431.0,5807.0,8384.0,315.6,19.211000442504883,90.0,0.0,0.0,4.328972339630127,0.0,0.0,3.0016660690307617,8.102468490600586,8552.0,10585.0,6420.0,15804.0,0.0,5799.0,3978.0,9689.0,8954.0,0.0,18.12200164794922,1.6552945375442505,95.0
2026-09-13 00:00:00-05:00,2026-09-13,14946.0,1177.0,392.0,5472.0,7905.0,343.3,17.161001205444336,91.0,0.0,0.0,1.0,0.0,0.0,4.738142967224121,7.808969020843506,8562.0,9575.0,6458.0,14946.0,0.0,4991.0,3787.0,8391.0,8660.0,0.0,17.272001266479492,1.0049875974655151,92.0
2026-09-13 01:00:00-05:00,2026-09-13,14510.0,1167.0,383.0,5405.0,7555.0,259.9,16.461000442504883,87.0,0.0,0.0,0.3162277638912201,0.0,0.0,4.883646011352539,7.416872978210449,8562.0,9575.0,6458.0,14510.0,0.0,4731.0,3787.0,8391.0,8923.0,0.0,19.02200126647949,1.5556349754333496,95.0
2026-09-13 02:00:00-05:00,2026-09-13,14371.0,1141.0,376.0,5524.0,7330.0,261.1,16.611000061035156,89.0,0.0,0.0,0.3162277638912201,0.0,0.0,3.5846896171569824,6.063827037811279,8562.0,9575.0,6458.0,14371.0,0.0,4690.0,3787.0,8391.0,8966.0,0.0,18.972000122070312,1.7029385566711426,95.0
2026-09-13 03:00:00-05:00,2026-09-13,14220.0,1120.0,373.0,5530.0,7197.0,212.8,17.01099967956543,89.0,0.0,0.0,0.9055384993553162,0.0,0.0,3.289376735687256,5.798275470733643,8562.0,9575.0,6458.0,14220.0,0.0,4660.0,3787.0,8391.0,8999.0,0.0,19.02200126647949,1.923538446426392,94.0
2026-09-13 04:00:00-05:00,2026-09-13,14028.0,1098.0,368.0,5376.0,7186.0,163.5,17.461000442504883,90.0,0.0,0.0,2.731300115585327,0.0,0.0,3.395585298538208,5.7801384925842285,8562.0,9575.0,6458.0,14028.0,0.0,4621.0,3787.0,8391.0,9041.0,0.0,19.37200164794922,2.158703088760376,93.0
2026-09-13 05:00:00-05:00,2026-09-13,14248.0,1106.0,368.0,5480.0,7294.0,126.8,18.661001205444336,91.0,0.0,0.0,3.3241541385650635,0.0,0.0,2.617250442504883,4.657252311706543,8562.0,9575.0,6458.0,14248.0,0.0,4964.0,3787.0,8391.0,8700.0,0.0,18.77200126647949,1.0440306663513184,91.0
2026-09-13 06:00:00-05:00,2026-09-13,14457.0,1133.0,385.0,5575.0,7364.0,109.0,19.01099967956543,92.0,0.0,0.0,4.118251800537109,0.0,0.0,2.220360279083252,4.601086616516113,8562.0,9575.0,6458.0,14457.0,11.0,5259.0,3787.0,8391.0,8407.0,0.0,17.922000885009766,0.6082762479782104,87.0
2026-09-13 07:00:00-05:00,2026-09-13,15365.0,1155.0,398.0,5772.0,7693.0,87.8,19.56100082397461,93.0,0.0,0.0,3.8948683738708496,73.0,73.0,1.303840398788452,3.448188066482544,8562.0,9575.0,6458.0,15365.0,77.0,6159.0,3787.0,8391.0,7507.0,15.0,18.77200126647949,1.3152945041656494,89.0
2026-09-13 08:00:00-05:00,2026-09-13,15710.0,1168.0,401.0,5917.0,8224.0,95.9,19.661001205444336,91.0,0.0,0.0,2.9410884380340576,73.0,73.0,0.6324555277824402,1.7464250326156616,8562.0,9575.0,6458.0,15710.0,172.0,6402.0,3787.0,8391.0,7262.0,159.0,19.57200050354004,1.788854479789734,78.0
2026-09-13 09:00:00-05:00,2026-09-13,16164.0,1176.0,405.0,5904.0,8679.0,103.5,20.86100006103516,83.0,0.0,0.0,3.862641572952272,429.0,429.0,2.0591259002685547,0.3162277638912201,8562.0,9575.0,6458.0,16164.0,247.0,6729.0,3787.0,8391.0,6932.0,138.0,20.37200164794922,1.2206555604934692,74.0
2026-09-13 10:00:00-05:00,2026-09-13,16711.0,1183.0,406.0,6012.0,9110.0,114.1,21.26099967956543,78.0,0.0,0.0,4.346262454986572,576.0,576.0,2.193171262741089,1.8027756214141848,8562.0,9575.0,6468.0,16711.0,287.0,7125.0,3787.0,8391.0,6543.0,337.0,21.722000122070312,1.2727922201156616,64.0
2026-09-13 11:00:00-05:00,2026-09-13,17193.0,1189.0,408.0,6165.0,9431.0,134.3,21.961000442504883,69.0,0.0,0.0,4.178516387939453,688.0,688.0,2.408318996429444,2.6076807975769043,8562.0,9575.0,6468.0,17193.0,323.0,7412.0,3787.0,8391.0,6252.0,632.0,22.722000122070312,0.9219544529914856,59.0
2026-09-13 12:00:00-05:00,2026-09-13,17577.0,1208.0,411.0,6394.0,9564.0,183.0,22.461000442504883,61.0,0.0,0.0,4.052160263061523,734.0,734.0,2.10950231552124,3.0265491008758545,8562.0,9575.0,6468.0,17577.0,333.0,7585.0,3787.0,8391.0,6075.0,530.0,22.27200126647949,3.00832200050354,67.0
2026-09-13 13:00:00-05:00,2026-09-13,17782.0,1203.0,414.0,6487.0,9678.0,227.9,23.06100082397461,58.0,0.0,0.0,3.794733047485352,742.0,742.0,3.667423963546753,5.679788589477539,8562.0,9575.0,6468.0,17782.0,318.0,7666.0,3787.0,8391.0,5992.0,535.0,22.62200164794922,2.4020824432373047,64.0
2026-09-13 14:00:00-05:00,2026-09-13,18058.0,1221.0,417.0,6628.0,9792.0,289.5,23.161001205444336,56.0,0.0,0.0,4.341659069061279,672.0,672.0,7.242237091064453,5.81377649307251,8562.0,9575.0,6468.0,18058.0,278.0,7855.0,3787.0,8391.0,5812.0,491.0,24.82200050354004,1.7464250326156616,52.0
2026-09-13 15:00:00-05:00,2026-09-13,18556.0,1248.0,427.0,6787.0,10094.0,507.0,22.06100082397461,57.0,0.0,0.0,4.40113639831543,482.0,482.0,8.276473045349121,7.641988754272461,8562.0,9575.0,6669.0,18556.0,213.0,8083.0,3787.0,8391.0,5792.0,489.0,24.92200088500977,1.2041594982147217,49.0
2026-09-13 16:00:00-05:00,2026-09-13,18990.0,1267.0,441.0,6837.0,10445.0,655.7,21.06100082397461,58.0,0.0,0.0,4.418144226074219,362.0,362.0,6.140032768249512,10.499524116516112,8562.0,9575.0,6669.0,18990.0,125.0,8391.0,3787.0,8391.0,5483.0,455.0,24.12200164794922,5.54707145690918,44.0
2026-09-13 17:00:00-05:00,2026-09-13,18843.0,1280.0,444.0,6739.0,10380.0,673.5,19.61100006103516,63.0,0.0,0.0,3.605551242828369,236.0,235.9999847412109,6.184658527374268,14.66867446899414,8562.0,9575.0,6669.0,18843.0,39.0,8217.0,3787.0,8391.0,5656.0,343.0,22.57200050354004,5.412023544311523,53.0
2026-09-13 18:00:00-05:00,2026-09-13,18345.0,1293.0,448.0,6449.0,10155.0,562.8,18.01099967956543,70.0,0.0,0.0,2.4020824432373047,38.0,38.0,5.353503704071045,12.748724937438965,8562.0,9575.0,6550.0,18345.0,3.0,7775.0,3787.0,8391.0,5982.0,62.0,20.37200164794922,4.651881217956543,58.0
2026-09-13 19:00:00-05:00,2026-09-13,17889.0,1307.0,454.0,6215.0,9913.0,628.1,17.06100082397461,69.0,0.0,0.0,1.9697715044021609,0.0,0.0,7.92022705078125,11.449016571044922,8562.0,9575.0,6550.0,17889.0,0.0,7262.0,3787.0,8391.0,6494.0,0.0,17.972000122070312,5.54707145690918,67.0
2026-09-13 20:00:00-05:00,2026-09-13,16979.0,1272.0,444.0,5897.0,9366.0,629.0,16.911001205444336,73.0,0.0,0.0,2.102379560470581,0.0,0.0,5.531726360321045,10.780074119567873,8562.0,9575.0,6550.0,16979.0,0.0,6298.0,3787.0,8391.0,7456.0,0.0,16.07200050354004,2.308679342269897,78.0
2026-09-13 21:00:00-05:00,2026-09-13,15957.0,1230.0,426.0,5607.0,8694.0,666.1,16.111000061035156,75.0,0.0,0.0,2.1954498291015625,0.0,0.0,3.313608169555664,9.152595520019531,8562.0,9575.0,6492.0,15957.0,0.0,5132.0,3787.0,8391.0,8563.0,0.0,16.022001266479492,1.931320786476136,76.0
2026-09-13 22:00:00-05:00,2026-09-13,15168.0,1201.0,402.0,5358.0,8207.0,630.3,15.861000061035156,82.0,0.0,0.0,2.408318996429444,0.0,0.0,3.8183767795562735,9.211406707763672,8562.0,9575.0,6492.0,15168.0,0.0,4459.0,3787.0,8391.0,9239.0,0.0,15.92199993133545,1.8027756214141848,78.0
2026-09-13 23:00:00-05:00,2026-09-13,14383.0,1177.0,386.0,5126.0,7694.0,592.7,15.169625282287598,82.25,0.0,0.0,2.8084328174591064,0.0,0.0,6.075600624084473,9.563471794128418,8562.0,9575.0,6485.0,14383.0,0.0,3787.0,3787.0,8391.0,9898.0,0.0,15.953498840332031,2.8262743949890137,76.25
2026-09-14 00:00:00-05:00,2026-09-14,14117.0,1158.0,390.0,5112.0,7457.0,505.9,13.861000061035156,77.0,0.0,0.0,3.0675723552703857,0.0,0.0,4.341658592224121,8.497057914733887,8557.0,10895.0,6421.0,14117.0,0.0,3790.0,3734.0,9362.0,11127.0,0.0,14.621999740600586,3.047950029373169,69.0
2026-09-14 01:00:00-05:00,2026-09-14,13933.0,1145.0,386.0,5257.0,7145.0,492.1,13.111000061035156,77.0,0.0,0.0,3.956007957458496,0.0,0.0,4.118251800537109,8.746428489685059,8557.0,10895.0,6421.0,13933.0,0.0,3734.0,3734.0,9362.0,11186.0,0.0,13.67199993133545,2.262741804122925,71.0
2026-09-14 02:00:00-05:00,2026-09-14,13828.0,1121.0,379.0,5360.0,6968.0,453.5,12.16100025177002,78.0,0.0,0.0,3.478505373001098,0.0,0.0,4.178516387939453,9.455686569213867,8557.0,10895.0,6421.0,13828.0,0.0,3758.0,3734.0,9362.0,11164.0,0.0,12.871999740600586,2.1954498291015625,75.0
2026-09-14 03:00:00-05:00,2026-09-14,13825.0,1109.0,376.0,5395.0,6945.0,409.4,11.461000442504885,77.0,0.0,0.0,3.860051870346069,0.0,0.0,4.838387966156006,9.454099655151367,8557.0,10895.0,6421.0,13825.0,0.0,3910.0,3734.0,9362.0,11016.0,0.0,12.522000312805176,1.9646883010864256,80.0
2026-09-14 04:00:00-05:00,2026-09-14,14599.0,1094.0,371.0,5370.0,7186.0,389.4,10.91100025177002,79.0,0.0,0.0,3.257299423217773,0.0,0.0,3.889730215072632,8.955445289611816,8557.0,10895.0,6421.0,14599.0,0.0,4833.0,3734.0,9362.0,10096.0,0.0,11.972000122070312,2.280350923538208,81.0
2026-09-14 05:00:00-05:00,2026-09-14,15714.0,1138.0,379.0,5828.0,7832.0,372.4,10.31100082397461,80.0,0.0,0.0,2.692582130432129,0.0,0.0,4.049691200256348,8.603487968444824,8557.0,10895.0,6421.0,15714.0,0.0,6083.0,3734.0,9362.0,8848.0,0.0,11.722000122070312,2.5298221111297607,81.0
2026-09-14 06:00:00-05:00,2026-09-14,16249.0,1195.0,401.0,6253.0,8400.0,324.9,9.81100082397461,83.0,0.0,0.0,2.302172899246216,0.0,0.0,3.92173433303833,8.91964054107666,8557.0,10895.0,6376.0,16249.0,21.0,6770.0,3734.0,9362.0,8120.0,0.0,11.272000312805176,2.302172899246216,81.0
2026-09-14 07:00:00-05:00,2026-09-14,16354.0,1196.0,421.0,6187.0,8550.0,231.5,11.261000633239746,79.0,0.0,0.0,2.5298221111297607,106.0,105.99999237060548,3.981205701828003,8.127115249633789,8557.0,10895.0,6093.0,16354.0,128.0,6969.0,3734.0,9362.0,7645.0,42.0,12.272000312805176,2.4186770915985107,82.0
2026-09-14 08:00:00-05:00,2026-09-14,16119.0,1166.0,417.0,6024.0,8512.0,183.4,12.66100025177002,72.0,0.0,0.0,4.244997024536133,283.0,282.9999694824219,4.875448703765869,6.578753471374512,8557.0,10859.0,5898.0,16119.0,269.0,6713.0,3734.0,9362.0,7675.0,223.0,14.321999549865724,3.4828150272369385,75.0
2026-09-14 09:00:00-05:00,2026-09-14,16147.0,1146.0,412.0,6007.0,8582.0,126.2,13.511000633239746,67.0,0.0,0.0,4.810405254364014,454.0,453.9999694824219,4.80832576751709,5.797413349151611,8557.0,10859.0,5898.0,16147.0,373.0,6775.0,3734.0,9362.0,7618.0,418.0,15.522000312805176,4.254409313201904,63.0
2026-09-14 10:00:00-05:00,2026-09-14,16129.0,1142.0,411.0,5967.0,8609.0,69.6,14.211000442504885,59.0,0.0,0.0,4.596737861633301,604.0,604.0,4.49110221862793,4.900000095367432,8557.0,10859.0,5909.0,16129.0,412.0,6851.0,3734.0,9362.0,7563.0,589.0,16.522001266479492,4.341658592224121,55.0
2026-09-14 11:00:00-05:00,2026-09-14,16146.0,1141.0,421.0,5882.0,8702.0,32.9,14.961000442504885,56.0,0.0,0.0,4.327816963195801,655.0,655.0,3.505709648132324,3.701351165771485,8557.0,10859.0,5909.0,16146.0,424.0,6923.0,3734.0,9362.0,7492.0,720.0,17.472000122070312,3.920459032058716,51.0
2026-09-14 12:00:00-05:00,2026-09-14,16455.0,1159.0,433.0,6038.0,8825.0,13.6,15.361000061035156,53.0,0.0,0.0,4.5,651.0,651.0,3.1827661991119385,2.912043809890747,8557.0,10859.0,5934.0,16455.0,426.0,7261.0,3734.0,9362.0,8323.0,790.0,17.172000885009766,3.996248245239258,51.0
2026-09-14 13:00:00-05:00,2026-09-14,16519.0,1166.0,435.0,6067.0,8851.0,9.5,15.111000061035156,51.0,0.0,0.0,3.701351165771485,390.0,390.0,3.2202484607696533,3.0016660690307617,8557.0,10827.0,5934.0,16519.0,408.0,7363.0,3734.0,9362.0,8190.0,779.0,17.722000122070312,3.624913692474365,48.0
2026-09-14 14:00:00-05:00,2026-09-14,16789.0,1181.0,441.0,6154.0,9013.0,9.5,15.31100082397461,51.0,0.0,0.0,3.383784770965576,290.0,290.0,2.6248810291290283,2.1633307933807373,8557.0,10827.0,5934.0,16789.0,372.0,7679.0,3734.0,9362.0,7874.0,739.0,18.57200050354004,2.773084878921509,45.0
2026-09-14 15:00:00-05:00,2026-09-14,17710.0,1222.0,451.0,6385.0,9324.0,14.1,14.761000633239746,54.0,0.0,0.0,3.400000095367432,209.0,209.0,2.5317976474761963,0.8944272398948669,8557.0,10827.0,5934.0,17710.0,303.0,8661.0,3734.0,9362.0,6894.0,651.0,18.42200088500977,3.2802438735961914,46.0
2026-09-14 16:00:00-05:00,2026-09-14,18036.0,1250.0,456.0,6625.0,9705.0,22.7,14.861000061035156,54.0,0.0,0.0,3.47131085395813,326.0,326.0,3.6069376468658447,2.10950231552124,8557.0,10827.0,5982.0,18036.0,182.0,9117.0,3734.0,9362.0,6488.0,388.0,19.02200126647949,3.275667905807495,44.0
2026-09-14 17:00:00-05:00,2026-09-14,18188.0,1272.0,448.0,6662.0,9806.0,40.4,14.111000061035156,58.0,0.0,0.0,2.6870057582855225,221.0,221.00003051757807,2.842534065246582,3.7161808013916016,8557.0,10827.0,5982.0,18188.0,39.0,9362.0,3734.0,9362.0,6245.0,298.0,18.57200050354004,2.8635642528533936,43.0
2026-09-14 18:00:00-05:00,2026-09-14,18164.0,1300.0,463.0,6572.0,9829.0,73.6,12.81100082397461,64.0,0.0,0.0,1.345362424850464,35.0,35.0,2.6476402282714844,5.34602689743042,8557.0,10827.0,5979.0,18164.0,3.0,9286.0,3734.0,9362.0,6316.0,38.0,17.37200164794922,1.8110769987106323,43.0
2026-09-14 19:00:00-05:00,2026-09-14,17994.0,1306.0,471.0,6438.0,9779.0,86.0,11.611000061035156,63.0,0.0,0.0,1.5556349754333496,0.0,0.0,2.860069990158081,5.913543701171875,8557.0,10859.0,5979.0,17994.0,0.0,9061.0,3734.0,9362.0,6572.0,0.0,15.071999549865724,1.931320786476136,49.0
2026-09-14 20:00:00-05:00,2026-09-14,17226.0,1279.0,461.0,6144.0,9342.0,107.7,10.961000442504885,64.0,0.0,0.0,1.4317820072174072,0.0,0.0,3.1622774600982666,5.234500885009766,8557.0,10859.0,5974.0,17226.0,0.0,8158.0,3734.0,9362.0,7468.0,0.0,13.722000122070312,2.061552762985229,52.0
2026-09-14 21:00:00-05:00,2026-09-14,16247.0,1226.0,444.0,5858.0,8719.0,170.5,10.211000442504885,68.0,0.0,0.0,1.6643316745758057,0.0,0.0,3.0,5.604462623596191,8557.0,10859.0,5773.0,16247.0,0.0,6931.0,3734.0,9362.0,7349.0,0.0,12.92199993133545,2.1633307933807373,58.0
2026-09-14 22:00:00-05:00,2026-09-14,15258.0,1209.0,421.0,5501.0,8127.0,279.9,9.611000061035156,72.0,0.0,0.0,1.303840398788452,0.0,0.0,4.750789165496826,6.573431491851807,8557.0,10895.0,5773.0,15258.0,0.0,5691.0,3734.0,9362.0,8619.0,0.0,12.472000122070312,2.416609287261963,66.0
2026-09-14 23:00:00-05:00,2026-09-14,14488.0,1181.0,404.0,5270.0,7633.0,326.0,9.011000633239746,75.0,0.0,0.0,0.7810249924659729,0.0,0.0,5.2801513671875,7.48130989074707,8557.0,10895.0,5765.0,14488.0,0.0,4699.0,3734.0,9362.0,9591.0,0.0,12.522000312805176,2.1400933265686035,66.0
2026-09-15 00:00:00-05:00,2026-09-15,14058.0,1174.0,376.0,5176.0,7332.0,427.2,9.66100025177002,84.0,0.0,0.0,0.5385164618492126,0.0,0.0,5.147814750671387,6.9892778396606445,8557.0,10926.0,5777.0,14058.0,0.0,4012.0,2958.0,7470.0,10278.0,0.0,14.222000122070312,3.140063524246216,67.0
2026-09-15 01:00:00-05:00,2026-09-15,13784.0,1166.0,370.0,5169.0,7079.0,498.5,9.261000633239746,84.0,0.0,0.0,1.780449390411377,0.0,0.0,5.515432834625244,8.595929145812988,8557.0,10926.0,5777.0,13784.0,0.0,3563.0,2958.0,7470.0,10723.0,0.0,14.472000122070312,4.118251800537109,69.0
2026-09-15 02:00:00-05:00,2026-09-15,13489.0,1153.0,367.0,5028.0,6941.0,590.5,8.91100025177002,87.0,0.0,0.0,1.7117242813110352,0.0,0.0,6.9354166984558105,8.246211051940918,8557.0,10926.0,5777.0,13489.0,0.0,3021.0,2958.0,7470.0,11260.0,0.0,14.321999549865724,3.605551242828369,69.0
2026-09-15 03:00:00-05:00,2026-09-15,13570.0,1136.0,364.0,5146.0,6924.0,647.0,8.41100025177002,89.0,0.0,0.0,0.5830951929092407,0.0,0.0,8.221921920776367,8.926925659179688,8557.0,10926.0,5777.0,13570.0,0.0,2958.0,2958.0,7470.0,11320.0,0.0,14.621999740600586,4.360045909881592,72.0
2026-09-15 04:00:00-05:00,2026-09-15,14381.0,1119.0,354.0,5216.0,7183.0,611.1,8.16100025177002,91.0,0.0,0.0,1.886796236038208,0.0,0.0,8.95600414276123,9.254188537597656,8474.0,10926.0,5777.0,14381.0,0.0,3693.0,2958.0,7470.0,10401.0,0.0,14.92199993133545,4.939635276794434,75.0
2026-09-15 05:00:00-05:00,2026-09-15,15351.0,1151.0,357.0,5506.0,7868.0,696.4,7.861000061035156,91.0,0.0,0.0,1.7464250326156616,0.0,0.0,9.771899223327637,9.05538558959961,8474.0,10926.0,5777.0,15351.0,0.0,4457.0,2958.0,7470.0,9633.0,0.0,15.071999549865724,5.3338541984558105,72.0
2026-09-15 06:00:00-05:00,2026-09-15,15818.0,1201.0,378.0,5809.0,8430.0,730.5,7.511000156402588,93.0,0.0,0.0,1.3892444372177124,0.0,0.0,10.239140510559082,9.832598686218262,8474.0,10926.0,5677.0,15818.0,12.0,4699.0,2958.0,7470.0,9288.0,0.0,15.272000312805176,5.011985778808594,75.0
2026-09-15 07:00:00-05:00,2026-09-15,16105.0,1204.0,403.0,5899.0,8599.0,744.9,9.41100025177002,90.0,0.0,0.0,1.838477611541748,76.0,76.0,9.178235054016112,10.217631340026855,8474.0,10827.0,5678.0,16105.0,73.0,4834.0,2958.0,7470.0,9072.0,28.0,15.621999740600586,3.9458839893341056,76.0
2026-09-15 08:00:00-05:00,2026-09-15,16137.0,1201.0,405.0,5920.0,8611.0,746.4,11.611000061035156,82.0,0.0,0.0,2.690724849700928,268.0,268.0,9.15914821624756,9.802041053771973,8474.0,10827.0,5572.0,16137.0,157.0,4609.0,2958.0,7470.0,9188.0,138.0,16.07200050354004,4.148493766784668,78.0
2026-09-15 09:00:00-05:00,2026-09-15,16379.0,1202.0,410.0,5966.0,8801.0,702.3,14.16100025177002,74.0,0.0,0.0,3.535533905029297,434.0,434.0000305175781,4.060788154602051,9.334345817565918,8474.0,10827.0,5607.0,16379.0,220.0,4749.0,2958.0,7470.0,9086.0,287.0,17.172000885009766,3.862641572952272,79.0
2026-09-15 10:00:00-05:00,2026-09-15,16505.0,1204.0,407.0,5979.0,8915.0,644.8,15.261000633239746,71.0,0.0,0.0,3.231098890304565,310.0,310.0,2.7018513679504395,8.401190757751465,8474.0,10827.0,5617.0,16505.0,244.0,4945.0,2958.0,7470.0,8908.0,412.0,18.12200164794922,6.140032768249512,76.0
2026-09-15 11:00:00-05:00,2026-09-15,16700.0,1213.0,406.0,6010.0,9071.0,613.0,16.661001205444336,68.0,0.0,0.0,4.205948352813721,535.0,535.0,4.7074408531188965,8.121576309204102,8474.0,10827.0,5617.0,16700.0,256.0,5215.0,2958.0,7470.0,8640.0,662.0,18.17200088500977,6.985700130462647,76.0
2026-09-15 12:00:00-05:00,2026-09-15,17063.0,1226.0,408.0,6189.0,9240.0,630.5,16.76099967956543,65.0,0.0,0.0,4.477722644805908,393.0,393.0,4.341659069061279,7.727871417999268,8767.0,10827.0,5688.0,17063.0,268.0,5264.0,2958.0,7470.0,9791.0,625.0,19.62200164794922,5.510898590087891,70.0
2026-09-15 13:00:00-05:00,2026-09-15,17352.0,1232.0,405.0,6332.0,9383.0,639.9,16.111000061035156,63.0,0.0,0.0,3.546829462051392,86.0,86.0,5.522680282592773,8.71320915222168,8767.0,10827.0,5688.0,17352.0,249.0,5660.0,2958.0,7470.0,9398.0,561.0,20.17200088500977,4.310452461242676,66.0
2026-09-15 14:00:00-05:00,2026-09-15,18102.0,1256.0,409.0,6494.0,9600.0,607.4,17.01099967956543,62.0,0.0,0.0,3.383785009384156,176.0,176.0,3.3241541385650635,9.07083225250244,8767.0,10827.0,5688.0,18102.0,222.0,6554.0,2958.0,7470.0,8507.0,248.0,20.67200088500977,2.220360517501831,64.0
2026-09-15 15:00:00-05:00,2026-09-15,18443.0,1290.0,412.0,6758.0,9983.0,579.8,16.161001205444336,67.0,0.0,0.0,3.4885528087615967,99.0,99.0,6.451356410980225,8.792041778564453,9012.0,10827.0,5692.0,18443.0,168.0,6804.0,2958.0,7470.0,8259.0,396.0,20.82200050354004,3.140063524246216,59.0
2026-09-15 16:00:00-05:00,2026-09-15,18884.0,1305.0,416.0,6951.0,10212.0,573.9,15.711000442504885,71.0,0.0,0.0,2.716615676879883,59.0,59.0,4.792703151702881,8.825531005859375,9012.0,10926.0,5741.0,18884.0,103.0,7405.0,2958.0,7470.0,7989.0,428.0,21.02200126647949,2.729468822479248,62.0
2026-09-15 17:00:00-05:00,2026-09-15,18896.0,1306.0,414.0,7019.0,10157.0,578.1,14.711000442504885,77.0,0.0,0.0,2.284731864929199,8.0,8.0,4.780167579650879,8.668333053588867,9222.0,10926.0,5784.0,18896.0,21.0,7369.0,2958.0,7470.0,8067.0,293.0,21.07200050354004,3.546829462051392,63.0
2026-09-15 18:00:00-05:00,2026-09-15,18827.0,1319.0,431.0,6952.0,10125.0,574.7,14.461000442504885,77.0,0.0,0.0,2.5632011890411377,1.0,1.0,5.178802967071533,9.239588737487791,9222.0,10926.0,5897.0,18827.0,2.0,7416.0,2958.0,7470.0,8132.0,104.0,20.37200164794922,2.302172899246216,66.0
2026-09-15 19:00:00-05:00,2026-09-15,18662.0,1322.0,442.0,6804.0,10094.0,456.5,14.16100025177002,77.0,0.0,0.0,2.640075922012329,0.0,0.0,5.941380500793457,9.780081748962402,9222.0,10926.0,5897.0,18662.0,0.0,7470.0,2958.0,7470.0,8083.0,0.0,19.82200050354004,1.104536056518555,66.0
2026-09-15 20:00:00-05:00,2026-09-15,17913.0,1298.0,434.0,6484.0,9697.0,402.2,14.31100082397461,78.0,0.0,0.0,2.5019991397857666,0.0,0.0,5.903388977050781,7.566373348236084,9222.0,10926.0,5892.0,17913.0,0.0,6925.0,2958.0,7470.0,8616.0,0.0,19.77200126647949,1.6124515533447266,66.0
2026-09-15 21:00:00-05:00,2026-09-15,17125.0,1248.0,417.0,6367.0,9093.0,357.4,14.461000442504885,81.0,0.0,0.0,1.923538327217102,0.0,0.0,5.700877189636231,7.516648292541504,9222.0,10926.0,5892.0,17125.0,0.0,6299.0,2958.0,7470.0,8101.0,0.0,19.27200126647949,1.7117242813110352,74.0
2026-09-15 22:00:00-05:00,2026-09-15,16190.0,1219.0,396.0,6078.0,8497.0,328.1,14.56100082397461,84.0,0.4000000059604645,0.0,1.2206555604934692,0.0,0.0,5.830951690673828,7.6157732009887695,9222.0,10926.0,5892.0,16190.0,0.0,5626.0,2958.0,7470.0,8779.0,0.0,18.52200126647949,2.433104991912842,81.0
2026-09-15 23:00:00-05:00,2026-09-15,15427.0,1181.0,382.0,5825.0,8039.0,249.5,14.81100082397461,83.0,0.0,0.0,1.0630146265029907,0.0,0.0,2.483948469161988,7.864477157592773,9222.0,10986.0,5885.0,15427.0,0.0,5042.0,2958.0,7470.0,9410.0,0.0,18.12200164794922,1.5132745504379272,85.0
2026-09-16 00:00:00-05:00,2026-09-16,14869.0,1160.0,385.0,5599.0,7725.0,151.9,14.711000442504885,85.0,0.0,0.0,2.061552762985229,0.0,0.0,1.5264337062835691,4.6754679679870605,9217.0,10910.0,5883.0,14869.0,0.0,4581.0,4335.0,10112.0,10560.0,0.0,16.972000122070312,1.9104973077774048,89.0
2026-09-16 01:00:00-05:00,2026-09-16,14731.0,1143.0,376.0,5744.0,7468.0,96.7,14.81100082397461,89.0,0.0,0.0,0.6082762479782104,0.0,0.0,2.0396077632904053,5.011985778808594,9217.0,10910.0,5883.0,14731.0,0.0,4574.0,4335.0,10112.0,10570.0,0.0,17.172000885009766,1.8027756214141848,83.0
2026-09-16 02:00:00-05:00,2026-09-16,14412.0,1123.0,371.0,5579.0,7339.0,100.2,15.011000633239746,91.0,0.0,0.0,0.8485281467437744,0.0,0.0,3.1622774600982666,4.101219177246094,9217.0,10910.0,5883.0,14412.0,0.0,4335.0,4335.0,10112.0,10811.0,0.0,17.522001266479492,1.5264337062835691,82.0
2026-09-16 03:00:00-05:00,2026-09-16,14405.0,1110.0,367.0,5612.0,7316.0,115.3,15.211000442504885,89.0,0.0,0.0,1.2806248664855957,0.0,0.0,0.4123105704784393,2.483948469161988,9217.0,10939.0,5883.0,14405.0,0.0,4385.0,4335.0,10112.0,10790.0,0.0,18.52200126647949,0.9848857522010804,86.0
2026-09-16 04:00:00-05:00,2026-09-16,15266.0,1100.0,356.0,5707.0,7598.0,114.9,15.261000633239746,90.0,0.0,0.0,1.780449390411377,0.0,0.0,2.158703088760376,2.751363039016724,9217.0,10939.0,5883.0,15266.0,0.0,5352.0,4335.0,10112.0,9825.0,0.0,18.472000122070312,1.5620499849319458,85.0
2026-09-16 05:00:00-05:00,2026-09-16,16253.0,1136.0,358.0,5944.0,8321.0,105.9,15.261000633239746,92.0,0.0,0.0,1.6124515533447266,0.0,0.0,2.1954498291015625,3.0016660690307617,9217.0,10939.0,5883.0,16253.0,0.0,6423.0,4335.0,10112.0,8756.0,0.0,17.722000122070312,1.5264337062835691,86.0
2026-09-16 06:00:00-05:00,2026-09-16,16744.0,1191.0,377.0,6235.0,8941.0,103.3,14.961000442504885,88.0,0.0,0.0,2.2135941982269287,0.0,0.0,3.634556293487549,3.7802116870880127,9217.0,10939.0,5828.0,16744.0,9.0,6946.0,4335.0,10112.0,8180.0,0.0,17.37200164794922,1.7117242813110352,89.0
2026-09-16 07:00:00-05:00,2026-09-16,17186.0,1186.0,400.0,6423.0,9177.0,98.3,16.211000442504883,93.0,0.0,0.0,1.8439089059829712,82.0,81.99998474121094,3.4234485626220703,3.538361072540283,9217.0,10939.0,5833.0,17186.0,65.0,7419.0,4335.0,10112.0,7712.0,14.0,18.222000122070312,1.1180340051651,91.0
2026-09-16 08:00:00-05:00,2026-09-16,17446.0,1160.0,398.0,6496.0,9392.0,89.5,18.06100082397461,91.0,0.0,0.0,2.9546573162078857,272.0,272.0000305175781,4.509988784790039,2.842534065246582,9217.0,10899.0,5803.0,17446.0,134.0,7671.0,4335.0,10112.0,7392.0,137.0,18.77200126647949,1.8681540489196773,84.0
2026-09-16 09:00:00-05:00,2026-09-16,17777.0,1147.0,396.0,6583.0,9651.0,91.4,19.26099967956543,87.0,0.0,0.0,3.395585298538208,369.0,369.0,2.906888484954834,3.3421547412872314,9327.0,10899.0,5803.0,17777.0,193.0,7887.0,4335.0,10112.0,7193.0,77.0,19.62200164794922,3.088689088821411,80.0
2026-09-16 10:00:00-05:00,2026-09-16,18013.0,1138.0,392.0,6598.0,9885.0,88.8,19.61100006103516,85.0,0.0,0.0,3.8209946155548096,465.0,465.0,3.90512490272522,3.2449963092803955,9327.0,10870.0,5813.0,18013.0,233.0,8129.0,4335.0,10112.0,6941.0,230.0,20.42200088500977,3.041381359100342,78.0
2026-09-16 11:00:00-05:00,2026-09-16,18365.0,1136.0,394.0,6709.0,10126.0,78.8,20.36100006103516,80.0,0.0,0.0,3.132091760635376,413.0,413.0,4.833218574523926,3.891015291213989,9327.0,10870.0,5813.0,18365.0,255.0,8488.0,4335.0,10112.0,6582.0,503.0,21.472000122070312,3.041381359100342,73.0
2026-09-16 12:00:00-05:00,2026-09-16,18712.0,1146.0,398.0,6849.0,10319.0,72.0,20.76099967956543,74.0,0.0,0.0,3.088689088821411,465.0,465.0,3.2015621662139893,4.197618007659912,9352.0,10870.0,5813.0,18712.0,260.0,8812.0,4335.0,10112.0,7402.0,591.0,20.87200164794922,2.817800521850586,72.0
2026-09-16 13:00:00-05:00,2026-09-16,18902.0,1149.0,401.0,6879.0,10473.0,79.8,21.31100082397461,68.0,0.0,0.0,2.5,598.0,598.0,3.3015148639678955,4.210700511932373,9352.0,10870.0,5813.0,18902.0,247.0,9009.0,4335.0,10112.0,7204.0,127.0,21.67200088500977,2.594224452972412,71.0
2026-09-16 14:00:00-05:00,2026-09-16,19096.0,1171.0,411.0,6901.0,10613.0,94.7,21.81100082397461,63.0,0.0,0.0,2.0099751949310303,583.0,583.0,3.911521673202514,3.8052594661712646,9352.0,10870.0,5813.0,19096.0,227.0,9208.0,4335.0,10112.0,7005.0,116.0,23.27200126647949,2.433104991912842,60.0
2026-09-16 15:00:00-05:00,2026-09-16,19562.0,1205.0,420.0,7071.0,10866.0,112.7,21.961000442504883,58.0,0.0,0.0,2.061552762985229,536.0,536.0,4.709564685821533,4.00124979019165,9352.0,10870.0,5817.0,19562.0,179.0,9707.0,4335.0,10112.0,6511.0,153.0,23.222000122070312,0.1414213627576828,58.0
2026-09-16 16:00:00-05:00,2026-09-16,19890.0,1230.0,428.0,7184.0,11048.0,101.1,21.461000442504883,60.0,0.0,0.0,2.1540658473968506,383.0,383.0,4.726520538330078,5.035871505737305,9352.0,10899.0,5903.0,19890.0,106.0,10112.0,4335.0,10112.0,6220.0,82.0,21.472000122070312,0.9055384993553162,71.0
2026-09-16 17:00:00-05:00,2026-09-16,19656.0,1245.0,423.0,7113.0,10875.0,108.5,20.461000442504883,70.0,0.0,0.0,1.5652475357055664,170.0,170.0,5.000999927520752,6.198386669158936,9352.0,10899.0,5970.0,19656.0,20.0,9960.0,4335.0,10112.0,6440.0,263.0,21.17200088500977,0.5,64.0
2026-09-16 18:00:00-05:00,2026-09-16,19418.0,1272.0,440.0,6953.0,10753.0,117.5,18.661001205444336,70.0,0.0,0.0,1.8027756214141848,19.0,19.0,4.901020526885986,6.166036128997803,9352.0,10899.0,5967.0,19418.0,1.0,9732.0,4335.0,10112.0,6666.0,61.0,19.87200164794922,2.284731864929199,58.0
2026-09-16 19:00:00-05:00,2026-09-16,19148.0,1283.0,450.0,6853.0,10562.0,109.3,17.26099967956543,71.0,0.0,0.0,1.923538446426392,0.0,0.0,3.911521673202514,6.181423664093018,9352.0,10899.0,5967.0,19148.0,0.0,9480.0,4335.0,10112.0,6918.0,0.0,17.62200164794922,2.302172899246216,63.0
2026-09-16 20:00:00-05:00,2026-09-16,18281.0,1264.0,440.0,6578.0,9999.0,102.9,16.211000442504883,78.0,0.0,0.0,2.126029253005981,0.0,0.0,5.1351728439331055,5.412023544311523,9352.0,10899.0,5962.0,18281.0,0.0,8609.0,4335.0,10112.0,7768.0,0.0,16.32200050354004,2.7202939987182617,69.0
2026-09-16 21:00:00-05:00,2026-09-16,17050.0,1220.0,423.0,6153.0,9254.0,84.3,15.261000633239746,84.0,0.0,0.0,1.8681540489196773,0.0,0.0,4.220189571380615,4.8373541831970215,9352.0,10899.0,5962.0,17050.0,0.0,7361.0,4335.0,10112.0,7872.0,0.0,15.42199993133545,3.228002548217773,77.0
2026-09-16 22:00:00-05:00,2026-09-16,16077.0,1198.0,404.0,5823.0,8652.0,57.4,14.511000633239746,81.0,0.0,0.0,1.7999999523162842,0.0,0.0,3.6138620376586914,3.801315546035767,9352.0,10939.0,5962.0,16077.0,0.0,6437.0,4335.0,10112.0,8836.0,0.0,14.821999549865724,3.522783041000366,81.0
2026-09-16 23:00:00-05:00,2026-09-16,15322.0,1169.0,390.0,5653.0,8110.0,41.6,13.66100025177002,81.0,0.0,0.0,1.9416487216949463,0.0,0.0,3.101612567901612,4.522167682647705,9352.0,10939.0,5955.0,15322.0,0.0,5694.0,4335.0,10112.0,9564.0,0.0,14.522000312805176,2.906888484954834,85.0
2026-09-17 00:00:00-05:00,2026-09-17,14863.0,1162.0,420.0,5563.0,7718.0,59.5,14.211000442504885,82.0,0.0,0.0,1.8027756214141848,0.0,0.0,2.6248810291290283,3.275667905807495,8762.0,10939.0,5954.0,14863.0,0.0,5825.0,4887.0,9277.0,9415.0,0.0,16.87200164794922,3.1144821643829346,83.0
2026-09-17 01:00:00-05:00,2026-09-17,14569.0,1148.0,414.0,5596.0,7411.0,58.0,13.66100025177002,82.0,0.0,0.0,1.8681540489196773,0.0,0.0,1.8027756214141848,2.408318996429444,9007.0,10939.0,5954.0,14569.0,0.0,5294.0,4887.0,9277.0,9941.0,0.0,16.722000122070312,2.807133674621582,85.0
2026-09-17 02:00:00-05:00,2026-09-17,14433.0,1129.0,410.0,5659.0,7235.0,60.0,13.011000633239746,83.0,0.0,0.0,2.1377556324005127,0.0,0.0,1.0,1.421267032623291,9007.0,10939.0,5954.0,14433.0,0.0,5150.0,4887.0,9277.0,10085.0,0.0,16.62200164794922,2.102379560470581,86.0
2026-09-17 03:00:00-05:00,2026-09-17,14368.0,1115.0,407.0,5652.0,7194.0,78.7,12.861000061035156,84.0,0.0,0.0,2.262741804122925,0.0,0.0,2.751363039016724,1.2041594982147217,9217.0,10939.0,5954.0,14368.0,0.0,4887.0,4887.0,9277.0,10344.0,0.0,17.222000122070312,1.702938675880432,84.0
2026-09-17 04:00:00-05:00,2026-09-17,15081.0,1102.0,399.0,5679.0,7431.0,71.9,12.511000633239746,87.0,0.0,0.0,1.7088007926940918,0.0,0.0,2.8635642528533936,2.0880613327026367,9217.0,10939.0,5954.0,15081.0,0.0,5640.0,4887.0,9277.0,9592.0,0.0,16.972000122070312,2.024845838546753,87.0
2026-09-17 05:00:00-05:00,2026-09-17,15921.0,1067.0,400.0,6056.0,7971.0,62.2,12.461000442504885,88.0,0.0,0.0,1.7117242813110352,0.0,0.0,3.140063524246216,0.8062257766723633,9217.0,10939.0,5954.0,15921.0,0.0,6512.0,4887.0,9277.0,8720.0,0.0,16.672000885009766,2.912043809890747,88.0
2026-09-17 06:00:00-05:00,2026-09-17,16346.0,1117.0,413.0,6281.0,8535.0,53.7,12.511000633239746,89.0,0.0,0.0,1.7464250326156616,0.0,0.0,3.310589075088501,1.3152945041656494,9217.0,10899.0,5906.0,16346.0,8.0,6931.0,4887.0,9277.0,8210.0,0.0,16.522001266479492,2.376972913742065,91.0
2026-09-17 07:00:00-05:00,2026-09-17,16707.0,1114.0,432.0,6366.0,8795.0,36.1,13.31100082397461,87.0,0.0,0.0,1.7029385566711426,44.0,44.0,2.8017852306365967,3.0870697498321533,9217.0,10899.0,5911.0,16707.0,61.0,7281.0,4887.0,9277.0,7863.0,16.0,17.222000122070312,2.844292640686035,90.0
2026-09-17 08:00:00-05:00,2026-09-17,16904.0,1096.0,433.0,6370.0,9005.0,30.2,15.011000633239746,77.0,0.0,0.0,2.751363039016724,230.0,230.0,2.5,3.106444835662842,9217.0,10862.0,5911.0,16904.0,138.0,7413.0,4887.0,9277.0,7694.0,23.0,18.62200164794922,2.549509763717652,88.0
2026-09-17 09:00:00-05:00,2026-09-17,17196.0,1081.0,432.0,6465.0,9218.0,24.2,15.16100025177002,77.0,0.0,0.0,2.0880613327026367,79.0,79.0,2.6419689655303955,1.4142135381698608,9217.0,10862.0,5892.0,17196.0,205.0,7643.0,4887.0,9277.0,7449.0,79.0,19.42200088500977,2.6076807975769043,84.0
2026-09-17 10:00:00-05:00,2026-09-17,17329.0,1074.0,427.0,6479.0,9349.0,17.4,16.26099967956543,77.0,0.0,0.0,1.7691805362701416,294.0,294.0,3.452535390853882,1.4142135381698608,9217.0,10862.0,5902.0,17329.0,236.0,7739.0,4887.0,9277.0,7370.0,47.0,20.42200088500977,2.408318996429444,82.0
2026-09-17 11:00:00-05:00,2026-09-17,17635.0,1076.0,427.0,6584.0,9548.0,22.8,17.51099967956543,76.0,0.0,0.0,2.1470909118652344,639.0,639.0,2.1213202476501465,0.6403124332427979,9217.0,10833.0,5902.0,17635.0,260.0,7980.0,4887.0,9277.0,7099.0,146.0,22.27200126647949,1.9723082780838013,77.0
2026-09-17 12:00:00-05:00,2026-09-17,17999.0,1099.0,429.0,6715.0,9756.0,39.2,18.31100082397461,76.0,0.0,0.0,1.838477611541748,704.0,704.0,2.3194828033447266,1.104536056518555,9217.0,10833.0,5902.0,17999.0,267.0,8270.0,4887.0,9277.0,7952.0,648.0,22.67200088500977,1.8439089059829712,69.0
2026-09-17 13:00:00-05:00,2026-09-17,18173.0,1096.0,427.0,6741.0,9909.0,57.2,19.461000442504883,76.0,0.0,0.0,1.9026297330856323,688.0,688.0,2.0099751949310303,1.7464250326156616,9217.0,10873.0,5922.0,18173.0,267.0,8382.0,4887.0,9277.0,7896.0,630.0,24.02200126647949,0.9055384993553162,64.0
2026-09-17 14:00:00-05:00,2026-09-17,18395.0,1126.0,432.0,6730.0,10107.0,64.3,19.661001205444336,71.0,0.0,0.0,0.5,127.0,127.0,0.7280109524726868,2.0099751949310303,9327.0,10873.0,5922.0,18395.0,244.0,8463.0,4887.0,9277.0,7813.0,293.0,24.722000122070312,0.2236068099737167,59.0
2026-09-17 15:00:00-05:00,2026-09-17,18856.0,1163.0,438.0,6869.0,10386.0,83.4,19.911001205444336,74.0,0.0,0.0,1.0295629501342771,106.0,106.0,1.4764822721481323,3.2202484607696533,9327.0,10873.0,6000.0,18856.0,195.0,8892.0,4887.0,9277.0,7461.0,327.0,23.722000122070312,2.2825424671173096,66.0
2026-09-17 16:00:00-05:00,2026-09-17,19223.0,1189.0,447.0,6988.0,10599.0,101.3,19.06100082397461,79.0,0.0,0.0,1.9104971885681152,96.0,96.0,1.5264337062835691,3.679673910140991,9327.0,10873.0,6048.0,19223.0,122.0,9277.0,4887.0,9277.0,7123.0,336.0,23.62200164794922,1.720465064048767,63.0
2026-09-17 17:00:00-05:00,2026-09-17,19182.0,1207.0,453.0,6976.0,10546.0,112.3,18.961000442504883,80.0,0.0,0.0,2.459674835205078,206.0,206.00001525878903,3.605551242828369,3.679673910140991,9352.0,10873.0,6048.0,19182.0,29.0,9275.0,4887.0,9277.0,7125.0,163.0,23.02200126647949,0.7280109524726868,62.0
2026-09-17 18:00:00-05:00,2026-09-17,19171.0,1295.0,481.0,6851.0,10544.0,107.4,17.56100082397461,84.0,0.0,0.0,2.332380771636963,123.0,123.0,3.801315546035767,4.295345783233643,9352.0,10873.0,6045.0,19171.0,2.0,9246.0,4887.0,9277.0,7151.0,94.0,22.222000122070312,1.345362424850464,50.0
2026-09-17 19:00:00-05:00,2026-09-17,19006.0,1303.0,499.0,6774.0,10430.0,128.6,16.06100082397461,84.0,0.0,0.0,2.280350923538208,0.0,0.0,3.299999952316284,5.948109149932861,9352.0,10902.0,6045.0,19006.0,0.0,9027.0,4887.0,9277.0,7398.0,0.0,19.67200088500977,2.8844411373138428,54.0
2026-09-17 20:00:00-05:00,2026-09-17,18237.0,1284.0,493.0,6520.0,9940.0,158.7,15.111000061035156,86.0,0.0,0.0,2.1213202476501465,0.0,0.0,3.5,5.470831394195557,9352.0,10902.0,6040.0,18237.0,0.0,8178.0,4887.0,9277.0,8240.0,0.0,18.02200126647949,3.0675723552703857,58.0
2026-09-17 21:00:00-05:00,2026-09-17,17048.0,1238.0,477.0,6096.0,9237.0,203.9,14.66100025177002,85.0,0.0,0.0,2.109502077102661,0.0,0.0,3.299999952316284,5.255473613739014,9352.0,10902.0,6040.0,17048.0,0.0,6885.0,4887.0,9277.0,8393.0,0.0,16.722000122070312,2.785677433013916,62.0
2026-09-17 22:00:00-05:00,2026-09-17,16052.0,1209.0,453.0,5726.0,8664.0,215.9,14.16100025177002,86.0,0.0,0.0,1.7464250326156616,0.0,0.0,3.5999999046325684,5.3758721351623535,9352.0,10939.0,6040.0,16052.0,0.0,5902.0,4887.0,9277.0,9412.0,0.0,15.92199993133545,3.1384711265563965,67.0
2026-09-17 23:00:00-05:00,2026-09-17,15186.0,1172.0,435.0,5495.0,8084.0,237.0,13.761000633239746,88.0,0.0,0.0,2.1540658473968506,0.0,0.0,3.701351165771485,5.643580436706543,9352.0,10939.0,6032.0,15186.0,0.0,5019.0,4887.0,9277.0,10280.0,0.0,15.472000122070312,3.667424201965332,71.0
2026-09-18 00:00:00-05:00,2026-09-18,14613.0,1153.0,395.0,5430.0,7635.0,257.5,14.06100082397461,85.0,0.0,0.0,2.061552762985229,0.0,0.0,3.911521673202514,5.887274265289307,9217.0,10898.0,6067.0,14613.0,0.0,4426.0,3664.0,7794.0,11024.0,0.0,14.472000122070312,3.400000095367432,74.0
2026-09-18 01:00:00-05:00,2026-09-18,14301.0,1132.0,388.0,5474.0,7307.0,266.1,13.66100025177002,85.0,0.0,0.0,1.7464250326156616,0.0,0.0,2.9427878856658936,5.375871658325195,9217.0,10898.0,6067.0,14301.0,0.0,4081.0,3664.0,7794.0,11301.0,0.0,14.022000312805176,3.178049802780152,77.0
2026-09-18 02:00:00-05:00,2026-09-18,14051.0,1112.0,382.0,5460.0,7097.0,269.3,13.261000633239746,85.0,0.0,0.0,1.897366523742676,0.0,0.0,3.313608169555664,5.700877189636231,9217.0,10898.0,6067.0,14051.0,0.0,3752.0,3664.0,7794.0,11583.0,0.0,13.92199993133545,3.992492914199829,80.0
2026-09-18 03:00:00-05:00,2026-09-18,14010.0,1104.0,383.0,5465.0,7058.0,322.7,12.66100025177002,85.0,0.0,0.0,1.9924858808517456,0.0,0.0,3.0265491008758545,6.217716693878174,9217.0,10898.0,6067.0,14010.0,0.0,3664.0,3664.0,7794.0,11659.0,0.0,14.022000312805176,4.346262454986572,80.0
2026-09-18 04:00:00-05:00,2026-09-18,14689.0,1089.0,379.0,5533.0,7266.0,336.3,12.361000061035156,84.0,0.0,0.0,1.886796236038208,0.0,0.0,3.059411764144897,8.411896705627441,9217.0,10898.0,6067.0,14689.0,0.0,4378.0,3664.0,7794.0,10747.0,0.0,13.722000122070312,4.085339546203613,81.0
2026-09-18 05:00:00-05:00,2026-09-18,15501.0,1122.0,385.0,5763.0,7840.0,344.5,12.16100025177002,78.0,0.0,0.0,0.761577308177948,0.0,0.0,3.3015148639678955,8.955445289611816,9217.0,10898.0,6067.0,15501.0,0.0,5273.0,3664.0,7794.0,10172.0,0.0,13.472000122070312,4.178516387939453,83.0
2026-09-18 06:00:00-05:00,2026-09-18,15890.0,1167.0,401.0,5977.0,8345.0,339.1,12.16100025177002,86.0,0.0,0.0,2.0396077632904053,0.0,0.0,3.981205940246582,8.521150588989258,9217.0,10898.0,6067.0,15890.0,14.0,5707.0,3664.0,7794.0,9411.0,0.0,13.071999549865724,3.992492914199829,84.0
2026-09-18 07:00:00-05:00,2026-09-18,16170.0,1166.0,423.0,6074.0,8507.0,297.0,13.16100025177002,87.0,0.0,0.0,1.788854479789734,83.0,83.00000762939453,4.464303016662598,7.963039398193359,9327.0,10898.0,6067.0,16170.0,103.0,5875.0,3664.0,7794.0,9159.0,14.0,14.121999740600586,3.794733047485352,86.0
2026-09-18 08:00:00-05:00,2026-09-18,16119.0,1141.0,426.0,5995.0,8557.0,261.4,14.41100025177002,75.0,0.0,0.0,4.522167682647705,259.0,259.0000305175781,4.365776062011719,6.9892778396606445,9327.0,10863.0,6026.0,16119.0,224.0,5773.0,3664.0,7794.0,9078.0,39.0,16.272001266479492,3.299999952316284,83.0
2026-09-18 09:00:00-05:00,2026-09-18,16196.0,1123.0,419.0,5973.0,8681.0,199.7,14.81100082397461,72.0,0.0,0.0,4.939635753631592,435.0,434.9999694824219,4.870318412780762,6.997142314910889,9327.0,10863.0,5945.0,16196.0,319.0,5876.0,3664.0,7794.0,8901.0,255.0,17.772001266479492,2.549509763717652,76.0
2026-09-18 10:00:00-05:00,2026-09-18,16325.0,1110.0,412.0,6045.0,8758.0,152.3,15.16100025177002,57.0,0.0,0.0,4.565084934234619,596.0,596.0,5.0,5.437830448150635,9352.0,10863.0,5948.0,16325.0,372.0,6060.0,3664.0,7794.0,8728.0,487.0,19.222000122070312,3.1144821643829346,68.0
2026-09-18 11:00:00-05:00,2026-09-18,16441.0,1116.0,414.0,6049.0,8862.0,113.2,15.361000061035156,54.0,0.0,0.0,4.687216758728027,703.0,703.0,4.365776062011719,4.716990470886231,9352.0,10852.0,5948.0,16441.0,386.0,6241.0,3664.0,7794.0,8533.0,672.0,20.37200164794922,2.961418628692627,61.0
2026-09-18 12:00:00-05:00,2026-09-18,16766.0,1127.0,415.0,6254.0,8970.0,86.7,15.461000442504885,54.0,0.0,0.0,4.687216758728027,750.0,750.0,4.060788154602051,4.326661586761475,9352.0,10852.0,5948.0,16766.0,391.0,6582.0,3664.0,7794.0,8731.0,746.0,21.17200088500977,2.807133674621582,55.0
2026-09-18 13:00:00-05:00,2026-09-18,16805.0,1130.0,418.0,6265.0,8992.0,97.5,15.81100082397461,52.0,0.0,0.0,4.410215377807617,723.0,723.0,3.911521673202514,3.522783041000366,9352.0,10852.0,6029.0,16805.0,372.0,6569.0,3664.0,7794.0,8823.0,773.0,21.37200164794922,3.668787240982056,50.0
2026-09-18 14:00:00-05:00,2026-09-18,16972.0,1139.0,427.0,6364.0,9042.0,143.4,16.06100082397461,47.0,0.0,0.0,4.3011627197265625,680.0,680.0,3.733630895614624,3.417601585388184,9352.0,10852.0,6021.0,16972.0,329.0,6661.0,3664.0,7794.0,9526.0,734.0,21.57200050354004,4.5880279541015625,44.0
2026-09-18 15:00:00-05:00,2026-09-18,17399.0,1168.0,427.0,6524.0,9280.0,202.9,15.961000442504885,45.0,0.0,0.0,4.2190046310424805,566.0,566.0,4.617358684539795,4.726520538330078,9352.0,10852.0,6021.0,17399.0,252.0,7053.0,3664.0,7794.0,9152.0,213.0,21.52200126647949,4.464303016662598,43.0
2026-09-18 16:00:00-05:00,2026-09-18,17748.0,1194.0,428.0,6608.0,9518.0,234.7,15.361000061035156,47.0,0.0,0.0,3.535533905029297,405.0,405.0,5.603570461273193,7.000714302062988,9352.0,10852.0,6058.0,17748.0,148.0,7498.0,3664.0,7794.0,8706.0,356.0,20.92200088500977,4.5880279541015625,43.0
2026-09-18 17:00:00-05:00,2026-09-18,17702.0,1226.0,426.0,6576.0,9474.0,329.9,14.111000061035156,55.0,0.0,0.0,2.7658634185791016,213.0,213.00003051757807,5.573149681091309,8.402379989624023,9379.0,10852.0,6058.0,17702.0,36.0,7477.0,3664.0,7794.0,8729.0,233.0,19.92200088500977,4.53982400894165,43.0
2026-09-18 18:00:00-05:00,2026-09-18,17622.0,1251.0,445.0,6422.0,9504.0,376.2,11.861000061035156,61.0,0.0,0.0,2.901723861694336,0.0,0.0,4.936598300933838,9.91413116455078,9379.0,10852.0,6130.0,17622.0,2.0,7397.0,3664.0,7794.0,8097.0,64.0,18.17200088500977,3.7054014205932617,43.0
2026-09-18 19:00:00-05:00,2026-09-18,17448.0,1246.0,457.0,6297.0,9448.0,348.3,10.361000061035156,65.0,0.0,0.0,3.014962673187256,0.0,0.0,4.901020526885986,9.317188262939451,8854.0,10863.0,6130.0,17448.0,0.0,7794.0,3664.0,7794.0,7723.0,0.0,16.57200050354004,3.3241539001464844,43.0
2026-09-18 20:00:00-05:00,2026-09-18,16756.0,1226.0,450.0,6022.0,9058.0,362.7,9.361000061035156,71.0,0.0,0.0,2.408318996429444,0.0,0.0,5.400926113128662,8.772685050964355,8574.0,10863.0,6130.0,16756.0,0.0,7379.0,3664.0,7794.0,8143.0,0.0,15.92199993133545,3.478505373001098,47.0
2026-09-18 21:00:00-05:00,2026-09-18,15827.0,1192.0,433.0,5665.0,8537.0,362.5,8.861000061035156,70.0,0.0,0.0,1.923538327217102,0.0,0.0,4.699999809265137,8.87524700164795,8524.0,10863.0,6130.0,15827.0,0.0,6491.0,3664.0,7794.0,8722.0,0.0,14.821999549865724,3.4132096767425537,52.0
2026-09-18 22:00:00-05:00,2026-09-18,14906.0,1170.0,423.0,5313.0,8000.0,246.0,8.211000442504883,73.0,0.0,0.0,2.5019991397857666,0.0,0.0,4.242640495300293,8.809085845947266,8524.0,10898.0,6130.0,14906.0,0.0,5651.0,3664.0,7794.0,9644.0,0.0,14.17199993133545,2.5019991397857666,52.0
2026-09-18 23:00:00-05:00,2026-09-18,14229.0,1158.0,411.0,5122.0,7538.0,189.9,7.511000156402588,74.0,0.0,0.0,2.41867733001709,0.0,0.0,3.5846896171569824,7.300000190734863,8524.0,10898.0,6130.0,14229.0,0.0,4985.0,3664.0,7794.0,10455.0,0.0,13.821999549865724,3.667424201965332,54.0
2026-09-19 00:00:00-05:00,2026-09-19,13805.0,1165.0,423.0,5015.0,7202.0,282.7,7.011000156402588,76.0,0.0,0.0,1.77200448513031,0.0,0.0,4.346262454986572,6.881860256195068,8519.0,9771.0,5936.0,13805.0,0.0,4392.0,3543.0,6741.0,9615.0,0.0,13.972000122070312,2.879236221313477,56.0
2026-09-19 01:00:00-05:00,2026-09-19,13546.0,1160.0,415.0,5023.0,6948.0,255.7,6.410999774932861,77.0,0.0,0.0,1.6124515533447266,0.0,0.0,4.134005546569824,6.992137908935547,8519.0,9771.0,5936.0,13546.0,0.0,4148.0,3543.0,6741.0,9859.0,0.0,13.67199993133545,3.088689088821411,62.0
2026-09-19 02:00:00-05:00,2026-09-19,13376.0,1145.0,414.0,5043.0,6774.0,251.9,5.810999870300293,79.0,0.0,0.0,1.8027756214141848,0.0,0.0,3.546829462051392,7.595393180847168,8519.0,9771.0,5936.0,13376.0,0.0,3998.0,3543.0,6741.0,10009.0,0.0,13.871999740600586,4.081666469573975,62.0
2026-09-19 03:00:00-05:00,2026-09-19,13307.0,1137.0,410.0,5062.0,6698.0,263.4,5.361000061035156,82.0,0.0,0.0,1.4866068363189695,0.0,0.0,3.701351165771485,7.502666473388672,8519.0,9771.0,5936.0,13307.0,0.0,3887.0,3543.0,6741.0,10119.0,0.0,12.67199993133545,4.341658592224121,69.0
2026-09-19 04:00:00-05:00,2026-09-19,13415.0,1129.0,405.0,5100.0,6781.0,259.6,5.111000061035156,79.0,0.0,0.0,1.2806248664855957,0.0,0.0,3.5846896171569824,7.111258506774902,8519.0,9771.0,5936.0,13415.0,0.0,3986.0,3543.0,6741.0,10020.0,0.0,13.722000122070312,4.579301357269287,68.0
2026-09-19 05:00:00-05:00,2026-09-19,13661.0,1142.0,404.0,5227.0,6888.0,273.0,4.611000061035156,79.0,0.0,0.0,1.8681540489196773,0.0,0.0,3.605551242828369,6.082762718200684,8519.0,9771.0,5936.0,13661.0,0.0,4198.0,3543.0,6741.0,9807.0,0.0,13.92199993133545,4.49444055557251,66.0
2026-09-19 06:00:00-05:00,2026-09-19,13987.0,1161.0,426.0,5343.0,7057.0,284.6,4.160999774932861,81.0,0.0,0.0,1.7464250326156616,0.0,0.0,4.846648216247559,6.462971687316895,8519.0,9771.0,5936.0,13987.0,13.0,4463.0,3543.0,6741.0,9535.0,0.0,13.121999740600586,4.159327030181885,69.0
2026-09-19 07:00:00-05:00,2026-09-19,14307.0,1168.0,443.0,5379.0,7317.0,252.9,5.460999965667725,83.0,0.0,0.0,1.4317821264266968,93.0,92.99999237060548,4.846648216247559,6.718630313873291,8519.0,9771.0,5941.0,14307.0,85.0,4796.0,3543.0,6741.0,9208.0,25.0,13.722000122070312,4.716990470886231,69.0
2026-09-19 08:00:00-05:00,2026-09-19,14485.0,1159.0,457.0,5414.0,7455.0,248.3,7.410999774932861,76.0,0.0,0.0,1.7492855787277222,273.0,273.0,4.792703151702881,5.8420891761779785,8519.0,9740.0,5941.0,14485.0,191.0,4894.0,3543.0,6741.0,9078.0,142.0,15.071999549865724,5.1923017501831055,69.0
2026-09-19 09:00:00-05:00,2026-09-19,14573.0,1143.0,465.0,5387.0,7578.0,259.3,8.91100025177002,68.0,0.0,0.0,1.4866068363189695,449.0,449.0000305175781,4.27200174331665,6.774215698242188,8519.0,9740.0,5941.0,14573.0,264.0,4943.0,3543.0,6741.0,9033.0,136.0,15.472000122070312,5.035871505737305,70.0
2026-09-19 10:00:00-05:00,2026-09-19,14719.0,1138.0,464.0,5429.0,7688.0,277.9,10.211000442504885,63.0,0.0,0.0,0.8944272398948669,606.0,606.0,3.1780495643615723,6.000833034515381,8554.0,9740.0,5951.0,14719.0,285.0,5069.0,3543.0,6741.0,8924.0,294.0,15.871999740600586,5.048762321472168,69.0
2026-09-19 11:00:00-05:00,2026-09-19,14862.0,1133.0,467.0,5470.0,7792.0,303.0,11.211000442504885,59.0,0.0,0.0,0.5,699.0,699.0,2.8635640144348145,5.990826606750488,8554.0,9729.0,5951.0,14862.0,292.0,5249.0,3543.0,6741.0,8740.0,224.0,15.92199993133545,5.6921000480651855,71.0
2026-09-19 12:00:00-05:00,2026-09-19,14939.0,1141.0,463.0,5505.0,7830.0,239.9,12.011000633239746,57.0,0.0,0.0,0.670820415019989,731.0,731.0,3.981205701828003,6.258594036102295,8554.0,9729.0,5951.0,14939.0,283.0,5475.0,3543.0,6741.0,8517.0,338.0,16.472000122070312,5.728001594543457,68.0
2026-09-19 13:00:00-05:00,2026-09-19,15032.0,1148.0,465.0,5523.0,7896.0,261.5,12.761000633239746,55.0,0.0,0.0,0.8999999761581421,717.0,717.0,4.052160263061523,6.70671272277832,8554.0,9729.0,5951.0,15032.0,271.0,5582.0,3543.0,6741.0,8410.0,487.0,16.82200050354004,5.508175849914551,66.0
2026-09-19 14:00:00-05:00,2026-09-19,15237.0,1171.0,470.0,5540.0,8056.0,300.8,13.41100025177002,54.0,0.0,0.0,0.7810249924659729,677.0,677.0,3.4655447006225586,6.120457649230957,8554.0,9729.0,5951.0,15237.0,241.0,5779.0,3543.0,6741.0,8213.0,310.0,16.722000122070312,5.217278957366943,66.0
2026-09-19 15:00:00-05:00,2026-09-19,15517.0,1199.0,476.0,5626.0,8216.0,353.8,13.611000061035156,55.0,0.0,0.0,1.140175461769104,557.0,557.0,3.6878178119659424,5.508175849914551,8554.0,9729.0,5951.0,15517.0,185.0,6061.0,3543.0,6741.0,7931.0,258.0,16.87200164794922,5.1923017501831055,63.0
2026-09-19 16:00:00-05:00,2026-09-19,16002.0,1234.0,482.0,5761.0,8525.0,387.4,13.511000633239746,57.0,0.0,0.0,0.948683261871338,396.0,396.0,3.5735137462615967,6.003332614898682,8554.0,9759.0,5951.0,16002.0,103.0,6565.0,3543.0,6741.0,7451.0,121.0,16.672000885009766,5.069516658782959,62.0
2026-09-19 17:00:00-05:00,2026-09-19,16137.0,1248.0,481.0,5734.0,8674.0,398.2,13.011000633239746,59.0,0.0,0.0,0.8062257766723633,207.0,206.9999847412109,3.008321762084961,6.72681188583374,8554.0,9759.0,5951.0,16137.0,28.0,6741.0,3543.0,6741.0,7277.0,154.0,16.172000885009766,4.651881217956543,59.0
2026-09-19 18:00:00-05:00,2026-09-19,16149.0,1263.0,480.0,5628.0,8778.0,447.9,11.56100082397461,63.0,0.0,0.0,1.421267032623291,0.0,0.0,3.4132096767425537,5.787054538726807,8764.0,9759.0,5948.0,16149.0,2.0,6461.0,3543.0,6741.0,7547.0,58.0,15.371999740600586,3.9446165561676025,59.0
2026-09-19 19:00:00-05:00,2026-09-19,15988.0,1266.0,481.0,5520.0,8721.0,440.6,9.961000442504885,69.0,0.0,0.0,2.061552762985229,0.0,0.0,3.668787240982056,7.741446495056152,8764.0,9770.0,5948.0,15988.0,0.0,6306.0,3543.0,6741.0,7713.0,0.0,14.522000312805176,3.448188066482544,60.0
2026-09-19 20:00:00-05:00,2026-09-19,15422.0,1244.0,468.0,5320.0,8390.0,415.6,9.011000633239746,76.0,0.0,0.0,1.9924858808517456,0.0,0.0,3.4132096767425537,8.229823112487793,9009.0,9770.0,5943.0,15422.0,0.0,5465.0,3543.0,6741.0,8544.0,0.0,15.17199993133545,3.5341196060180664,59.0
2026-09-19 21:00:00-05:00,2026-09-19,14763.0,1216.0,452.0,5102.0,7993.0,413.2,8.261000633239746,80.0,0.0,0.0,1.8027756214141848,0.0,0.0,4.775981426239014,7.354589939117432,9009.0,9770.0,5943.0,14763.0,0.0,4776.0,3543.0,6741.0,9239.0,0.0,14.621999740600586,3.4885528087615967,61.0
2026-09-19 22:00:00-05:00,2026-09-19,14084.0,1190.0,433.0,4848.0,7613.0,342.6,7.611000061035156,80.0,0.0,0.0,1.3601469993591309,0.0,0.0,4.695742607116699,7.354589939117432,9009.0,9801.0,5943.0,14084.0,0.0,4203.0,3543.0,6741.0,9844.0,0.0,14.571999549865724,3.036445379257202,62.0
2026-09-19 23:00:00-05:00,2026-09-19,13616.0,1167.0,423.0,4779.0,7247.0,351.9,7.332125186920166,81.75,0.0,0.0,1.2554986476898191,0.0,0.0,3.951869487762451,7.060453414916992,9219.0,9801.0,5936.0,13616.0,0.0,3543.0,3543.0,6741.0,10485.0,0.0,15.478500366210938,3.3517305850982666,59.0
2026-09-20 00:00:00-05:00,2026-09-20,13426.0,1174.0,422.0,4889.0,6941.0,169.1,7.460999965667725,87.0,0.0,0.0,1.8027756214141848,0.0,0.0,3.041381359100342,5.507267951965332,9229.0,10366.0,5923.0,13426.0,0.0,3588.0,2604.0,5843.0,10736.0,0.0,16.422000885009766,3.981205940246582,73.0
2026-09-20 01:00:00-05:00,2026-09-20,13308.0,1162.0,418.0,5023.0,6705.0,161.5,7.210999965667725,85.0,0.0,0.0,1.4317821264266968,0.0,0.0,4.695742607116699,4.070626258850098,9229.0,10366.0,5923.0,13308.0,0.0,3556.0,2604.0,5843.0,10769.0,0.0,15.871999740600586,3.862641572952272,66.0
2026-09-20 02:00:00-05:00,2026-09-20,13071.0,1145.0,417.0,4967.0,6542.0,125.5,7.060999870300293,84.0,0.0,0.0,1.2083046436309814,0.0,0.0,3.1622776985168457,3.3615472316741943,9229.0,10366.0,5923.0,13071.0,0.0,3409.0,2604.0,5843.0,10919.0,0.0,15.722000122070312,3.3015148639678955,67.0
2026-09-20 03:00:00-05:00,2026-09-20,12875.0,1130.0,415.0,4898.0,6432.0,119.3,6.761000156402588,86.0,0.0,0.0,1.7000000476837158,0.0,0.0,3.3241539001464844,3.5846896171569824,9229.0,10366.0,5923.0,12875.0,0.0,3237.0,2604.0,5843.0,11091.0,0.0,14.772000312805176,3.275667905807495,77.0
2026-09-20 04:00:00-05:00,2026-09-20,12908.0,1113.0,410.0,4943.0,6442.0,107.6,6.611000061035156,88.0,0.0,0.0,1.702938675880432,0.0,0.0,2.2022716999053955,3.54400897026062,9229.0,10366.0,5923.0,12908.0,0.0,3276.0,2604.0,5843.0,11052.0,0.0,14.321999549865724,3.7576589584350586,80.0
2026-09-20 05:00:00-05:00,2026-09-20,13075.0,1126.0,409.0,4943.0,6597.0,136.3,6.111000061035156,89.0,0.0,0.0,1.6124515533447266,0.0,0.0,1.8788294792175293,4.201189994812012,9229.0,10366.0,5923.0,13075.0,0.0,3388.0,2604.0,5843.0,10939.0,0.0,14.321999549865724,3.0528674125671387,83.0
2026-09-20 06:00:00-05:00,2026-09-20,13306.0,1150.0,424.0,5045.0,6687.0,154.8,5.861000061035156,89.0,0.0,0.0,0.761577308177948,0.0,0.0,1.7464250326156616,4.477722644805908,9229.0,10366.0,5923.0,13306.0,5.0,3523.0,2604.0,5843.0,10768.0,0.0,14.121999740600586,3.2202484607696533,85.0
2026-09-20 07:00:00-05:00,2026-09-20,13857.0,1169.0,436.0,5192.0,7060.0,192.8,7.060999870300293,90.0,0.0,0.0,1.0440306663513184,70.0,70.0,2.5961508750915527,6.365532398223877,9229.0,10366.0,5923.0,13857.0,35.0,3920.0,2604.0,5843.0,10367.0,1.0,14.071999549865724,2.630589008331299,85.0
2026-09-20 08:00:00-05:00,2026-09-20,14183.0,1177.0,444.0,5222.0,7340.0,273.6,9.111000061035156,80.0,0.0,0.0,2.420743703842163,188.0,188.0,3.1953091621398926,7.2801103591918945,9339.0,10331.0,5923.0,14183.0,80.0,3945.0,2604.0,5843.0,10253.0,10.0,13.821999549865724,3.436568021774292,81.0
2026-09-20 09:00:00-05:00,2026-09-20,14544.0,1176.0,450.0,5263.0,7655.0,326.6,10.81100082397461,73.0,0.0,0.0,2.334523677825928,226.0,226.0,3.4234485626220703,5.445181369781494,9339.0,10331.0,5923.0,14544.0,119.0,4097.0,2604.0,5843.0,10101.0,16.0,13.821999549865724,3.041381359100342,79.0
2026-09-20 10:00:00-05:00,2026-09-20,14760.0,1181.0,450.0,5268.0,7861.0,316.4,12.711000442504885,69.0,0.0,0.0,2.1400933265686035,438.0,438.0,4.119465827941895,6.365532398223877,9364.0,10331.0,5934.0,14760.0,150.0,4174.0,2604.0,5843.0,10039.0,67.0,14.522000312805176,3.3060550689697266,77.0
2026-09-20 11:00:00-05:00,2026-09-20,15014.0,1185.0,453.0,5310.0,8066.0,356.4,14.611000061035156,61.0,0.0,0.0,1.835756063461304,636.0,636.0,4.220189571380615,6.276942253112793,9364.0,10320.0,5934.0,15014.0,183.0,4313.0,2604.0,5843.0,9893.0,127.0,15.42199993133545,4.404543399810791,73.0
2026-09-20 12:00:00-05:00,2026-09-20,15121.0,1201.0,453.0,5355.0,8112.0,361.8,16.161001205444336,55.0,0.0,0.0,1.6643316745758057,722.0,722.0,4.110960960388184,6.171709537506104,9364.0,10320.0,5934.0,15121.0,215.0,4353.0,2604.0,5843.0,9852.0,243.0,16.222000122070312,4.825971603393555,70.0
2026-09-20 13:00:00-05:00,2026-09-20,15131.0,1194.0,455.0,5340.0,8142.0,355.8,17.111000061035156,49.0,0.0,0.0,1.7691805362701416,710.0,710.0,3.862641572952272,6.365532398223877,9364.0,10320.0,5934.0,15131.0,226.0,4308.0,2604.0,5843.0,9897.0,172.0,16.87200164794922,3.6878178119659424,63.0
2026-09-20 14:00:00-05:00,2026-09-20,15296.0,1207.0,461.0,5381.0,8247.0,378.0,17.711000442504883,45.0,0.0,0.0,1.8439089059829712,644.0,644.0,3.605551242828369,6.020797252655029,9364.0,10320.0,5934.0,15296.0,224.0,4364.0,2604.0,5843.0,9837.0,251.0,19.52200126647949,3.8078866004943848,53.0
2026-09-20 15:00:00-05:00,2026-09-20,16007.0,1232.0,470.0,5487.0,8516.0,398.2,18.11100006103516,45.0,0.0,0.0,1.780449390411377,532.0,532.0,4.031128883361816,7.142128467559815,9364.0,10320.0,5876.0,16007.0,186.0,5061.0,2604.0,5843.0,9084.0,85.0,20.972000122070312,3.92173433303833,43.0
2026-09-20 16:00:00-05:00,2026-09-20,16308.0,1256.0,483.0,5686.0,8883.0,460.1,17.76099967956543,49.0,0.0,0.0,2.0808651447296143,371.0,371.0000305175781,3.721558809280396,6.9296464920043945,9364.0,10320.0,5876.0,16308.0,112.0,5427.0,2604.0,5843.0,8763.0,48.0,21.02200126647949,3.522783041000366,41.0
2026-09-20 17:00:00-05:00,2026-09-20,16437.0,1275.0,483.0,5681.0,8998.0,470.9,16.611000061035156,61.0,0.0,0.0,1.8027756214141848,191.0,191.00001525878903,3.634556293487549,7.451845169067383,9364.0,10320.0,5876.0,16437.0,37.0,5648.0,2604.0,5843.0,8572.0,58.0,20.472000122070312,3.3241539001464844,42.0
2026-09-20 18:00:00-05:00,2026-09-20,16579.0,1292.0,485.0,5685.0,9117.0,473.9,13.91100025177002,62.0,0.0,0.0,2.5179357528686523,0.0,0.0,3.1780495643615723,6.997142314910889,9319.0,10320.0,5873.0,16579.0,2.0,5843.0,2604.0,5843.0,8375.0,13.0,18.17200088500977,2.2090721130371094,48.0
2026-09-20 19:00:00-05:00,2026-09-20,16406.0,1300.0,495.0,5576.0,9035.0,472.8,12.361000061035156,68.0,0.0,0.0,2.433104991912842,0.0,0.0,3.517101287841797,8.015609741210938,9319.0,10331.0,5873.0,16406.0,0.0,5617.0,2604.0,5843.0,8611.0,0.0,16.07200050354004,2.630589008331299,58.0
2026-09-20 20:00:00-05:00,2026-09-20,15766.0,1266.0,487.0,5362.0,8651.0,529.4,11.461000442504885,70.0,0.0,0.0,2.3345234394073486,0.0,0.0,3.8832974433898926,6.747591972351074,9319.0,10331.0,5873.0,15766.0,0.0,4857.0,2604.0,5843.0,9369.0,0.0,15.222000122070312,3.2695565223693848,64.0
2026-09-20 21:00:00-05:00,2026-09-20,15005.0,1223.0,471.0,5143.0,8168.0,576.3,10.761000633239746,70.0,0.0,0.0,1.4317821264266968,0.0,0.0,3.640054941177368,6.705222129821777,9319.0,10331.0,5873.0,15005.0,0.0,3939.0,2604.0,5843.0,10289.0,0.0,14.621999740600586,3.748332977294922,70.0
2026-09-20 22:00:00-05:00,2026-09-20,14241.0,1199.0,450.0,4924.0,7668.0,595.3,10.461000442504885,70.0,0.0,0.0,1.780449390411377,0.0,0.0,4.365776062011719,8.640602111816406,9319.0,10366.0,5873.0,14241.0,0.0,3118.0,2604.0,5843.0,11144.0,0.0,14.222000122070312,4.936598300933838,68.0
2026-09-20 23:00:00-05:00,2026-09-20,13763.0,1182.0,437.0,4861.0,7283.0,609.3,10.28212547302246,74.0,0.0,0.0,2.419071912765503,0.0,0.0,6.3811469078063965,10.0,9319.0,10366.0,5865.0,13763.0,0.0,2604.0,2604.0,5843.0,11641.0,0.0,14.128499984741213,4.700960636138916,70.0
2026-09-21 00:00:00-05:00,2026-09-21,13444.0,1198.0,408.0,4849.0,6966.0,689.7,8.81100082397461,79.0,0.0,0.0,2.729468822479248,0.0,0.0,5.99082612991333,9.27631378173828,9299.0,9543.0,5863.0,13444.0,0.0,2089.0,1740.0,6546.0,11343.0,0.0,13.071999549865724,4.785394191741943,78.0
2026-09-21 01:00:00-05:00,2026-09-21,13379.0,1187.0,402.0,5040.0,6768.0,663.7,7.960999965667725,78.0,0.0,0.0,2.9732136726379395,0.0,0.0,6.324554920196533,9.829038619995115,9299.0,9543.0,5863.0,13379.0,0.0,1976.0,1740.0,6546.0,11454.0,0.0,12.821999549865724,5.277309417724609,78.0
2026-09-21 02:00:00-05:00,2026-09-21,13184.0,1169.0,394.0,4932.0,6664.0,714.2,7.210999965667725,77.0,0.0,0.0,2.785677433013916,0.0,0.0,5.693856716156006,9.881295204162598,9299.0,9543.0,5863.0,13184.0,0.0,1740.0,1740.0,6546.0,11689.0,0.0,12.222000122070312,4.609772205352783,77.0
2026-09-21 03:00:00-05:00,2026-09-21,13251.0,1158.0,392.0,4985.0,6686.0,746.2,6.560999870300293,79.0,0.0,0.0,2.435159206390381,0.0,0.0,6.041523456573486,9.315041542053224,9299.0,9543.0,5863.0,13251.0,0.0,1790.0,1740.0,6546.0,11640.0,0.0,11.472000122070312,4.464303016662598,77.0
2026-09-21 04:00:00-05:00,2026-09-21,14042.0,1149.0,387.0,5129.0,6976.0,795.6,6.011000156402588,80.0,0.0,0.0,2.549509763717652,0.0,0.0,5.575840473175049,8.883692741394043,9299.0,9543.0,5863.0,14042.0,0.0,2556.0,1740.0,6546.0,10873.0,0.0,10.42199993133545,4.492215633392334,76.0
2026-09-21 05:00:00-05:00,2026-09-21,15079.0,1197.0,393.0,5353.0,7644.0,858.2,5.660999774932861,79.0,0.0,0.0,3.059411764144897,0.0,0.0,5.798275470733643,9.654014587402344,9299.0,9543.0,5863.0,15079.0,0.0,3545.0,1740.0,6546.0,9883.0,0.0,9.571999549865724,4.657252311706543,75.0
2026-09-21 06:00:00-05:00,2026-09-21,15622.0,1248.0,414.0,5756.0,8265.0,905.9,5.210999965667725,77.0,0.0,0.0,3.634556293487549,0.0,0.0,6.243396759033203,9.730878829956056,9354.0,9491.0,5771.0,15622.0,11.0,3996.0,1740.0,6546.0,9283.0,0.0,8.972000122070312,5.249762058258057,74.0
2026-09-21 07:00:00-05:00,2026-09-21,16007.0,1252.0,434.0,5906.0,8455.0,932.7,6.111000061035156,75.0,0.0,0.0,3.612478256225586,86.0,85.99998474121094,6.313477516174316,10.511898040771484,9354.0,9491.0,5703.0,16007.0,77.0,4301.0,1740.0,6546.0,8909.0,10.0,8.821999549865723,5.646237373352051,74.0
2026-09-21 08:00:00-05:00,2026-09-21,15939.0,1233.0,433.0,5864.0,8401.0,940.8,7.511000156402588,69.0,0.0,0.0,4.609772205352783,267.0,267.0,6.860029220581055,11.289376258850098,9354.0,9491.0,5624.0,15939.0,161.0,4290.0,1740.0,6546.0,8615.0,89.0,9.022000312805176,5.682429313659668,70.0
2026-09-21 09:00:00-05:00,2026-09-21,15923.0,1209.0,425.0,5829.0,8455.0,922.5,8.56100082397461,65.0,0.0,0.0,4.638965606689453,437.0,436.9999694824219,7.6576762199401855,11.423659324645996,9354.0,9491.0,5624.0,15923.0,226.0,4347.0,1740.0,6546.0,8564.0,152.0,9.67199993133545,5.19711446762085,63.0
2026-09-21 10:00:00-05:00,2026-09-21,15962.0,1199.0,417.0,5826.0,8516.0,904.6,9.761000633239746,61.0,0.0,0.0,4.099999904632568,584.0,584.0,7.920858383178711,11.541230201721191,9354.0,9491.0,5627.0,15962.0,252.0,4497.0,1740.0,6546.0,8427.0,169.0,10.871999740600586,4.701064109802246,60.0
2026-09-21 11:00:00-05:00,2026-09-21,16049.0,1201.0,422.0,5798.0,8622.0,870.6,10.861000061035156,57.0,0.0,0.0,3.4928500652313232,640.0,640.0,8.28070068359375,11.098198890686035,9354.0,9491.0,5627.0,16049.0,262.0,4709.0,1740.0,6546.0,8218.0,289.0,11.92199993133545,4.750789165496826,56.0
2026-09-21 12:00:00-05:00,2026-09-21,16190.0,1225.0,426.0,5852.0,8701.0,812.7,11.761000633239746,54.0,0.0,0.0,3.3541018962860107,700.0,700.0,8.287942886352539,11.142709732055664,9354.0,9491.0,5662.0,16190.0,263.0,4972.0,1740.0,6546.0,9135.0,521.0,12.772000312805176,4.4721360206604,54.0
2026-09-21 13:00:00-05:00,2026-09-21,16224.0,1229.0,421.0,5826.0,8733.0,770.6,12.461000442504885,52.0,0.0,0.0,3.0805842876434326,684.0,684.0,8.183520317077637,10.568821907043455,9354.0,9491.0,5662.0,16224.0,256.0,5036.0,1740.0,6546.0,9071.0,600.0,13.272000312805176,4.695742607116699,52.0
2026-09-21 14:00:00-05:00,2026-09-21,16416.0,1233.0,418.0,5863.0,8882.0,750.3,12.961000442504885,50.0,0.0,0.0,2.5709919929504395,615.0,615.0,7.920227527618408,10.056838035583496,9354.0,9491.0,5662.0,16416.0,232.0,5238.0,1740.0,6546.0,8871.0,544.0,13.821999549865724,4.561797618865967,50.0
2026-09-21 15:00:00-05:00,2026-09-21,16826.0,1279.0,422.0,5945.0,9177.0,732.1,13.261000633239746,48.0,0.0,0.0,2.473863363265991,484.0,484.0,7.106335163116455,9.8351411819458,9256.0,9491.0,5662.0,16826.0,181.0,5769.0,1740.0,6546.0,8341.0,433.0,14.17199993133545,4.651881217956543,49.0
2026-09-21 16:00:00-05:00,2026-09-21,17259.0,1307.0,431.0,6061.0,9498.0,704.2,13.211000442504885,49.0,0.0,0.0,2.473863363265991,351.0,351.0,6.85930061340332,10.500475883483888,9256.0,9491.0,5899.0,17259.0,105.0,6281.0,1740.0,6546.0,8356.0,480.0,14.17199993133545,4.254409313201904,48.0
2026-09-21 17:00:00-05:00,2026-09-21,17335.0,1325.0,434.0,6057.0,9507.0,706.8,12.31100082397461,59.0,0.0,0.0,1.6124515533447266,168.0,168.0,6.3890533447265625,9.48472499847412,9256.0,9491.0,5899.0,17335.0,27.0,6442.0,1740.0,6546.0,8197.0,251.0,14.022000312805176,3.3615472316741943,48.0
2026-09-21 18:00:00-05:00,2026-09-21,17461.0,1354.0,460.0,6048.0,9625.0,720.1,10.66100025177002,61.0,0.0,0.0,1.9104973077774048,0.0,0.0,5.24022912979126,9.79438591003418,9256.0,9491.0,5929.0,17461.0,2.0,6546.0,1740.0,6546.0,8122.0,85.0,13.371999740600586,2.483948469161988,46.0
2026-09-21 19:00:00-05:00,2026-09-21,17287.0,1358.0,476.0,5958.0,9545.0,741.0,9.31100082397461,64.0,0.0,0.0,2.184032917022705,0.0,0.0,4.810405254364014,9.700515747070312,9256.0,9491.0,5929.0,17287.0,0.0,6303.0,1740.0,6546.0,8364.0,0.0,11.772000312805176,2.8284270763397217,47.0
2026-09-21 20:00:00-05:00,2026-09-21,16571.0,1329.0,465.0,5708.0,9089.0,763.2,8.511000633239746,71.0,0.0,0.0,1.9416487216949463,0.0,0.0,5.738466739654541,10.822661399841309,9256.0,9491.0,5929.0,16571.0,0.0,5505.0,1740.0,6546.0,9161.0,0.0,10.871999740600586,3.298484563827514,52.0
2026-09-21 21:00:00-05:00,2026-09-21,15621.0,1273.0,450.0,5405.0,8482.0,784.0,8.011000633239746,73.0,0.0,0.0,1.726267695426941,0.0,0.0,5.685947418212891,9.625487327575684,9256.0,9491.0,5929.0,15621.0,0.0,4487.0,1740.0,6546.0,9038.0,0.0,10.472000122070312,4.178516387939453,55.0
2026-09-21 22:00:00-05:00,2026-09-21,14789.0,1247.0,432.0,5141.0,7948.0,793.5,7.460999965667725,74.0,0.0,0.0,2.0024983882904053,0.0,0.0,4.7434163093566895,9.121403694152832,9256.0,9491.0,5929.0,14789.0,0.0,3586.0,1740.0,6546.0,9938.0,0.0,9.92199993133545,4.477722644805908,58.0
2026-09-21 23:00:00-05:00,2026-09-21,14195.0,1216.0,422.0,5025.0,7517.0,778.9,7.519624710083008,73.0,0.0,0.0,2.23401427268982,0.0,0.0,5.500870227813721,9.167879104614258,9256.0,9491.0,5929.0,14195.0,0.0,2968.0,1740.0,6546.0,10547.0,0.0,10.090999603271484,4.812473297119141,57.5
2026-09-22 00:00:00-05:00,2026-09-22,13813.0,1171.0,446.0,4941.0,7255.0,773.6,7.378250122070312,72.0,0.0,0.0,2.859115600585937,0.0,0.0,6.0914459228515625,9.27631378173828,9276.0,9821.0,5940.0,13813.0,0.0,3336.0,3112.0,5673.0,10471.0,0.0,10.584999084472656,5.014227390289307,56.5
2026-09-22 01:00:00-05:00,2026-09-22,13676.0,1159.0,444.0,5024.0,7049.0,776.7,7.399374961853027,67.5,0.0,0.0,3.2130770683288574,0.0,0.0,6.129664421081543,9.26984405517578,9276.0,9821.0,5940.0,13676.0,0.0,3199.0,3112.0,5673.0,10612.0,0.0,11.154000282287598,5.25542688369751,55.0
2026-09-22 02:00:00-05:00,2026-09-22,13606.0,1142.0,442.0,5088.0,6934.0,804.9,7.295499801635742,64.0,0.0,0.0,3.2202484607696533,0.0,0.0,6.325345993041992,9.548297882080078,9276.0,9821.0,5940.0,13606.0,0.0,3129.0,3112.0,5673.0,10683.0,0.0,11.29800033569336,5.307541847229004,53.0
2026-09-22 03:00:00-05:00,2026-09-22,13589.0,1133.0,440.0,5084.0,6933.0,801.8,6.5954999923706055,67.0,0.0,0.0,2.8844411373138428,0.0,0.0,6.543699264526367,9.990495681762695,9276.0,9821.0,5940.0,13589.0,0.0,3112.0,3112.0,5673.0,10700.0,0.0,10.697999954223633,5.307541847229004,56.0
2026-09-22 04:00:00-05:00,2026-09-22,13959.0,1125.0,430.0,5194.0,7210.0,784.6,6.195499897003174,69.0,0.0,0.0,2.7658631801605225,0.0,0.0,6.543699264526367,10.123734474182127,9276.0,9821.0,5940.0,13959.0,0.0,3482.0,3112.0,5673.0,10322.0,0.0,10.39799976348877,5.2801513671875,58.0
2026-09-22 05:00:00-05:00,2026-09-22,14843.0,1158.0,429.0,5451.0,7806.0,764.2,5.895499706268311,69.0,0.0,0.0,2.475883722305298,0.0,0.0,6.711929798126221,10.183319091796877,9276.0,9821.0,5940.0,14843.0,0.0,4366.0,3112.0,5673.0,9421.0,0.0,10.29800033569336,5.661272048950195,60.0
2026-09-22 06:00:00-05:00,2026-09-22,15883.0,1201.0,444.0,5834.0,8404.0,750.5,5.995499610900879,67.0,0.0,0.0,2.758622884750366,0.0,0.0,6.881860256195068,10.469001770019531,9276.0,9821.0,5892.0,15883.0,0.0,5406.0,3112.0,5673.0,8314.0,0.0,10.29800033569336,6.300793170928955,61.0
2026-09-22 07:00:00-05:00,2026-09-22,16087.0,1194.0,463.0,5852.0,8578.0,728.2,6.795499801635742,64.0,0.0,0.0,2.64007568359375,59.0,58.9999885559082,6.481512069702148,9.92471694946289,9213.0,9821.0,5810.0,16087.0,0.0,5673.0,3112.0,5673.0,8086.0,15.0,10.39799976348877,6.801470279693604,61.0
2026-09-22 08:00:00-05:00,2026-09-22,15812.0,1157.0,460.0,5706.0,8489.0,,8.995499610900879,55.0,0.0,0.0,3.466987133026123,215.0,214.9999847412109,7.093658924102783,9.808159828186035,9213.0,9821.0,5810.0,15812.0,0.0,5398.0,3112.0,5673.0,8367.0,137.0,11.29800033569336,7.128113269805908,59.0
2026-09-22 09:00:00-05:00,2026-09-22,,,,,,,10.99549961090088,49.0,0.0,0.0,3.899999856948853,378.0,378.0,7.789736747741699,10.678014755249023,,,,,,,,,,322.0,12.29800033569336,7.513321399688721,58.0
2026-09-22 10:00:00-05:00,2026-09-22,,,,,,,12.595499992370604,45.0,0.0,0.0,4.114608287811279,564.0,564.0,8.0,10.462312698364258,,,,,,,,,,324.0,13.39799976348877,7.6157732009887695,54.0
2026-09-22 11:00:00-05:00,2026-09-22,,,,,,,13.99549961090088,43.0,0.0,0.0,4.081666469573975,670.0,670.0,7.881624221801758,10.515226364135742,,,,,,,,,,356.0,14.597999572753906,7.884795188903809,50.0
2026-09-22 12:00:00-05:00,2026-09-22,,,,,,,15.195499420166016,40.0,0.0,0.0,3.996248245239258,721.0,721.0,7.8549346923828125,10.567875862121582,,,,,,,,,,338.0,15.597999572753906,7.9429216384887695,47.0
2026-09-22 13:00:00-05:00,2026-09-22,,,,,,,16.195499420166016,37.0,0.0,0.0,3.9446165561676025,716.0,716.0,8.475848197937012,11.54339599609375,,,,,,,,,,268.0,16.197999954223633,8.161495208740234,48.0
2026-09-22 14:00:00-05:00,2026-09-22,,,,,,,16.795499801635742,36.0,0.0,0.0,3.939543008804321,654.0,654.0,8.475848197937012,11.764352798461914,,,,,,,,,,201.0,16.398000717163086,7.816009521484375,49.0
2026-09-22 15:00:00-05:00,2026-09-22,,,,,,,16.89550018310547,36.0,0.0,0.0,3.862641572952272,540.0,540.0,8.5440034866333,12.143311500549316,,,,,,,,,,157.0,16.697999954223633,7.402702331542969,49.0
2026-09-22 16:00:00-05:00,2026-09-22,,,,,,,16.59549903869629,38.0,0.0,0.0,3.517101287841797,386.0,386.0000305175781,8.814192771911621,12.608726501464844,,,,,,,,,,117.0,16.99799919128418,6.800000190734863,48.0
2026-09-22 17:00:00-05:00,2026-09-22,,,,,,,15.395500183105469,44.0,0.0,0.0,2.729468822479248,209.0,208.9999847412109,8.900562286376953,12.886038780212402,,,,,,,,,,49.0,16.697999954223633,6.4031243324279785,47.0
2026-09-22 18:00:00-05:00,2026-09-22,,,,,,,12.49549961090088,53.0,0.0,0.0,2.773084878921509,44.0,44.00001525878906,8.246211051940918,12.114866256713867,,,,,,,,,,14.0,16.197999954223633,6.300793647766113,46.0
2026-09-23 00:00:00-05:00,2026-09-23,13564.0,1206.0,399.0,4916.0,7043.0,817.5,7.210999965667725,83.0,0.0,0.0,1.523154616355896,0.0,0.0,5.981638431549072,11.386395454406738,8887.0,10295.0,5852.0,13564.0,0.0,2566.0,2373.0,6479.0,11632.0,0.0,11.772000312805176,4.123105525970459,72.0
2026-09-23 01:00:00-05:00,2026-09-23,13416.0,1190.0,392.0,4990.0,6844.0,806.2,6.511000156402588,82.0,0.0,0.0,1.104536056518555,0.0,0.0,7.334847927093506,10.945775032043455,8887.0,10295.0,5852.0,13416.0,0.0,2428.0,2373.0,6479.0,11770.0,0.0,11.371999740600586,4.3011627197265625,75.0
2026-09-23 02:00:00-05:00,2026-09-23,13344.0,1175.0,389.0,5061.0,6719.0,806.2,6.160999774932861,80.0,0.0,0.0,1.100000023841858,0.0,0.0,7.443117618560791,10.922452926635742,8887.0,10295.0,5852.0,13344.0,0.0,2373.0,2373.0,6479.0,11826.0,0.0,10.871999740600586,3.8948683738708496,77.0
2026-09-23 03:00:00-05:00,2026-09-23,13337.0,1168.0,387.0,5056.0,6726.0,808.7,5.761000156402588,80.0,0.0,0.0,1.552417516708374,0.0,0.0,7.851751804351807,11.300442695617676,8887.0,10295.0,5852.0,13337.0,0.0,2389.0,2373.0,6479.0,11810.0,0.0,10.472000122070312,3.9446165561676025,79.0
2026-09-23 04:00:00-05:00,2026-09-23,14041.0,1167.0,377.0,5083.0,6986.0,813.7,5.410999774932861,80.0,0.0,0.0,1.523154616355896,0.0,0.0,8.11541748046875,11.903779983520508,8887.0,10295.0,5852.0,14041.0,0.0,3101.0,2373.0,6479.0,11098.0,0.0,10.321999549865724,3.935733795166016,82.0
2026-09-23 05:00:00-05:00,2026-09-23,14914.0,1203.0,380.0,5335.0,7543.0,818.2,5.060999870300293,82.0,0.0,0.0,2.102379560470581,0.0,0.0,8.309633255004883,12.414507865905762,8887.0,10295.0,5852.0,14914.0,0.0,3985.0,2373.0,6479.0,10215.0,0.0,10.022000312805176,3.935733795166016,84.0
2026-09-23 06:00:00-05:00,2026-09-23,15364.0,1242.0,401.0,5614.0,8107.0,824.0,4.611000061035156,83.0,0.0,0.0,1.9697715044021609,0.0,0.0,8.015609741210938,12.220065116882324,8887.0,10295.0,5804.0,15364.0,9.0,4464.0,2373.0,6479.0,9689.0,0.0,10.121999740600586,3.981205701828003,86.0
2026-09-23 07:00:00-05:00,2026-09-23,15529.0,1231.0,421.0,5696.0,8181.0,834.0,5.861000061035156,87.0,0.0,0.0,0.948683261871338,77.0,77.0,7.905694007873535,12.10165309906006,8887.0,10295.0,5792.0,15529.0,106.0,4616.0,2373.0,6479.0,9524.0,1.0,11.772000312805176,4.280186653137207,86.0
2026-09-23 08:00:00-05:00,2026-09-23,15224.0,1194.0,415.0,5596.0,8019.0,787.4,8.861000061035156,78.0,0.0,0.0,1.780449390411377,253.0,252.99996948242188,8.300602912902832,12.414507865905762,8887.0,10265.0,5792.0,15224.0,226.0,4269.0,2373.0,6479.0,9842.0,116.0,14.121999740600586,5.326349258422852,84.0
2026-09-23 09:00:00-05:00,2026-09-23,14965.0,1157.0,401.0,5450.0,7957.0,812.7,11.41100025177002,67.0,0.0,0.0,3.0805842876434326,427.0,427.0,8.80227279663086,12.742448806762695,8887.0,10265.0,5792.0,14965.0,318.0,3916.0,2373.0,6479.0,10196.0,301.0,15.17199993133545,5.769748210906982,83.0
2026-09-23 10:00:00-05:00,2026-09-23,14974.0,1145.0,390.0,5465.0,7974.0,806.8,13.011000633239746,63.0,0.0,0.0,3.140063524246216,572.0,572.0,8.505291938781738,12.33572006225586,8887.0,10265.0,5795.0,14974.0,362.0,3894.0,2373.0,6479.0,10228.0,113.0,15.871999740600586,6.356099605560303,81.0
2026-09-23 11:00:00-05:00,2026-09-23,14966.0,1144.0,391.0,5385.0,8046.0,798.3,14.761000633239746,57.0,0.0,0.0,3.577708959579468,672.0,672.0,8.809086799621582,12.592855453491213,8887.0,10265.0,5795.0,14966.0,374.0,3910.0,2373.0,6479.0,10214.0,556.0,16.722000122070312,6.35688591003418,76.0
2026-09-23 12:00:00-05:00,2026-09-23,15167.0,1161.0,395.0,5522.0,8089.0,766.6,15.91100025177002,55.0,0.0,0.0,3.710794925689697,719.0,719.0,8.72811508178711,11.964113235473633,8887.0,10249.0,5735.0,15167.0,371.0,4181.0,2373.0,6479.0,11014.0,624.0,17.32200050354004,6.332456111907959,70.0
2026-09-23 13:00:00-05:00,2026-09-23,15221.0,1161.0,400.0,5507.0,8153.0,714.9,16.661001205444336,50.0,0.0,0.0,3.931920766830444,710.0,710.0,8.757282257080078,11.933147430419922,8790.0,10249.0,5811.0,15221.0,339.0,4427.0,2373.0,6479.0,10846.0,670.0,17.772001266479492,6.6730804443359375,62.0
2026-09-23 14:00:00-05:00,2026-09-23,15498.0,1189.0,403.0,5613.0,8293.0,689.5,17.01099967956543,47.0,0.0,0.0,3.733630895614624,645.0,645.0,8.614522933959961,11.37804889678955,8887.0,10249.0,5811.0,15498.0,306.0,4657.0,2373.0,6479.0,10614.0,515.0,17.772001266479492,6.74166202545166,57.0
2026-09-23 15:00:00-05:00,2026-09-23,16322.0,1225.0,405.0,5735.0,8649.0,695.5,16.961000442504883,47.0,0.0,0.0,3.667423963546753,528.0,528.0,8.178630828857422,10.84665870666504,8887.0,10249.0,5811.0,16322.0,236.0,5534.0,2373.0,6479.0,9739.0,458.0,17.672000885009766,6.555150508880615,58.0
2026-09-23 16:00:00-05:00,2026-09-23,16629.0,1269.0,415.0,5877.0,9068.0,644.2,16.361000061035156,50.0,0.0,0.0,3.2557642459869385,367.0,367.0,7.930952072143555,10.097524642944336,8887.0,10249.0,5863.0,16629.0,130.0,5998.0,2373.0,6479.0,9330.0,268.0,17.222000122070312,6.229767322540283,59.0
2026-09-23 17:00:00-05:00,2026-09-23,16806.0,1296.0,424.0,5881.0,9205.0,636.7,14.81100082397461,60.0,0.0,0.0,2.2561028003692627,179.0,179.00003051757812,7.912015914916992,10.084146499633787,8887.0,10249.0,5879.0,16806.0,32.0,6250.0,2373.0,6479.0,9094.0,250.0,16.922000885009766,5.852349758148193,57.0
2026-09-23 18:00:00-05:00,2026-09-23,17086.0,1331.0,450.0,5919.0,9386.0,653.5,12.361000061035156,65.0,0.0,0.0,2.4186770915985107,0.0,0.0,6.7357258796691895,9.126883506774902,8887.0,10249.0,5876.0,17086.0,2.0,6479.0,2373.0,6479.0,8862.0,65.0,15.821999549865724,5.124451160430908,54.0
2026-09-23 19:00:00-05:00,2026-09-23,16895.0,1338.0,465.0,5812.0,9280.0,623.5,10.81100082397461,67.0,0.0,0.0,2.5632011890411377,0.0,0.0,6.573431491851807,9.013877868652344,8887.0,10265.0,5876.0,16895.0,0.0,6260.0,2373.0,6479.0,9096.0,0.0,15.321999549865724,4.684015274047852,50.0
2026-09-23 20:00:00-05:00,2026-09-23,16171.0,1315.0,453.0,5567.0,8836.0,583.3,9.761000633239746,70.0,0.0,0.0,2.630589008331299,0.0,0.0,6.628725051879883,10.647066116333008,8887.0,10265.0,5876.0,16171.0,0.0,5517.0,2373.0,6479.0,9838.0,0.0,15.321999549865724,4.560701847076416,51.0
2026-09-23 21:00:00-05:00,2026-09-23,15275.0,1268.0,437.0,5305.0,8265.0,551.8,8.861000061035156,74.0,0.0,0.0,2.247220277786255,0.0,0.0,6.4031243324279785,9.65194320678711,8887.0,10265.0,5876.0,15275.0,0.0,4601.0,2373.0,6479.0,9610.0,0.0,15.321999549865724,4.275511264801025,52.0
2026-09-23 22:00:00-05:00,2026-09-23,14418.0,1238.0,417.0,5052.0,7711.0,529.3,7.960999965667725,76.0,0.0,0.0,1.9104971885681152,0.0,0.0,7.621679306030273,9.213577270507812,8887.0,10295.0,5876.0,14418.0,0.0,3823.0,2373.0,6479.0,10419.0,0.0,14.871999740600586,3.899999856948853,60.0
2026-09-23 23:00:00-05:00,2026-09-23,13892.0,1208.0,403.0,5002.0,7279.0,494.4,7.732124328613281,76.0,0.0,0.0,1.529237985610962,0.0,0.0,7.783154964447021,10.912836074829102,8887.0,10295.0,5876.0,13892.0,0.0,3385.0,2373.0,6479.0,10851.0,0.0,14.953500747680664,4.671874523162842,63.25
