target_date,generated_at,analog_date,analog_date_2,hour,predicted_lmp,analog_lmp,analog_lmp_2,band_err
2026-07-10,2026-07-09T15:54:14.284363+00:00,2026-07-07,,1,45.66,36.65,,33.5
2026-07-10,2026-07-09T15:54:14.284363+00:00,2026-07-07,,2,44.46,36.81,,8.59
2026-07-10,2026-07-09T15:54:14.284363+00:00,2026-07-07,,3,41.45,34.21,,8.96
2026-07-10,2026-07-09T15:54:14.284363+00:00,2026-07-07,,4,46.49,36.12,,10.32
2026-07-10,2026-07-09T15:54:14.284363+00:00,2026-07-07,,5,43.54,37.95,,10.63
2026-07-10,2026-07-09T15:54:14.284363+00:00,2026-07-07,,6,50.91,48.89,,17.0
2026-07-10,2026-07-09T15:54:14.284363+00:00,2026-07-07,,7,54.52,50.38,,16.04
2026-07-10,2026-07-09T15:54:14.284363+00:00,2026-07-07,,8,70.23,48.5,,22.32
2026-07-10,2026-07-09T15:54:14.284363+00:00,2026-07-07,,9,61.55,46.26,,18.9
2026-07-10,2026-07-09T15:54:14.284363+00:00,2026-07-07,,10,67.02,64.03,,21.44
2026-07-10,2026-07-09T15:54:14.284363+00:00,2026-07-07,,11,75.07,57.11,,35.22
2026-07-10,2026-07-09T15:54:14.284363+00:00,2026-07-07,,12,62.63,61.58,,31.18
2026-07-10,2026-07-09T15:54:14.284363+00:00,2026-07-07,,13,79.06,53.25,,52.0
2026-07-10,2026-07-09T15:54:14.284363+00:00,2026-07-07,,14,69.25,63.86,,35.36
2026-07-10,2026-07-09T15:54:14.284363+00:00,2026-07-07,,15,60.34,52.13,,47.12
2026-07-10,2026-07-09T15:54:14.284363+00:00,2026-07-07,,16,86.34,55.49,,60.36
2026-07-10,2026-07-09T15:54:14.284363+00:00,2026-07-07,,17,126.3,75.22,,79.53
2026-07-10,2026-07-09T15:54:14.284363+00:00,2026-07-07,,18,71.91,100.87,,110.1
2026-07-10,2026-07-09T15:54:14.284363+00:00,2026-07-07,,19,68.02,95.57,,72.77
2026-07-10,2026-07-09T15:54:14.284363+00:00,2026-07-07,,20,65.5,110.37,,77.5
2026-07-10,2026-07-09T15:54:14.284363+00:00,2026-07-07,,21,91.17,79.45,,57.26
2026-07-10,2026-07-09T15:54:14.284363+00:00,2026-07-07,,22,52.55,91.51,,39.97
2026-07-10,2026-07-09T15:54:14.284363+00:00,2026-07-07,,23,36.32,67.0,,21.2
2026-07-10,2026-07-09T15:54:14.284363+00:00,2026-07-07,,24,22.99,41.32,,12.14
2026-07-11,2026-07-10T13:51:35.694310+00:00,2026-07-05,,1,45.61,49.85,,28.73
2026-07-11,2026-07-10T13:51:35.694310+00:00,2026-07-05,,2,39.72,37.73,,10.23
2026-07-11,2026-07-10T13:51:35.694310+00:00,2026-07-05,,3,36.95,35.91,,10.47
2026-07-11,2026-07-10T13:51:35.694310+00:00,2026-07-05,,4,33.68,35.69,,11.12
2026-07-11,2026-07-10T13:51:35.694310+00:00,2026-07-05,,5,38.5,36.2,,12.14
2026-07-11,2026-07-10T13:51:35.694310+00:00,2026-07-05,,6,34.65,31.71,,17.24
2026-07-11,2026-07-10T13:51:35.694310+00:00,2026-07-05,,7,44.89,30.86,,18.18
2026-07-11,2026-07-10T13:51:35.694310+00:00,2026-07-05,,8,53.32,35.33,,21.21
2026-07-11,2026-07-10T13:51:35.694310+00:00,2026-07-05,,9,51.6,35.1,,23.44
2026-07-11,2026-07-10T13:51:35.694310+00:00,2026-07-05,,10,37.84,46.6,,25.74
2026-07-11,2026-07-10T13:51:35.694310+00:00,2026-07-05,,11,45.74,97.82,,34.83
2026-07-11,2026-07-10T13:51:35.694310+00:00,2026-07-05,,12,29.26,127.65,,31.3
2026-07-11,2026-07-10T13:51:35.694310+00:00,2026-07-05,,13,29.15,91.05,,49.95
2026-07-11,2026-07-10T13:51:35.694310+00:00,2026-07-05,,14,55.38,80.01,,33.78
2026-07-11,2026-07-10T13:51:35.694310+00:00,2026-07-05,,15,62.53,69.16,,50.14
2026-07-11,2026-07-10T13:51:35.694310+00:00,2026-07-05,,16,72.01,63.69,,72.46
2026-07-11,2026-07-10T13:51:35.694310+00:00,2026-07-05,,17,57.37,61.44,,90.29
2026-07-11,2026-07-10T13:51:35.694310+00:00,2026-07-05,,18,71.38,39.69,,119.02
2026-07-11,2026-07-10T13:51:35.694310+00:00,2026-07-05,,19,46.8,38.81,,64.69
2026-07-11,2026-07-10T13:51:35.694310+00:00,2026-07-05,,20,33.87,37.08,,76.57
2026-07-11,2026-07-10T13:51:35.694310+00:00,2026-07-05,,21,62.01,44.46,,49.16
2026-07-11,2026-07-10T13:51:35.694310+00:00,2026-07-05,,22,49.14,41.99,,36.71
2026-07-11,2026-07-10T13:51:35.694310+00:00,2026-07-05,,23,40.81,33.84,,20.94
2026-07-11,2026-07-10T13:51:35.694310+00:00,2026-07-05,,24,23.09,25.56,,14.19
2026-07-12,2026-07-11T13:23:29.530962+00:00,2026-07-11,,1,49.78,50.68,,30.25
2026-07-12,2026-07-11T13:23:29.530962+00:00,2026-07-11,,2,42.28,52.46,,10.3
2026-07-12,2026-07-11T13:23:29.530962+00:00,2026-07-11,,3,35.32,47.57,,9.69
2026-07-12,2026-07-11T13:23:29.530962+00:00,2026-07-11,,4,35.91,48.41,,11.83
2026-07-12,2026-07-11T13:23:29.530962+00:00,2026-07-11,,5,32.94,40.84,,14.07
2026-07-12,2026-07-11T13:23:29.530962+00:00,2026-07-11,,6,30.53,35.78,,17.42
2026-07-12,2026-07-11T13:23:29.530962+00:00,2026-07-11,,7,26.38,,,20.3
2026-07-12,2026-07-11T13:23:29.530962+00:00,2026-07-11,,8,33.11,,,21.77
2026-07-12,2026-07-11T13:23:29.530962+00:00,2026-07-11,,9,58.86,,,19.96
2026-07-12,2026-07-11T13:23:29.530962+00:00,2026-07-11,,10,50.47,,,24.72
2026-07-12,2026-07-11T13:23:29.530962+00:00,2026-07-11,,11,62.79,,,34.26
2026-07-12,2026-07-11T13:23:29.530962+00:00,2026-07-11,,12,48.12,,,33.69
2026-07-12,2026-07-11T13:23:29.530962+00:00,2026-07-11,,13,59.87,,,47.03
2026-07-12,2026-07-11T13:23:29.530962+00:00,2026-07-11,,14,56.44,,,32.31
2026-07-12,2026-07-11T13:23:29.530962+00:00,2026-07-11,,15,79.18,,,51.22
2026-07-12,2026-07-11T13:23:29.530962+00:00,2026-07-11,,16,61.84,,,67.82
2026-07-12,2026-07-11T13:23:29.530962+00:00,2026-07-11,,17,88.35,,,92.81
2026-07-12,2026-07-11T13:23:29.530962+00:00,2026-07-11,,18,115.7,,,113.82
2026-07-12,2026-07-11T13:23:29.530962+00:00,2026-07-11,,19,104.52,,,66.64
2026-07-12,2026-07-11T13:23:29.530962+00:00,2026-07-11,,20,95.72,,,66.13
2026-07-12,2026-07-11T13:23:29.530962+00:00,2026-07-11,,21,96.99,,,55.53
2026-07-12,2026-07-11T13:23:29.530962+00:00,2026-07-11,,22,57.38,,,32.43
2026-07-12,2026-07-11T13:23:29.530962+00:00,2026-07-11,,23,41.84,,,20.27
2026-07-12,2026-07-11T13:23:29.530962+00:00,2026-07-11,,24,43.82,,,12.69
2026-07-13,2026-07-12T13:43:37.419643+00:00,2026-07-08,,1,37.38,295.4,,31.18
2026-07-13,2026-07-12T13:43:37.419643+00:00,2026-07-08,,2,30.51,38.45,,9.13
2026-07-13,2026-07-12T13:43:37.419643+00:00,2026-07-08,,3,27.81,35.46,,9.23
2026-07-13,2026-07-12T13:43:37.419643+00:00,2026-07-08,,4,26.31,37.09,,10.38
2026-07-13,2026-07-12T13:43:37.419643+00:00,2026-07-08,,5,29.88,36.61,,11.72
2026-07-13,2026-07-12T13:43:37.419643+00:00,2026-07-08,,6,34.98,29.84,,12.98
2026-07-13,2026-07-12T13:43:37.419643+00:00,2026-07-08,,7,44.93,40.02,,13.57
2026-07-13,2026-07-12T13:43:37.419643+00:00,2026-07-08,,8,21.77,45.5,,18.1
2026-07-13,2026-07-12T13:43:37.419643+00:00,2026-07-08,,9,22.98,41.46,,18.38
2026-07-13,2026-07-12T13:43:37.419643+00:00,2026-07-08,,10,33.82,49.1,,22.62
2026-07-13,2026-07-12T13:43:37.419643+00:00,2026-07-08,,11,98.39,43.91,,33.07
2026-07-13,2026-07-12T13:43:37.419643+00:00,2026-07-08,,12,124.12,48.8,,30.36
2026-07-13,2026-07-12T13:43:37.419643+00:00,2026-07-08,,13,125.54,59.81,,46.92
2026-07-13,2026-07-12T13:43:37.419643+00:00,2026-07-08,,14,143.68,69.65,,28.86
2026-07-13,2026-07-12T13:43:37.419643+00:00,2026-07-08,,15,113.44,82.47,,45.7
2026-07-13,2026-07-12T13:43:37.419643+00:00,2026-07-08,,16,59.16,50.05,,66.83
2026-07-13,2026-07-12T13:43:37.419643+00:00,2026-07-08,,17,256.97,53.63,,84.89
2026-07-13,2026-07-12T13:43:37.419643+00:00,2026-07-08,,18,259.87,60.1,,106.5
2026-07-13,2026-07-12T13:43:37.419643+00:00,2026-07-08,,19,212.73,68.85,,67.72
2026-07-13,2026-07-12T13:43:37.419643+00:00,2026-07-08,,20,147.92,80.09,,68.15
2026-07-13,2026-07-12T13:43:37.419643+00:00,2026-07-08,,21,130.57,102.76,,47.66
2026-07-13,2026-07-12T13:43:37.419643+00:00,2026-07-08,,22,100.21,91.22,,35.13
2026-07-13,2026-07-12T13:43:37.419643+00:00,2026-07-08,,23,112.69,88.54,,19.12
2026-07-13,2026-07-12T13:43:37.419643+00:00,2026-07-08,,24,35.28,62.55,,12.26
2026-07-14,2026-07-13T13:40:20.673826+00:00,2026-07-02,,1,40.96,47.66,,29.69
2026-07-14,2026-07-13T13:40:20.673826+00:00,2026-07-02,,2,41.91,42.77,,8.58
2026-07-14,2026-07-13T13:40:20.673826+00:00,2026-07-02,,3,46.57,32.38,,7.99
2026-07-14,2026-07-13T13:40:20.673826+00:00,2026-07-02,,4,54.92,18.22,,7.69
2026-07-14,2026-07-13T13:40:20.673826+00:00,2026-07-02,,5,56.48,13.12,,9.96
2026-07-14,2026-07-13T13:40:20.673826+00:00,2026-07-02,,6,59.24,10.12,,13.1
2026-07-14,2026-07-13T13:40:20.673826+00:00,2026-07-02,,7,106.22,21.54,,14.43
2026-07-14,2026-07-13T13:40:20.673826+00:00,2026-07-02,,8,113.65,59.57,,18.39
2026-07-14,2026-07-13T13:40:20.673826+00:00,2026-07-02,,9,126.14,43.38,,18.83
2026-07-14,2026-07-13T13:40:20.673826+00:00,2026-07-02,,10,186.71,39.4,,28.67
2026-07-14,2026-07-13T13:40:20.673826+00:00,2026-07-02,,11,164.79,66.4,,36.12
2026-07-14,2026-07-13T13:40:20.673826+00:00,2026-07-02,,12,136.35,139.76,,29.69
2026-07-14,2026-07-13T13:40:20.673826+00:00,2026-07-02,,13,162.13,73.81,,52.77
2026-07-14,2026-07-13T13:40:20.673826+00:00,2026-07-02,,14,140.38,104.5,,37.74
2026-07-14,2026-07-13T13:40:20.673826+00:00,2026-07-02,,15,121.36,206.31,,46.81
2026-07-14,2026-07-13T13:40:20.673826+00:00,2026-07-02,,16,166.75,262.25,,65.69
2026-07-14,2026-07-13T13:40:20.673826+00:00,2026-07-02,,17,188.03,370.31,,82.32
2026-07-14,2026-07-13T13:40:20.673826+00:00,2026-07-02,,18,186.12,320.07,,99.65
2026-07-14,2026-07-13T13:40:20.673826+00:00,2026-07-02,,19,211.73,428.43,,65.55
2026-07-14,2026-07-13T13:40:20.673826+00:00,2026-07-02,,20,229.37,258.68,,66.38
2026-07-14,2026-07-13T13:40:20.673826+00:00,2026-07-02,,21,202.02,149.94,,46.98
2026-07-14,2026-07-13T13:40:20.673826+00:00,2026-07-02,,22,188.16,49.21,,31.4
2026-07-14,2026-07-13T13:40:20.673826+00:00,2026-07-02,,23,156.98,159.4,,18.01
2026-07-14,2026-07-13T13:40:20.673826+00:00,2026-07-02,,24,122.53,150.01,,14.23
2026-07-16,2026-07-15T13:34:11.867497+00:00,2026-07-15,,1,47.72,64.31,,30.72
2026-07-16,2026-07-15T13:34:11.867497+00:00,2026-07-15,,2,42.32,63.04,,9.61
2026-07-16,2026-07-15T13:34:11.867497+00:00,2026-07-15,,3,42.57,82.99,,9.63
2026-07-16,2026-07-15T13:34:11.867497+00:00,2026-07-15,,4,39.88,76.94,,9.73
2026-07-16,2026-07-15T13:34:11.867497+00:00,2026-07-15,,5,40.94,67.31,,11.76
2026-07-16,2026-07-15T13:34:11.867497+00:00,2026-07-15,,6,47.58,72.37,,13.16
2026-07-16,2026-07-15T13:34:11.867497+00:00,2026-07-15,,7,60.04,35.21,,16.91
2026-07-16,2026-07-15T13:34:11.867497+00:00,2026-07-15,,8,75.93,,,17.55
2026-07-16,2026-07-15T13:34:11.867497+00:00,2026-07-15,,9,50.1,,,21.78
2026-07-16,2026-07-15T13:34:11.867497+00:00,2026-07-15,,10,50.13,,,28.91
2026-07-16,2026-07-15T13:34:11.867497+00:00,2026-07-15,,11,67.82,,,35.98
2026-07-16,2026-07-15T13:34:11.867497+00:00,2026-07-15,,12,71.85,,,35.07
2026-07-16,2026-07-15T13:34:11.867497+00:00,2026-07-15,,13,104.9,,,53.67
2026-07-16,2026-07-15T13:34:11.867497+00:00,2026-07-15,,14,81.13,,,35.74
2026-07-16,2026-07-15T13:34:11.867497+00:00,2026-07-15,,15,105.28,,,50.2
2026-07-16,2026-07-15T13:34:11.867497+00:00,2026-07-15,,16,97.54,,,84.9
2026-07-16,2026-07-15T13:34:11.867497+00:00,2026-07-15,,17,99.36,,,101.61
2026-07-16,2026-07-15T13:34:11.867497+00:00,2026-07-15,,18,101.17,,,129.76
2026-07-16,2026-07-15T13:34:11.867497+00:00,2026-07-15,,19,102.28,,,81.71
2026-07-16,2026-07-15T13:34:11.867497+00:00,2026-07-15,,20,172.7,,,73.84
2026-07-16,2026-07-15T13:34:11.867497+00:00,2026-07-15,,21,155.53,,,50.63
2026-07-16,2026-07-15T13:34:11.867497+00:00,2026-07-15,,22,61.81,,,35.66
2026-07-16,2026-07-15T13:34:11.867497+00:00,2026-07-15,,23,63.48,,,27.16
2026-07-16,2026-07-15T13:34:11.867497+00:00,2026-07-15,,24,31.74,,,15.46
2026-07-18,2026-07-17T13:06:37.231484+00:00,2026-07-11,,1,31.8,50.68,,33.02
2026-07-18,2026-07-17T13:06:37.231484+00:00,2026-07-11,,2,23.39,52.46,,8.16
2026-07-18,2026-07-17T13:06:37.231484+00:00,2026-07-11,,3,9.92,47.57,,8.18
2026-07-18,2026-07-17T13:06:37.231484+00:00,2026-07-11,,4,12.87,48.41,,8.43
2026-07-18,2026-07-17T13:06:37.231484+00:00,2026-07-11,,5,14.42,40.84,,10.63
2026-07-18,2026-07-17T13:06:37.231484+00:00,2026-07-11,,6,14.0,35.99,,12.53
2026-07-18,2026-07-17T13:06:37.231484+00:00,2026-07-11,,7,24.09,39.22,,19.16
2026-07-18,2026-07-17T13:06:37.231484+00:00,2026-07-11,,8,36.66,65.27,,19.55
2026-07-18,2026-07-17T13:06:37.231484+00:00,2026-07-11,,9,36.06,77.35,,25.15
2026-07-18,2026-07-17T13:06:37.231484+00:00,2026-07-11,,10,57.04,111.36,,34.63
2026-07-18,2026-07-17T13:06:37.231484+00:00,2026-07-11,,11,40.32,81.8,,39.69
2026-07-18,2026-07-17T13:06:37.231484+00:00,2026-07-11,,12,31.44,84.83,,37.3
2026-07-18,2026-07-17T13:06:37.231484+00:00,2026-07-11,,13,43.29,79.72,,54.61
2026-07-18,2026-07-17T13:06:37.231484+00:00,2026-07-11,,14,24.78,60.66,,48.23
2026-07-18,2026-07-17T13:06:37.231484+00:00,2026-07-11,,15,42.9,67.71,,47.25
2026-07-18,2026-07-17T13:06:37.231484+00:00,2026-07-11,,16,51.69,61.07,,86.42
2026-07-18,2026-07-17T13:06:37.231484+00:00,2026-07-11,,17,109.29,62.38,,104.17
2026-07-18,2026-07-17T13:06:37.231484+00:00,2026-07-11,,18,65.14,73.52,,130.89
2026-07-18,2026-07-17T13:06:37.231484+00:00,2026-07-11,,19,56.52,60.99,,89.46
2026-07-18,2026-07-17T13:06:37.231484+00:00,2026-07-11,,20,55.89,64.52,,97.58
2026-07-18,2026-07-17T13:06:37.231484+00:00,2026-07-11,,21,34.36,47.83,,62.12
2026-07-18,2026-07-17T13:06:37.231484+00:00,2026-07-11,,22,25.28,52.95,,46.39
2026-07-18,2026-07-17T13:06:37.231484+00:00,2026-07-11,,23,25.06,56.67,,30.07
2026-07-18,2026-07-17T13:06:37.231484+00:00,2026-07-11,,24,18.04,51.62,,15.87
2026-07-20,2026-07-19T13:04:26.161538+00:00,2026-07-06,,1,29.26,20.17,,30.85
2026-07-20,2026-07-19T13:04:26.161538+00:00,2026-07-06,,2,25.55,18.34,,9.64
2026-07-20,2026-07-19T13:04:26.161538+00:00,2026-07-06,,3,25.16,13.08,,8.49
2026-07-20,2026-07-19T13:04:26.161538+00:00,2026-07-06,,4,24.63,4.14,,9.21
2026-07-20,2026-07-19T13:04:26.161538+00:00,2026-07-06,,5,25.17,4.46,,13.58
2026-07-20,2026-07-19T13:04:26.161538+00:00,2026-07-06,,6,26.41,19.87,,14.56
2026-07-20,2026-07-19T13:04:26.161538+00:00,2026-07-06,,7,36.24,37.96,,16.11
2026-07-20,2026-07-19T13:04:26.161538+00:00,2026-07-06,,8,37.67,40.3,,17.16
2026-07-20,2026-07-19T13:04:26.161538+00:00,2026-07-06,,9,33.99,46.42,,24.63
2026-07-20,2026-07-19T13:04:26.161538+00:00,2026-07-06,,10,37.23,63.18,,33.63
2026-07-20,2026-07-19T13:04:26.161538+00:00,2026-07-06,,11,39.14,68.74,,40.52
2026-07-20,2026-07-19T13:04:26.161538+00:00,2026-07-06,,12,55.06,92.9,,47.77
2026-07-20,2026-07-19T13:04:26.161538+00:00,2026-07-06,,13,80.73,88.69,,62.73
2026-07-20,2026-07-19T13:04:26.161538+00:00,2026-07-06,,14,104.28,92.26,,48.07
2026-07-20,2026-07-19T13:04:26.161538+00:00,2026-07-06,,15,98.23,90.34,,43.0
2026-07-20,2026-07-19T13:04:26.161538+00:00,2026-07-06,,16,128.61,57.05,,61.32
2026-07-20,2026-07-19T13:04:26.161538+00:00,2026-07-06,,17,98.14,716.24,,96.32
2026-07-20,2026-07-19T13:04:26.161538+00:00,2026-07-06,,18,60.24,163.34,,126.33
2026-07-20,2026-07-19T13:04:26.161538+00:00,2026-07-06,,19,86.41,79.73,,95.31
2026-07-20,2026-07-19T13:04:26.161538+00:00,2026-07-06,,20,97.78,66.93,,95.27
2026-07-20,2026-07-19T13:04:26.161538+00:00,2026-07-06,,21,133.88,66.03,,62.83
2026-07-20,2026-07-19T13:04:26.161538+00:00,2026-07-06,,22,49.85,82.97,,42.07
2026-07-20,2026-07-19T13:04:26.161538+00:00,2026-07-06,,23,34.12,58.96,,30.34
2026-07-20,2026-07-19T13:04:26.161538+00:00,2026-07-06,,24,31.29,33.37,,16.52
2026-07-21,2026-07-20T13:28:43.151774+00:00,2026-07-20,,1,25.21,32.47,,30.08
2026-07-21,2026-07-20T13:28:43.151774+00:00,2026-07-20,,2,19.03,28.91,,6.98
2026-07-21,2026-07-20T13:28:43.151774+00:00,2026-07-20,,3,20.24,28.36,,9.49
2026-07-21,2026-07-20T13:28:43.151774+00:00,2026-07-20,,4,20.51,28.41,,10.67
2026-07-21,2026-07-20T13:28:43.151774+00:00,2026-07-20,,5,21.03,32.94,,12.1
2026-07-21,2026-07-20T13:28:43.151774+00:00,2026-07-20,,6,25.64,31.98,,14.58
2026-07-21,2026-07-20T13:28:43.151774+00:00,2026-07-20,,7,32.73,36.68,,16.74
2026-07-21,2026-07-20T13:28:43.151774+00:00,2026-07-20,,8,35.12,31.14,,18.65
2026-07-21,2026-07-20T13:28:43.151774+00:00,2026-07-20,,9,38.48,,,26.35
2026-07-21,2026-07-20T13:28:43.151774+00:00,2026-07-20,,10,34.3,,,34.04
2026-07-21,2026-07-20T13:28:43.151774+00:00,2026-07-20,,11,22.51,,,41.42
2026-07-21,2026-07-20T13:28:43.151774+00:00,2026-07-20,,12,61.27,,,41.0
2026-07-21,2026-07-20T13:28:43.151774+00:00,2026-07-20,,13,33.83,,,60.93
2026-07-21,2026-07-20T13:28:43.151774+00:00,2026-07-20,,14,37.59,,,48.88
2026-07-21,2026-07-20T13:28:43.151774+00:00,2026-07-20,,15,50.65,,,59.8
2026-07-21,2026-07-20T13:28:43.151774+00:00,2026-07-20,,16,49.13,,,84.36
2026-07-21,2026-07-20T13:28:43.151774+00:00,2026-07-20,,17,109.48,,,101.69
2026-07-21,2026-07-20T13:28:43.151774+00:00,2026-07-20,,18,104.28,,,131.87
2026-07-21,2026-07-20T13:28:43.151774+00:00,2026-07-20,,19,113.87,,,85.99
2026-07-21,2026-07-20T13:28:43.151774+00:00,2026-07-20,,20,102.83,,,92.54
2026-07-21,2026-07-20T13:28:43.151774+00:00,2026-07-20,,21,71.74,,,60.41
2026-07-21,2026-07-20T13:28:43.151774+00:00,2026-07-20,,22,30.85,,,42.54
2026-07-21,2026-07-20T13:28:43.151774+00:00,2026-07-20,,23,25.03,,,28.8
2026-07-21,2026-07-20T13:28:43.151774+00:00,2026-07-20,,24,16.96,,,16.06
2026-07-23,2026-07-22T14:00:11.876694+00:00,2026-07-20,,1,23.17,32.47,,30.48
2026-07-23,2026-07-22T14:00:11.876694+00:00,2026-07-20,,2,24.01,28.91,,7.14
2026-07-23,2026-07-22T14:00:11.876694+00:00,2026-07-20,,3,24.4,28.36,,9.4
2026-07-23,2026-07-22T14:00:11.876694+00:00,2026-07-20,,4,25.8,28.41,,9.07
2026-07-23,2026-07-22T14:00:11.876694+00:00,2026-07-20,,5,26.26,32.94,,11.99
2026-07-23,2026-07-22T14:00:11.876694+00:00,2026-07-20,,6,28.13,31.98,,12.91
2026-07-23,2026-07-22T14:00:11.876694+00:00,2026-07-20,,7,36.43,36.68,,18.09
2026-07-23,2026-07-22T14:00:11.876694+00:00,2026-07-20,,8,17.38,34.23,,20.0
2026-07-23,2026-07-22T14:00:11.876694+00:00,2026-07-20,,9,23.25,34.1,,21.06
2026-07-23,2026-07-22T14:00:11.876694+00:00,2026-07-20,,10,23.87,34.62,,26.38
2026-07-23,2026-07-22T14:00:11.876694+00:00,2026-07-20,,11,38.16,36.78,,47.87
2026-07-23,2026-07-22T14:00:11.876694+00:00,2026-07-20,,12,30.35,33.8,,56.85
2026-07-23,2026-07-22T14:00:11.876694+00:00,2026-07-20,,13,33.21,37.78,,48.41
2026-07-23,2026-07-22T14:00:11.876694+00:00,2026-07-20,,14,32.63,38.59,,49.71
2026-07-23,2026-07-22T14:00:11.876694+00:00,2026-07-20,,15,31.14,40.73,,44.11
2026-07-23,2026-07-22T14:00:11.876694+00:00,2026-07-20,,16,44.01,58.85,,68.22
2026-07-23,2026-07-22T14:00:11.876694+00:00,2026-07-20,,17,48.74,174.57,,96.44
2026-07-23,2026-07-22T14:00:11.876694+00:00,2026-07-20,,18,62.99,64.54,,119.48
2026-07-23,2026-07-22T14:00:11.876694+00:00,2026-07-20,,19,53.57,63.49,,91.51
2026-07-23,2026-07-22T14:00:11.876694+00:00,2026-07-20,,20,44.05,50.79,,75.82
2026-07-23,2026-07-22T14:00:11.876694+00:00,2026-07-20,,21,46.18,91.78,,56.35
2026-07-23,2026-07-22T14:00:11.876694+00:00,2026-07-20,,22,33.02,63.19,,41.33
2026-07-23,2026-07-22T14:00:11.876694+00:00,2026-07-20,,23,30.25,29.4,,23.52
2026-07-23,2026-07-22T14:00:11.876694+00:00,2026-07-20,,24,10.57,23.1,,15.71
2026-07-25,2026-07-24T13:37:07.105260+00:00,2026-07-11,,1,34.15,50.68,,21.65
2026-07-25,2026-07-24T13:37:07.105260+00:00,2026-07-11,,2,30.17,52.46,,7.37
2026-07-25,2026-07-24T13:37:07.105260+00:00,2026-07-11,,3,26.92,47.57,,8.73
2026-07-25,2026-07-24T13:37:07.105260+00:00,2026-07-11,,4,24.84,48.41,,7.84
2026-07-25,2026-07-24T13:37:07.105260+00:00,2026-07-11,,5,26.09,40.84,,10.48
2026-07-25,2026-07-24T13:37:07.105260+00:00,2026-07-11,,6,26.24,35.99,,12.45
2026-07-25,2026-07-24T13:37:07.105260+00:00,2026-07-11,,7,30.39,39.22,,16.13
2026-07-25,2026-07-24T13:37:07.105260+00:00,2026-07-11,,8,42.36,65.27,,19.79
2026-07-25,2026-07-24T13:37:07.105260+00:00,2026-07-11,,9,42.25,77.35,,22.04
2026-07-25,2026-07-24T13:37:07.105260+00:00,2026-07-11,,10,34.19,111.36,,25.51
2026-07-25,2026-07-24T13:37:07.105260+00:00,2026-07-11,,11,29.31,81.8,,35.05
2026-07-25,2026-07-24T13:37:07.105260+00:00,2026-07-11,,12,36.71,84.83,,41.62
2026-07-25,2026-07-24T13:37:07.105260+00:00,2026-07-11,,13,34.59,79.72,,30.79
2026-07-25,2026-07-24T13:37:07.105260+00:00,2026-07-11,,14,32.87,60.66,,31.09
2026-07-25,2026-07-24T13:37:07.105260+00:00,2026-07-11,,15,42.75,67.71,,23.02
2026-07-25,2026-07-24T13:37:07.105260+00:00,2026-07-11,,16,45.78,61.07,,35.34
2026-07-25,2026-07-24T13:37:07.105260+00:00,2026-07-11,,17,96.78,62.38,,76.84
2026-07-25,2026-07-24T13:37:07.105260+00:00,2026-07-11,,18,108.7,73.52,,105.33
2026-07-25,2026-07-24T13:37:07.105260+00:00,2026-07-11,,19,94.25,60.99,,70.14
2026-07-25,2026-07-24T13:37:07.105260+00:00,2026-07-11,,20,77.05,64.52,,52.34
2026-07-25,2026-07-24T13:37:07.105260+00:00,2026-07-11,,21,43.04,47.83,,36.78
2026-07-25,2026-07-24T13:37:07.105260+00:00,2026-07-11,,22,26.78,52.95,,23.17
2026-07-25,2026-07-24T13:37:07.105260+00:00,2026-07-11,,23,28.53,56.67,,18.1
2026-07-25,2026-07-24T13:37:07.105260+00:00,2026-07-11,,24,32.68,51.62,,10.83
2026-07-26,2026-07-25T13:28:16.536583+00:00,2026-07-25,,1,29.48,28.02,,22.89
2026-07-26,2026-07-25T13:28:16.536583+00:00,2026-07-25,,2,30.37,27.1,,7.35
2026-07-26,2026-07-25T13:28:16.536583+00:00,2026-07-25,,3,27.67,24.16,,9.55
2026-07-26,2026-07-25T13:28:16.536583+00:00,2026-07-25,,4,29.26,25.88,,9.8
2026-07-26,2026-07-25T13:28:16.536583+00:00,2026-07-25,,5,30.78,29.73,,12.16
2026-07-26,2026-07-25T13:28:16.536583+00:00,2026-07-25,,6,31.34,3.18,,13.35
2026-07-26,2026-07-25T13:28:16.536583+00:00,2026-07-25,,7,25.18,,,16.64
2026-07-26,2026-07-25T13:28:16.536583+00:00,2026-07-25,,8,25.85,,,17.17
2026-07-26,2026-07-25T13:28:16.536583+00:00,2026-07-25,,9,46.39,,,20.27
2026-07-26,2026-07-25T13:28:16.536583+00:00,2026-07-25,,10,40.88,,,20.69
2026-07-26,2026-07-25T13:28:16.536583+00:00,2026-07-25,,11,48.97,,,33.35
2026-07-26,2026-07-25T13:28:16.536583+00:00,2026-07-25,,12,79.04,,,42.73
2026-07-26,2026-07-25T13:28:16.536583+00:00,2026-07-25,,13,89.21,,,39.71
2026-07-26,2026-07-25T13:28:16.536583+00:00,2026-07-25,,14,78.26,,,43.96
2026-07-26,2026-07-25T13:28:16.536583+00:00,2026-07-25,,15,70.68,,,26.08
2026-07-26,2026-07-25T13:28:16.536583+00:00,2026-07-25,,16,80.76,,,42.16
2026-07-26,2026-07-25T13:28:16.536583+00:00,2026-07-25,,17,93.39,,,81.26
2026-07-26,2026-07-25T13:28:16.536583+00:00,2026-07-25,,18,119.92,,,95.89
2026-07-26,2026-07-25T13:28:16.536583+00:00,2026-07-25,,19,79.39,,,62.89
2026-07-26,2026-07-25T13:28:16.536583+00:00,2026-07-25,,20,70.0,,,49.99
2026-07-26,2026-07-25T13:28:16.536583+00:00,2026-07-25,,21,72.09,,,35.3
2026-07-26,2026-07-25T13:28:16.536583+00:00,2026-07-25,,22,70.41,,,24.27
2026-07-26,2026-07-25T13:28:16.536583+00:00,2026-07-25,,23,55.59,,,17.44
2026-07-26,2026-07-25T13:28:16.536583+00:00,2026-07-25,,24,40.82,,,10.83
2026-07-27,2026-07-26T13:49:43.095765+00:00,2026-07-09,,1,45.61,64.59,,20.73
2026-07-27,2026-07-26T13:49:43.095765+00:00,2026-07-09,,2,33.64,51.0,,6.96
2026-07-27,2026-07-26T13:49:43.095765+00:00,2026-07-09,,3,33.64,43.58,,7.94
2026-07-27,2026-07-26T13:49:43.095765+00:00,2026-07-09,,4,35.12,39.44,,8.26
2026-07-27,2026-07-26T13:49:43.095765+00:00,2026-07-09,,5,36.37,45.97,,11.42
2026-07-27,2026-07-26T13:49:43.095765+00:00,2026-07-09,,6,39.37,48.12,,14.19
2026-07-27,2026-07-26T13:49:43.095765+00:00,2026-07-09,,7,44.77,59.87,,15.96
2026-07-27,2026-07-26T13:49:43.095765+00:00,2026-07-09,,8,50.95,88.01,,16.41
2026-07-27,2026-07-26T13:49:43.095765+00:00,2026-07-09,,9,44.69,68.02,,15.28
2026-07-27,2026-07-26T13:49:43.095765+00:00,2026-07-09,,10,68.7,56.62,,26.46
2026-07-27,2026-07-26T13:49:43.095765+00:00,2026-07-09,,11,83.73,50.79,,36.54
2026-07-27,2026-07-26T13:49:43.095765+00:00,2026-07-09,,12,107.41,66.72,,46.75
2026-07-27,2026-07-26T13:49:43.095765+00:00,2026-07-09,,13,106.1,97.71,,34.7
2026-07-27,2026-07-26T13:49:43.095765+00:00,2026-07-09,,14,107.97,85.67,,37.13
2026-07-27,2026-07-26T13:49:43.095765+00:00,2026-07-09,,15,127.48,55.86,,24.18
2026-07-27,2026-07-26T13:49:43.095765+00:00,2026-07-09,,16,133.51,42.46,,40.49
2026-07-27,2026-07-26T13:49:43.095765+00:00,2026-07-09,,17,138.22,46.73,,81.55
2026-07-27,2026-07-26T13:49:43.095765+00:00,2026-07-09,,18,117.66,54.56,,68.32
2026-07-27,2026-07-26T13:49:43.095765+00:00,2026-07-09,,19,130.76,51.38,,63.33
2026-07-27,2026-07-26T13:49:43.095765+00:00,2026-07-09,,20,97.26,52.58,,54.1
2026-07-27,2026-07-26T13:49:43.095765+00:00,2026-07-09,,21,100.71,52.97,,34.85
2026-07-27,2026-07-26T13:49:43.095765+00:00,2026-07-09,,22,55.25,60.72,,23.65
2026-07-27,2026-07-26T13:49:43.095765+00:00,2026-07-09,,23,57.97,84.04,,18.07
2026-07-27,2026-07-26T13:49:43.095765+00:00,2026-07-09,,24,44.97,74.77,,8.23
2026-07-30,2026-07-29T13:33:50.928228+00:00,2026-07-09,,1,38.89,64.59,,17.2
2026-07-30,2026-07-29T13:33:50.928228+00:00,2026-07-09,,2,34.77,51.0,,11.89
2026-07-30,2026-07-29T13:33:50.928228+00:00,2026-07-09,,3,34.34,43.58,,9.98
2026-07-30,2026-07-29T13:33:50.928228+00:00,2026-07-09,,4,31.77,39.44,,10.96
2026-07-30,2026-07-29T13:33:50.928228+00:00,2026-07-09,,5,29.67,45.97,,11.33
2026-07-30,2026-07-29T13:33:50.928228+00:00,2026-07-09,,6,36.25,48.12,,16.25
2026-07-30,2026-07-29T13:33:50.928228+00:00,2026-07-09,,7,39.57,59.87,,17.77
2026-07-30,2026-07-29T13:33:50.928228+00:00,2026-07-09,,8,27.31,88.01,,19.26
2026-07-30,2026-07-29T13:33:50.928228+00:00,2026-07-09,,9,32.06,68.02,,20.98
2026-07-30,2026-07-29T13:33:50.928228+00:00,2026-07-09,,10,35.18,56.62,,28.65
2026-07-30,2026-07-29T13:33:50.928228+00:00,2026-07-09,,11,39.52,50.79,,36.03
2026-07-30,2026-07-29T13:33:50.928228+00:00,2026-07-09,,12,43.32,66.72,,46.2
2026-07-30,2026-07-29T13:33:50.928228+00:00,2026-07-09,,13,51.51,97.71,,31.73
2026-07-30,2026-07-29T13:33:50.928228+00:00,2026-07-09,,14,58.45,85.67,,47.9
2026-07-30,2026-07-29T13:33:50.928228+00:00,2026-07-09,,15,60.78,55.86,,29.3
2026-07-30,2026-07-29T13:33:50.928228+00:00,2026-07-09,,16,75.78,42.46,,36.08
2026-07-30,2026-07-29T13:33:50.928228+00:00,2026-07-09,,17,79.03,46.73,,41.83
2026-07-30,2026-07-29T13:33:50.928228+00:00,2026-07-09,,18,81.74,54.56,,69.68
2026-07-30,2026-07-29T13:33:50.928228+00:00,2026-07-09,,19,66.53,51.38,,73.84
2026-07-30,2026-07-29T13:33:50.928228+00:00,2026-07-09,,20,59.39,52.58,,62.52
2026-07-30,2026-07-29T13:33:50.928228+00:00,2026-07-09,,21,53.94,52.97,,30.73
2026-07-30,2026-07-29T13:33:50.928228+00:00,2026-07-09,,22,42.27,60.72,,29.88
2026-07-30,2026-07-29T13:33:50.928228+00:00,2026-07-09,,23,42.12,84.04,,28.13
2026-07-30,2026-07-29T13:33:50.928228+00:00,2026-07-09,,24,25.5,74.77,,15.2
2026-07-31,2026-07-30T13:31:56.018284+00:00,2026-07-10,2026-07-07,1,49.9,45.86,36.65,14.56
2026-07-31,2026-07-30T13:31:56.018284+00:00,2026-07-10,2026-07-07,2,43.93,50.54,36.81,11.85
2026-07-31,2026-07-30T13:31:56.018284+00:00,2026-07-10,2026-07-07,3,40.95,40.9,34.21,10.2
2026-07-31,2026-07-30T13:31:56.018284+00:00,2026-07-10,2026-07-07,4,39.32,35.51,36.12,10.49
2026-07-31,2026-07-30T13:31:56.018284+00:00,2026-07-10,2026-07-07,5,40.82,37.58,37.95,12.09
2026-07-31,2026-07-30T13:31:56.018284+00:00,2026-07-10,2026-07-07,6,43.1,31.66,48.89,14.46
2026-07-31,2026-07-30T13:31:56.018284+00:00,2026-07-10,2026-07-07,7,49.03,38.39,50.38,17.7
2026-07-31,2026-07-30T13:31:56.018284+00:00,2026-07-10,2026-07-07,8,51.31,45.36,48.5,21.37
2026-07-31,2026-07-30T13:31:56.018284+00:00,2026-07-10,2026-07-07,9,51.2,40.3,46.26,16.42
2026-07-31,2026-07-30T13:31:56.018284+00:00,2026-07-10,2026-07-07,10,52.18,39.91,64.03,24.04
2026-07-31,2026-07-30T13:31:56.018284+00:00,2026-07-10,2026-07-07,11,44.36,48.21,57.11,55.96
2026-07-31,2026-07-30T13:31:56.018284+00:00,2026-07-10,2026-07-07,12,50.47,49.49,61.58,46.67
2026-07-31,2026-07-30T13:31:56.018284+00:00,2026-07-10,2026-07-07,13,58.14,131.51,53.25,31.18
2026-07-31,2026-07-30T13:31:56.018284+00:00,2026-07-10,2026-07-07,14,40.06,95.11,63.86,45.43
2026-07-31,2026-07-30T13:31:56.018284+00:00,2026-07-10,2026-07-07,15,63.0,83.1,52.13,26.45
2026-07-31,2026-07-30T13:31:56.018284+00:00,2026-07-10,2026-07-07,16,50.73,100.65,55.49,38.79
2026-07-31,2026-07-30T13:31:56.018284+00:00,2026-07-10,2026-07-07,17,69.12,79.64,75.22,37.4
2026-07-31,2026-07-30T13:31:56.018284+00:00,2026-07-10,2026-07-07,18,70.87,55.82,100.87,63.39
2026-07-31,2026-07-30T13:31:56.018284+00:00,2026-07-10,2026-07-07,19,100.61,53.41,95.57,73.99
2026-07-31,2026-07-30T13:31:56.018284+00:00,2026-07-10,2026-07-07,20,64.93,49.23,110.37,63.9
2026-07-31,2026-07-30T13:31:56.018284+00:00,2026-07-10,2026-07-07,21,65.6,58.79,79.45,31.33
2026-07-31,2026-07-30T13:31:56.018284+00:00,2026-07-10,2026-07-07,22,59.25,82.42,91.51,28.36
2026-07-31,2026-07-30T13:31:56.018284+00:00,2026-07-10,2026-07-07,23,50.83,80.9,67.0,31.02
2026-07-31,2026-07-30T13:31:56.018284+00:00,2026-07-10,2026-07-07,24,45.6,51.53,41.32,14.38
2026-08-01,2026-07-31T12:25:54.846900+00:00,2026-07-26,2026-07-04,1,46.45,34.24,63.93,12.86
2026-08-01,2026-07-31T12:25:54.846900+00:00,2026-07-26,2026-07-04,2,40.04,28.12,60.22,13.04
2026-08-01,2026-07-31T12:25:54.846900+00:00,2026-07-26,2026-07-04,3,37.33,29.45,72.23,8.93
2026-08-01,2026-07-31T12:25:54.846900+00:00,2026-07-26,2026-07-04,4,32.32,36.63,40.5,9.11
2026-08-01,2026-07-31T12:25:54.846900+00:00,2026-07-26,2026-07-04,5,32.98,42.01,38.46,13.81
2026-08-01,2026-07-31T12:25:54.846900+00:00,2026-07-26,2026-07-04,6,35.61,15.05,37.61,15.23
2026-08-01,2026-07-31T12:25:54.846900+00:00,2026-07-26,2026-07-04,7,39.38,37.83,52.1,17.12
2026-08-01,2026-07-31T12:25:54.846900+00:00,2026-07-26,2026-07-04,8,41.71,34.14,49.74,15.96
2026-08-01,2026-07-31T12:25:54.846900+00:00,2026-07-26,2026-07-04,9,44.53,34.16,51.24,16.03
2026-08-01,2026-07-31T12:25:54.846900+00:00,2026-07-26,2026-07-04,10,50.03,38.66,57.36,21.48
2026-08-01,2026-07-31T12:25:54.846900+00:00,2026-07-26,2026-07-04,11,44.02,69.06,80.53,56.46
2026-08-01,2026-07-31T12:25:54.846900+00:00,2026-07-26,2026-07-04,12,46.15,93.19,67.23,50.09
2026-08-01,2026-07-31T12:25:54.846900+00:00,2026-07-26,2026-07-04,13,64.19,82.26,133.73,30.82
2026-08-01,2026-07-31T12:25:54.846900+00:00,2026-07-26,2026-07-04,14,61.01,123.27,71.66,41.03
2026-08-01,2026-07-31T12:25:54.846900+00:00,2026-07-26,2026-07-04,15,59.51,92.38,63.24,23.83
2026-08-01,2026-07-31T12:25:54.846900+00:00,2026-07-26,2026-07-04,16,58.45,105.83,86.08,31.41
2026-08-01,2026-07-31T12:25:54.846900+00:00,2026-07-26,2026-07-04,17,50.01,152.01,214.16,42.38
2026-08-01,2026-07-31T12:25:54.846900+00:00,2026-07-26,2026-07-04,18,50.01,100.13,778.95,64.09
2026-08-01,2026-07-31T12:25:54.846900+00:00,2026-07-26,2026-07-04,19,63.94,104.38,55.33,69.81
2026-08-01,2026-07-31T12:25:54.846900+00:00,2026-07-26,2026-07-04,20,52.59,99.04,131.4,53.75
2026-08-01,2026-07-31T12:25:54.846900+00:00,2026-07-26,2026-07-04,21,47.55,141.81,148.11,25.3
2026-08-01,2026-07-31T12:25:54.846900+00:00,2026-07-26,2026-07-04,22,48.01,177.66,134.87,25.76
2026-08-01,2026-07-31T12:25:54.846900+00:00,2026-07-26,2026-07-04,23,43.28,174.14,61.81,27.94
2026-08-01,2026-07-31T12:25:54.846900+00:00,2026-07-26,2026-07-04,24,27.98,145.96,36.51,16.48
2026-08-02,2026-08-01T11:39:59.627837+00:00,2026-07-18,2026-08-01,1,46.48,35.14,62.19,13.59
2026-08-02,2026-08-01T11:39:59.627837+00:00,2026-07-18,2026-08-01,2,34.64,33.24,36.09,8.87
2026-08-02,2026-08-01T11:39:59.627837+00:00,2026-07-18,2026-08-01,3,25.86,24.25,34.28,8.76
2026-08-02,2026-08-01T11:39:59.627837+00:00,2026-07-18,2026-08-01,4,25.31,34.95,32.75,9.11
2026-08-02,2026-08-01T11:39:59.627837+00:00,2026-07-18,2026-08-01,5,25.91,39.11,31.22,12.42
2026-08-02,2026-08-01T11:39:59.627837+00:00,2026-07-18,2026-08-01,6,24.91,41.9,34.46,15.92
2026-08-02,2026-08-01T11:39:59.627837+00:00,2026-07-18,2026-08-01,7,24.48,37.39,23.26,15.59
2026-08-02,2026-08-01T11:39:59.627837+00:00,2026-07-18,2026-08-01,8,14.97,44.15,,17.43
2026-08-02,2026-08-01T11:39:59.627837+00:00,2026-07-18,2026-08-01,9,25.33,54.87,,18.13
2026-08-02,2026-08-01T11:39:59.627837+00:00,2026-07-18,2026-08-01,10,33.64,53.76,,24.17
2026-08-02,2026-08-01T11:39:59.627837+00:00,2026-07-18,2026-08-01,11,46.73,51.8,,59.6
2026-08-02,2026-08-01T11:39:59.627837+00:00,2026-07-18,2026-08-01,12,117.37,36.65,,51.85
2026-08-02,2026-08-01T11:39:59.627837+00:00,2026-07-18,2026-08-01,13,106.64,51.63,,30.12
2026-08-02,2026-08-01T11:39:59.627837+00:00,2026-07-18,2026-08-01,14,94.94,57.8,,50.57
2026-08-02,2026-08-01T11:39:59.627837+00:00,2026-07-18,2026-08-01,15,91.78,56.89,,29.14
2026-08-02,2026-08-01T11:39:59.627837+00:00,2026-07-18,2026-08-01,16,75.8,43.39,,38.48
2026-08-02,2026-08-01T11:39:59.627837+00:00,2026-07-18,2026-08-01,17,132.74,47.79,,44.43
2026-08-02,2026-08-01T11:39:59.627837+00:00,2026-07-18,2026-08-01,18,120.4,34.78,,69.48
2026-08-02,2026-08-01T11:39:59.627837+00:00,2026-07-18,2026-08-01,19,72.62,36.43,,68.0
2026-08-02,2026-08-01T11:39:59.627837+00:00,2026-07-18,2026-08-01,20,115.64,36.59,,53.88
2026-08-02,2026-08-01T11:39:59.627837+00:00,2026-07-18,2026-08-01,21,100.6,48.15,,31.45
2026-08-02,2026-08-01T11:39:59.627837+00:00,2026-07-18,2026-08-01,22,58.87,45.34,,30.79
2026-08-02,2026-08-01T11:39:59.627837+00:00,2026-07-18,2026-08-01,23,33.63,36.66,,30.81
2026-08-02,2026-08-01T11:39:59.627837+00:00,2026-07-18,2026-08-01,24,21.17,26.72,,16.87
2026-08-03,2026-08-02T11:40:38.304725+00:00,2026-07-20,2026-07-23,1,28.28,32.47,22.16,13.74
2026-08-03,2026-08-02T11:40:38.304725+00:00,2026-07-20,2026-07-23,2,23.3,28.91,26.61,10.8
2026-08-03,2026-08-02T11:40:38.304725+00:00,2026-07-20,2026-07-23,3,25.67,28.36,32.07,7.92
2026-08-03,2026-08-02T11:40:38.304725+00:00,2026-07-20,2026-07-23,4,27.44,28.41,29.91,10.26
2026-08-03,2026-08-02T11:40:38.304725+00:00,2026-07-20,2026-07-23,5,24.49,32.94,14.76,11.82
2026-08-03,2026-08-02T11:40:38.304725+00:00,2026-07-20,2026-07-23,6,28.49,31.98,5.92,15.21
2026-08-03,2026-08-02T11:40:38.304725+00:00,2026-07-20,2026-07-23,7,31.4,36.68,11.09,16.46
2026-08-03,2026-08-02T11:40:38.304725+00:00,2026-07-20,2026-07-23,8,-8.94,34.23,26.27,15.65
2026-08-03,2026-08-02T11:40:38.304725+00:00,2026-07-20,2026-07-23,9,2.64,34.1,29.9,15.32
2026-08-03,2026-08-02T11:40:38.304725+00:00,2026-07-20,2026-07-23,10,12.02,34.62,24.35,20.92
2026-08-03,2026-08-02T11:40:38.304725+00:00,2026-07-20,2026-07-23,11,25.3,36.78,25.94,56.52
2026-08-03,2026-08-02T11:40:38.304725+00:00,2026-07-20,2026-07-23,12,25.53,33.8,36.12,45.73
2026-08-03,2026-08-02T11:40:38.304725+00:00,2026-07-20,2026-07-23,13,34.03,37.78,41.5,30.21
2026-08-03,2026-08-02T11:40:38.304725+00:00,2026-07-20,2026-07-23,14,31.01,38.59,38.38,49.5
2026-08-03,2026-08-02T11:40:38.304725+00:00,2026-07-20,2026-07-23,15,41.47,40.73,31.53,37.89
2026-08-03,2026-08-02T11:40:38.304725+00:00,2026-07-20,2026-07-23,16,48.35,58.85,35.28,42.59
2026-08-03,2026-08-02T11:40:38.304725+00:00,2026-07-20,2026-07-23,17,55.35,174.57,36.97,45.92
2026-08-03,2026-08-02T11:40:38.304725+00:00,2026-07-20,2026-07-23,18,80.81,64.54,48.9,70.88
2026-08-03,2026-08-02T11:40:38.304725+00:00,2026-07-20,2026-07-23,19,83.75,63.49,58.29,73.58
2026-08-03,2026-08-02T11:40:38.304725+00:00,2026-07-20,2026-07-23,20,60.22,50.79,57.95,61.93
2026-08-03,2026-08-02T11:40:38.304725+00:00,2026-07-20,2026-07-23,21,45.98,91.78,49.85,37.87
2026-08-03,2026-08-02T11:40:38.304725+00:00,2026-07-20,2026-07-23,22,37.21,63.19,44.56,29.22
2026-08-03,2026-08-02T11:40:38.304725+00:00,2026-07-20,2026-07-23,23,35.22,29.4,32.25,31.97
2026-08-03,2026-08-02T11:40:38.304725+00:00,2026-07-20,2026-07-23,24,17.1,23.1,23.88,18.44
2026-08-04,2026-08-03T13:16:34.271357+00:00,2026-07-20,2026-07-30,1,39.39,32.47,31.33,12.66
2026-08-04,2026-08-03T13:16:34.271357+00:00,2026-07-20,2026-07-30,2,25.61,28.91,24.82,10.96
2026-08-04,2026-08-03T13:16:34.271357+00:00,2026-07-20,2026-07-30,3,26.13,28.36,19.71,8.52
2026-08-04,2026-08-03T13:16:34.271357+00:00,2026-07-20,2026-07-30,4,31.33,28.41,16.34,9.09
2026-08-04,2026-08-03T13:16:34.271357+00:00,2026-07-20,2026-07-30,5,28.74,32.94,21.4,15.16
2026-08-04,2026-08-03T13:16:34.271357+00:00,2026-07-20,2026-07-30,6,37.15,31.98,18.59,15.89
2026-08-04,2026-08-03T13:16:34.271357+00:00,2026-07-20,2026-07-30,7,39.16,36.68,27.17,18.24
2026-08-04,2026-08-03T13:16:34.271357+00:00,2026-07-20,2026-07-30,8,57.59,34.23,45.0,15.5
2026-08-04,2026-08-03T13:16:34.271357+00:00,2026-07-20,2026-07-30,9,33.97,34.1,43.95,14.09
2026-08-04,2026-08-03T13:16:34.271357+00:00,2026-07-20,2026-07-30,10,36.99,34.62,51.44,18.78
2026-08-04,2026-08-03T13:16:34.271357+00:00,2026-07-20,2026-07-30,11,32.65,36.78,39.92,58.8
2026-08-04,2026-08-03T13:16:34.271357+00:00,2026-07-20,2026-07-30,12,47.24,33.8,108.12,49.82
2026-08-04,2026-08-03T13:16:34.271357+00:00,2026-07-20,2026-07-30,13,88.06,37.78,52.22,36.31
2026-08-04,2026-08-03T13:16:34.271357+00:00,2026-07-20,2026-07-30,14,98.66,38.59,61.35,46.25
2026-08-04,2026-08-03T13:16:34.271357+00:00,2026-07-20,2026-07-30,15,95.45,40.73,85.26,39.45
2026-08-04,2026-08-03T13:16:34.271357+00:00,2026-07-20,2026-07-30,16,64.11,58.85,67.44,46.35
2026-08-04,2026-08-03T13:16:34.271357+00:00,2026-07-20,2026-07-30,17,86.81,174.57,90.95,48.98
2026-08-04,2026-08-03T13:16:34.271357+00:00,2026-07-20,2026-07-30,18,100.69,64.54,95.91,71.7
2026-08-04,2026-08-03T13:16:34.271357+00:00,2026-07-20,2026-07-30,19,107.1,63.49,96.92,65.42
2026-08-04,2026-08-03T13:16:34.271357+00:00,2026-07-20,2026-07-30,20,85.18,50.79,84.69,58.76
2026-08-04,2026-08-03T13:16:34.271357+00:00,2026-07-20,2026-07-30,21,82.8,91.78,46.68,30.9
2026-08-04,2026-08-03T13:16:34.271357+00:00,2026-07-20,2026-07-30,22,66.76,63.19,45.99,27.9
2026-08-04,2026-08-03T13:16:34.271357+00:00,2026-07-20,2026-07-30,23,24.75,29.4,48.35,34.36
2026-08-04,2026-08-03T13:16:34.271357+00:00,2026-07-20,2026-07-30,24,30.0,23.1,39.79,18.32
2026-08-05,2026-08-04T12:24:53.867617+00:00,2026-07-10,2026-07-27,1,55.33,45.86,125.65,11.96
2026-08-05,2026-08-04T12:24:53.867617+00:00,2026-07-10,2026-07-27,2,48.63,50.54,104.44,9.31
2026-08-05,2026-08-04T12:24:53.867617+00:00,2026-07-10,2026-07-27,3,44.78,40.9,54.71,8.22
2026-08-05,2026-08-04T12:24:53.867617+00:00,2026-07-10,2026-07-27,4,43.67,35.51,57.05,9.79
2026-08-05,2026-08-04T12:24:53.867617+00:00,2026-07-10,2026-07-27,5,49.32,37.58,73.21,13.18
2026-08-05,2026-08-04T12:24:53.867617+00:00,2026-07-10,2026-07-27,6,56.98,31.66,70.4,13.68
2026-08-05,2026-08-04T12:24:53.867617+00:00,2026-07-10,2026-07-27,7,61.53,38.39,48.91,13.46
2026-08-05,2026-08-04T12:24:53.867617+00:00,2026-07-10,2026-07-27,8,64.59,45.36,55.41,10.36
2026-08-05,2026-08-04T12:24:53.867617+00:00,2026-07-10,2026-07-27,9,50.66,40.3,37.34,14.82
2026-08-05,2026-08-04T12:24:53.867617+00:00,2026-07-10,2026-07-27,10,47.64,39.91,125.97,18.97
2026-08-05,2026-08-04T12:24:53.867617+00:00,2026-07-10,2026-07-27,11,56.94,48.21,115.99,54.56
2026-08-05,2026-08-04T12:24:53.867617+00:00,2026-07-10,2026-07-27,12,89.75,49.49,119.19,44.56
2026-08-05,2026-08-04T12:24:53.867617+00:00,2026-07-10,2026-07-27,13,103.63,131.51,116.43,29.69
2026-08-05,2026-08-04T12:24:53.867617+00:00,2026-07-10,2026-07-27,14,128.12,95.11,115.02,40.57
2026-08-05,2026-08-04T12:24:53.867617+00:00,2026-07-10,2026-07-27,15,119.27,83.1,46.77,28.41
2026-08-05,2026-08-04T12:24:53.867617+00:00,2026-07-10,2026-07-27,16,132.02,100.65,94.84,37.46
2026-08-05,2026-08-04T12:24:53.867617+00:00,2026-07-10,2026-07-27,17,115.83,79.64,153.54,48.3
2026-08-05,2026-08-04T12:24:53.867617+00:00,2026-07-10,2026-07-27,18,86.32,55.82,384.64,55.95
2026-08-05,2026-08-04T12:24:53.867617+00:00,2026-07-10,2026-07-27,19,127.34,53.41,417.94,74.49
2026-08-05,2026-08-04T12:24:53.867617+00:00,2026-07-10,2026-07-27,20,129.71,49.23,394.24,50.17
2026-08-05,2026-08-04T12:24:53.867617+00:00,2026-07-10,2026-07-27,21,90.59,58.79,94.4,27.11
2026-08-05,2026-08-04T12:24:53.867617+00:00,2026-07-10,2026-07-27,22,119.57,82.42,129.57,27.34
2026-08-05,2026-08-04T12:24:53.867617+00:00,2026-07-10,2026-07-27,23,56.88,80.9,119.55,27.73
2026-08-05,2026-08-04T12:24:53.867617+00:00,2026-07-10,2026-07-27,24,54.73,51.53,61.16,12.67
2026-08-06,2026-08-05T12:22:50.989993+00:00,2026-08-05,2026-07-27,1,40.41,34.4,125.65,11.57
2026-08-06,2026-08-05T12:22:50.989993+00:00,2026-08-05,2026-07-27,2,41.15,39.75,104.44,11.11
2026-08-06,2026-08-05T12:22:50.989993+00:00,2026-08-05,2026-07-27,3,37.81,34.33,54.71,7.85
2026-08-06,2026-08-05T12:22:50.989993+00:00,2026-08-05,2026-07-27,4,38.98,36.31,57.05,9.62
2026-08-06,2026-08-05T12:22:50.989993+00:00,2026-08-05,2026-07-27,5,42.58,42.8,73.21,12.44
2026-08-06,2026-08-05T12:22:50.989993+00:00,2026-08-05,2026-07-27,6,49.96,38.1,70.4,13.12
2026-08-06,2026-08-05T12:22:50.989993+00:00,2026-08-05,2026-07-27,7,55.11,37.64,48.91,15.34
2026-08-06,2026-08-05T12:22:50.989993+00:00,2026-08-05,2026-07-27,8,45.42,,55.41,12.77
2026-08-06,2026-08-05T12:22:50.989993+00:00,2026-08-05,2026-07-27,9,57.39,,37.34,13.38
2026-08-06,2026-08-05T12:22:50.989993+00:00,2026-08-05,2026-07-27,10,87.27,,125.97,16.05
2026-08-06,2026-08-05T12:22:50.989993+00:00,2026-08-05,2026-07-27,11,79.49,,115.99,52.16
2026-08-06,2026-08-05T12:22:50.989993+00:00,2026-08-05,2026-07-27,12,76.76,,119.19,42.85
2026-08-06,2026-08-05T12:22:50.989993+00:00,2026-08-05,2026-07-27,13,94.72,,116.43,29.51
2026-08-06,2026-08-05T12:22:50.989993+00:00,2026-08-05,2026-07-27,14,93.57,,115.02,37.97
2026-08-06,2026-08-05T12:22:50.989993+00:00,2026-08-05,2026-07-27,15,94.18,,46.77,29.65
2026-08-06,2026-08-05T12:22:50.989993+00:00,2026-08-05,2026-07-27,16,73.3,,94.84,25.78
2026-08-06,2026-08-05T12:22:50.989993+00:00,2026-08-05,2026-07-27,17,73.65,,153.54,33.4
2026-08-06,2026-08-05T12:22:50.989993+00:00,2026-08-05,2026-07-27,18,86.85,,384.64,45.76
2026-08-06,2026-08-05T12:22:50.989993+00:00,2026-08-05,2026-07-27,19,88.35,,417.94,58.62
2026-08-06,2026-08-05T12:22:50.989993+00:00,2026-08-05,2026-07-27,20,139.52,,394.24,40.13
2026-08-06,2026-08-05T12:22:50.989993+00:00,2026-08-05,2026-07-27,21,119.2,,94.4,23.45
2026-08-06,2026-08-05T12:22:50.989993+00:00,2026-08-05,2026-07-27,22,110.07,,129.57,24.59
2026-08-06,2026-08-05T12:22:50.989993+00:00,2026-08-05,2026-07-27,23,77.59,,119.55,26.3
2026-08-06,2026-08-05T12:22:50.989993+00:00,2026-08-05,2026-07-27,24,46.43,,61.16,13.78
2026-08-07,2026-08-06T12:24:44.880978+00:00,2026-07-27,2026-08-06,1,52.13,125.65,72.22,13.05
2026-08-07,2026-08-06T12:24:44.880978+00:00,2026-07-27,2026-08-06,2,56.45,104.44,57.62,11.85
2026-08-07,2026-08-06T12:24:44.880978+00:00,2026-07-27,2026-08-06,3,51.65,54.71,53.9,7.52
2026-08-07,2026-08-06T12:24:44.880978+00:00,2026-07-27,2026-08-06,4,38.66,57.05,52.29,10.3
2026-08-07,2026-08-06T12:24:44.880978+00:00,2026-07-27,2026-08-06,5,42.3,73.21,63.85,12.73
2026-08-07,2026-08-06T12:24:44.880978+00:00,2026-07-27,2026-08-06,6,50.01,70.4,60.61,13.69
2026-08-07,2026-08-06T12:24:44.880978+00:00,2026-07-27,2026-08-06,7,51.12,48.91,42.6,13.92
2026-08-07,2026-08-06T12:24:44.880978+00:00,2026-07-27,2026-08-06,8,42.27,55.41,,14.43
2026-08-07,2026-08-06T12:24:44.880978+00:00,2026-07-27,2026-08-06,9,62.3,37.34,,12.83
2026-08-07,2026-08-06T12:24:44.880978+00:00,2026-07-27,2026-08-06,10,90.59,125.97,,13.19
2026-08-07,2026-08-06T12:24:44.880978+00:00,2026-07-27,2026-08-06,11,96.85,115.99,,51.89
2026-08-07,2026-08-06T12:24:44.880978+00:00,2026-07-27,2026-08-06,12,77.87,119.19,,44.51
2026-08-07,2026-08-06T12:24:44.880978+00:00,2026-07-27,2026-08-06,13,70.82,116.43,,28.74
2026-08-07,2026-08-06T12:24:44.880978+00:00,2026-07-27,2026-08-06,14,50.19,115.02,,37.36
2026-08-07,2026-08-06T12:24:44.880978+00:00,2026-07-27,2026-08-06,15,50.43,46.77,,18.96
2026-08-07,2026-08-06T12:24:44.880978+00:00,2026-07-27,2026-08-06,16,68.64,94.84,,24.28
2026-08-07,2026-08-06T12:24:44.880978+00:00,2026-07-27,2026-08-06,17,80.65,153.54,,29.5
2026-08-07,2026-08-06T12:24:44.880978+00:00,2026-07-27,2026-08-06,18,95.59,384.64,,42.96
2026-08-07,2026-08-06T12:24:44.880978+00:00,2026-07-27,2026-08-06,19,97.15,417.94,,47.23
2026-08-07,2026-08-06T12:24:44.880978+00:00,2026-07-27,2026-08-06,20,130.58,394.24,,33.63
2026-08-07,2026-08-06T12:24:44.880978+00:00,2026-07-27,2026-08-06,21,118.83,94.4,,20.86
2026-08-07,2026-08-06T12:24:44.880978+00:00,2026-07-27,2026-08-06,22,88.79,129.57,,24.74
2026-08-07,2026-08-06T12:24:44.880978+00:00,2026-07-27,2026-08-06,23,66.69,119.55,,26.39
2026-08-07,2026-08-06T12:24:44.880978+00:00,2026-07-27,2026-08-06,24,42.66,61.16,,15.46
2026-08-08,2026-08-07T11:14:40.300394+00:00,2026-08-01,2026-07-04,1,67.83,62.19,63.93,15.82
2026-08-08,2026-08-07T11:14:40.300394+00:00,2026-08-01,2026-07-04,2,56.82,36.09,60.22,11.38
2026-08-08,2026-08-07T11:14:40.300394+00:00,2026-08-01,2026-07-04,3,50.91,34.28,72.23,8.75
2026-08-08,2026-08-07T11:14:40.300394+00:00,2026-08-01,2026-07-04,4,43.22,32.75,40.5,9.38
2026-08-08,2026-08-07T11:14:40.300394+00:00,2026-08-01,2026-07-04,5,43.42,31.22,38.46,14.09
2026-08-08,2026-08-07T11:14:40.300394+00:00,2026-08-01,2026-07-04,6,46.83,34.46,37.61,13.95
2026-08-08,2026-08-07T11:14:40.300394+00:00,2026-08-01,2026-07-04,7,27.6,23.38,52.1,14.56
2026-08-08,2026-08-07T11:14:40.300394+00:00,2026-08-01,2026-07-04,8,27.4,39.57,49.74,11.44
2026-08-08,2026-08-07T11:14:40.300394+00:00,2026-08-01,2026-07-04,9,27.66,50.82,51.24,13.17
2026-08-08,2026-08-07T11:14:40.300394+00:00,2026-08-01,2026-07-04,10,48.6,63.49,57.36,14.52
2026-08-08,2026-08-07T11:14:40.300394+00:00,2026-08-01,2026-07-04,11,57.01,85.94,80.53,51.1
2026-08-08,2026-08-07T11:14:40.300394+00:00,2026-08-01,2026-07-04,12,69.78,102.86,67.23,45.15
2026-08-08,2026-08-07T11:14:40.300394+00:00,2026-08-01,2026-07-04,13,67.79,97.79,133.73,26.69
2026-08-08,2026-08-07T11:14:40.300394+00:00,2026-08-01,2026-07-04,14,78.46,91.15,71.66,35.69
2026-08-08,2026-08-07T11:14:40.300394+00:00,2026-08-01,2026-07-04,15,125.57,155.7,63.24,23.97
2026-08-08,2026-08-07T11:14:40.300394+00:00,2026-08-01,2026-07-04,16,112.03,147.05,86.08,22.03
2026-08-08,2026-08-07T11:14:40.300394+00:00,2026-08-01,2026-07-04,17,133.55,183.02,214.16,30.82
2026-08-08,2026-08-07T11:14:40.300394+00:00,2026-08-01,2026-07-04,18,120.87,136.28,778.95,45.28
2026-08-08,2026-08-07T11:14:40.300394+00:00,2026-08-01,2026-07-04,19,72.36,50.46,55.33,52.89
2026-08-08,2026-08-07T11:14:40.300394+00:00,2026-08-01,2026-07-04,20,76.82,53.72,131.4,27.37
2026-08-08,2026-08-07T11:14:40.300394+00:00,2026-08-01,2026-07-04,21,69.15,95.11,148.11,21.2
2026-08-08,2026-08-07T11:14:40.300394+00:00,2026-08-01,2026-07-04,22,54.55,92.59,134.87,32.67
2026-08-08,2026-08-07T11:14:40.300394+00:00,2026-08-01,2026-07-04,23,35.0,97.19,61.81,31.17
2026-08-08,2026-08-07T11:14:40.300394+00:00,2026-08-01,2026-07-04,24,17.95,45.62,36.51,19.65
2026-08-09,2026-08-08T10:59:02.462301+00:00,2026-07-04,2026-07-12,1,69.38,63.93,36.26,20.79
2026-08-09,2026-08-08T10:59:02.462301+00:00,2026-07-04,2026-07-12,2,55.16,60.22,31.22,11.56
2026-08-09,2026-08-08T10:59:02.462301+00:00,2026-07-04,2026-07-12,3,50.91,72.23,32.42,8.59
2026-08-09,2026-08-08T10:59:02.462301+00:00,2026-07-04,2026-07-12,4,41.17,40.5,28.88,9.14
2026-08-09,2026-08-08T10:59:02.462301+00:00,2026-07-04,2026-07-12,5,41.95,38.46,33.7,13.53
2026-08-09,2026-08-08T10:59:02.462301+00:00,2026-07-04,2026-07-12,6,38.87,37.61,19.23,13.0
2026-08-09,2026-08-08T10:59:02.462301+00:00,2026-07-04,2026-07-12,7,32.99,52.1,19.0,14.14
2026-08-09,2026-08-08T10:59:02.462301+00:00,2026-07-04,2026-07-12,8,30.43,49.74,25.72,13.58
2026-08-09,2026-08-08T10:59:02.462301+00:00,2026-07-04,2026-07-12,9,41.98,51.24,33.71,14.11
2026-08-09,2026-08-08T10:59:02.462301+00:00,2026-07-04,2026-07-12,10,50.77,57.36,34.5,18.5
2026-08-09,2026-08-08T10:59:02.462301+00:00,2026-07-04,2026-07-12,11,52.13,80.53,40.29,48.7
2026-08-09,2026-08-08T10:59:02.462301+00:00,2026-07-04,2026-07-12,12,47.95,67.23,65.27,52.96
2026-08-09,2026-08-08T10:59:02.462301+00:00,2026-07-04,2026-07-12,13,54.14,133.73,76.93,28.73
2026-08-09,2026-08-08T10:59:02.462301+00:00,2026-07-04,2026-07-12,14,51.39,71.66,82.71,34.2
2026-08-09,2026-08-08T10:59:02.462301+00:00,2026-07-04,2026-07-12,15,68.83,63.24,52.74,24.96
2026-08-09,2026-08-08T10:59:02.462301+00:00,2026-07-04,2026-07-12,16,68.78,86.08,55.56,29.14
2026-08-09,2026-08-08T10:59:02.462301+00:00,2026-07-04,2026-07-12,17,77.7,214.16,86.71,40.14
2026-08-09,2026-08-08T10:59:02.462301+00:00,2026-07-04,2026-07-12,18,77.24,778.95,74.26,54.98
2026-08-09,2026-08-08T10:59:02.462301+00:00,2026-07-04,2026-07-12,19,83.01,55.33,78.81,72.82
2026-08-09,2026-08-08T10:59:02.462301+00:00,2026-07-04,2026-07-12,20,56.88,131.4,67.8,35.01
2026-08-09,2026-08-08T10:59:02.462301+00:00,2026-07-04,2026-07-12,21,42.92,148.11,66.43,28.92
2026-08-09,2026-08-08T10:59:02.462301+00:00,2026-07-04,2026-07-12,22,49.4,134.87,62.7,34.6
2026-08-09,2026-08-08T10:59:02.462301+00:00,2026-07-04,2026-07-12,23,55.42,61.81,55.81,30.94
2026-08-09,2026-08-08T10:59:02.462301+00:00,2026-07-04,2026-07-12,24,42.13,36.51,45.1,26.3
2026-08-10,2026-08-09T11:01:13.551857+00:00,2026-07-30,2026-07-27,1,42.94,31.33,125.65,21.6
2026-08-10,2026-08-09T11:01:13.551857+00:00,2026-07-30,2026-07-27,2,35.47,24.82,104.44,11.42
2026-08-10,2026-08-09T11:01:13.551857+00:00,2026-07-30,2026-07-27,3,36.65,19.71,54.71,9.54
2026-08-10,2026-08-09T11:01:13.551857+00:00,2026-07-30,2026-07-27,4,37.35,16.34,57.05,9.35
2026-08-10,2026-08-09T11:01:13.551857+00:00,2026-07-30,2026-07-27,5,35.46,21.4,73.21,12.71
2026-08-10,2026-08-09T11:01:13.551857+00:00,2026-07-30,2026-07-27,6,39.49,18.59,70.4,11.7
2026-08-10,2026-08-09T11:01:13.551857+00:00,2026-07-30,2026-07-27,7,29.44,27.17,48.91,13.47
2026-08-10,2026-08-09T11:01:13.551857+00:00,2026-07-30,2026-07-27,8,47.55,45.0,55.41,13.26
2026-08-10,2026-08-09T11:01:13.551857+00:00,2026-07-30,2026-07-27,9,51.49,43.95,37.34,13.64
2026-08-10,2026-08-09T11:01:13.551857+00:00,2026-07-30,2026-07-27,10,49.46,51.44,125.97,15.84
2026-08-10,2026-08-09T11:01:13.551857+00:00,2026-07-30,2026-07-27,11,57.29,39.92,115.99,49.31
2026-08-10,2026-08-09T11:01:13.551857+00:00,2026-07-30,2026-07-27,12,59.95,108.12,119.19,49.77
2026-08-10,2026-08-09T11:01:13.551857+00:00,2026-07-30,2026-07-27,13,81.88,52.22,116.43,29.43
2026-08-10,2026-08-09T11:01:13.551857+00:00,2026-07-30,2026-07-27,14,63.07,61.35,115.02,34.27
2026-08-10,2026-08-09T11:01:13.551857+00:00,2026-07-30,2026-07-27,15,67.93,85.26,46.77,21.38
2026-08-10,2026-08-09T11:01:13.551857+00:00,2026-07-30,2026-07-27,16,67.41,67.44,94.84,32.8
2026-08-10,2026-08-09T11:01:13.551857+00:00,2026-07-30,2026-07-27,17,66.85,90.95,153.54,39.26
2026-08-10,2026-08-09T11:01:13.551857+00:00,2026-07-30,2026-07-27,18,61.48,95.91,384.64,53.34
2026-08-10,2026-08-09T11:01:13.551857+00:00,2026-07-30,2026-07-27,19,84.32,96.92,417.94,75.31
2026-08-10,2026-08-09T11:01:13.551857+00:00,2026-07-30,2026-07-27,20,49.34,84.69,394.24,35.42
2026-08-10,2026-08-09T11:01:13.551857+00:00,2026-07-30,2026-07-27,21,88.77,46.68,94.4,30.58
2026-08-10,2026-08-09T11:01:13.551857+00:00,2026-07-30,2026-07-27,22,98.35,45.99,129.57,34.72
2026-08-10,2026-08-09T11:01:13.551857+00:00,2026-07-30,2026-07-27,23,105.34,48.35,119.55,32.94
2026-08-10,2026-08-09T11:01:13.551857+00:00,2026-07-30,2026-07-27,24,44.91,39.79,61.16,27.9
2026-08-11,2026-08-10T11:30:02.106929+00:00,2026-07-30,2026-07-10,1,51.96,31.33,45.86,22.22
2026-08-11,2026-08-10T11:30:02.106929+00:00,2026-07-30,2026-07-10,2,45.79,24.82,50.54,12.62
2026-08-11,2026-08-10T11:30:02.106929+00:00,2026-07-30,2026-07-10,3,39.99,19.71,40.9,10.09
2026-08-11,2026-08-10T11:30:02.106929+00:00,2026-07-30,2026-07-10,4,37.88,16.34,35.51,9.74
2026-08-11,2026-08-10T11:30:02.106929+00:00,2026-07-30,2026-07-10,5,43.87,21.4,37.58,11.16
2026-08-11,2026-08-10T11:30:02.106929+00:00,2026-07-30,2026-07-10,6,46.93,18.59,31.66,10.97
2026-08-11,2026-08-10T11:30:02.106929+00:00,2026-07-30,2026-07-10,7,65.04,27.17,38.39,13.64
2026-08-11,2026-08-10T11:30:02.106929+00:00,2026-07-30,2026-07-10,8,54.94,45.0,45.36,14.94
2026-08-11,2026-08-10T11:30:02.106929+00:00,2026-07-30,2026-07-10,9,72.95,43.95,40.3,16.67
2026-08-11,2026-08-10T11:30:02.106929+00:00,2026-07-30,2026-07-10,10,82.42,51.44,39.91,18.02
2026-08-11,2026-08-10T11:30:02.106929+00:00,2026-07-30,2026-07-10,11,74.18,39.92,48.21,48.62
2026-08-11,2026-08-10T11:30:02.106929+00:00,2026-07-30,2026-07-10,12,80.33,108.12,49.49,50.17
2026-08-11,2026-08-10T11:30:02.106929+00:00,2026-07-30,2026-07-10,13,89.1,52.22,131.51,31.27
2026-08-11,2026-08-10T11:30:02.106929+00:00,2026-07-30,2026-07-10,14,83.7,61.35,95.11,37.09
2026-08-11,2026-08-10T11:30:02.106929+00:00,2026-07-30,2026-07-10,15,78.11,85.26,83.1,24.14
2026-08-11,2026-08-10T11:30:02.106929+00:00,2026-07-30,2026-07-10,16,108.11,67.44,100.65,34.55
2026-08-11,2026-08-10T11:30:02.106929+00:00,2026-07-30,2026-07-10,17,80.98,90.95,79.64,40.32
2026-08-11,2026-08-10T11:30:02.106929+00:00,2026-07-30,2026-07-10,18,56.39,95.91,55.82,58.55
2026-08-11,2026-08-10T11:30:02.106929+00:00,2026-07-30,2026-07-10,19,108.48,96.92,53.41,77.7
2026-08-11,2026-08-10T11:30:02.106929+00:00,2026-07-30,2026-07-10,20,91.83,84.69,49.23,33.66
2026-08-11,2026-08-10T11:30:02.106929+00:00,2026-07-30,2026-07-10,21,118.41,46.68,58.79,29.39
2026-08-11,2026-08-10T11:30:02.106929+00:00,2026-07-30,2026-07-10,22,117.32,45.99,82.42,35.99
2026-08-11,2026-08-10T11:30:02.106929+00:00,2026-07-30,2026-07-10,23,107.1,48.35,80.9,34.08
2026-08-11,2026-08-10T11:30:02.106929+00:00,2026-07-30,2026-07-10,24,92.59,39.79,51.53,27.76
2026-08-12,2026-08-11T11:13:01.618793+00:00,2026-08-11,2026-08-10,1,57.51,68.27,58.41,22.06
2026-08-12,2026-08-11T11:13:01.618793+00:00,2026-08-11,2026-08-10,2,45.13,60.75,60.79,13.82
2026-08-12,2026-08-11T11:13:01.618793+00:00,2026-08-11,2026-08-10,3,44.1,75.27,59.0,11.96
2026-08-12,2026-08-11T11:13:01.618793+00:00,2026-08-11,2026-08-10,4,37.86,57.95,52.25,11.5
2026-08-12,2026-08-11T11:13:01.618793+00:00,2026-08-11,2026-08-10,5,45.78,56.7,47.07,13.58
2026-08-12,2026-08-11T11:13:01.618793+00:00,2026-08-11,2026-08-10,6,48.91,57.78,52.58,10.93
2026-08-12,2026-08-11T11:13:01.618793+00:00,2026-08-11,2026-08-10,7,30.7,,56.13,11.41
2026-08-12,2026-08-11T11:13:01.618793+00:00,2026-08-11,2026-08-10,8,39.11,,44.22,12.44
2026-08-12,2026-08-11T11:13:01.618793+00:00,2026-08-11,2026-08-10,9,35.77,,41.42,16.32
2026-08-12,2026-08-11T11:13:01.618793+00:00,2026-08-11,2026-08-10,10,33.06,,45.48,22.13
2026-08-12,2026-08-11T11:13:01.618793+00:00,2026-08-11,2026-08-10,11,39.94,,56.58,53.04
2026-08-12,2026-08-11T11:13:01.618793+00:00,2026-08-11,2026-08-10,12,48.33,,137.5,56.23
2026-08-12,2026-08-11T11:13:01.618793+00:00,2026-08-11,2026-08-10,13,66.99,,188.45,34.25
2026-08-12,2026-08-11T11:13:01.618793+00:00,2026-08-11,2026-08-10,14,66.56,,223.19,42.95
2026-08-12,2026-08-11T11:13:01.618793+00:00,2026-08-11,2026-08-10,15,65.02,,203.08,25.6
2026-08-12,2026-08-11T11:13:01.618793+00:00,2026-08-11,2026-08-10,16,68.71,,115.94,28.26
2026-08-12,2026-08-11T11:13:01.618793+00:00,2026-08-11,2026-08-10,17,76.84,,210.35,43.94
2026-08-12,2026-08-11T11:13:01.618793+00:00,2026-08-11,2026-08-10,18,95.24,,163.6,59.73
2026-08-12,2026-08-11T11:13:01.618793+00:00,2026-08-11,2026-08-10,19,91.0,,260.83,87.37
2026-08-12,2026-08-11T11:13:01.618793+00:00,2026-08-11,2026-08-10,20,62.84,,166.4,41.87
2026-08-12,2026-08-11T11:13:01.618793+00:00,2026-08-11,2026-08-10,21,64.14,,91.68,22.71
2026-08-12,2026-08-11T11:13:01.618793+00:00,2026-08-11,2026-08-10,22,37.03,,107.75,36.15
2026-08-12,2026-08-11T11:13:01.618793+00:00,2026-08-11,2026-08-10,23,40.86,,100.29,32.47
2026-08-12,2026-08-11T11:13:01.618793+00:00,2026-08-11,2026-08-10,24,24.05,,56.13,28.37
2026-08-13,2026-08-12T11:15:03.131107+00:00,2026-08-12,2026-08-10,1,72.31,67.03,58.41,22.4
2026-08-13,2026-08-12T11:15:03.131107+00:00,2026-08-12,2026-08-10,2,64.32,63.99,60.79,14.76
2026-08-13,2026-08-12T11:15:03.131107+00:00,2026-08-12,2026-08-10,3,47.42,40.67,59.0,13.26
2026-08-13,2026-08-12T11:15:03.131107+00:00,2026-08-12,2026-08-10,4,45.66,44.14,52.25,11.47
2026-08-13,2026-08-12T11:15:03.131107+00:00,2026-08-12,2026-08-10,5,50.58,37.84,47.07,13.66
2026-08-13,2026-08-12T11:15:03.131107+00:00,2026-08-12,2026-08-10,6,51.46,48.81,52.58,12.43
2026-08-13,2026-08-12T11:15:03.131107+00:00,2026-08-12,2026-08-10,7,35.02,,56.13,14.68
2026-08-13,2026-08-12T11:15:03.131107+00:00,2026-08-12,2026-08-10,8,44.11,,44.22,12.53
2026-08-13,2026-08-12T11:15:03.131107+00:00,2026-08-12,2026-08-10,9,46.32,,41.42,18.15
2026-08-13,2026-08-12T11:15:03.131107+00:00,2026-08-12,2026-08-10,10,41.77,,45.48,20.05
2026-08-13,2026-08-12T11:15:03.131107+00:00,2026-08-12,2026-08-10,11,58.6,,56.58,39.62
2026-08-13,2026-08-12T11:15:03.131107+00:00,2026-08-12,2026-08-10,12,44.43,,137.5,34.9
2026-08-13,2026-08-12T11:15:03.131107+00:00,2026-08-12,2026-08-10,13,52.55,,188.45,34.08
2026-08-13,2026-08-12T11:15:03.131107+00:00,2026-08-12,2026-08-10,14,61.66,,223.19,46.57
2026-08-13,2026-08-12T11:15:03.131107+00:00,2026-08-12,2026-08-10,15,65.01,,203.08,38.27
2026-08-13,2026-08-12T11:15:03.131107+00:00,2026-08-12,2026-08-10,16,47.74,,115.94,39.2
2026-08-13,2026-08-12T11:15:03.131107+00:00,2026-08-12,2026-08-10,17,43.25,,210.35,40.02
2026-08-13,2026-08-12T11:15:03.131107+00:00,2026-08-12,2026-08-10,18,40.88,,163.6,55.09
2026-08-13,2026-08-12T11:15:03.131107+00:00,2026-08-12,2026-08-10,19,42.09,,260.83,88.62
2026-08-13,2026-08-12T11:15:03.131107+00:00,2026-08-12,2026-08-10,20,41.72,,166.4,37.33
2026-08-13,2026-08-12T11:15:03.131107+00:00,2026-08-12,2026-08-10,21,47.6,,91.68,29.17
2026-08-13,2026-08-12T11:15:03.131107+00:00,2026-08-12,2026-08-10,22,45.59,,107.75,35.21
2026-08-13,2026-08-12T11:15:03.131107+00:00,2026-08-12,2026-08-10,23,53.14,,100.29,33.77
2026-08-13,2026-08-12T11:15:03.131107+00:00,2026-08-12,2026-08-10,24,58.66,,56.13,29.83
2026-08-14,2026-08-13T11:15:42.933744+00:00,2026-08-13,2026-08-12,1,56.16,43.62,67.03,23.83
2026-08-14,2026-08-13T11:15:42.933744+00:00,2026-08-13,2026-08-12,2,52.2,35.98,63.99,14.72
2026-08-14,2026-08-13T11:15:42.933744+00:00,2026-08-13,2026-08-12,3,40.74,36.62,40.67,12.02
2026-08-14,2026-08-13T11:15:42.933744+00:00,2026-08-13,2026-08-12,4,41.95,36.68,44.14,10.34
2026-08-14,2026-08-13T11:15:42.933744+00:00,2026-08-13,2026-08-12,5,46.26,35.11,37.84,11.54
2026-08-14,2026-08-13T11:15:42.933744+00:00,2026-08-13,2026-08-12,6,59.35,39.62,48.12,12.93
2026-08-14,2026-08-13T11:15:42.933744+00:00,2026-08-13,2026-08-12,7,46.23,,42.77,11.12
2026-08-14,2026-08-13T11:15:42.933744+00:00,2026-08-13,2026-08-12,8,43.57,,43.25,13.34
2026-08-14,2026-08-13T11:15:42.933744+00:00,2026-08-13,2026-08-12,9,53.32,,62.35,16.3
2026-08-14,2026-08-13T11:15:42.933744+00:00,2026-08-13,2026-08-12,10,55.38,,39.25,18.52
2026-08-14,2026-08-13T11:15:42.933744+00:00,2026-08-13,2026-08-12,11,55.01,,49.43,40.8
2026-08-14,2026-08-13T11:15:42.933744+00:00,2026-08-13,2026-08-12,12,67.36,,55.28,36.31
2026-08-14,2026-08-13T11:15:42.933744+00:00,2026-08-13,2026-08-12,13,78.6,,51.62,38.46
2026-08-14,2026-08-13T11:15:42.933744+00:00,2026-08-13,2026-08-12,14,87.11,,35.23,47.06
2026-08-14,2026-08-13T11:15:42.933744+00:00,2026-08-13,2026-08-12,15,74.65,,39.75,35.43
2026-08-14,2026-08-13T11:15:42.933744+00:00,2026-08-13,2026-08-12,16,72.91,,36.94,39.07
2026-08-14,2026-08-13T11:15:42.933744+00:00,2026-08-13,2026-08-12,17,83.4,,52.03,42.46
2026-08-14,2026-08-13T11:15:42.933744+00:00,2026-08-13,2026-08-12,18,74.79,,54.16,51.88
2026-08-14,2026-08-13T11:15:42.933744+00:00,2026-08-13,2026-08-12,19,67.02,,71.17,83.5
2026-08-14,2026-08-13T11:15:42.933744+00:00,2026-08-13,2026-08-12,20,55.88,,68.59,43.79
2026-08-14,2026-08-13T11:15:42.933744+00:00,2026-08-13,2026-08-12,21,56.16,,52.76,28.99
2026-08-14,2026-08-13T11:15:42.933744+00:00,2026-08-13,2026-08-12,22,46.42,,50.62,37.94
2026-08-14,2026-08-13T11:15:42.933744+00:00,2026-08-13,2026-08-12,23,42.83,,47.2,37.01
2026-08-14,2026-08-13T11:15:42.933744+00:00,2026-08-13,2026-08-12,24,35.22,,41.57,30.91
2026-08-15,2026-08-14T11:13:14.219221+00:00,2026-08-09,2026-07-25,1,50.75,41.69,28.02,24.42
2026-08-15,2026-08-14T11:13:14.219221+00:00,2026-08-09,2026-07-25,2,51.8,33.93,27.1,15.58
2026-08-15,2026-08-14T11:13:14.219221+00:00,2026-08-09,2026-07-25,3,37.37,30.32,24.16,12.68
2026-08-15,2026-08-14T11:13:14.219221+00:00,2026-08-09,2026-07-25,4,36.49,32.55,25.88,9.02
2026-08-15,2026-08-14T11:13:14.219221+00:00,2026-08-09,2026-07-25,5,33.87,32.34,29.73,11.38
2026-08-15,2026-08-14T11:13:14.219221+00:00,2026-08-09,2026-07-25,6,37.22,33.06,3.18,11.17
2026-08-15,2026-08-14T11:13:14.219221+00:00,2026-08-09,2026-07-25,7,30.14,35.29,-0.6,12.74
2026-08-15,2026-08-14T11:13:14.219221+00:00,2026-08-09,2026-07-25,8,35.35,38.62,4.37,12.73
2026-08-15,2026-08-14T11:13:14.219221+00:00,2026-08-09,2026-07-25,9,47.41,53.29,19.98,18.77
2026-08-15,2026-08-14T11:13:14.219221+00:00,2026-08-09,2026-07-25,10,68.29,59.89,34.01,19.7
2026-08-15,2026-08-14T11:13:14.219221+00:00,2026-08-09,2026-07-25,11,93.65,68.43,39.64,46.26
2026-08-15,2026-08-14T11:13:14.219221+00:00,2026-08-09,2026-07-25,12,96.23,114.44,54.65,38.36
2026-08-15,2026-08-14T11:13:14.219221+00:00,2026-08-09,2026-07-25,13,88.28,135.72,59.46,36.81
2026-08-15,2026-08-14T11:13:14.219221+00:00,2026-08-09,2026-07-25,14,78.34,77.69,58.47,50.18
2026-08-15,2026-08-14T11:13:14.219221+00:00,2026-08-09,2026-07-25,15,65.63,83.15,67.25,36.19
2026-08-15,2026-08-14T11:13:14.219221+00:00,2026-08-09,2026-07-25,16,81.97,97.2,75.98,36.6
2026-08-15,2026-08-14T11:13:14.219221+00:00,2026-08-09,2026-07-25,17,87.87,95.36,69.72,41.96
2026-08-15,2026-08-14T11:13:14.219221+00:00,2026-08-09,2026-07-25,18,78.55,84.37,65.37,50.46
2026-08-15,2026-08-14T11:13:14.219221+00:00,2026-08-09,2026-07-25,19,87.21,80.08,70.2,82.68
2026-08-15,2026-08-14T11:13:14.219221+00:00,2026-08-09,2026-07-25,20,71.8,46.7,68.7,36.09
2026-08-15,2026-08-14T11:13:14.219221+00:00,2026-08-09,2026-07-25,21,78.31,42.64,70.26,29.71
2026-08-15,2026-08-14T11:13:14.219221+00:00,2026-08-09,2026-07-25,22,67.4,37.28,101.24,37.58
2026-08-15,2026-08-14T11:13:14.219221+00:00,2026-08-09,2026-07-25,23,49.5,43.27,81.99,39.17
2026-08-15,2026-08-14T11:13:14.219221+00:00,2026-08-09,2026-07-25,24,38.15,73.92,34.19,31.67
2026-08-16,2026-08-15T10:46:08.172080+00:00,2026-08-15,2026-08-02,1,41.67,48.36,35.9,22.69
2026-08-16,2026-08-15T10:46:08.172080+00:00,2026-08-15,2026-08-02,2,42.66,68.62,34.04,14.77
2026-08-16,2026-08-15T10:46:08.172080+00:00,2026-08-15,2026-08-02,3,36.61,52.88,28.42,12.85
2026-08-16,2026-08-15T10:46:08.172080+00:00,2026-08-15,2026-08-02,4,33.35,50.68,27.36,10.77
2026-08-16,2026-08-15T10:46:08.172080+00:00,2026-08-15,2026-08-02,5,32.79,47.86,21.78,13.03
2026-08-16,2026-08-15T10:46:08.172080+00:00,2026-08-15,2026-08-02,6,32.31,36.86,24.69,10.71
2026-08-16,2026-08-15T10:46:08.172080+00:00,2026-08-15,2026-08-02,7,27.17,,18.62,10.24
2026-08-16,2026-08-15T10:46:08.172080+00:00,2026-08-15,2026-08-02,8,21.5,,30.64,15.45
2026-08-16,2026-08-15T10:46:08.172080+00:00,2026-08-15,2026-08-02,9,34.39,,34.48,16.54
2026-08-16,2026-08-15T10:46:08.172080+00:00,2026-08-15,2026-08-02,10,36.21,,36.35,22.92
2026-08-16,2026-08-15T10:46:08.172080+00:00,2026-08-15,2026-08-02,11,38.91,,35.2,42.84
2026-08-16,2026-08-15T10:46:08.172080+00:00,2026-08-15,2026-08-02,12,47.18,,33.94,39.71
2026-08-16,2026-08-15T10:46:08.172080+00:00,2026-08-15,2026-08-02,13,52.06,,34.54,27.0
2026-08-16,2026-08-15T10:46:08.172080+00:00,2026-08-15,2026-08-02,14,54.1,,33.43,35.5
2026-08-16,2026-08-15T10:46:08.172080+00:00,2026-08-15,2026-08-02,15,54.52,,29.22,36.39
2026-08-16,2026-08-15T10:46:08.172080+00:00,2026-08-15,2026-08-02,16,55.14,,33.65,35.11
2026-08-16,2026-08-15T10:46:08.172080+00:00,2026-08-15,2026-08-02,17,61.51,,40.94,43.86
2026-08-16,2026-08-15T10:46:08.172080+00:00,2026-08-15,2026-08-02,18,59.72,,28.95,54.81
2026-08-16,2026-08-15T10:46:08.172080+00:00,2026-08-15,2026-08-02,19,54.01,,18.2,87.18
2026-08-16,2026-08-15T10:46:08.172080+00:00,2026-08-15,2026-08-02,20,86.76,,27.48,40.54
2026-08-16,2026-08-15T10:46:08.172080+00:00,2026-08-15,2026-08-02,21,81.1,,28.25,27.48
2026-08-16,2026-08-15T10:46:08.172080+00:00,2026-08-15,2026-08-02,22,64.62,,21.33,35.04
2026-08-16,2026-08-15T10:46:08.172080+00:00,2026-08-15,2026-08-02,23,40.55,,28.83,37.6
2026-08-16,2026-08-15T10:46:08.172080+00:00,2026-08-15,2026-08-02,24,28.55,,20.13,32.44
2026-08-17,2026-08-16T10:47:05.280507+00:00,2026-08-12,2026-08-13,1,37.99,67.03,43.62,23.14
2026-08-17,2026-08-16T10:47:05.280507+00:00,2026-08-12,2026-08-13,2,42.36,63.99,35.98,15.93
2026-08-17,2026-08-16T10:47:05.280507+00:00,2026-08-12,2026-08-13,3,37.45,40.67,36.62,12.85
2026-08-17,2026-08-16T10:47:05.280507+00:00,2026-08-12,2026-08-13,4,35.07,44.14,36.68,10.79
2026-08-17,2026-08-16T10:47:05.280507+00:00,2026-08-12,2026-08-13,5,41.06,37.84,35.11,12.03
2026-08-17,2026-08-16T10:47:05.280507+00:00,2026-08-12,2026-08-13,6,45.64,48.12,41.42,9.61
2026-08-17,2026-08-16T10:47:05.280507+00:00,2026-08-12,2026-08-13,7,22.25,42.77,48.26,10.24
2026-08-17,2026-08-16T10:47:05.280507+00:00,2026-08-12,2026-08-13,8,27.75,43.25,48.27,12.23
2026-08-17,2026-08-16T10:47:05.280507+00:00,2026-08-12,2026-08-13,9,29.46,62.35,61.89,20.52
2026-08-17,2026-08-16T10:47:05.280507+00:00,2026-08-12,2026-08-13,10,46.96,39.25,54.87,23.34
2026-08-17,2026-08-16T10:47:05.280507+00:00,2026-08-12,2026-08-13,11,82.81,49.43,42.24,47.07
2026-08-17,2026-08-16T10:47:05.280507+00:00,2026-08-12,2026-08-13,12,93.35,55.28,66.28,35.96
2026-08-17,2026-08-16T10:47:05.280507+00:00,2026-08-12,2026-08-13,13,105.44,51.62,93.39,27.4
2026-08-17,2026-08-16T10:47:05.280507+00:00,2026-08-12,2026-08-13,14,111.52,35.23,93.48,33.8
2026-08-17,2026-08-16T10:47:05.280507+00:00,2026-08-12,2026-08-13,15,96.15,39.75,96.2,30.05
2026-08-17,2026-08-16T10:47:05.280507+00:00,2026-08-12,2026-08-13,16,51.82,36.94,105.05,36.21
2026-08-17,2026-08-16T10:47:05.280507+00:00,2026-08-12,2026-08-13,17,102.64,52.03,99.14,42.57
2026-08-17,2026-08-16T10:47:05.280507+00:00,2026-08-12,2026-08-13,18,63.96,54.16,86.59,53.08
2026-08-17,2026-08-16T10:47:05.280507+00:00,2026-08-12,2026-08-13,19,81.48,71.17,99.5,89.65
2026-08-17,2026-08-16T10:47:05.280507+00:00,2026-08-12,2026-08-13,20,87.16,68.59,67.53,40.29
2026-08-17,2026-08-16T10:47:05.280507+00:00,2026-08-12,2026-08-13,21,97.23,52.76,87.88,31.41
2026-08-17,2026-08-16T10:47:05.280507+00:00,2026-08-12,2026-08-13,22,98.15,50.62,86.07,37.16
2026-08-17,2026-08-16T10:47:05.280507+00:00,2026-08-12,2026-08-13,23,83.28,47.2,68.6,36.49
2026-08-17,2026-08-16T10:47:05.280507+00:00,2026-08-12,2026-08-13,24,52.77,41.57,80.77,31.27
2026-08-18,2026-08-17T10:55:51.245027+00:00,2026-08-12,2026-08-17,1,55.38,67.03,51.3,18.95
2026-08-18,2026-08-17T10:55:51.245027+00:00,2026-08-12,2026-08-17,2,49.79,63.99,45.05,12.44
2026-08-18,2026-08-17T10:55:51.245027+00:00,2026-08-12,2026-08-17,3,44.73,40.67,40.05,12.12
2026-08-18,2026-08-17T10:55:51.245027+00:00,2026-08-12,2026-08-17,4,37.7,44.14,38.5,11.42
2026-08-18,2026-08-17T10:55:51.245027+00:00,2026-08-12,2026-08-17,5,39.43,37.84,41.32,12.22
2026-08-18,2026-08-17T10:55:51.245027+00:00,2026-08-12,2026-08-17,6,50.07,48.12,66.08,11.52
2026-08-18,2026-08-17T10:55:51.245027+00:00,2026-08-12,2026-08-17,7,53.36,42.77,,10.58
2026-08-18,2026-08-17T10:55:51.245027+00:00,2026-08-12,2026-08-17,8,79.84,43.25,,14.44
2026-08-18,2026-08-17T10:55:51.245027+00:00,2026-08-12,2026-08-17,9,94.64,62.35,,16.39
2026-08-18,2026-08-17T10:55:51.245027+00:00,2026-08-12,2026-08-17,10,90.62,39.25,,18.6
2026-08-18,2026-08-17T10:55:51.245027+00:00,2026-08-12,2026-08-17,11,81.72,49.43,,42.31
2026-08-18,2026-08-17T10:55:51.245027+00:00,2026-08-12,2026-08-17,12,77.26,55.28,,37.81
2026-08-18,2026-08-17T10:55:51.245027+00:00,2026-08-12,2026-08-17,13,88.34,51.62,,27.91
2026-08-18,2026-08-17T10:55:51.245027+00:00,2026-08-12,2026-08-17,14,92.11,35.23,,31.88
2026-08-18,2026-08-17T10:55:51.245027+00:00,2026-08-12,2026-08-17,15,70.63,39.75,,35.37
2026-08-18,2026-08-17T10:55:51.245027+00:00,2026-08-12,2026-08-17,16,61.07,36.94,,42.32
2026-08-18,2026-08-17T10:55:51.245027+00:00,2026-08-12,2026-08-17,17,72.47,52.03,,43.89
2026-08-18,2026-08-17T10:55:51.245027+00:00,2026-08-12,2026-08-17,18,108.58,54.16,,57.63
2026-08-18,2026-08-17T10:55:51.245027+00:00,2026-08-12,2026-08-17,19,128.91,71.17,,88.63
2026-08-18,2026-08-17T10:55:51.245027+00:00,2026-08-12,2026-08-17,20,91.7,68.59,,44.65
2026-08-18,2026-08-17T10:55:51.245027+00:00,2026-08-12,2026-08-17,21,88.31,52.76,,37.89
2026-08-18,2026-08-17T10:55:51.245027+00:00,2026-08-12,2026-08-17,22,83.83,50.62,,35.45
2026-08-18,2026-08-17T10:55:51.245027+00:00,2026-08-12,2026-08-17,23,72.39,47.2,,35.02
2026-08-18,2026-08-17T10:55:51.245027+00:00,2026-08-12,2026-08-17,24,33.93,41.57,,24.07
2026-08-19,2026-08-18T10:54:08.374274+00:00,2026-08-12,2026-08-13,1,52.62,67.03,43.62,17.96
2026-08-19,2026-08-18T10:54:08.374274+00:00,2026-08-12,2026-08-13,2,51.95,63.99,35.98,13.47
2026-08-19,2026-08-18T10:54:08.374274+00:00,2026-08-12,2026-08-13,3,41.15,40.67,36.62,13.26
2026-08-19,2026-08-18T10:54:08.374274+00:00,2026-08-12,2026-08-13,4,47.08,44.14,36.68,12.01
2026-08-19,2026-08-18T10:54:08.374274+00:00,2026-08-12,2026-08-13,5,57.75,37.84,35.11,11.99
2026-08-19,2026-08-18T10:54:08.374274+00:00,2026-08-12,2026-08-13,6,50.83,48.12,41.42,12.21
2026-08-19,2026-08-18T10:54:08.374274+00:00,2026-08-12,2026-08-13,7,29.21,42.77,48.26,13.64
2026-08-19,2026-08-18T10:54:08.374274+00:00,2026-08-12,2026-08-13,8,37.08,43.25,48.27,16.07
2026-08-19,2026-08-18T10:54:08.374274+00:00,2026-08-12,2026-08-13,9,40.3,62.35,61.89,22.7
2026-08-19,2026-08-18T10:54:08.374274+00:00,2026-08-12,2026-08-13,10,31.0,39.25,54.87,21.54
2026-08-19,2026-08-18T10:54:08.374274+00:00,2026-08-12,2026-08-13,11,45.32,49.43,42.24,45.65
2026-08-19,2026-08-18T10:54:08.374274+00:00,2026-08-12,2026-08-13,12,54.26,55.28,66.28,39.62
2026-08-19,2026-08-18T10:54:08.374274+00:00,2026-08-12,2026-08-13,13,47.39,51.62,93.39,30.63
2026-08-19,2026-08-18T10:54:08.374274+00:00,2026-08-12,2026-08-13,14,54.66,35.23,93.48,34.27
2026-08-19,2026-08-18T10:54:08.374274+00:00,2026-08-12,2026-08-13,15,65.11,39.75,96.2,30.2
2026-08-19,2026-08-18T10:54:08.374274+00:00,2026-08-12,2026-08-13,16,69.61,36.94,105.05,40.3
2026-08-19,2026-08-18T10:54:08.374274+00:00,2026-08-12,2026-08-13,17,84.92,52.03,99.14,35.22
2026-08-19,2026-08-18T10:54:08.374274+00:00,2026-08-12,2026-08-13,18,77.24,54.16,86.59,39.86
2026-08-19,2026-08-18T10:54:08.374274+00:00,2026-08-12,2026-08-13,19,77.44,71.17,99.5,81.63
2026-08-19,2026-08-18T10:54:08.374274+00:00,2026-08-12,2026-08-13,20,23.45,68.59,67.53,33.7
2026-08-19,2026-08-18T10:54:08.374274+00:00,2026-08-12,2026-08-13,21,60.08,52.76,87.88,35.39
2026-08-19,2026-08-18T10:54:08.374274+00:00,2026-08-12,2026-08-13,22,62.27,50.62,86.07,35.37
2026-08-19,2026-08-18T10:54:08.374274+00:00,2026-08-12,2026-08-13,23,53.95,47.2,68.6,29.11
2026-08-19,2026-08-18T10:54:08.374274+00:00,2026-08-12,2026-08-13,24,36.92,41.57,80.77,26.34
2026-08-20,2026-08-19T10:53:57.753995+00:00,2026-08-14,2026-08-13,1,44.91,64.25,43.62,18.28
2026-08-20,2026-08-19T10:53:57.753995+00:00,2026-08-14,2026-08-13,2,40.4,56.3,35.98,10.07
2026-08-20,2026-08-19T10:53:57.753995+00:00,2026-08-14,2026-08-13,3,33.07,56.24,36.62,12.56
2026-08-20,2026-08-19T10:53:57.753995+00:00,2026-08-14,2026-08-13,4,35.42,50.31,36.68,10.48
2026-08-20,2026-08-19T10:53:57.753995+00:00,2026-08-14,2026-08-13,5,36.9,54.83,35.11,10.33
2026-08-20,2026-08-19T10:53:57.753995+00:00,2026-08-14,2026-08-13,6,40.43,44.12,41.42,10.02
2026-08-20,2026-08-19T10:53:57.753995+00:00,2026-08-14,2026-08-13,7,39.55,39.03,48.26,17.26
2026-08-20,2026-08-19T10:53:57.753995+00:00,2026-08-14,2026-08-13,8,36.8,43.98,48.27,18.88
2026-08-20,2026-08-19T10:53:57.753995+00:00,2026-08-14,2026-08-13,9,36.89,44.23,61.89,17.45
2026-08-20,2026-08-19T10:53:57.753995+00:00,2026-08-14,2026-08-13,10,29.19,98.16,54.87,23.34
2026-08-20,2026-08-19T10:53:57.753995+00:00,2026-08-14,2026-08-13,11,44.4,97.41,42.24,44.8
2026-08-20,2026-08-19T10:53:57.753995+00:00,2026-08-14,2026-08-13,12,50.62,166.05,66.28,42.3
2026-08-20,2026-08-19T10:53:57.753995+00:00,2026-08-14,2026-08-13,13,69.5,103.32,93.39,27.72
2026-08-20,2026-08-19T10:53:57.753995+00:00,2026-08-14,2026-08-13,14,64.44,102.1,93.48,33.46
2026-08-20,2026-08-19T10:53:57.753995+00:00,2026-08-14,2026-08-13,15,69.52,58.92,96.2,34.46
2026-08-20,2026-08-19T10:53:57.753995+00:00,2026-08-14,2026-08-13,16,79.75,48.19,105.05,39.41
2026-08-20,2026-08-19T10:53:57.753995+00:00,2026-08-14,2026-08-13,17,85.47,68.56,99.14,48.17
2026-08-20,2026-08-19T10:53:57.753995+00:00,2026-08-14,2026-08-13,18,88.35,67.63,86.59,41.81
2026-08-20,2026-08-19T10:53:57.753995+00:00,2026-08-14,2026-08-13,19,77.9,79.53,99.5,76.62
2026-08-20,2026-08-19T10:53:57.753995+00:00,2026-08-14,2026-08-13,20,67.25,81.94,67.53,32.64
2026-08-20,2026-08-19T10:53:57.753995+00:00,2026-08-14,2026-08-13,21,65.16,72.42,87.88,36.71
2026-08-20,2026-08-19T10:53:57.753995+00:00,2026-08-14,2026-08-13,22,59.28,104.74,86.07,33.46
2026-08-20,2026-08-19T10:53:57.753995+00:00,2026-08-14,2026-08-13,23,51.7,106.07,68.6,28.55
2026-08-20,2026-08-19T10:53:57.753995+00:00,2026-08-14,2026-08-13,24,33.52,75.05,80.77,23.09
2026-08-21,2026-08-20T10:55:42.325826+00:00,2026-08-20,2026-07-23,1,37.47,35.28,22.16,17.34
2026-08-21,2026-08-20T10:55:42.325826+00:00,2026-08-20,2026-07-23,2,30.48,34.31,26.61,10.54
2026-08-21,2026-08-20T10:55:42.325826+00:00,2026-08-20,2026-07-23,3,28.58,33.98,32.07,12.94
2026-08-21,2026-08-20T10:55:42.325826+00:00,2026-08-20,2026-07-23,4,29.29,33.81,29.91,10.13
2026-08-21,2026-08-20T10:55:42.325826+00:00,2026-08-20,2026-07-23,5,32.99,34.53,14.76,10.28
2026-08-21,2026-08-20T10:55:42.325826+00:00,2026-08-20,2026-07-23,6,38.45,35.1,5.92,9.92
2026-08-21,2026-08-20T10:55:42.325826+00:00,2026-08-20,2026-07-23,7,13.86,,11.09,16.8
2026-08-21,2026-08-20T10:55:42.325826+00:00,2026-08-20,2026-07-23,8,33.03,,26.27,17.06
2026-08-21,2026-08-20T10:55:42.325826+00:00,2026-08-20,2026-07-23,9,23.15,,29.9,19.37
2026-08-21,2026-08-20T10:55:42.325826+00:00,2026-08-20,2026-07-23,10,23.47,,24.35,24.77
2026-08-21,2026-08-20T10:55:42.325826+00:00,2026-08-20,2026-07-23,11,22.49,,25.94,20.63
2026-08-21,2026-08-20T10:55:42.325826+00:00,2026-08-20,2026-07-23,12,37.39,,36.12,36.62
2026-08-21,2026-08-20T10:55:42.325826+00:00,2026-08-20,2026-07-23,13,40.74,,41.5,29.16
2026-08-21,2026-08-20T10:55:42.325826+00:00,2026-08-20,2026-07-23,14,38.47,,38.38,31.18
2026-08-21,2026-08-20T10:55:42.325826+00:00,2026-08-20,2026-07-23,15,52.13,,31.53,37.08
2026-08-21,2026-08-20T10:55:42.325826+00:00,2026-08-20,2026-07-23,16,79.84,,35.28,45.13
2026-08-21,2026-08-20T10:55:42.325826+00:00,2026-08-20,2026-07-23,17,80.31,,36.97,46.65
2026-08-21,2026-08-20T10:55:42.325826+00:00,2026-08-20,2026-07-23,18,90.96,,48.9,49.52
2026-08-21,2026-08-20T10:55:42.325826+00:00,2026-08-20,2026-07-23,19,57.66,,58.29,74.14
2026-08-21,2026-08-20T10:55:42.325826+00:00,2026-08-20,2026-07-23,20,47.16,,57.95,31.44
2026-08-21,2026-08-20T10:55:42.325826+00:00,2026-08-20,2026-07-23,21,43.35,,49.85,37.34
2026-08-21,2026-08-20T10:55:42.325826+00:00,2026-08-20,2026-07-23,22,52.35,,44.56,39.38
2026-08-21,2026-08-20T10:55:42.325826+00:00,2026-08-20,2026-07-23,23,40.38,,32.25,29.62
2026-08-21,2026-08-20T10:55:42.325826+00:00,2026-08-20,2026-07-23,24,28.85,,23.88,26.39
2026-08-22,2026-08-21T10:55:51.988510+00:00,2026-08-15,2026-08-16,1,36.98,48.36,33.26,17.27
2026-08-22,2026-08-21T10:55:51.988510+00:00,2026-08-15,2026-08-16,2,30.56,68.62,32.99,11.2
2026-08-22,2026-08-21T10:55:51.988510+00:00,2026-08-15,2026-08-16,3,29.88,52.88,31.84,12.32
2026-08-22,2026-08-21T10:55:51.988510+00:00,2026-08-15,2026-08-16,4,31.5,50.68,31.41,7.88
2026-08-22,2026-08-21T10:55:51.988510+00:00,2026-08-15,2026-08-16,5,33.07,47.86,26.4,11.58
2026-08-22,2026-08-21T10:55:51.988510+00:00,2026-08-15,2026-08-16,6,33.45,42.35,22.77,11.48
2026-08-22,2026-08-21T10:55:51.988510+00:00,2026-08-15,2026-08-16,7,33.57,41.64,16.24,16.2
2026-08-22,2026-08-21T10:55:51.988510+00:00,2026-08-15,2026-08-16,8,23.55,36.73,30.69,14.96
2026-08-22,2026-08-21T10:55:51.988510+00:00,2026-08-15,2026-08-16,9,25.46,50.9,32.97,19.28
2026-08-22,2026-08-21T10:55:51.988510+00:00,2026-08-15,2026-08-16,10,27.17,54.1,34.8,24.54
2026-08-22,2026-08-21T10:55:51.988510+00:00,2026-08-15,2026-08-16,11,21.97,95.88,50.29,22.7
2026-08-22,2026-08-21T10:55:51.988510+00:00,2026-08-15,2026-08-16,12,24.02,104.7,53.47,33.74
2026-08-22,2026-08-21T10:55:51.988510+00:00,2026-08-15,2026-08-16,13,34.06,95.26,52.75,28.22
2026-08-22,2026-08-21T10:55:51.988510+00:00,2026-08-15,2026-08-16,14,35.03,95.9,63.28,30.4
2026-08-22,2026-08-21T10:55:51.988510+00:00,2026-08-15,2026-08-16,15,33.71,96.2,76.99,32.73
2026-08-22,2026-08-21T10:55:51.988510+00:00,2026-08-15,2026-08-16,16,43.51,92.64,150.02,48.64
2026-08-22,2026-08-21T10:55:51.988510+00:00,2026-08-15,2026-08-16,17,58.45,96.45,144.58,54.54
2026-08-22,2026-08-21T10:55:51.988510+00:00,2026-08-15,2026-08-16,18,59.6,97.41,95.58,49.12
2026-08-22,2026-08-21T10:55:51.988510+00:00,2026-08-15,2026-08-16,19,51.91,99.89,108.47,71.26
2026-08-22,2026-08-21T10:55:51.988510+00:00,2026-08-15,2026-08-16,20,56.3,82.86,160.32,30.07
2026-08-22,2026-08-21T10:55:51.988510+00:00,2026-08-15,2026-08-16,21,48.4,63.68,230.75,33.57
2026-08-22,2026-08-21T10:55:51.988510+00:00,2026-08-15,2026-08-16,22,40.82,52.94,163.35,34.6
2026-08-22,2026-08-21T10:55:51.988510+00:00,2026-08-15,2026-08-16,23,32.25,38.29,96.61,27.42
2026-08-22,2026-08-21T10:55:51.988510+00:00,2026-08-15,2026-08-16,24,33.17,36.78,54.46,27.71
2026-08-23,2026-08-22T10:47:41.750331+00:00,2026-07-18,2026-08-22,1,37.65,35.14,38.13,19.45
2026-08-23,2026-08-22T10:47:41.750331+00:00,2026-07-18,2026-08-22,2,27.93,33.24,36.95,12.92
2026-08-23,2026-08-22T10:47:41.750331+00:00,2026-07-18,2026-08-22,3,18.48,24.25,36.78,11.65
2026-08-23,2026-08-22T10:47:41.750331+00:00,2026-07-18,2026-08-22,4,26.98,34.95,36.62,7.74
2026-08-23,2026-08-22T10:47:41.750331+00:00,2026-07-18,2026-08-22,5,35.76,39.11,39.81,10.68
2026-08-23,2026-08-22T10:47:41.750331+00:00,2026-07-18,2026-08-22,6,34.37,41.9,34.88,11.94
2026-08-23,2026-08-22T10:47:41.750331+00:00,2026-07-18,2026-08-22,7,11.58,37.39,,16.29
2026-08-23,2026-08-22T10:47:41.750331+00:00,2026-07-18,2026-08-22,8,9.48,44.15,,14.93
2026-08-23,2026-08-22T10:47:41.750331+00:00,2026-07-18,2026-08-22,9,13.47,54.87,,15.77
2026-08-23,2026-08-22T10:47:41.750331+00:00,2026-07-18,2026-08-22,10,21.55,53.76,,25.33
2026-08-23,2026-08-22T10:47:41.750331+00:00,2026-07-18,2026-08-22,11,18.57,51.8,,25.07
2026-08-23,2026-08-22T10:47:41.750331+00:00,2026-07-18,2026-08-22,12,27.38,36.65,,35.16
2026-08-23,2026-08-22T10:47:41.750331+00:00,2026-07-18,2026-08-22,13,19.03,51.63,,24.51
2026-08-23,2026-08-22T10:47:41.750331+00:00,2026-07-18,2026-08-22,14,19.87,57.8,,29.39
2026-08-23,2026-08-22T10:47:41.750331+00:00,2026-07-18,2026-08-22,15,23.62,56.89,,33.82
2026-08-23,2026-08-22T10:47:41.750331+00:00,2026-07-18,2026-08-22,16,58.6,43.39,,37.46
2026-08-23,2026-08-22T10:47:41.750331+00:00,2026-07-18,2026-08-22,17,64.87,47.79,,44.01
2026-08-23,2026-08-22T10:47:41.750331+00:00,2026-07-18,2026-08-22,18,52.12,34.78,,44.79
2026-08-23,2026-08-22T10:47:41.750331+00:00,2026-07-18,2026-08-22,19,50.0,36.43,,63.92
2026-08-23,2026-08-22T10:47:41.750331+00:00,2026-07-18,2026-08-22,20,51.93,36.59,,32.5
2026-08-23,2026-08-22T10:47:41.750331+00:00,2026-07-18,2026-08-22,21,49.99,48.15,,38.32
2026-08-23,2026-08-22T10:47:41.750331+00:00,2026-07-18,2026-08-22,22,23.37,45.34,,34.92
2026-08-23,2026-08-22T10:47:41.750331+00:00,2026-07-18,2026-08-22,23,4.75,36.66,,24.8
2026-08-23,2026-08-22T10:47:41.750331+00:00,2026-07-18,2026-08-22,24,8.28,26.72,,26.63
2026-08-24,2026-08-25T00:20:04.717828+00:00,2025-09-04,2025-06-05,1,28.35,33.0,24.61,17.53
2026-08-24,2026-08-25T00:20:04.717828+00:00,2025-09-04,2025-06-05,2,28.67,27.17,23.95,12.72
2026-08-24,2026-08-25T00:20:04.717828+00:00,2025-09-04,2025-06-05,3,24.68,31.61,24.37,12.69
2026-08-24,2026-08-25T00:20:04.717828+00:00,2025-09-04,2025-06-05,4,26.78,32.91,31.36,9.5
2026-08-24,2026-08-25T00:20:04.717828+00:00,2025-09-04,2025-06-05,5,29.16,33.34,11.44,9.42
2026-08-24,2026-08-25T00:20:04.717828+00:00,2025-09-04,2025-06-05,6,32.13,34.97,20.33,10.71
2026-08-24,2026-08-25T00:20:04.717828+00:00,2025-09-04,2025-06-05,7,39.1,224.62,33.51,14.93
2026-08-24,2026-08-25T00:20:04.717828+00:00,2025-09-04,2025-06-05,8,46.95,159.05,34.24,17.03
2026-08-24,2026-08-25T00:20:04.717828+00:00,2025-09-04,2025-06-05,9,39.55,53.99,27.05,19.99
2026-08-24,2026-08-25T00:20:04.717828+00:00,2025-09-04,2025-06-05,10,41.86,39.48,36.57,26.9
2026-08-24,2026-08-25T00:20:04.717828+00:00,2025-09-04,2025-06-05,11,42.92,36.4,43.24,27.88
2026-08-24,2026-08-25T00:20:04.717828+00:00,2025-09-04,2025-06-05,12,44.02,41.06,64.12,37.39
2026-08-24,2026-08-25T00:20:04.717828+00:00,2025-09-04,2025-06-05,13,52.36,49.4,61.48,29.86
2026-08-24,2026-08-25T00:20:04.717828+00:00,2025-09-04,2025-06-05,14,45.21,68.07,143.52,30.21
2026-08-24,2026-08-25T00:20:04.717828+00:00,2025-09-04,2025-06-05,15,52.27,52.28,60.69,31.24
2026-08-24,2026-08-25T00:20:04.717828+00:00,2025-09-04,2025-06-05,16,47.78,66.66,42.16,36.71
2026-08-24,2026-08-25T00:20:04.717828+00:00,2025-09-04,2025-06-05,17,68.05,92.2,30.96,36.88
2026-08-24,2026-08-25T00:20:04.717828+00:00,2025-09-04,2025-06-05,18,71.42,112.0,31.95,32.47
2026-08-24,2026-08-25T00:20:04.717828+00:00,2025-09-04,2025-06-05,19,72.54,154.43,26.18,68.18
2026-08-24,2026-08-25T00:20:04.717828+00:00,2025-09-04,2025-06-05,20,79.64,72.19,30.74,32.77
2026-08-24,2026-08-25T00:20:04.717828+00:00,2025-09-04,2025-06-05,21,68.22,38.7,41.21,37.42
2026-08-24,2026-08-25T00:20:04.717828+00:00,2025-09-04,2025-06-05,22,54.57,31.62,42.61,35.11
2026-08-24,2026-08-25T00:20:04.717828+00:00,2025-09-04,2025-06-05,23,42.81,25.26,31.86,24.97
2026-08-24,2026-08-25T00:20:04.717828+00:00,2025-09-04,2025-06-05,24,37.01,22.47,23.07,28.05
2026-08-25,2026-08-25T02:12:09.555343+00:00,2025-09-26,2025-09-25,1,36.43,38.56,36.24,17.32
2026-08-25,2026-08-25T02:12:09.555343+00:00,2025-09-26,2025-09-25,2,35.02,37.54,33.57,11.17
2026-08-25,2026-08-25T02:12:09.555343+00:00,2025-09-26,2025-09-25,3,29.09,37.65,33.55,12.69
2026-08-25,2026-08-25T02:12:09.555343+00:00,2025-09-26,2025-09-25,4,32.12,34.91,36.34,9.16
2026-08-25,2026-08-25T02:12:09.555343+00:00,2025-09-26,2025-09-25,5,33.17,35.72,39.24,8.78
2026-08-25,2026-08-25T02:12:09.555343+00:00,2025-09-26,2025-09-25,6,41.22,38.26,42.11,9.86
2026-08-25,2026-08-25T02:12:09.555343+00:00,2025-09-26,2025-09-25,7,49.91,83.41,138.11,14.76
2026-08-25,2026-08-25T02:12:09.555343+00:00,2025-09-26,2025-09-25,8,55.58,87.05,234.41,15.37
2026-08-25,2026-08-25T02:12:09.555343+00:00,2025-09-26,2025-09-25,9,52.53,40.55,186.27,18.48
2026-08-25,2026-08-25T02:12:09.555343+00:00,2025-09-26,2025-09-25,10,57.7,48.04,87.84,25.84
2026-08-25,2026-08-25T02:12:09.555343+00:00,2025-09-26,2025-09-25,11,56.21,52.14,52.54,26.78
2026-08-25,2026-08-25T02:12:09.555343+00:00,2025-09-26,2025-09-25,12,58.38,42.91,90.31,35.71
2026-08-25,2026-08-25T02:12:09.555343+00:00,2025-09-26,2025-09-25,13,50.33,43.94,58.06,25.99
2026-08-25,2026-08-25T02:12:09.555343+00:00,2025-09-26,2025-09-25,14,72.86,38.0,39.57,31.56
2026-08-25,2026-08-25T02:12:09.555343+00:00,2025-09-26,2025-09-25,15,64.37,38.94,302.05,31.14
2026-08-25,2026-08-25T02:12:09.555343+00:00,2025-09-26,2025-09-25,16,73.97,52.32,42.54,32.47
2026-08-25,2026-08-25T02:12:09.555343+00:00,2025-09-26,2025-09-25,17,87.51,54.09,38.32,36.13
2026-08-25,2026-08-25T02:12:09.555343+00:00,2025-09-26,2025-09-25,18,85.04,47.81,60.19,34.38
2026-08-25,2026-08-25T02:12:09.555343+00:00,2025-09-26,2025-09-25,19,97.58,60.16,162.34,66.12
2026-08-25,2026-08-25T02:12:09.555343+00:00,2025-09-26,2025-09-25,20,90.95,50.52,86.62,32.45
2026-08-25,2026-08-25T02:12:09.555343+00:00,2025-09-26,2025-09-25,21,77.09,70.75,65.2,37.78
2026-08-25,2026-08-25T02:12:09.555343+00:00,2025-09-26,2025-09-25,22,65.67,97.52,55.92,34.31
2026-08-25,2026-08-25T02:12:09.555343+00:00,2025-09-26,2025-09-25,23,58.46,70.06,49.6,24.97
2026-08-25,2026-08-25T02:12:09.555343+00:00,2025-09-26,2025-09-25,24,42.65,37.77,36.65,27.61
2026-08-26,2026-08-25T10:58:01.993937+00:00,2026-08-20,2026-08-12,1,36.91,35.28,67.03,16.6
2026-08-26,2026-08-25T10:58:01.993937+00:00,2026-08-20,2026-08-12,2,33.69,34.31,63.99,11.23
2026-08-26,2026-08-25T10:58:01.993937+00:00,2026-08-20,2026-08-12,3,30.21,33.98,40.67,12.15
2026-08-26,2026-08-25T10:58:01.993937+00:00,2026-08-20,2026-08-12,4,31.9,33.81,44.14,7.66
2026-08-26,2026-08-25T10:58:01.993937+00:00,2026-08-20,2026-08-12,5,38.66,34.53,37.84,9.44
2026-08-26,2026-08-25T10:58:01.993937+00:00,2026-08-20,2026-08-12,6,43.63,35.04,48.12,10.43
2026-08-26,2026-08-25T10:58:01.993937+00:00,2026-08-20,2026-08-12,7,40.64,38.83,42.77,13.56
2026-08-26,2026-08-25T10:58:01.993937+00:00,2026-08-20,2026-08-12,8,44.6,40.44,43.25,16.84
2026-08-26,2026-08-25T10:58:01.993937+00:00,2026-08-20,2026-08-12,9,45.74,39.67,62.35,18.33
2026-08-26,2026-08-25T10:58:01.993937+00:00,2026-08-20,2026-08-12,10,45.77,39.38,39.25,24.7
2026-08-26,2026-08-25T10:58:01.993937+00:00,2026-08-20,2026-08-12,11,51.24,39.4,49.43,26.04
2026-08-26,2026-08-25T10:58:01.993937+00:00,2026-08-20,2026-08-12,12,49.24,43.83,55.28,36.46
2026-08-26,2026-08-25T10:58:01.993937+00:00,2026-08-20,2026-08-12,13,56.2,69.11,51.62,25.85
2026-08-26,2026-08-25T10:58:01.993937+00:00,2026-08-20,2026-08-12,14,50.77,78.79,35.23,31.48
2026-08-26,2026-08-25T10:58:01.993937+00:00,2026-08-20,2026-08-12,15,60.43,63.37,39.75,31.83
2026-08-26,2026-08-25T10:58:01.993937+00:00,2026-08-20,2026-08-12,16,72.81,55.87,36.94,35.13
2026-08-26,2026-08-25T10:58:01.993937+00:00,2026-08-20,2026-08-12,17,83.07,81.34,52.03,37.01
2026-08-26,2026-08-25T10:58:01.993937+00:00,2026-08-20,2026-08-12,18,85.63,93.85,54.16,32.59
2026-08-26,2026-08-25T10:58:01.993937+00:00,2026-08-20,2026-08-12,19,79.11,151.51,71.17,66.26
2026-08-26,2026-08-25T10:58:01.993937+00:00,2026-08-20,2026-08-12,20,75.57,101.01,68.59,32.79
2026-08-26,2026-08-25T10:58:01.993937+00:00,2026-08-20,2026-08-12,21,70.74,68.31,52.76,37.49
2026-08-26,2026-08-25T10:58:01.993937+00:00,2026-08-20,2026-08-12,22,48.3,65.6,50.62,33.56
2026-08-26,2026-08-25T10:58:01.993937+00:00,2026-08-20,2026-08-12,23,44.64,62.39,47.2,25.06
2026-08-26,2026-08-25T10:58:01.993937+00:00,2026-08-20,2026-08-12,24,36.13,66.73,41.57,28.52
2026-08-27,2026-08-26T10:59:53.527969+00:00,2026-06-22,2025-10-07,1,36.62,27.98,35.45,18.09
2026-08-27,2026-08-26T10:59:53.527969+00:00,2026-06-22,2025-10-07,2,28.1,28.57,35.78,11.06
2026-08-27,2026-08-26T10:59:53.527969+00:00,2026-06-22,2025-10-07,3,27.12,31.97,30.56,11.53
2026-08-27,2026-08-26T10:59:53.527969+00:00,2026-06-22,2025-10-07,4,26.12,34.49,36.0,7.09
2026-08-27,2026-08-26T10:59:53.527969+00:00,2026-06-22,2025-10-07,5,30.04,34.03,41.32,8.28
2026-08-27,2026-08-26T10:59:53.527969+00:00,2026-06-22,2025-10-07,6,39.37,49.45,68.36,10.86
2026-08-27,2026-08-26T10:59:53.527969+00:00,2026-06-22,2025-10-07,7,35.88,69.98,333.29,14.49
2026-08-27,2026-08-26T10:59:53.527969+00:00,2026-06-22,2025-10-07,8,37.44,76.42,311.12,16.38
2026-08-27,2026-08-26T10:59:53.527969+00:00,2026-06-22,2025-10-07,9,47.11,61.85,153.9,19.0
2026-08-27,2026-08-26T10:59:53.527969+00:00,2026-06-22,2025-10-07,10,47.61,50.3,213.56,25.71
2026-08-27,2026-08-26T10:59:53.527969+00:00,2026-06-22,2025-10-07,11,54.91,63.08,232.68,26.58
2026-08-27,2026-08-26T10:59:53.527969+00:00,2026-06-22,2025-10-07,12,46.91,60.68,220.97,35.11
2026-08-27,2026-08-26T10:59:53.527969+00:00,2026-06-22,2025-10-07,13,56.22,80.33,428.01,24.41
2026-08-27,2026-08-26T10:59:53.527969+00:00,2026-06-22,2025-10-07,14,53.93,74.95,293.62,29.64
2026-08-27,2026-08-26T10:59:53.527969+00:00,2026-06-22,2025-10-07,15,61.02,73.07,36.63,31.58
2026-08-27,2026-08-26T10:59:53.527969+00:00,2026-06-22,2025-10-07,16,67.57,76.97,36.69,37.76
2026-08-27,2026-08-26T10:59:53.527969+00:00,2026-06-22,2025-10-07,17,82.95,85.14,36.8,39.84
2026-08-27,2026-08-26T10:59:53.527969+00:00,2026-06-22,2025-10-07,18,84.82,70.53,36.3,36.53
2026-08-27,2026-08-26T10:59:53.527969+00:00,2026-06-22,2025-10-07,19,83.31,79.34,39.74,61.87
2026-08-27,2026-08-26T10:59:53.527969+00:00,2026-06-22,2025-10-07,20,73.82,48.43,55.94,31.38
2026-08-27,2026-08-26T10:59:53.527969+00:00,2026-06-22,2025-10-07,21,70.36,48.29,41.93,36.84
2026-08-27,2026-08-26T10:59:53.527969+00:00,2026-06-22,2025-10-07,22,59.49,48.61,40.41,33.15
2026-08-27,2026-08-26T10:59:53.527969+00:00,2026-06-22,2025-10-07,23,45.16,34.94,43.16,24.0
2026-08-27,2026-08-26T10:59:53.527969+00:00,2026-06-22,2025-10-07,24,39.82,24.27,47.53,28.82
2026-08-28,2026-08-27T13:55:27.659557+00:00,2025-08-04,2025-09-24,1,38.56,33.7,39.96,16.73
2026-08-28,2026-08-27T13:55:27.659557+00:00,2025-08-04,2025-09-24,2,33.57,33.5,35.49,11.19
2026-08-28,2026-08-27T13:55:27.659557+00:00,2025-08-04,2025-09-24,3,33.1,32.86,33.4,11.94
2026-08-28,2026-08-27T13:55:27.659557+00:00,2025-08-04,2025-09-24,4,32.76,33.5,36.55,7.84
2026-08-28,2026-08-27T13:55:27.659557+00:00,2025-08-04,2025-09-24,5,31.7,35.41,35.61,8.43
2026-08-28,2026-08-27T13:55:27.659557+00:00,2025-08-04,2025-09-24,6,39.01,34.95,39.2,12.14
2026-08-28,2026-08-27T13:55:27.659557+00:00,2025-08-04,2025-09-24,7,45.23,34.13,105.77,13.63
2026-08-28,2026-08-27T13:55:27.659557+00:00,2025-08-04,2025-09-24,8,47.68,32.46,66.84,17.07
2026-08-28,2026-08-27T13:55:27.659557+00:00,2025-08-04,2025-09-24,9,55.34,43.18,85.52,17.94
2026-08-28,2026-08-27T13:55:27.659557+00:00,2025-08-04,2025-09-24,10,44.79,60.54,44.32,24.83
2026-08-28,2026-08-27T13:55:27.659557+00:00,2025-08-04,2025-09-24,11,49.15,56.22,46.57,23.69
2026-08-28,2026-08-27T13:55:27.659557+00:00,2025-08-04,2025-09-24,12,52.74,60.45,39.55,34.12
2026-08-28,2026-08-27T13:55:27.659557+00:00,2025-08-04,2025-09-24,13,61.79,91.7,43.85,24.91
2026-08-28,2026-08-27T13:55:27.659557+00:00,2025-08-04,2025-09-24,14,59.45,90.22,42.7,28.13
2026-08-28,2026-08-27T13:55:27.659557+00:00,2025-08-04,2025-09-24,15,59.09,109.5,41.29,29.46
2026-08-28,2026-08-27T13:55:27.659557+00:00,2025-08-04,2025-09-24,16,68.55,222.48,36.03,31.47
2026-08-28,2026-08-27T13:55:27.659557+00:00,2025-08-04,2025-09-24,17,69.52,327.69,33.43,35.99
2026-08-28,2026-08-27T13:55:27.659557+00:00,2025-08-04,2025-09-24,18,69.9,145.48,32.02,31.15
2026-08-28,2026-08-27T13:55:27.659557+00:00,2025-08-04,2025-09-24,19,72.85,105.73,37.56,58.18
2026-08-28,2026-08-27T13:55:27.659557+00:00,2025-08-04,2025-09-24,20,72.41,64.29,35.61,32.05
2026-08-28,2026-08-27T13:55:27.659557+00:00,2025-08-04,2025-09-24,21,64.54,63.22,54.64,35.91
2026-08-28,2026-08-27T13:55:27.659557+00:00,2025-08-04,2025-09-24,22,51.56,38.77,106.88,31.7
2026-08-28,2026-08-27T13:55:27.659557+00:00,2025-08-04,2025-09-24,23,41.97,36.09,85.8,23.01
2026-08-28,2026-08-27T13:55:27.659557+00:00,2025-08-04,2025-09-24,24,32.17,29.78,37.87,25.41
2026-08-29,2026-08-28T13:54:29.950830+00:00,2026-06-07,2025-09-14,1,38.92,25.73,28.84,13.02
2026-08-29,2026-08-28T13:54:29.950830+00:00,2026-06-07,2025-09-14,2,32.91,30.43,34.04,10.44
2026-08-29,2026-08-28T13:54:29.950830+00:00,2026-06-07,2025-09-14,3,29.77,38.99,37.2,10.84
2026-08-29,2026-08-28T13:54:29.950830+00:00,2026-06-07,2025-09-14,4,30.27,28.87,32.06,7.0
2026-08-29,2026-08-28T13:54:29.950830+00:00,2026-06-07,2025-09-14,5,32.06,14.83,26.23,7.09
2026-08-29,2026-08-28T13:54:29.950830+00:00,2026-06-07,2025-09-14,6,34.3,21.15,31.83,10.63
2026-08-29,2026-08-28T13:54:29.950830+00:00,2026-06-07,2025-09-14,7,36.8,21.86,38.42,14.26
2026-08-29,2026-08-28T13:54:29.950830+00:00,2026-06-07,2025-09-14,8,40.79,28.58,30.49,17.33
2026-08-29,2026-08-28T13:54:29.950830+00:00,2026-06-07,2025-09-14,9,42.52,28.25,28.49,17.48
2026-08-29,2026-08-28T13:54:29.950830+00:00,2026-06-07,2025-09-14,10,35.01,35.06,32.45,22.49
2026-08-29,2026-08-28T13:54:29.950830+00:00,2026-06-07,2025-09-14,11,37.39,32.82,34.44,23.72
2026-08-29,2026-08-28T13:54:29.950830+00:00,2026-06-07,2025-09-14,12,35.15,34.38,41.81,26.43
2026-08-29,2026-08-28T13:54:29.950830+00:00,2026-06-07,2025-09-14,13,42.97,28.08,49.13,26.93
2026-08-29,2026-08-28T13:54:29.950830+00:00,2026-06-07,2025-09-14,14,42.15,13.6,40.88,28.18
2026-08-29,2026-08-28T13:54:29.950830+00:00,2026-06-07,2025-09-14,15,45.36,28.8,33.56,30.86
2026-08-29,2026-08-28T13:54:29.950830+00:00,2026-06-07,2025-09-14,16,52.73,30.25,40.55,34.1
2026-08-29,2026-08-28T13:54:29.950830+00:00,2026-06-07,2025-09-14,17,61.27,39.92,126.49,35.7
2026-08-29,2026-08-28T13:54:29.950830+00:00,2026-06-07,2025-09-14,18,75.02,51.79,43.27,36.21
2026-08-29,2026-08-28T13:54:29.950830+00:00,2026-06-07,2025-09-14,19,82.99,61.36,46.93,59.09
2026-08-29,2026-08-28T13:54:29.950830+00:00,2026-06-07,2025-09-14,20,68.11,48.63,47.94,35.79
2026-08-29,2026-08-28T13:54:29.950830+00:00,2026-06-07,2025-09-14,21,56.11,28.9,50.23,33.82
2026-08-29,2026-08-28T13:54:29.950830+00:00,2026-06-07,2025-09-14,22,37.55,22.23,25.44,24.87
2026-08-29,2026-08-28T13:54:29.950830+00:00,2026-06-07,2025-09-14,23,32.48,17.23,21.59,17.48
2026-08-29,2026-08-28T13:54:29.950830+00:00,2026-06-07,2025-09-14,24,39.17,16.5,20.98,21.34
2026-08-30,2026-08-29T15:12:17.398883+00:00,2025-07-20,2026-08-29,1,34.63,38.89,23.72,8.86
2026-08-30,2026-08-29T15:12:17.398883+00:00,2025-07-20,2026-08-29,2,28.96,37.6,27.27,9.18
2026-08-30,2026-08-29T15:12:17.398883+00:00,2025-07-20,2026-08-29,3,27.18,36.39,18.53,10.47
2026-08-30,2026-08-29T15:12:17.398883+00:00,2025-07-20,2026-08-29,4,26.92,38.15,14.42,7.45
2026-08-30,2026-08-29T15:12:17.398883+00:00,2025-07-20,2026-08-29,5,26.92,36.05,10.83,7.74
2026-08-30,2026-08-29T15:12:17.398883+00:00,2025-07-20,2026-08-29,6,26.34,29.14,19.02,12.4
2026-08-30,2026-08-29T15:12:17.398883+00:00,2025-07-20,2026-08-29,7,28.15,36.31,21.41,14.69
2026-08-30,2026-08-29T15:12:17.398883+00:00,2025-07-20,2026-08-29,8,32.76,50.0,14.09,17.03
2026-08-30,2026-08-29T15:12:17.398883+00:00,2025-07-20,2026-08-29,9,37.39,116.28,24.39,16.49
2026-08-30,2026-08-29T15:12:17.398883+00:00,2025-07-20,2026-08-29,10,38.49,58.95,8.76,22.1
2026-08-30,2026-08-29T15:12:17.398883+00:00,2025-07-20,2026-08-29,11,42.82,86.16,8.16,23.95
2026-08-30,2026-08-29T15:12:17.398883+00:00,2025-07-20,2026-08-29,12,30.93,47.18,,23.94
2026-08-30,2026-08-29T15:12:17.398883+00:00,2025-07-20,2026-08-29,13,33.09,97.36,,24.64
2026-08-30,2026-08-29T15:12:17.398883+00:00,2025-07-20,2026-08-29,14,29.21,46.1,,29.76
2026-08-30,2026-08-29T15:12:17.398883+00:00,2025-07-20,2026-08-29,15,50.86,60.75,,26.73
2026-08-30,2026-08-29T15:12:17.398883+00:00,2025-07-20,2026-08-29,16,57.33,78.39,,29.98
2026-08-30,2026-08-29T15:12:17.398883+00:00,2025-07-20,2026-08-29,17,80.77,93.49,,30.86
2026-08-30,2026-08-29T15:12:17.398883+00:00,2025-07-20,2026-08-29,18,81.97,44.67,,29.91
2026-08-30,2026-08-29T15:12:17.398883+00:00,2025-07-20,2026-08-29,19,78.79,83.91,,42.51
2026-08-30,2026-08-29T15:12:17.398883+00:00,2025-07-20,2026-08-29,20,79.18,101.45,,33.03
2026-08-30,2026-08-29T15:12:17.398883+00:00,2025-07-20,2026-08-29,21,46.14,85.6,,30.06
2026-08-30,2026-08-29T15:12:17.398883+00:00,2025-07-20,2026-08-29,22,35.35,74.74,,25.64
2026-08-30,2026-08-29T15:12:17.398883+00:00,2025-07-20,2026-08-29,23,35.4,36.47,,17.11
2026-08-30,2026-08-29T15:12:17.398883+00:00,2025-07-20,2026-08-29,24,33.74,25.16,,16.48
2026-08-31,2026-08-30T14:57:10.591414+00:00,2026-08-27,2026-08-19,1,34.82,32.7,49.16,7.95
2026-08-31,2026-08-30T14:57:10.591414+00:00,2026-08-27,2026-08-19,2,32.15,33.75,47.58,8.23
2026-08-31,2026-08-30T14:57:10.591414+00:00,2026-08-27,2026-08-19,3,33.12,32.95,62.23,9.7
2026-08-31,2026-08-30T14:57:10.591414+00:00,2026-08-27,2026-08-19,4,34.58,33.75,42.03,6.57
2026-08-31,2026-08-30T14:57:10.591414+00:00,2026-08-27,2026-08-19,5,35.78,36.3,37.5,7.25
2026-08-31,2026-08-30T14:57:10.591414+00:00,2026-08-27,2026-08-19,6,42.76,66.11,39.63,10.58
2026-08-31,2026-08-30T14:57:10.591414+00:00,2026-08-27,2026-08-19,7,49.84,59.22,34.95,14.58
2026-08-31,2026-08-30T14:57:10.591414+00:00,2026-08-27,2026-08-19,8,55.92,88.14,47.94,17.25
2026-08-31,2026-08-30T14:57:10.591414+00:00,2026-08-27,2026-08-19,9,66.91,62.76,73.56,16.08
2026-08-31,2026-08-30T14:57:10.591414+00:00,2026-08-27,2026-08-19,10,72.74,58.65,75.12,20.55
2026-08-31,2026-08-30T14:57:10.591414+00:00,2026-08-27,2026-08-19,11,85.85,74.34,72.35,21.57
2026-08-31,2026-08-30T14:57:10.591414+00:00,2026-08-27,2026-08-19,12,84.84,76.97,68.11,21.45
2026-08-31,2026-08-30T14:57:10.591414+00:00,2026-08-27,2026-08-19,13,88.77,53.83,84.24,23.25
2026-08-31,2026-08-30T14:57:10.591414+00:00,2026-08-27,2026-08-19,14,98.45,56.98,107.94,27.04
2026-08-31,2026-08-30T14:57:10.591414+00:00,2026-08-27,2026-08-19,15,75.88,64.48,80.09,23.58
2026-08-31,2026-08-30T14:57:10.591414+00:00,2026-08-27,2026-08-19,16,78.23,81.22,102.85,22.78
2026-08-31,2026-08-30T14:57:10.591414+00:00,2026-08-27,2026-08-19,17,88.53,69.06,84.29,26.41
2026-08-31,2026-08-30T14:57:10.591414+00:00,2026-08-27,2026-08-19,18,82.64,60.0,82.97,25.9
2026-08-31,2026-08-30T14:57:10.591414+00:00,2026-08-27,2026-08-19,19,85.12,63.57,76.96,41.55
2026-08-31,2026-08-30T14:57:10.591414+00:00,2026-08-27,2026-08-19,20,82.44,63.42,93.51,32.73
2026-08-31,2026-08-30T14:57:10.591414+00:00,2026-08-27,2026-08-19,21,72.07,58.78,49.27,27.54
2026-08-31,2026-08-30T14:57:10.591414+00:00,2026-08-27,2026-08-19,22,69.81,42.56,41.91,22.12
2026-08-31,2026-08-30T14:57:10.591414+00:00,2026-08-27,2026-08-19,23,47.31,49.24,39.7,16.53
2026-08-31,2026-08-30T14:57:10.591414+00:00,2026-08-27,2026-08-19,24,36.72,36.36,39.93,14.37
2026-09-01,2026-08-31T14:36:46.579178+00:00,2025-07-03,2025-06-17,1,40.6,39.6,17.78,9.21
2026-09-01,2026-08-31T14:36:46.579178+00:00,2025-07-03,2025-06-17,2,33.8,56.63,23.28,8.97
2026-09-01,2026-08-31T14:36:46.579178+00:00,2025-07-03,2025-06-17,3,31.98,33.79,13.38,10.83
2026-09-01,2026-08-31T14:36:46.579178+00:00,2025-07-03,2025-06-17,4,31.58,29.2,9.57,7.35
2026-09-01,2026-08-31T14:36:46.579178+00:00,2025-07-03,2025-06-17,5,37.76,11.26,5.24,8.92
2026-09-01,2026-08-31T14:36:46.579178+00:00,2025-07-03,2025-06-17,6,49.36,30.3,11.81,12.84
2026-09-01,2026-08-31T14:36:46.579178+00:00,2025-07-03,2025-06-17,7,65.18,36.87,44.11,15.24
2026-09-01,2026-08-31T14:36:46.579178+00:00,2025-07-03,2025-06-17,8,70.69,41.46,63.1,17.92
2026-09-01,2026-08-31T14:36:46.579178+00:00,2025-07-03,2025-06-17,9,80.97,36.92,43.87,15.86
2026-09-01,2026-08-31T14:36:46.579178+00:00,2025-07-03,2025-06-17,10,80.49,46.93,31.68,22.17
2026-09-01,2026-08-31T14:36:46.579178+00:00,2025-07-03,2025-06-17,11,54.51,52.69,31.94,24.49
2026-09-01,2026-08-31T14:36:46.579178+00:00,2025-07-03,2025-06-17,12,57.34,59.76,47.12,23.36
2026-09-01,2026-08-31T14:36:46.579178+00:00,2025-07-03,2025-06-17,13,55.52,78.69,33.02,20.52
2026-09-01,2026-08-31T14:36:46.579178+00:00,2025-07-03,2025-06-17,14,55.1,46.25,33.09,28.89
2026-09-01,2026-08-31T14:36:46.579178+00:00,2025-07-03,2025-06-17,15,52.63,40.42,37.08,24.97
2026-09-01,2026-08-31T14:36:46.579178+00:00,2025-07-03,2025-06-17,16,60.33,38.96,153.24,22.8
2026-09-01,2026-08-31T14:36:46.579178+00:00,2025-07-03,2025-06-17,17,60.21,129.87,318.03,31.06
2026-09-01,2026-08-31T14:36:46.579178+00:00,2025-07-03,2025-06-17,18,65.78,103.54,198.16,24.93
2026-09-01,2026-08-31T14:36:46.579178+00:00,2025-07-03,2025-06-17,19,65.33,70.09,262.33,37.58
2026-09-01,2026-08-31T14:36:46.579178+00:00,2025-07-03,2025-06-17,20,64.89,55.77,130.27,29.74
2026-09-01,2026-08-31T14:36:46.579178+00:00,2025-07-03,2025-06-17,21,61.19,34.57,37.14,26.6
2026-09-01,2026-08-31T14:36:46.579178+00:00,2025-07-03,2025-06-17,22,43.2,40.49,28.74,22.33
2026-09-01,2026-08-31T14:36:46.579178+00:00,2025-07-03,2025-06-17,23,31.25,33.74,25.03,15.54
2026-09-01,2026-08-31T14:36:46.579178+00:00,2025-07-03,2025-06-17,24,27.19,26.9,24.38,16.3
2026-09-02,2026-09-01T15:03:19.363658+00:00,2025-09-22,2025-06-22,1,52.6,27.22,24.74,7.11
2026-09-02,2026-09-01T15:03:19.363658+00:00,2025-09-22,2025-06-22,2,53.86,22.6,57.43,6.81
2026-09-02,2026-09-01T15:03:19.363658+00:00,2025-09-22,2025-06-22,3,37.33,22.94,32.91,6.81
2026-09-02,2026-09-01T15:03:19.363658+00:00,2025-09-22,2025-06-22,4,37.56,43.57,14.46,5.31
2026-09-02,2026-09-01T15:03:19.363658+00:00,2025-09-22,2025-06-22,5,40.73,36.54,4.63,7.28
2026-09-02,2026-09-01T15:03:19.363658+00:00,2025-09-22,2025-06-22,6,55.02,48.06,2.22,11.12
2026-09-02,2026-09-01T15:03:19.363658+00:00,2025-09-22,2025-06-22,7,65.8,70.14,4.95,16.25
2026-09-02,2026-09-01T15:03:19.363658+00:00,2025-09-22,2025-06-22,8,67.74,50.72,37.39,18.95
2026-09-02,2026-09-01T15:03:19.363658+00:00,2025-09-22,2025-06-22,9,79.4,50.81,42.24,15.69
2026-09-02,2026-09-01T15:03:19.363658+00:00,2025-09-22,2025-06-22,10,85.78,87.84,44.47,22.56
2026-09-02,2026-09-01T15:03:19.363658+00:00,2025-09-22,2025-06-22,11,99.13,53.09,179.01,20.77
2026-09-02,2026-09-01T15:03:19.363658+00:00,2025-09-22,2025-06-22,12,59.24,47.6,217.08,22.34
2026-09-02,2026-09-01T15:03:19.363658+00:00,2025-09-22,2025-06-22,13,56.44,82.22,42.1,17.81
2026-09-02,2026-09-01T15:03:19.363658+00:00,2025-09-22,2025-06-22,14,46.33,123.32,44.4,23.9
2026-09-02,2026-09-01T15:03:19.363658+00:00,2025-09-22,2025-06-22,15,62.5,98.76,40.39,24.23
2026-09-02,2026-09-01T15:03:19.363658+00:00,2025-09-22,2025-06-22,16,72.28,128.08,45.37,24.19
2026-09-02,2026-09-01T15:03:19.363658+00:00,2025-09-22,2025-06-22,17,94.75,111.88,42.59,27.48
2026-09-02,2026-09-01T15:03:19.363658+00:00,2025-09-22,2025-06-22,18,110.56,47.3,56.42,27.07
2026-09-02,2026-09-01T15:03:19.363658+00:00,2025-09-22,2025-06-22,19,123.52,52.54,78.99,33.54
2026-09-02,2026-09-01T15:03:19.363658+00:00,2025-09-22,2025-06-22,20,131.76,60.22,111.94,28.77
2026-09-02,2026-09-01T15:03:19.363658+00:00,2025-09-22,2025-06-22,21,117.71,36.77,139.79,26.01
2026-09-02,2026-09-01T15:03:19.363658+00:00,2025-09-22,2025-06-22,22,72.44,59.45,65.34,21.76
2026-09-02,2026-09-01T15:03:19.363658+00:00,2025-09-22,2025-06-22,23,56.08,48.93,54.07,14.68
2026-09-02,2026-09-01T15:03:19.363658+00:00,2025-09-22,2025-06-22,24,42.91,44.04,49.7,13.53
2026-09-03,2026-09-02T14:38:36.480534+00:00,2026-07-30,2026-08-10,1,45.69,31.33,58.41,8.33
2026-09-03,2026-09-02T14:38:36.480534+00:00,2026-07-30,2026-08-10,2,46.97,24.82,60.79,7.1
2026-09-03,2026-09-02T14:38:36.480534+00:00,2026-07-30,2026-08-10,3,44.79,19.71,59.0,7.85
2026-09-03,2026-09-02T14:38:36.480534+00:00,2026-07-30,2026-08-10,4,47.7,16.34,52.25,6.23
2026-09-03,2026-09-02T14:38:36.480534+00:00,2026-07-30,2026-08-10,5,47.08,21.4,47.07,6.99
2026-09-03,2026-09-02T14:38:36.480534+00:00,2026-07-30,2026-08-10,6,54.26,18.59,52.58,10.91
2026-09-03,2026-09-02T14:38:36.480534+00:00,2026-07-30,2026-08-10,7,60.65,27.17,56.13,16.26
2026-09-03,2026-09-02T14:38:36.480534+00:00,2026-07-30,2026-08-10,8,61.63,45.0,44.22,18.22
2026-09-03,2026-09-02T14:38:36.480534+00:00,2026-07-30,2026-08-10,9,68.87,43.95,41.42,15.02
2026-09-03,2026-09-02T14:38:36.480534+00:00,2026-07-30,2026-08-10,10,77.95,51.44,45.48,23.97
2026-09-03,2026-09-02T14:38:36.480534+00:00,2026-07-30,2026-08-10,11,69.89,39.92,56.58,24.89
2026-09-03,2026-09-02T14:38:36.480534+00:00,2026-07-30,2026-08-10,12,54.69,108.12,137.5,25.26
2026-09-03,2026-09-02T14:38:36.480534+00:00,2026-07-30,2026-08-10,13,56.14,52.22,188.45,19.58
2026-09-03,2026-09-02T14:38:36.480534+00:00,2026-07-30,2026-08-10,14,63.89,61.35,223.19,22.47
2026-09-03,2026-09-02T14:38:36.480534+00:00,2026-07-30,2026-08-10,15,64.2,85.26,203.08,23.04
2026-09-03,2026-09-02T14:38:36.480534+00:00,2026-07-30,2026-08-10,16,78.61,67.44,115.94,26.95
2026-09-03,2026-09-02T14:38:36.480534+00:00,2026-07-30,2026-08-10,17,82.81,90.95,210.35,28.42
2026-09-03,2026-09-02T14:38:36.480534+00:00,2026-07-30,2026-08-10,18,68.16,95.91,163.6,29.52
2026-09-03,2026-09-02T14:38:36.480534+00:00,2026-07-30,2026-08-10,19,57.75,96.92,260.83,33.72
2026-09-03,2026-09-02T14:38:36.480534+00:00,2026-07-30,2026-08-10,20,78.81,84.69,166.4,26.85
2026-09-03,2026-09-02T14:38:36.480534+00:00,2026-07-30,2026-08-10,21,69.62,46.68,91.68,26.6
2026-09-03,2026-09-02T14:38:36.480534+00:00,2026-07-30,2026-08-10,22,63.97,45.99,107.75,20.57
2026-09-03,2026-09-02T14:38:36.480534+00:00,2026-07-30,2026-08-10,23,54.64,48.35,100.29,15.85
2026-09-03,2026-09-02T14:38:36.480534+00:00,2026-07-30,2026-08-10,24,45.73,39.79,56.13,12.64
2026-09-04,2026-09-03T14:42:12.856263+00:00,2026-08-27,2026-08-19,1,50.77,32.7,49.16,8.18
2026-09-04,2026-09-03T14:42:12.856263+00:00,2026-08-27,2026-08-19,2,46.13,33.75,47.58,6.76
2026-09-04,2026-09-03T14:42:12.856263+00:00,2026-08-27,2026-08-19,3,42.72,32.95,62.23,7.27
2026-09-04,2026-09-03T14:42:12.856263+00:00,2026-08-27,2026-08-19,4,42.64,33.75,42.03,5.65
2026-09-04,2026-09-03T14:42:12.856263+00:00,2026-08-27,2026-08-19,5,45.09,36.3,37.5,6.93
2026-09-04,2026-09-03T14:42:12.856263+00:00,2026-08-27,2026-08-19,6,54.09,66.11,39.63,12.24
2026-09-04,2026-09-03T14:42:12.856263+00:00,2026-08-27,2026-08-19,7,61.75,59.22,34.95,17.52
2026-09-04,2026-09-03T14:42:12.856263+00:00,2026-08-27,2026-08-19,8,67.04,88.14,47.94,18.64
2026-09-04,2026-09-03T14:42:12.856263+00:00,2026-08-27,2026-08-19,9,74.82,62.76,73.56,14.54
2026-09-04,2026-09-03T14:42:12.856263+00:00,2026-08-27,2026-08-19,10,64.44,58.65,75.12,21.55
2026-09-04,2026-09-03T14:42:12.856263+00:00,2026-08-27,2026-08-19,11,43.52,74.34,72.35,24.21
2026-09-04,2026-09-03T14:42:12.856263+00:00,2026-08-27,2026-08-19,12,51.57,76.97,68.11,24.18
2026-09-04,2026-09-03T14:42:12.856263+00:00,2026-08-27,2026-08-19,13,52.58,53.83,84.24,19.24
2026-09-04,2026-09-03T14:42:12.856263+00:00,2026-08-27,2026-08-19,14,55.52,56.98,107.94,18.98
2026-09-04,2026-09-03T14:42:12.856263+00:00,2026-08-27,2026-08-19,15,60.01,64.48,80.09,18.18
2026-09-04,2026-09-03T14:42:12.856263+00:00,2026-08-27,2026-08-19,16,53.84,81.22,102.85,21.52
2026-09-04,2026-09-03T14:42:12.856263+00:00,2026-08-27,2026-08-19,17,51.07,69.06,84.29,31.38
2026-09-04,2026-09-03T14:42:12.856263+00:00,2026-08-27,2026-08-19,18,59.68,60.0,82.97,26.39
2026-09-04,2026-09-03T14:42:12.856263+00:00,2026-08-27,2026-08-19,19,70.2,63.57,76.96,32.17
2026-09-04,2026-09-03T14:42:12.856263+00:00,2026-08-27,2026-08-19,20,64.43,63.42,93.51,25.42
2026-09-04,2026-09-03T14:42:12.856263+00:00,2026-08-27,2026-08-19,21,66.58,58.78,49.27,25.33
2026-09-04,2026-09-03T14:42:12.856263+00:00,2026-08-27,2026-08-19,22,58.24,42.56,41.91,22.4
2026-09-04,2026-09-03T14:42:12.856263+00:00,2026-08-27,2026-08-19,23,51.69,49.24,39.7,15.27
2026-09-04,2026-09-03T14:42:12.856263+00:00,2026-08-27,2026-08-19,24,41.15,36.36,39.93,11.9
2026-09-05,2026-09-04T14:29:12.141361+00:00,2026-08-30,2025-07-20,1,48.97,29.67,38.89,7.93
2026-09-05,2026-09-04T14:29:12.141361+00:00,2026-08-30,2025-07-20,2,41.76,33.11,37.6,5.95
2026-09-05,2026-09-04T14:29:12.141361+00:00,2026-08-30,2025-07-20,3,39.6,26.96,36.39,6.17
2026-09-05,2026-09-04T14:29:12.141361+00:00,2026-08-30,2025-07-20,4,39.78,29.06,38.15,4.47
2026-09-05,2026-09-04T14:29:12.141361+00:00,2026-08-30,2025-07-20,5,40.37,30.04,36.05,5.89
2026-09-05,2026-09-04T14:29:12.141361+00:00,2026-08-30,2025-07-20,6,43.19,31.43,29.14,11.58
2026-09-05,2026-09-04T14:29:12.141361+00:00,2026-08-30,2025-07-20,7,42.02,30.95,36.31,16.26
2026-09-05,2026-09-04T14:29:12.141361+00:00,2026-08-30,2025-07-20,8,47.4,43.14,50.0,16.2
2026-09-05,2026-09-04T14:29:12.141361+00:00,2026-08-30,2025-07-20,9,48.57,51.14,116.28,13.8
2026-09-05,2026-09-04T14:29:12.141361+00:00,2026-08-30,2025-07-20,10,51.64,41.27,58.95,21.78
2026-09-05,2026-09-04T14:29:12.141361+00:00,2026-08-30,2025-07-20,11,40.94,40.47,86.16,24.45
2026-09-05,2026-09-04T14:29:12.141361+00:00,2026-08-30,2025-07-20,12,42.33,39.83,47.18,29.17
2026-09-05,2026-09-04T14:29:12.141361+00:00,2026-08-30,2025-07-20,13,44.17,39.72,97.36,21.2
2026-09-05,2026-09-04T14:29:12.141361+00:00,2026-08-30,2025-07-20,14,39.99,42.03,46.1,19.79
2026-09-05,2026-09-04T14:29:12.141361+00:00,2026-08-30,2025-07-20,15,41.92,52.42,60.75,21.39
2026-09-05,2026-09-04T14:29:12.141361+00:00,2026-08-30,2025-07-20,16,41.52,52.84,78.39,27.14
2026-09-05,2026-09-04T14:29:12.141361+00:00,2026-08-30,2025-07-20,17,71.88,50.08,93.49,28.77
2026-09-05,2026-09-04T14:29:12.141361+00:00,2026-08-30,2025-07-20,18,64.8,56.15,44.67,28.12
2026-09-05,2026-09-04T14:29:12.141361+00:00,2026-08-30,2025-07-20,19,54.13,71.62,83.91,32.26
2026-09-05,2026-09-04T14:29:12.141361+00:00,2026-08-30,2025-07-20,20,51.95,70.66,101.45,24.05
2026-09-05,2026-09-04T14:29:12.141361+00:00,2026-08-30,2025-07-20,21,48.33,39.37,85.6,25.08
2026-09-05,2026-09-04T14:29:12.141361+00:00,2026-08-30,2025-07-20,22,43.64,41.94,74.74,21.8
2026-09-05,2026-09-04T14:29:12.141361+00:00,2026-08-30,2025-07-20,23,35.69,29.83,36.47,14.77
2026-09-05,2026-09-04T14:29:12.141361+00:00,2026-08-30,2025-07-20,24,39.38,37.4,25.16,10.98
2026-09-06,2026-09-05T13:32:12.305960+00:00,2025-09-14,2025-09-27,1,35.9,28.84,50.0,7.73
2026-09-06,2026-09-05T13:32:12.305960+00:00,2025-09-14,2025-09-27,2,31.98,34.04,48.47,3.92
2026-09-06,2026-09-05T13:32:12.305960+00:00,2025-09-14,2025-09-27,3,30.39,37.2,33.81,6.23
2026-09-06,2026-09-05T13:32:12.305960+00:00,2025-09-14,2025-09-27,4,30.83,32.06,41.12,4.36
2026-09-06,2026-09-05T13:32:12.305960+00:00,2025-09-14,2025-09-27,5,34.62,26.23,57.26,6.59
2026-09-06,2026-09-05T13:32:12.305960+00:00,2025-09-14,2025-09-27,6,34.77,31.83,111.55,11.97
2026-09-06,2026-09-05T13:32:12.305960+00:00,2025-09-14,2025-09-27,7,33.11,38.42,35.96,17.54
2026-09-06,2026-09-05T13:32:12.305960+00:00,2025-09-14,2025-09-27,8,35.38,30.49,62.06,20.4
2026-09-06,2026-09-05T13:32:12.305960+00:00,2025-09-14,2025-09-27,9,42.21,28.49,58.14,14.72
2026-09-06,2026-09-05T13:32:12.305960+00:00,2025-09-14,2025-09-27,10,31.65,32.45,48.0,21.96
2026-09-06,2026-09-05T13:32:12.305960+00:00,2025-09-14,2025-09-27,11,35.65,34.44,46.08,26.66
2026-09-06,2026-09-05T13:32:12.305960+00:00,2025-09-14,2025-09-27,12,34.72,41.81,45.14,26.8
2026-09-06,2026-09-05T13:32:12.305960+00:00,2025-09-14,2025-09-27,13,28.16,49.13,40.83,19.67
2026-09-06,2026-09-05T13:32:12.305960+00:00,2025-09-14,2025-09-27,14,34.97,40.88,46.96,17.8
2026-09-06,2026-09-05T13:32:12.305960+00:00,2025-09-14,2025-09-27,15,41.48,33.56,91.41,23.14
2026-09-06,2026-09-05T13:32:12.305960+00:00,2025-09-14,2025-09-27,16,37.5,40.55,80.23,25.22
2026-09-06,2026-09-05T13:32:12.305960+00:00,2025-09-14,2025-09-27,17,55.83,126.49,170.92,26.41
2026-09-06,2026-09-05T13:32:12.305960+00:00,2025-09-14,2025-09-27,18,59.94,43.27,212.32,26.19
2026-09-06,2026-09-05T13:32:12.305960+00:00,2025-09-14,2025-09-27,19,59.42,46.93,38.14,28.91
2026-09-06,2026-09-05T13:32:12.305960+00:00,2025-09-14,2025-09-27,20,58.04,47.94,33.93,23.33
2026-09-06,2026-09-05T13:32:12.305960+00:00,2025-09-14,2025-09-27,21,62.24,50.23,68.14,25.42
2026-09-06,2026-09-05T13:32:12.305960+00:00,2025-09-14,2025-09-27,22,47.2,25.44,53.49,22.97
2026-09-06,2026-09-05T13:32:12.305960+00:00,2025-09-14,2025-09-27,23,36.55,21.59,37.73,14.42
2026-09-06,2026-09-05T13:32:12.305960+00:00,2025-09-14,2025-09-27,24,34.13,20.98,30.3,11.76
2026-09-07,2026-09-06T13:47:11.703989+00:00,2025-09-11,2025-06-05,1,35.07,26.03,24.61,6.86
2026-09-07,2026-09-06T13:47:11.703989+00:00,2025-09-11,2025-06-05,2,31.22,18.3,23.95,3.98
2026-09-07,2026-09-06T13:47:11.703989+00:00,2025-09-11,2025-06-05,3,31.22,18.83,24.37,5.98
2026-09-07,2026-09-06T13:47:11.703989+00:00,2025-09-11,2025-06-05,4,31.93,19.43,31.36,4.76
2026-09-07,2026-09-06T13:47:11.703989+00:00,2025-09-11,2025-06-05,5,31.96,25.35,11.44,5.53
2026-09-07,2026-09-06T13:47:11.703989+00:00,2025-09-11,2025-06-05,6,33.61,43.39,20.33,11.57
2026-09-07,2026-09-06T13:47:11.703989+00:00,2025-09-11,2025-06-05,7,33.28,48.59,33.51,16.05
2026-09-07,2026-09-06T13:47:11.703989+00:00,2025-09-11,2025-06-05,8,38.19,36.59,34.24,18.77
2026-09-07,2026-09-06T13:47:11.703989+00:00,2025-09-11,2025-06-05,9,40.02,34.52,27.05,14.32
2026-09-07,2026-09-06T13:47:11.703989+00:00,2025-09-11,2025-06-05,10,36.73,35.83,36.57,22.4
2026-09-07,2026-09-06T13:47:11.703989+00:00,2025-09-11,2025-06-05,11,31.79,36.15,43.24,25.35
2026-09-07,2026-09-06T13:47:11.703989+00:00,2025-09-11,2025-06-05,12,40.96,37.51,64.12,25.45
2026-09-07,2026-09-06T13:47:11.703989+00:00,2025-09-11,2025-06-05,13,43.46,35.87,61.48,22.31
2026-09-07,2026-09-06T13:47:11.703989+00:00,2025-09-11,2025-06-05,14,42.39,36.25,143.52,19.24
2026-09-07,2026-09-06T13:47:11.703989+00:00,2025-09-11,2025-06-05,15,52.2,36.57,60.69,21.27
2026-09-07,2026-09-06T13:47:11.703989+00:00,2025-09-11,2025-06-05,16,60.17,38.04,42.16,27.31
2026-09-07,2026-09-06T13:47:11.703989+00:00,2025-09-11,2025-06-05,17,77.61,42.96,30.96,27.88
2026-09-07,2026-09-06T13:47:11.703989+00:00,2025-09-11,2025-06-05,18,73.71,36.88,31.95,30.6
2026-09-07,2026-09-06T13:47:11.703989+00:00,2025-09-11,2025-06-05,19,76.62,36.93,26.18,30.89
2026-09-07,2026-09-06T13:47:11.703989+00:00,2025-09-11,2025-06-05,20,66.65,51.17,30.74,24.98
2026-09-07,2026-09-06T13:47:11.703989+00:00,2025-09-11,2025-06-05,21,70.36,38.1,41.21,25.13
2026-09-07,2026-09-06T13:47:11.703989+00:00,2025-09-11,2025-06-05,22,50.64,31.3,42.61,23.28
2026-09-07,2026-09-06T13:47:11.703989+00:00,2025-09-11,2025-06-05,23,45.23,29.5,31.86,14.04
2026-09-07,2026-09-06T13:47:11.703989+00:00,2025-09-11,2025-06-05,24,40.4,24.37,23.07,11.1
2026-09-08,2026-09-07T15:59:33.965303+00:00,2026-08-25,2026-09-04,1,40.13,27.77,61.98,6.75
2026-09-08,2026-09-07T15:59:33.965303+00:00,2026-08-25,2026-09-04,2,38.92,25.44,42.74,3.61
2026-09-08,2026-09-07T15:59:33.965303+00:00,2026-08-25,2026-09-04,3,34.86,32.43,38.09,5.97
2026-09-08,2026-09-07T15:59:33.965303+00:00,2026-08-25,2026-09-04,4,35.07,33.71,35.6,4.7
2026-09-08,2026-09-07T15:59:33.965303+00:00,2026-08-25,2026-09-04,5,38.84,40.56,35.57,5.76
2026-09-08,2026-09-07T15:59:33.965303+00:00,2026-08-25,2026-09-04,6,41.42,47.45,57.19,10.41
2026-09-08,2026-09-07T15:59:33.965303+00:00,2026-08-25,2026-09-04,7,47.11,45.57,34.29,12.9
2026-09-08,2026-09-07T15:59:33.965303+00:00,2026-08-25,2026-09-04,8,49.2,38.02,39.7,15.83
2026-09-08,2026-09-07T15:59:33.965303+00:00,2026-08-25,2026-09-04,9,51.11,44.61,47.7,13.37
2026-09-08,2026-09-07T15:59:33.965303+00:00,2026-08-25,2026-09-04,10,49.47,39.78,83.89,17.34
2026-09-08,2026-09-07T15:59:33.965303+00:00,2026-08-25,2026-09-04,11,50.7,47.49,105.83,23.27
2026-09-08,2026-09-07T15:59:33.965303+00:00,2026-08-25,2026-09-04,12,63.23,50.12,107.29,24.59
2026-09-08,2026-09-07T15:59:33.965303+00:00,2026-08-25,2026-09-04,13,71.7,49.2,118.74,18.38
2026-09-08,2026-09-07T15:59:33.965303+00:00,2026-08-25,2026-09-04,14,59.17,55.14,61.41,17.05
2026-09-08,2026-09-07T15:59:33.965303+00:00,2026-08-25,2026-09-04,15,65.13,52.46,60.61,20.38
2026-09-08,2026-09-07T15:59:33.965303+00:00,2026-08-25,2026-09-04,16,66.7,57.65,44.31,25.18
2026-09-08,2026-09-07T15:59:33.965303+00:00,2026-08-25,2026-09-04,17,71.8,64.58,67.08,22.56
2026-09-08,2026-09-07T15:59:33.965303+00:00,2026-08-25,2026-09-04,18,74.85,67.25,61.97,26.63
2026-09-08,2026-09-07T15:59:33.965303+00:00,2026-08-25,2026-09-04,19,81.09,76.2,78.48,29.47
2026-09-08,2026-09-07T15:59:33.965303+00:00,2026-08-25,2026-09-04,20,74.89,67.84,78.35,23.52
2026-09-08,2026-09-07T15:59:33.965303+00:00,2026-08-25,2026-09-04,21,66.2,73.3,108.57,19.65
2026-09-08,2026-09-07T15:59:33.965303+00:00,2026-08-25,2026-09-04,22,55.74,60.21,108.69,19.15
2026-09-08,2026-09-07T15:59:33.965303+00:00,2026-08-25,2026-09-04,23,44.25,47.1,63.76,12.37
2026-09-08,2026-09-07T15:59:33.965303+00:00,2026-08-25,2026-09-04,24,34.78,33.82,36.72,12.05
2026-09-09,2026-09-08T17:57:12.764624+00:00,2026-07-29,2026-06-10,1,39.92,42.85,26.1,6.62
2026-09-09,2026-09-08T17:57:12.764624+00:00,2026-07-29,2026-06-10,2,39.47,33.12,8.49,3.13
2026-09-09,2026-09-08T17:57:12.764624+00:00,2026-07-29,2026-06-10,3,36.4,33.76,11.25,5.07
2026-09-09,2026-09-08T17:57:12.764624+00:00,2026-07-29,2026-06-10,4,36.4,24.74,30.49,4.39
2026-09-09,2026-09-08T17:57:12.764624+00:00,2026-07-29,2026-06-10,5,39.32,25.12,35.0,5.19
2026-09-09,2026-09-08T17:57:12.764624+00:00,2026-07-29,2026-06-10,6,48.89,32.6,46.99,8.62
2026-09-09,2026-09-08T17:57:12.764624+00:00,2026-07-29,2026-06-10,7,52.19,38.74,102.08,12.21
2026-09-09,2026-09-08T17:57:12.764624+00:00,2026-07-29,2026-06-10,8,53.44,64.37,51.81,13.29
2026-09-09,2026-09-08T17:57:12.764624+00:00,2026-07-29,2026-06-10,9,57.19,70.71,49.69,12.33
2026-09-09,2026-09-08T17:57:12.764624+00:00,2026-07-29,2026-06-10,10,62.46,60.87,58.21,17.51
2026-09-09,2026-09-08T17:57:12.764624+00:00,2026-07-29,2026-06-10,11,68.53,502.01,59.92,20.24
2026-09-09,2026-09-08T17:57:12.764624+00:00,2026-07-29,2026-06-10,12,70.1,34.83,50.0,24.46
2026-09-09,2026-09-08T17:57:12.764624+00:00,2026-07-29,2026-06-10,13,80.93,35.45,70.04,18.61
2026-09-09,2026-09-08T17:57:12.764624+00:00,2026-07-29,2026-06-10,14,71.29,39.91,99.1,14.33
2026-09-09,2026-09-08T17:57:12.764624+00:00,2026-07-29,2026-06-10,15,74.42,51.15,113.02,15.94
2026-09-09,2026-09-08T17:57:12.764624+00:00,2026-07-29,2026-06-10,16,72.58,59.08,132.9,22.25
2026-09-09,2026-09-08T17:57:12.764624+00:00,2026-07-29,2026-06-10,17,70.06,77.47,219.17,28.57
2026-09-09,2026-09-08T17:57:12.764624+00:00,2026-07-29,2026-06-10,18,63.9,107.44,467.96,30.07
2026-09-09,2026-09-08T17:57:12.764624+00:00,2026-07-29,2026-06-10,19,68.22,206.0,354.68,26.18
2026-09-09,2026-09-08T17:57:12.764624+00:00,2026-07-29,2026-06-10,20,71.37,76.44,153.06,20.02
2026-09-09,2026-09-08T17:57:12.764624+00:00,2026-07-29,2026-06-10,21,63.56,68.32,187.06,17.94
2026-09-09,2026-09-08T17:57:12.764624+00:00,2026-07-29,2026-06-10,22,38.63,57.55,140.94,16.03
2026-09-09,2026-09-08T17:57:12.764624+00:00,2026-07-29,2026-06-10,23,36.08,37.25,67.87,12.18
2026-09-09,2026-09-08T17:57:12.764624+00:00,2026-07-29,2026-06-10,24,35.42,38.09,34.19,10.95
2026-09-10,2026-09-09T14:44:21.864823+00:00,2026-08-03,2026-07-22,1,38.76,17.44,19.68,5.65
2026-09-10,2026-09-09T14:44:21.864823+00:00,2026-08-03,2026-07-22,2,38.99,15.37,17.14,3.24
2026-09-10,2026-09-09T14:44:21.864823+00:00,2026-08-03,2026-07-22,3,37.27,18.36,15.65,4.15
2026-09-10,2026-09-09T14:44:21.864823+00:00,2026-08-03,2026-07-22,4,33.59,33.06,15.48,4.88
2026-09-10,2026-09-09T14:44:21.864823+00:00,2026-08-03,2026-07-22,5,42.32,33.94,12.0,6.01
2026-09-10,2026-09-09T14:44:21.864823+00:00,2026-08-03,2026-07-22,6,51.79,32.84,21.58,9.93
2026-09-10,2026-09-09T14:44:21.864823+00:00,2026-08-03,2026-07-22,7,54.99,34.27,34.19,11.14
2026-09-10,2026-09-09T14:44:21.864823+00:00,2026-08-03,2026-07-22,8,59.53,35.46,39.16,15.46
2026-09-10,2026-09-09T14:44:21.864823+00:00,2026-08-03,2026-07-22,9,50.95,25.86,31.62,11.56
2026-09-10,2026-09-09T14:44:21.864823+00:00,2026-08-03,2026-07-22,10,48.65,21.73,29.92,16.21
2026-09-10,2026-09-09T14:44:21.864823+00:00,2026-08-03,2026-07-22,11,33.56,21.85,13.77,21.26
2026-09-10,2026-09-09T14:44:21.864823+00:00,2026-08-03,2026-07-22,12,51.73,31.94,17.04,25.19
2026-09-10,2026-09-09T14:44:21.864823+00:00,2026-08-03,2026-07-22,13,35.3,34.71,18.39,20.58
2026-09-10,2026-09-09T14:44:21.864823+00:00,2026-08-03,2026-07-22,14,37.41,39.07,25.9,13.94
2026-09-10,2026-09-09T14:44:21.864823+00:00,2026-08-03,2026-07-22,15,55.73,51.87,33.33,14.79
2026-09-10,2026-09-09T14:44:21.864823+00:00,2026-08-03,2026-07-22,16,48.71,43.99,35.51,19.23
2026-09-10,2026-09-09T14:44:21.864823+00:00,2026-08-03,2026-07-22,17,59.64,79.79,37.88,24.85
2026-09-10,2026-09-09T14:44:21.864823+00:00,2026-08-03,2026-07-22,18,54.4,101.4,43.01,28.92
2026-09-10,2026-09-09T14:44:21.864823+00:00,2026-08-03,2026-07-22,19,58.13,205.25,46.95,25.2
2026-09-10,2026-09-09T14:44:21.864823+00:00,2026-08-03,2026-07-22,20,58.54,94.75,45.04,19.7
2026-09-10,2026-09-09T14:44:21.864823+00:00,2026-08-03,2026-07-22,21,53.15,51.45,47.32,19.87
2026-09-10,2026-09-09T14:44:21.864823+00:00,2026-08-03,2026-07-22,22,48.45,51.48,43.47,17.75
2026-09-10,2026-09-09T14:44:21.864823+00:00,2026-08-03,2026-07-22,23,44.72,43.13,36.85,11.88
2026-09-10,2026-09-09T14:44:21.864823+00:00,2026-08-03,2026-07-22,24,35.41,32.8,26.08,10.51
2026-09-11,2026-09-10T14:36:02.386809+00:00,2025-09-11,2026-08-28,1,43.56,26.03,39.13,5.29
2026-09-11,2026-09-10T14:36:02.386809+00:00,2025-09-11,2026-08-28,2,42.11,18.3,33.6,3.18
2026-09-11,2026-09-10T14:36:02.386809+00:00,2025-09-11,2026-08-28,3,42.54,18.83,31.42,4.35
2026-09-11,2026-09-10T14:36:02.386809+00:00,2025-09-11,2026-08-28,4,40.85,19.43,31.31,4.69
2026-09-11,2026-09-10T14:36:02.386809+00:00,2025-09-11,2026-08-28,5,40.85,25.35,34.65,6.04
2026-09-11,2026-09-10T14:36:02.386809+00:00,2025-09-11,2026-08-28,6,50.32,43.39,36.73,9.35
2026-09-11,2026-09-10T14:36:02.386809+00:00,2025-09-11,2026-08-28,7,66.54,48.59,40.02,10.77
2026-09-11,2026-09-10T14:36:02.386809+00:00,2025-09-11,2026-08-28,8,61.11,36.59,37.38,16.57
2026-09-11,2026-09-10T14:36:02.386809+00:00,2025-09-11,2026-08-28,9,56.87,34.52,36.4,12.09
2026-09-11,2026-09-10T14:36:02.386809+00:00,2025-09-11,2026-08-28,10,53.17,35.83,41.29,16.89
2026-09-11,2026-09-10T14:36:02.386809+00:00,2025-09-11,2026-08-28,11,44.78,36.15,41.23,22.66
2026-09-11,2026-09-10T14:36:02.386809+00:00,2025-09-11,2026-08-28,12,46.1,37.51,52.15,28.34
2026-09-11,2026-09-10T14:36:02.386809+00:00,2025-09-11,2026-08-28,13,47.42,35.87,50.55,23.19
2026-09-11,2026-09-10T14:36:02.386809+00:00,2025-09-11,2026-08-28,14,53.76,36.25,49.26,16.05
2026-09-11,2026-09-10T14:36:02.386809+00:00,2025-09-11,2026-08-28,15,59.23,36.57,49.45,19.45
2026-09-11,2026-09-10T14:36:02.386809+00:00,2025-09-11,2026-08-28,16,58.93,38.04,54.91,23.28
2026-09-11,2026-09-10T14:36:02.386809+00:00,2025-09-11,2026-08-28,17,59.81,42.96,61.48,26.72
2026-09-11,2026-09-10T14:36:02.386809+00:00,2025-09-11,2026-08-28,18,62.71,36.88,77.14,29.32
2026-09-11,2026-09-10T14:36:02.386809+00:00,2025-09-11,2026-08-28,19,67.21,36.93,70.69,25.14
2026-09-11,2026-09-10T14:36:02.386809+00:00,2025-09-11,2026-08-28,20,61.84,51.17,63.54,19.76
2026-09-11,2026-09-10T14:36:02.386809+00:00,2025-09-11,2026-08-28,21,52.31,38.1,41.69,17.53
2026-09-11,2026-09-10T14:36:02.386809+00:00,2025-09-11,2026-08-28,22,40.22,31.3,35.03,16.59
2026-09-11,2026-09-10T14:36:02.386809+00:00,2025-09-11,2026-08-28,23,35.53,29.5,30.02,11.17
2026-09-11,2026-09-10T14:36:02.386809+00:00,2025-09-11,2026-08-28,24,40.13,24.37,23.69,10.54
2026-09-12,2026-09-11T20:53:21.551226+00:00,2026-08-22,2026-08-29,1,41.58,38.13,23.72,5.58
2026-09-12,2026-09-11T20:53:21.551226+00:00,2026-08-22,2026-08-29,2,35.6,36.95,27.27,2.9
2026-09-12,2026-09-11T20:53:21.551226+00:00,2026-08-22,2026-08-29,3,35.52,36.78,18.53,3.76
2026-09-12,2026-09-11T20:53:21.551226+00:00,2026-08-22,2026-08-29,4,35.34,36.62,14.42,4.32
2026-09-12,2026-09-11T20:53:21.551226+00:00,2026-08-22,2026-08-29,5,36.89,39.81,10.83,5.63
2026-09-12,2026-09-11T20:53:21.551226+00:00,2026-08-22,2026-08-29,6,43.5,33.54,19.02,7.92
2026-09-12,2026-09-11T20:53:21.551226+00:00,2026-08-22,2026-08-29,7,45.19,28.76,21.41,10.52
2026-09-12,2026-09-11T20:53:21.551226+00:00,2026-08-22,2026-08-29,8,45.01,30.83,14.09,13.2
2026-09-12,2026-09-11T20:53:21.551226+00:00,2026-08-22,2026-08-29,9,44.95,33.46,24.39,10.4
2026-09-12,2026-09-11T20:53:21.551226+00:00,2026-08-22,2026-08-29,10,44.98,36.37,8.76,14.15
2026-09-12,2026-09-11T20:53:21.551226+00:00,2026-08-22,2026-08-29,11,45.38,34.11,10.39,15.19
2026-09-12,2026-09-11T20:53:21.551226+00:00,2026-08-22,2026-08-29,12,41.71,36.67,19.42,19.64
2026-09-12,2026-09-11T20:53:21.551226+00:00,2026-08-22,2026-08-29,13,42.87,94.96,33.02,13.65
2026-09-12,2026-09-11T20:53:21.551226+00:00,2026-08-22,2026-08-29,14,42.36,89.78,34.22,16.29
2026-09-12,2026-09-11T20:53:21.551226+00:00,2026-08-22,2026-08-29,15,42.4,78.35,36.08,22.14
2026-09-12,2026-09-11T20:53:21.551226+00:00,2026-08-22,2026-08-29,16,56.91,77.05,47.8,25.98
2026-09-12,2026-09-11T20:53:21.551226+00:00,2026-08-22,2026-08-29,17,53.19,61.74,47.16,25.26
2026-09-12,2026-09-11T20:53:21.551226+00:00,2026-08-22,2026-08-29,18,52.99,55.05,41.91,24.96
2026-09-12,2026-09-11T20:53:21.551226+00:00,2026-08-22,2026-08-29,19,52.67,64.07,45.76,22.87
2026-09-12,2026-09-11T20:53:21.551226+00:00,2026-08-22,2026-08-29,20,44.93,85.98,49.9,21.43
2026-09-12,2026-09-11T20:53:21.551226+00:00,2026-08-22,2026-08-29,21,37.42,75.93,50.13,18.61
2026-09-12,2026-09-11T20:53:21.551226+00:00,2026-08-22,2026-08-29,22,34.9,63.98,44.89,17.32
2026-09-12,2026-09-11T20:53:21.551226+00:00,2026-08-22,2026-08-29,23,38.96,58.36,24.85,10.76
2026-09-12,2026-09-11T20:53:21.551226+00:00,2026-08-22,2026-08-29,24,38.77,35.86,28.55,9.58
2026-09-13,2026-09-12T13:43:29.247222+00:00,2025-08-24,2026-08-29,1,37.64,21.84,23.72,6.87
2026-09-13,2026-09-12T13:43:29.247222+00:00,2025-08-24,2026-08-29,2,36.49,28.27,27.27,3.89
2026-09-13,2026-09-12T13:43:29.247222+00:00,2025-08-24,2026-08-29,3,33.86,23.52,18.53,4.03
2026-09-13,2026-09-12T13:43:29.247222+00:00,2025-08-24,2026-08-29,4,34.72,44.53,14.42,4.93
2026-09-13,2026-09-12T13:43:29.247222+00:00,2025-08-24,2026-08-29,5,35.26,33.91,10.83,5.55
2026-09-13,2026-09-12T13:43:29.247222+00:00,2025-08-24,2026-08-29,6,37.99,30.0,19.02,7.65
2026-09-13,2026-09-12T13:43:29.247222+00:00,2025-08-24,2026-08-29,7,38.32,19.41,21.41,10.83
2026-09-13,2026-09-12T13:43:29.247222+00:00,2025-08-24,2026-08-29,8,41.41,28.79,14.09,13.47
2026-09-13,2026-09-12T13:43:29.247222+00:00,2025-08-24,2026-08-29,9,44.48,33.81,24.39,12.07
2026-09-13,2026-09-12T13:43:29.247222+00:00,2025-08-24,2026-08-29,10,43.4,42.29,8.76,17.26
2026-09-13,2026-09-12T13:43:29.247222+00:00,2025-08-24,2026-08-29,11,44.2,47.94,10.39,19.95
2026-09-13,2026-09-12T13:43:29.247222+00:00,2025-08-24,2026-08-29,12,45.72,47.45,19.42,25.09
2026-09-13,2026-09-12T13:43:29.247222+00:00,2025-08-24,2026-08-29,13,48.62,30.58,33.02,20.58
2026-09-13,2026-09-12T13:43:29.247222+00:00,2025-08-24,2026-08-29,14,56.05,23.53,34.22,15.08
2026-09-13,2026-09-12T13:43:29.247222+00:00,2025-08-24,2026-08-29,15,59.25,22.89,36.08,20.49
2026-09-13,2026-09-12T13:43:29.247222+00:00,2025-08-24,2026-08-29,16,67.17,34.71,47.8,25.25
2026-09-13,2026-09-12T13:43:29.247222+00:00,2025-08-24,2026-08-29,17,70.99,385.84,47.16,26.93
2026-09-13,2026-09-12T13:43:29.247222+00:00,2025-08-24,2026-08-29,18,73.12,989.27,41.91,31.49
2026-09-13,2026-09-12T13:43:29.247222+00:00,2025-08-24,2026-08-29,19,68.13,488.19,45.76,21.01
2026-09-13,2026-09-12T13:43:29.247222+00:00,2025-08-24,2026-08-29,20,67.88,47.62,49.9,18.16
2026-09-13,2026-09-12T13:43:29.247222+00:00,2025-08-24,2026-08-29,21,63.62,156.8,50.13,18.57
2026-09-13,2026-09-12T13:43:29.247222+00:00,2025-08-24,2026-08-29,22,44.39,30.78,44.89,13.54
2026-09-13,2026-09-12T13:43:29.247222+00:00,2025-08-24,2026-08-29,23,40.14,23.61,24.85,12.4
2026-09-13,2026-09-12T13:43:29.247222+00:00,2025-08-24,2026-08-29,24,31.47,31.77,28.55,10.16
2026-09-14,2026-09-13T17:41:27.782381+00:00,2026-05-06,2025-09-19,1,30.33,31.05,34.12,5.14
2026-09-14,2026-09-13T17:41:27.782381+00:00,2026-05-06,2025-09-19,2,31.55,32.23,32.92,3.2
2026-09-14,2026-09-13T17:41:27.782381+00:00,2026-05-06,2025-09-19,3,33.1,28.62,33.24,4.31
2026-09-14,2026-09-13T17:41:27.782381+00:00,2026-05-06,2025-09-19,4,33.23,31.32,28.78,5.07
2026-09-14,2026-09-13T17:41:27.782381+00:00,2026-05-06,2025-09-19,5,34.47,37.64,36.12,6.23
2026-09-14,2026-09-13T17:41:27.782381+00:00,2026-05-06,2025-09-19,6,38.76,28.24,49.95,7.63
2026-09-14,2026-09-13T17:41:27.782381+00:00,2026-05-06,2025-09-19,7,42.14,34.6,102.16,9.8
2026-09-14,2026-09-13T17:41:27.782381+00:00,2026-05-06,2025-09-19,8,50.61,40.54,98.26,15.49
2026-09-14,2026-09-13T17:41:27.782381+00:00,2026-05-06,2025-09-19,9,48.64,31.15,90.35,12.48
2026-09-14,2026-09-13T17:41:27.782381+00:00,2026-05-06,2025-09-19,10,44.88,31.93,66.78,15.9
2026-09-14,2026-09-13T17:41:27.782381+00:00,2026-05-06,2025-09-19,11,50.06,33.09,47.01,17.36
2026-09-14,2026-09-13T17:41:27.782381+00:00,2026-05-06,2025-09-19,12,51.26,38.31,61.02,22.78
2026-09-14,2026-09-13T17:41:27.782381+00:00,2026-05-06,2025-09-19,13,51.69,37.23,48.05,17.81
2026-09-14,2026-09-13T17:41:27.782381+00:00,2026-05-06,2025-09-19,14,36.72,37.06,79.21,14.16
2026-09-14,2026-09-13T17:41:27.782381+00:00,2026-05-06,2025-09-19,15,40.72,34.1,59.62,22.68
2026-09-14,2026-09-13T17:41:27.782381+00:00,2026-05-06,2025-09-19,16,50.23,62.36,60.25,26.06
2026-09-14,2026-09-13T17:41:27.782381+00:00,2026-05-06,2025-09-19,17,50.77,74.45,78.86,23.15
2026-09-14,2026-09-13T17:41:27.782381+00:00,2026-05-06,2025-09-19,18,65.04,48.84,46.2,26.39
2026-09-14,2026-09-13T17:41:27.782381+00:00,2026-05-06,2025-09-19,19,58.71,57.18,82.35,21.52
2026-09-14,2026-09-13T17:41:27.782381+00:00,2026-05-06,2025-09-19,20,54.47,54.75,56.0,18.13
2026-09-14,2026-09-13T17:41:27.782381+00:00,2026-05-06,2025-09-19,21,57.57,67.78,38.59,19.79
2026-09-14,2026-09-13T17:41:27.782381+00:00,2026-05-06,2025-09-19,22,41.02,54.51,34.68,15.26
2026-09-14,2026-09-13T17:41:27.782381+00:00,2026-05-06,2025-09-19,23,35.12,29.46,23.94,11.39
2026-09-14,2026-09-13T17:41:27.782381+00:00,2026-05-06,2025-09-19,24,35.36,18.04,19.15,10.31
2026-09-15,2026-09-14T16:30:22.785186+00:00,2026-04-29,2026-08-24,1,29.65,27.65,25.15,6.2
2026-09-15,2026-09-14T16:30:22.785186+00:00,2026-04-29,2026-08-24,2,27.32,19.88,27.74,3.73
2026-09-15,2026-09-14T16:30:22.785186+00:00,2026-04-29,2026-08-24,3,23.99,14.39,22.84,4.48
2026-09-15,2026-09-14T16:30:22.785186+00:00,2026-04-29,2026-08-24,4,21.6,11.65,24.89,5.76
2026-09-15,2026-09-14T16:30:22.785186+00:00,2026-04-29,2026-08-24,5,25.13,14.55,19.56,6.71
2026-09-15,2026-09-14T16:30:22.785186+00:00,2026-04-29,2026-08-24,6,33.54,47.8,24.22,8.2
2026-09-15,2026-09-14T16:30:22.785186+00:00,2026-04-29,2026-08-24,7,41.09,81.44,30.15,10.41
2026-09-15,2026-09-14T16:30:22.785186+00:00,2026-04-29,2026-08-24,8,41.09,56.76,36.11,15.2
2026-09-15,2026-09-14T16:30:22.785186+00:00,2026-04-29,2026-08-24,9,39.82,41.66,35.67,13.62
2026-09-15,2026-09-14T16:30:22.785186+00:00,2026-04-29,2026-08-24,10,37.36,45.12,33.64,17.21
2026-09-15,2026-09-14T16:30:22.785186+00:00,2026-04-29,2026-08-24,11,41.82,46.48,24.18,21.82
2026-09-15,2026-09-14T16:30:22.785186+00:00,2026-04-29,2026-08-24,12,40.36,70.27,21.6,23.8
2026-09-15,2026-09-14T16:30:22.785186+00:00,2026-04-29,2026-08-24,13,57.34,100.77,25.9,19.32
2026-09-15,2026-09-14T16:30:22.785186+00:00,2026-04-29,2026-08-24,14,57.47,108.31,33.75,16.84
2026-09-15,2026-09-14T16:30:22.785186+00:00,2026-04-29,2026-08-24,15,59.28,61.06,34.74,22.29
2026-09-15,2026-09-14T16:30:22.785186+00:00,2026-04-29,2026-08-24,16,68.13,94.46,44.44,27.03
2026-09-15,2026-09-14T16:30:22.785186+00:00,2026-04-29,2026-08-24,17,72.59,44.98,54.1,25.28
2026-09-15,2026-09-14T16:30:22.785186+00:00,2026-04-29,2026-08-24,18,85.18,53.55,55.01,30.24
2026-09-15,2026-09-14T16:30:22.785186+00:00,2026-04-29,2026-08-24,19,79.76,56.92,50.6,22.46
2026-09-15,2026-09-14T16:30:22.785186+00:00,2026-04-29,2026-08-24,20,80.97,55.64,54.28,17.04
2026-09-15,2026-09-14T16:30:22.785186+00:00,2026-04-29,2026-08-24,21,73.15,81.74,49.39,19.64
2026-09-15,2026-09-14T16:30:22.785186+00:00,2026-04-29,2026-08-24,22,61.65,32.53,46.92,16.21
2026-09-15,2026-09-14T16:30:22.785186+00:00,2026-04-29,2026-08-24,23,38.15,24.21,36.02,12.45
2026-09-15,2026-09-14T16:30:22.785186+00:00,2026-04-29,2026-08-24,24,34.99,18.98,28.27,10.73
2026-09-16,2026-09-15T15:10:09.743154+00:00,2025-09-24,2026-09-04,1,38.4,39.96,61.98,6.18
2026-09-16,2026-09-15T15:10:09.743154+00:00,2025-09-24,2026-09-04,2,38.54,35.49,42.74,3.25
2026-09-16,2026-09-15T15:10:09.743154+00:00,2025-09-24,2026-09-04,3,33.51,33.4,38.09,3.86
2026-09-16,2026-09-15T15:10:09.743154+00:00,2025-09-24,2026-09-04,4,32.21,36.55,35.6,4.92
2026-09-16,2026-09-15T15:10:09.743154+00:00,2025-09-24,2026-09-04,5,39.4,35.61,35.57,6.05
2026-09-16,2026-09-15T15:10:09.743154+00:00,2025-09-24,2026-09-04,6,43.34,39.2,57.19,7.03
2026-09-16,2026-09-15T15:10:09.743154+00:00,2025-09-24,2026-09-04,7,50.65,105.77,34.29,11.73
2026-09-16,2026-09-15T15:10:09.743154+00:00,2025-09-24,2026-09-04,8,46.55,66.84,39.7,17.02
2026-09-16,2026-09-15T15:10:09.743154+00:00,2025-09-24,2026-09-04,9,46.77,85.52,47.7,14.36
2026-09-16,2026-09-15T15:10:09.743154+00:00,2025-09-24,2026-09-04,10,50.62,44.32,83.89,16.65
2026-09-16,2026-09-15T15:10:09.743154+00:00,2025-09-24,2026-09-04,11,55.05,46.57,105.83,20.17
2026-09-16,2026-09-15T15:10:09.743154+00:00,2025-09-24,2026-09-04,12,53.41,39.55,107.29,25.26
2026-09-16,2026-09-15T15:10:09.743154+00:00,2025-09-24,2026-09-04,13,53.41,43.85,118.74,19.19
2026-09-16,2026-09-15T15:10:09.743154+00:00,2025-09-24,2026-09-04,14,53.41,42.7,61.41,16.87
2026-09-16,2026-09-15T15:10:09.743154+00:00,2025-09-24,2026-09-04,15,55.06,41.29,60.61,21.31
2026-09-16,2026-09-15T15:10:09.743154+00:00,2025-09-24,2026-09-04,16,60.62,36.03,44.31,31.05
2026-09-16,2026-09-15T15:10:09.743154+00:00,2025-09-24,2026-09-04,17,66.09,33.43,67.08,34.01
2026-09-16,2026-09-15T15:10:09.743154+00:00,2025-09-24,2026-09-04,18,71.75,32.02,61.97,30.98
2026-09-16,2026-09-15T15:10:09.743154+00:00,2025-09-24,2026-09-04,19,66.09,37.56,78.48,26.45
2026-09-16,2026-09-15T15:10:09.743154+00:00,2025-09-24,2026-09-04,20,64.45,35.61,78.35,18.0
2026-09-16,2026-09-15T15:10:09.743154+00:00,2025-09-24,2026-09-04,21,59.04,54.64,108.57,18.81
2026-09-16,2026-09-15T15:10:09.743154+00:00,2025-09-24,2026-09-04,22,48.71,106.88,108.69,16.37
2026-09-16,2026-09-15T15:10:09.743154+00:00,2025-09-24,2026-09-04,23,43.52,85.8,63.76,10.91
2026-09-16,2026-09-15T15:10:09.743154+00:00,2025-09-24,2026-09-04,24,41.24,37.87,36.72,10.21
2026-09-17,2026-09-16T15:06:48.159979+00:00,2026-09-16,2026-08-25,1,44.49,49.0,27.77,6.03
2026-09-17,2026-09-16T15:06:48.159979+00:00,2026-09-16,2026-08-25,2,44.74,53.74,25.44,4.25
2026-09-17,2026-09-16T15:06:48.159979+00:00,2026-09-16,2026-08-25,3,43.39,48.92,32.43,4.85
2026-09-17,2026-09-16T15:06:48.159979+00:00,2026-09-16,2026-08-25,4,44.04,49.4,33.71,5.7
2026-09-17,2026-09-16T15:06:48.159979+00:00,2026-09-16,2026-08-25,5,45.96,44.32,40.56,6.65
2026-09-17,2026-09-16T15:06:48.159979+00:00,2026-09-16,2026-08-25,6,55.26,62.81,47.45,7.24
2026-09-17,2026-09-16T15:06:48.159979+00:00,2026-09-16,2026-08-25,7,58.2,81.25,45.57,11.69
2026-09-17,2026-09-16T15:06:48.159979+00:00,2026-09-16,2026-08-25,8,59.88,70.91,38.02,14.48
2026-09-17,2026-09-16T15:06:48.159979+00:00,2026-09-16,2026-08-25,9,54.16,53.64,44.61,14.25
2026-09-17,2026-09-16T15:06:48.159979+00:00,2026-09-16,2026-08-25,10,58.04,100.46,39.78,18.99
2026-09-17,2026-09-16T15:06:48.159979+00:00,2026-09-16,2026-08-25,11,53.57,84.69,47.49,19.57
2026-09-17,2026-09-16T15:06:48.159979+00:00,2026-09-16,2026-08-25,12,46.85,,50.12,21.63
2026-09-17,2026-09-16T15:06:48.159979+00:00,2026-09-16,2026-08-25,13,56.68,,49.2,18.4
2026-09-17,2026-09-16T15:06:48.159979+00:00,2026-09-16,2026-08-25,14,63.99,,55.14,15.07
2026-09-17,2026-09-16T15:06:48.159979+00:00,2026-09-16,2026-08-25,15,68.01,,52.46,21.27
2026-09-17,2026-09-16T15:06:48.159979+00:00,2026-09-16,2026-08-25,16,76.72,,57.65,27.85
2026-09-17,2026-09-16T15:06:48.159979+00:00,2026-09-16,2026-08-25,17,73.11,,64.58,31.54
2026-09-17,2026-09-16T15:06:48.159979+00:00,2026-09-16,2026-08-25,18,80.39,,67.25,29.72
2026-09-17,2026-09-16T15:06:48.159979+00:00,2026-09-16,2026-08-25,19,78.82,,76.2,25.32
2026-09-17,2026-09-16T15:06:48.159979+00:00,2026-09-16,2026-08-25,20,63.88,,67.84,15.25
2026-09-17,2026-09-16T15:06:48.159979+00:00,2026-09-16,2026-08-25,21,68.16,,73.3,17.79
2026-09-17,2026-09-16T15:06:48.159979+00:00,2026-09-16,2026-08-25,22,52.99,,60.21,14.86
2026-09-17,2026-09-16T15:06:48.159979+00:00,2026-09-16,2026-08-25,23,45.43,,47.1,11.3
2026-09-17,2026-09-16T15:06:48.159979+00:00,2026-09-16,2026-08-25,24,45.63,,33.82,9.71
2026-09-18,2026-09-17T16:37:21.454965+00:00,2026-09-14,2025-08-26,1,42.59,25.79,24.3,6.7
2026-09-18,2026-09-17T16:37:21.454965+00:00,2026-09-14,2025-08-26,2,42.46,32.69,22.68,4.82
2026-09-18,2026-09-17T16:37:21.454965+00:00,2026-09-14,2025-08-26,3,42.46,27.13,28.19,5.19
2026-09-18,2026-09-17T16:37:21.454965+00:00,2026-09-14,2025-08-26,4,39.14,22.31,29.81,7.08
2026-09-18,2026-09-17T16:37:21.454965+00:00,2026-09-14,2025-08-26,5,41.36,26.42,15.19,7.7
2026-09-18,2026-09-17T16:37:21.454965+00:00,2026-09-14,2025-08-26,6,46.13,29.05,26.33,7.55
2026-09-18,2026-09-17T16:37:21.454965+00:00,2026-09-14,2025-08-26,7,56.17,38.26,35.29,11.43
2026-09-18,2026-09-17T16:37:21.454965+00:00,2026-09-14,2025-08-26,8,60.19,36.67,39.74,14.05
2026-09-18,2026-09-17T16:37:21.454965+00:00,2026-09-14,2025-08-26,9,51.14,36.71,35.81,15.19
2026-09-18,2026-09-17T16:37:21.454965+00:00,2026-09-14,2025-08-26,10,54.89,26.82,32.42,20.91
2026-09-18,2026-09-17T16:37:21.454965+00:00,2026-09-14,2025-08-26,11,60.24,36.59,32.41,22.47
2026-09-18,2026-09-17T16:37:21.454965+00:00,2026-09-14,2025-08-26,12,61.55,34.35,30.67,26.32
2026-09-18,2026-09-17T16:37:21.454965+00:00,2026-09-14,2025-08-26,13,60.73,36.89,32.04,20.71
2026-09-18,2026-09-17T16:37:21.454965+00:00,2026-09-14,2025-08-26,14,68.77,34.04,28.42,15.48
2026-09-18,2026-09-17T16:37:21.454965+00:00,2026-09-14,2025-08-26,15,68.07,38.31,29.9,23.66
2026-09-18,2026-09-17T16:37:21.454965+00:00,2026-09-14,2025-08-26,16,68.73,51.53,28.6,28.65
2026-09-18,2026-09-17T16:37:21.454965+00:00,2026-09-14,2025-08-26,17,63.52,195.49,33.78,30.55
2026-09-18,2026-09-17T16:37:21.454965+00:00,2026-09-14,2025-08-26,18,65.2,76.02,35.05,30.27
2026-09-18,2026-09-17T16:37:21.454965+00:00,2026-09-14,2025-08-26,19,58.73,167.06,37.26,25.43
2026-09-18,2026-09-17T16:37:21.454965+00:00,2026-09-14,2025-08-26,20,57.96,83.08,57.47,17.06
2026-09-18,2026-09-17T16:37:21.454965+00:00,2026-09-14,2025-08-26,21,47.8,68.82,73.02,19.62
2026-09-18,2026-09-17T16:37:21.454965+00:00,2026-09-14,2025-08-26,22,40.13,48.9,40.13,17.24
2026-09-18,2026-09-17T16:37:21.454965+00:00,2026-09-14,2025-08-26,23,36.84,41.8,34.16,14.26
2026-09-18,2026-09-17T16:37:21.454965+00:00,2026-09-14,2025-08-26,24,38.21,32.9,28.49,9.49
2026-09-19,2026-09-18T13:01:59.105634+00:00,2025-10-11,2025-09-21,1,30.96,53.07,20.9,6.36
2026-09-19,2026-09-18T13:01:59.105634+00:00,2025-10-11,2025-09-21,2,31.08,32.35,35.55,4.17
2026-09-19,2026-09-18T13:01:59.105634+00:00,2025-10-11,2025-09-21,3,30.96,21.62,32.56,4.42
2026-09-19,2026-09-18T13:01:59.105634+00:00,2025-10-11,2025-09-21,4,30.24,22.38,33.39,6.91
2026-09-19,2026-09-18T13:01:59.105634+00:00,2025-10-11,2025-09-21,5,32.34,16.89,23.52,6.64
2026-09-19,2026-09-18T13:01:59.105634+00:00,2025-10-11,2025-09-21,6,34.81,25.37,35.51,7.53
2026-09-19,2026-09-18T13:01:59.105634+00:00,2025-10-11,2025-09-21,7,37.52,51.28,22.0,12.42
2026-09-19,2026-09-18T13:01:59.105634+00:00,2025-10-11,2025-09-21,8,42.04,78.57,25.75,13.39
2026-09-19,2026-09-18T13:01:59.105634+00:00,2025-10-11,2025-09-21,9,36.12,107.81,72.71,15.69
2026-09-19,2026-09-18T13:01:59.105634+00:00,2025-10-11,2025-09-21,10,27.68,51.6,87.24,18.97
2026-09-19,2026-09-18T13:01:59.105634+00:00,2025-10-11,2025-09-21,11,31.57,56.15,59.11,22.02
2026-09-19,2026-09-18T13:01:59.105634+00:00,2025-10-11,2025-09-21,12,31.98,35.35,104.68,27.25
2026-09-19,2026-09-18T13:01:59.105634+00:00,2025-10-11,2025-09-21,13,38.81,37.71,266.24,22.03
2026-09-19,2026-09-18T13:01:59.105634+00:00,2025-10-11,2025-09-21,14,36.04,68.59,57.38,20.25
2026-09-19,2026-09-18T13:01:59.105634+00:00,2025-10-11,2025-09-21,15,33.73,75.74,77.05,24.47
2026-09-19,2026-09-18T13:01:59.105634+00:00,2025-10-11,2025-09-21,16,42.55,53.81,50.01,30.58
2026-09-19,2026-09-18T13:01:59.105634+00:00,2025-10-11,2025-09-21,17,37.78,36.18,117.74,31.77
2026-09-19,2026-09-18T13:01:59.105634+00:00,2025-10-11,2025-09-21,18,35.79,41.12,88.46,26.81
2026-09-19,2026-09-18T13:01:59.105634+00:00,2025-10-11,2025-09-21,19,46.23,48.75,41.5,22.49
2026-09-19,2026-09-18T13:01:59.105634+00:00,2025-10-11,2025-09-21,20,44.35,36.29,47.81,16.05
2026-09-19,2026-09-18T13:01:59.105634+00:00,2025-10-11,2025-09-21,21,34.6,35.12,42.91,22.26
2026-09-19,2026-09-18T13:01:59.105634+00:00,2025-10-11,2025-09-21,22,34.0,53.16,29.36,17.72
2026-09-19,2026-09-18T13:01:59.105634+00:00,2025-10-11,2025-09-21,23,29.13,32.12,32.83,13.9
2026-09-19,2026-09-18T13:01:59.105634+00:00,2025-10-11,2025-09-21,24,25.19,28.07,32.91,8.33
2026-09-20,2026-09-19T13:52:12.220065+00:00,2025-09-21,2025-09-06,1,31.96,20.9,45.26,5.97
2026-09-20,2026-09-19T13:52:12.220065+00:00,2025-09-21,2025-09-06,2,36.95,35.55,50.83,4.68
2026-09-20,2026-09-19T13:52:12.220065+00:00,2025-09-21,2025-09-06,3,32.55,32.56,42.6,4.7
2026-09-20,2026-09-19T13:52:12.220065+00:00,2025-09-21,2025-09-06,4,34.34,33.39,40.69,5.99
2026-09-20,2026-09-19T13:52:12.220065+00:00,2025-09-21,2025-09-06,5,37.49,23.52,45.0,5.91
2026-09-20,2026-09-19T13:52:12.220065+00:00,2025-09-21,2025-09-06,6,39.17,35.51,54.38,7.01
2026-09-20,2026-09-19T13:52:12.220065+00:00,2025-09-21,2025-09-06,7,42.17,22.0,62.72,12.4
2026-09-20,2026-09-19T13:52:12.220065+00:00,2025-09-21,2025-09-06,8,41.42,25.75,113.81,14.47
2026-09-20,2026-09-19T13:52:12.220065+00:00,2025-09-21,2025-09-06,9,38.37,72.71,159.33,14.67
2026-09-20,2026-09-19T13:52:12.220065+00:00,2025-09-21,2025-09-06,10,36.87,87.24,22.62,20.55
2026-09-20,2026-09-19T13:52:12.220065+00:00,2025-09-21,2025-09-06,11,28.68,59.11,38.78,22.58
2026-09-20,2026-09-19T13:52:12.220065+00:00,2025-09-21,2025-09-06,12,36.81,104.68,34.31,28.47
2026-09-20,2026-09-19T13:52:12.220065+00:00,2025-09-21,2025-09-06,13,44.34,266.24,46.51,23.5
2026-09-20,2026-09-19T13:52:12.220065+00:00,2025-09-21,2025-09-06,14,37.64,57.38,102.47,20.77
2026-09-20,2026-09-19T13:52:12.220065+00:00,2025-09-21,2025-09-06,15,37.97,77.05,36.78,23.92
2026-09-20,2026-09-19T13:52:12.220065+00:00,2025-09-21,2025-09-06,16,39.53,50.01,40.89,31.43
2026-09-20,2026-09-19T13:52:12.220065+00:00,2025-09-21,2025-09-06,17,42.82,117.74,34.63,33.53
2026-09-20,2026-09-19T13:52:12.220065+00:00,2025-09-21,2025-09-06,18,53.18,88.46,41.64,26.89
2026-09-20,2026-09-19T13:52:12.220065+00:00,2025-09-21,2025-09-06,19,49.8,41.5,290.51,19.7
2026-09-20,2026-09-19T13:52:12.220065+00:00,2025-09-21,2025-09-06,20,47.03,47.81,320.21,13.6
2026-09-20,2026-09-19T13:52:12.220065+00:00,2025-09-21,2025-09-06,21,38.03,42.91,66.19,17.33
2026-09-20,2026-09-19T13:52:12.220065+00:00,2025-09-21,2025-09-06,22,31.13,29.36,88.56,16.99
2026-09-20,2026-09-19T13:52:12.220065+00:00,2025-09-21,2025-09-06,23,18.49,32.83,41.95,13.53
2026-09-20,2026-09-19T13:52:12.220065+00:00,2025-09-21,2025-09-06,24,12.32,32.91,29.91,8.37
2026-09-21,2026-09-20T13:31:38.323679+00:00,2026-03-10,2025-05-20,1,26.9,7.27,0.0,6.71
2026-09-21,2026-09-20T13:31:38.323679+00:00,2026-03-10,2025-05-20,2,31.01,15.24,0.0,4.25
2026-09-21,2026-09-20T13:31:38.323679+00:00,2026-03-10,2025-05-20,3,26.34,13.82,0.0,4.84
2026-09-21,2026-09-20T13:31:38.323679+00:00,2026-03-10,2025-05-20,4,25.53,11.08,0.0,6.71
2026-09-21,2026-09-20T13:31:38.323679+00:00,2026-03-10,2025-05-20,5,26.4,12.88,0.0,6.56
2026-09-21,2026-09-20T13:31:38.323679+00:00,2026-03-10,2025-05-20,6,31.72,35.27,2.67,7.82
2026-09-21,2026-09-20T13:31:38.323679+00:00,2026-03-10,2025-05-20,7,40.86,49.08,137.64,11.77
2026-09-21,2026-09-20T13:31:38.323679+00:00,2026-03-10,2025-05-20,8,41.92,36.39,2.76,13.28
2026-09-21,2026-09-20T13:31:38.323679+00:00,2026-03-10,2025-05-20,9,39.54,20.05,0.0,13.76
2026-09-21,2026-09-20T13:31:38.323679+00:00,2026-03-10,2025-05-20,10,30.99,35.15,4.09,18.17
2026-09-21,2026-09-20T13:31:38.323679+00:00,2026-03-10,2025-05-20,11,38.72,49.67,11.52,20.83
2026-09-21,2026-09-20T13:31:38.323679+00:00,2026-03-10,2025-05-20,12,36.89,37.09,10.98,24.74
2026-09-21,2026-09-20T13:31:38.323679+00:00,2026-03-10,2025-05-20,13,39.99,29.71,10.18,20.07
2026-09-21,2026-09-20T13:31:38.323679+00:00,2026-03-10,2025-05-20,14,40.88,17.75,6.51,18.81
2026-09-21,2026-09-20T13:31:38.323679+00:00,2026-03-10,2025-05-20,15,41.15,20.46,2.12,23.02
2026-09-21,2026-09-20T13:31:38.323679+00:00,2026-03-10,2025-05-20,16,45.89,40.55,0.0,30.77
2026-09-21,2026-09-20T13:31:38.323679+00:00,2026-03-10,2025-05-20,17,61.06,45.4,0.55,27.53
2026-09-21,2026-09-20T13:31:38.323679+00:00,2026-03-10,2025-05-20,18,72.22,54.94,1.62,22.98
2026-09-21,2026-09-20T13:31:38.323679+00:00,2026-03-10,2025-05-20,19,76.18,48.35,10.38,19.38
2026-09-21,2026-09-20T13:31:38.323679+00:00,2026-03-10,2025-05-20,20,54.32,38.4,6.65,15.1
2026-09-21,2026-09-20T13:31:38.323679+00:00,2026-03-10,2025-05-20,21,45.94,35.27,11.8,20.88
2026-09-21,2026-09-20T13:31:38.323679+00:00,2026-03-10,2025-05-20,22,38.88,29.69,8.42,18.66
2026-09-21,2026-09-20T13:31:38.323679+00:00,2026-03-10,2025-05-20,23,28.18,21.62,0.0,12.21
2026-09-21,2026-09-20T13:31:38.323679+00:00,2026-03-10,2025-05-20,24,29.05,15.39,0.0,8.39
2026-09-22,2026-09-21T14:16:17.952429+00:00,2025-05-20,2025-10-21,1,25.31,0.0,29.25,5.76
2026-09-22,2026-09-21T14:16:17.952429+00:00,2025-05-20,2025-10-21,2,25.82,0.0,19.61,4.54
2026-09-22,2026-09-21T14:16:17.952429+00:00,2025-05-20,2025-10-21,3,25.49,0.0,10.08,5.22
2026-09-22,2026-09-21T14:16:17.952429+00:00,2025-05-20,2025-10-21,4,25.49,0.0,9.92,6.93
2026-09-22,2026-09-21T14:16:17.952429+00:00,2025-05-20,2025-10-21,5,25.28,0.0,23.98,6.32
2026-09-22,2026-09-21T14:16:17.952429+00:00,2025-05-20,2025-10-21,6,32.53,2.67,34.17,7.03
2026-09-22,2026-09-21T14:16:17.952429+00:00,2025-05-20,2025-10-21,7,40.48,137.64,156.12,11.37
2026-09-22,2026-09-21T14:16:17.952429+00:00,2025-05-20,2025-10-21,8,40.48,2.76,49.05,11.96
2026-09-22,2026-09-21T14:16:17.952429+00:00,2025-05-20,2025-10-21,9,39.74,0.0,35.58,13.6
2026-09-22,2026-09-21T14:16:17.952429+00:00,2025-05-20,2025-10-21,10,36.5,4.09,35.34,17.51
2026-09-22,2026-09-21T14:16:17.952429+00:00,2025-05-20,2025-10-21,11,33.93,11.52,41.56,18.01
2026-09-22,2026-09-21T14:16:17.952429+00:00,2025-05-20,2025-10-21,12,36.5,10.98,32.02,21.78
2026-09-22,2026-09-21T14:16:17.952429+00:00,2025-05-20,2025-10-21,13,39.23,10.18,37.54,16.56
2026-09-22,2026-09-21T14:16:17.952429+00:00,2025-05-20,2025-10-21,14,39.23,6.51,47.06,15.0
2026-09-22,2026-09-21T14:16:17.952429+00:00,2025-05-20,2025-10-21,15,36.5,2.12,36.41,19.95
2026-09-22,2026-09-21T14:16:17.952429+00:00,2025-05-20,2025-10-21,16,39.5,0.0,38.6,26.21
2026-09-22,2026-09-21T14:16:17.952429+00:00,2025-05-20,2025-10-21,17,50.13,0.55,51.58,23.02
2026-09-22,2026-09-21T14:16:17.952429+00:00,2025-05-20,2025-10-21,18,56.49,1.62,33.68,20.17
2026-09-22,2026-09-21T14:16:17.952429+00:00,2025-05-20,2025-10-21,19,56.49,10.38,39.37,18.6
2026-09-22,2026-09-21T14:16:17.952429+00:00,2025-05-20,2025-10-21,20,56.49,6.65,257.25,13.59
2026-09-22,2026-09-21T14:16:17.952429+00:00,2025-05-20,2025-10-21,21,50.13,11.8,99.19,20.21
2026-09-22,2026-09-21T14:16:17.952429+00:00,2025-05-20,2025-10-21,22,39.44,8.42,93.71,18.24
2026-09-22,2026-09-21T14:16:17.952429+00:00,2025-05-20,2025-10-21,23,40.02,0.0,31.08,11.57
2026-09-22,2026-09-21T14:16:17.952429+00:00,2025-05-20,2025-10-21,24,40.02,0.0,33.03,8.04
2026-09-23,2026-09-22T13:01:50.712507+00:00,2026-09-22,2026-09-21,1,19.5,14.82,21.98,5.87
2026-09-23,2026-09-22T13:01:50.712507+00:00,2026-09-22,2026-09-21,2,19.89,12.19,18.56,4.62
2026-09-23,2026-09-22T13:01:50.712507+00:00,2026-09-22,2026-09-21,3,17.09,0.0,13.2,5.75
2026-09-23,2026-09-22T13:01:50.712507+00:00,2026-09-22,2026-09-21,4,17.15,1.23,0.5,8.18
2026-09-23,2026-09-22T13:01:50.712507+00:00,2026-09-22,2026-09-21,5,17.14,0.0,0.0,7.41
2026-09-23,2026-09-22T13:01:50.712507+00:00,2026-09-22,2026-09-21,6,24.31,23.13,23.44,7.36
2026-09-23,2026-09-22T13:01:50.712507+00:00,2026-09-22,2026-09-21,7,32.0,34.72,48.18,10.16
2026-09-23,2026-09-22T13:01:50.712507+00:00,2026-09-22,2026-09-21,8,31.86,40.96,35.37,10.6
2026-09-23,2026-09-22T13:01:50.712507+00:00,2026-09-22,2026-09-21,9,23.34,38.34,28.0,12.33
2026-09-23,2026-09-22T13:01:50.712507+00:00,2026-09-22,2026-09-21,10,22.19,,8.3,18.12
2026-09-23,2026-09-22T13:01:50.712507+00:00,2026-09-22,2026-09-21,11,15.2,,5.93,20.54
2026-09-23,2026-09-22T13:01:50.712507+00:00,2026-09-22,2026-09-21,12,20.6,,5.72,24.33
2026-09-23,2026-09-22T13:01:50.712507+00:00,2026-09-22,2026-09-21,13,16.15,,19.16,20.71
2026-09-23,2026-09-22T13:01:50.712507+00:00,2026-09-22,2026-09-21,14,10.96,,24.66,17.12
2026-09-23,2026-09-22T13:01:50.712507+00:00,2026-09-22,2026-09-21,15,14.93,,24.2,23.29
2026-09-23,2026-09-22T13:01:50.712507+00:00,2026-09-22,2026-09-21,16,16.78,,35.06,27.17
2026-09-23,2026-09-22T13:01:50.712507+00:00,2026-09-22,2026-09-21,17,24.62,,46.34,25.77
2026-09-23,2026-09-22T13:01:50.712507+00:00,2026-09-22,2026-09-21,18,39.54,,49.4,21.41
2026-09-23,2026-09-22T13:01:50.712507+00:00,2026-09-22,2026-09-21,19,41.92,,50.29,19.84
2026-09-23,2026-09-22T13:01:50.712507+00:00,2026-09-22,2026-09-21,20,35.03,,40.67,13.48
2026-09-23,2026-09-22T13:01:50.712507+00:00,2026-09-22,2026-09-21,21,28.58,,32.58,19.24
2026-09-23,2026-09-22T13:01:50.712507+00:00,2026-09-22,2026-09-21,22,29.68,,28.56,17.86
2026-09-23,2026-09-22T13:01:50.712507+00:00,2026-09-22,2026-09-21,23,21.35,,23.69,11.7
2026-09-23,2026-09-22T13:01:50.712507+00:00,2026-09-22,2026-09-21,24,21.76,,14.24,8.13
