target_date,vintage,generated_at,analog_date,analog_date_2,hour,predicted_lmp,p10,p90,analog_lmp,analog_lmp_2,band_err,backfilled
2026-07-10,pre_dam,2026-10-03T03:07:22.384999+00:00,2025-07-11,2026-07-07,1,35.39,22.06,55.98,23.88,-34.22,,True
2026-07-10,pre_dam,2026-10-03T03:07:22.384999+00:00,2025-07-11,2026-07-07,2,32.35,22.59,53.85,24.32,5.35,,True
2026-07-10,pre_dam,2026-10-03T03:07:22.384999+00:00,2025-07-11,2026-07-07,3,30.18,20.8,53.18,19.02,17.96,,True
2026-07-10,pre_dam,2026-10-03T03:07:22.384999+00:00,2025-07-11,2026-07-07,4,28.51,21.8,48.64,17.46,32.81,,True
2026-07-10,pre_dam,2026-10-03T03:07:22.384999+00:00,2025-07-11,2026-07-07,5,29.02,18.76,46.37,22.52,34.06,,True
2026-07-10,pre_dam,2026-10-03T03:07:22.384999+00:00,2025-07-11,2026-07-07,6,32.1,21.88,47.64,23.86,24.02,,True
2026-07-10,pre_dam,2026-10-03T03:07:22.384999+00:00,2025-07-11,2026-07-07,7,39.53,25.72,68.34,18.67,40.51,,True
2026-07-10,pre_dam,2026-10-03T03:07:22.384999+00:00,2025-07-11,2026-07-07,8,45.55,27.98,80.4,19.54,23.18,,True
2026-07-10,pre_dam,2026-10-03T03:07:22.384999+00:00,2025-07-11,2026-07-07,9,45.11,25.48,97.5,34.2,24.5,,True
2026-07-10,pre_dam,2026-10-03T03:07:22.384999+00:00,2025-07-11,2026-07-07,10,50.84,24.05,93.04,33.08,43.62,,True
2026-07-10,pre_dam,2026-10-03T03:07:22.384999+00:00,2025-07-11,2026-07-07,11,40.5,24.38,83.54,34.41,25.92,,True
2026-07-10,pre_dam,2026-10-03T03:07:22.384999+00:00,2025-07-11,2026-07-07,12,51.22,22.79,83.63,33.94,14.25,,True
2026-07-10,pre_dam,2026-10-03T03:07:22.384999+00:00,2025-07-11,2026-07-07,13,51.74,24.15,80.87,67.98,34.91,,True
2026-07-10,pre_dam,2026-10-03T03:07:22.384999+00:00,2025-07-11,2026-07-07,14,40.96,21.48,79.47,50.26,57.06,,True
2026-07-10,pre_dam,2026-10-03T03:07:22.384999+00:00,2025-07-11,2026-07-07,15,49.26,18.8,84.23,8.19,46.15,,True
2026-07-10,pre_dam,2026-10-03T03:07:22.384999+00:00,2025-07-11,2026-07-07,16,57.93,20.56,97.29,-14.89,46.73,,True
2026-07-10,pre_dam,2026-10-03T03:07:22.384999+00:00,2025-07-11,2026-07-07,17,46.25,21.2,91.2,-1.94,65.6,,True
2026-07-10,pre_dam,2026-10-03T03:07:22.384999+00:00,2025-07-11,2026-07-07,18,57.32,24.7,104.49,48.71,89.86,,True
2026-07-10,pre_dam,2026-10-03T03:07:22.384999+00:00,2025-07-11,2026-07-07,19,55.11,24.61,100.56,-27.31,85.77,,True
2026-07-10,pre_dam,2026-10-03T03:07:22.384999+00:00,2025-07-11,2026-07-07,20,56.94,23.92,102.4,20.31,97.39,,True
2026-07-10,pre_dam,2026-10-03T03:07:22.384999+00:00,2025-07-11,2026-07-07,21,49.61,25.03,102.11,112.52,70.15,,True
2026-07-10,pre_dam,2026-10-03T03:07:22.384999+00:00,2025-07-11,2026-07-07,22,57.22,29.37,98.9,38.4,80.11,,True
2026-07-10,pre_dam,2026-10-03T03:07:22.384999+00:00,2025-07-11,2026-07-07,23,41.03,26.57,68.72,14.89,61.02,,True
2026-07-10,pre_dam,2026-10-03T03:07:22.384999+00:00,2025-07-11,2026-07-07,24,38.18,25.04,60.11,-12.11,37.44,,True
2026-07-11,pre_dam,2026-10-03T03:10:03.289392+00:00,2026-07-05,2026-07-04,1,48.24,28.19,65.34,44.05,50.94,,True
2026-07-11,pre_dam,2026-10-03T03:10:03.289392+00:00,2026-07-05,2026-07-04,2,41.91,16.86,63.63,17.35,17.09,,True
2026-07-11,pre_dam,2026-10-03T03:10:03.289392+00:00,2026-07-05,2026-07-04,3,42.23,17.22,50.38,31.42,63.83,,True
2026-07-11,pre_dam,2026-10-03T03:10:03.289392+00:00,2026-07-05,2026-07-04,4,40.2,17.76,51.46,31.64,35.43,,True
2026-07-11,pre_dam,2026-10-03T03:10:03.289392+00:00,2026-07-05,2026-07-04,5,40.19,17.68,58.33,32.21,33.18,,True
2026-07-11,pre_dam,2026-10-03T03:10:03.289392+00:00,2026-07-05,2026-07-04,6,39.04,13.89,58.26,16.95,11.23,,True
2026-07-11,pre_dam,2026-10-03T03:10:03.289392+00:00,2026-07-05,2026-07-04,7,43.55,16.57,63.31,26.13,14.29,,True
2026-07-11,pre_dam,2026-10-03T03:10:03.289392+00:00,2026-07-05,2026-07-04,8,45.58,23.09,71.47,30.59,13.43,,True
2026-07-11,pre_dam,2026-10-03T03:10:03.289392+00:00,2026-07-05,2026-07-04,9,47.51,24.64,78.64,30.3,19.45,,True
2026-07-11,pre_dam,2026-10-03T03:10:03.289392+00:00,2026-07-05,2026-07-04,10,49.95,25.21,75.82,40.92,13.43,,True
2026-07-11,pre_dam,2026-10-03T03:10:03.289392+00:00,2026-07-05,2026-07-04,11,54.68,24.48,92.66,83.09,16.58,,True
2026-07-11,pre_dam,2026-10-03T03:10:03.289392+00:00,2026-07-05,2026-07-04,12,57.5,23.46,91.58,108.69,25.11,,True
2026-07-11,pre_dam,2026-10-03T03:10:03.289392+00:00,2026-07-05,2026-07-04,13,60.43,24.45,89.51,79.87,115.6,,True
2026-07-11,pre_dam,2026-10-03T03:10:03.289392+00:00,2026-07-05,2026-07-04,14,53.65,24.44,90.18,69.06,44.74,,True
2026-07-11,pre_dam,2026-10-03T03:10:03.289392+00:00,2026-07-05,2026-07-04,15,52.1,23.85,86.34,58.18,55.83,,True
2026-07-11,pre_dam,2026-10-03T03:10:03.289392+00:00,2026-07-05,2026-07-04,16,51.87,27.2,93.52,49.81,38.83,,True
2026-07-11,pre_dam,2026-10-03T03:10:03.289392+00:00,2026-07-05,2026-07-04,17,60.81,25.72,87.71,50.8,120.51,,True
2026-07-11,pre_dam,2026-10-03T03:10:03.289392+00:00,2026-07-05,2026-07-04,18,66.85,27.89,105.31,34.12,277.52,,True
2026-07-11,pre_dam,2026-10-03T03:10:03.289392+00:00,2026-07-05,2026-07-04,19,62.58,29.4,109.64,33.88,49.58,,True
2026-07-11,pre_dam,2026-10-03T03:10:03.289392+00:00,2026-07-05,2026-07-04,20,64.71,31.01,135.58,32.9,115.02,,True
2026-07-11,pre_dam,2026-10-03T03:10:03.289392+00:00,2026-07-05,2026-07-04,21,65.69,31.28,104.11,38.26,112.55,,True
2026-07-11,pre_dam,2026-10-03T03:10:03.289392+00:00,2026-07-05,2026-07-04,22,65.73,33.27,118.92,37.3,72.76,,True
2026-07-11,pre_dam,2026-10-03T03:10:03.289392+00:00,2026-07-05,2026-07-04,23,49.4,28.54,82.98,30.9,53.52,,True
2026-07-11,pre_dam,2026-10-03T03:10:03.289392+00:00,2026-07-05,2026-07-04,24,43.91,20.19,68.9,23.31,31.09,,True
2026-07-12,pre_dam,2026-10-03T03:12:20.642882+00:00,2026-07-11,2026-07-05,1,46.09,21.64,53.62,47.79,44.05,,True
2026-07-12,pre_dam,2026-10-03T03:12:20.642882+00:00,2026-07-11,2026-07-05,2,36.56,19.12,41.14,50.52,17.35,,True
2026-07-12,pre_dam,2026-10-03T03:12:20.642882+00:00,2026-07-11,2026-07-05,3,37.66,16.79,43.58,45.94,31.42,,True
2026-07-12,pre_dam,2026-10-03T03:12:20.642882+00:00,2026-07-11,2026-07-05,4,32.42,14.81,40.28,46.03,31.64,,True
2026-07-12,pre_dam,2026-10-03T03:12:20.642882+00:00,2026-07-11,2026-07-05,5,33.15,15.19,40.97,38.03,32.21,,True
2026-07-12,pre_dam,2026-10-03T03:12:20.642882+00:00,2026-07-11,2026-07-05,6,31.76,13.35,40.31,32.94,16.95,,True
2026-07-12,pre_dam,2026-10-03T03:12:20.642882+00:00,2026-07-11,2026-07-05,7,42.6,18.1,48.84,34.32,26.13,,True
2026-07-12,pre_dam,2026-10-03T03:12:20.642882+00:00,2026-07-11,2026-07-05,8,45.88,21.51,55.19,,30.59,,True
2026-07-12,pre_dam,2026-10-03T03:12:20.642882+00:00,2026-07-11,2026-07-05,9,46.69,23.3,59.31,,30.3,,True
2026-07-12,pre_dam,2026-10-03T03:12:20.642882+00:00,2026-07-11,2026-07-05,10,49.87,23.91,60.25,,40.92,,True
2026-07-12,pre_dam,2026-10-03T03:12:20.642882+00:00,2026-07-11,2026-07-05,11,58.49,25.06,70.34,,83.09,,True
2026-07-12,pre_dam,2026-10-03T03:12:20.642882+00:00,2026-07-11,2026-07-05,12,59.2,22.93,76.66,,108.69,,True
2026-07-12,pre_dam,2026-10-03T03:12:20.642882+00:00,2026-07-11,2026-07-05,13,58.0,22.19,81.87,,79.87,,True
2026-07-12,pre_dam,2026-10-03T03:12:20.642882+00:00,2026-07-11,2026-07-05,14,56.75,21.69,77.16,,69.06,,True
2026-07-12,pre_dam,2026-10-03T03:12:20.642882+00:00,2026-07-11,2026-07-05,15,57.77,21.79,92.96,,58.18,,True
2026-07-12,pre_dam,2026-10-03T03:12:20.642882+00:00,2026-07-11,2026-07-05,16,57.23,27.87,98.37,,49.81,,True
2026-07-12,pre_dam,2026-10-03T03:12:20.642882+00:00,2026-07-11,2026-07-05,17,56.9,26.66,107.46,,50.8,,True
2026-07-12,pre_dam,2026-10-03T03:12:20.642882+00:00,2026-07-11,2026-07-05,18,61.74,27.01,113.14,,34.12,,True
2026-07-12,pre_dam,2026-10-03T03:12:20.642882+00:00,2026-07-11,2026-07-05,19,65.97,28.61,113.4,,33.88,,True
2026-07-12,pre_dam,2026-10-03T03:12:20.642882+00:00,2026-07-11,2026-07-05,20,67.67,28.89,111.95,,32.9,,True
2026-07-12,pre_dam,2026-10-03T03:12:20.642882+00:00,2026-07-11,2026-07-05,21,67.5,29.56,114.59,,38.26,,True
2026-07-12,pre_dam,2026-10-03T03:12:20.642882+00:00,2026-07-11,2026-07-05,22,67.43,30.45,107.08,,37.3,,True
2026-07-12,pre_dam,2026-10-03T03:12:20.642882+00:00,2026-07-11,2026-07-05,23,64.23,28.02,90.03,,30.9,,True
2026-07-12,pre_dam,2026-10-03T03:12:20.642882+00:00,2026-07-11,2026-07-05,24,52.48,22.25,69.84,,23.31,,True
2026-07-13,pre_dam,2026-10-03T03:14:08.179577+00:00,2025-08-13,2025-07-25,1,38.74,10.83,56.51,123.22,50.18,,True
2026-07-13,pre_dam,2026-10-03T03:14:08.179577+00:00,2025-08-13,2025-07-25,2,31.18,9.96,46.69,87.9,31.76,,True
2026-07-13,pre_dam,2026-10-03T03:14:08.179577+00:00,2025-08-13,2025-07-25,3,31.93,10.0,45.42,84.7,31.92,,True
2026-07-13,pre_dam,2026-10-03T03:14:08.179577+00:00,2025-08-13,2025-07-25,4,31.85,7.01,48.38,104.11,32.55,,True
2026-07-13,pre_dam,2026-10-03T03:14:08.179577+00:00,2025-08-13,2025-07-25,5,33.15,7.03,50.64,37.51,30.38,,True
2026-07-13,pre_dam,2026-10-03T03:14:08.179577+00:00,2025-08-13,2025-07-25,6,35.76,9.89,54.75,32.55,34.69,,True
2026-07-13,pre_dam,2026-10-03T03:14:08.179577+00:00,2025-08-13,2025-07-25,7,45.85,18.72,64.22,76.0,47.61,,True
2026-07-13,pre_dam,2026-10-03T03:14:08.179577+00:00,2025-08-13,2025-07-25,8,57.1,22.86,83.84,32.84,69.98,,True
2026-07-13,pre_dam,2026-10-03T03:14:08.179577+00:00,2025-08-13,2025-07-25,9,49.06,23.16,84.37,31.58,60.69,,True
2026-07-13,pre_dam,2026-10-03T03:14:08.179577+00:00,2025-08-13,2025-07-25,10,53.9,24.7,80.32,47.88,76.17,,True
2026-07-13,pre_dam,2026-10-03T03:14:08.179577+00:00,2025-08-13,2025-07-25,11,56.1,23.52,85.95,60.25,109.1,,True
2026-07-13,pre_dam,2026-10-03T03:14:08.179577+00:00,2025-08-13,2025-07-25,12,68.54,26.33,90.5,119.71,143.59,,True
2026-07-13,pre_dam,2026-10-03T03:14:08.179577+00:00,2025-08-13,2025-07-25,13,74.48,23.76,85.46,119.96,136.43,,True
2026-07-13,pre_dam,2026-10-03T03:14:08.179577+00:00,2025-08-13,2025-07-25,14,67.89,24.16,79.79,129.26,106.8,,True
2026-07-13,pre_dam,2026-10-03T03:14:08.179577+00:00,2025-08-13,2025-07-25,15,55.17,25.03,66.06,44.9,92.56,,True
2026-07-13,pre_dam,2026-10-03T03:14:08.179577+00:00,2025-08-13,2025-07-25,16,61.69,24.53,75.04,113.57,119.27,,True
2026-07-13,pre_dam,2026-10-03T03:14:08.179577+00:00,2025-08-13,2025-07-25,17,98.22,22.67,98.22,142.72,16.67,,True
2026-07-13,pre_dam,2026-10-03T03:14:08.179577+00:00,2025-08-13,2025-07-25,18,137.72,21.5,137.72,136.51,20.36,,True
2026-07-13,pre_dam,2026-10-03T03:14:08.179577+00:00,2025-08-13,2025-07-25,19,126.2,23.06,136.7,82.17,118.66,,True
2026-07-13,pre_dam,2026-10-03T03:14:08.179577+00:00,2025-08-13,2025-07-25,20,122.93,24.95,170.86,83.75,153.15,,True
2026-07-13,pre_dam,2026-10-03T03:14:08.179577+00:00,2025-08-13,2025-07-25,21,93.78,24.04,133.63,141.98,191.07,,True
2026-07-13,pre_dam,2026-10-03T03:14:08.179577+00:00,2025-08-13,2025-07-25,22,90.23,26.28,111.42,135.84,116.01,,True
2026-07-13,pre_dam,2026-10-03T03:14:08.179577+00:00,2025-08-13,2025-07-25,23,69.97,24.28,107.18,67.58,80.33,,True
2026-07-13,pre_dam,2026-10-03T03:14:08.179577+00:00,2025-08-13,2025-07-25,24,52.76,20.84,76.42,39.69,35.76,,True
2026-07-14,pre_dam,2026-10-03T03:16:00.672448+00:00,2025-06-24,2025-06-23,1,66.43,12.13,70.65,41.24,23.35,,True
2026-07-14,pre_dam,2026-10-03T03:16:00.672448+00:00,2025-06-24,2025-06-23,2,64.68,14.23,64.68,68.8,77.82,,True
2026-07-14,pre_dam,2026-10-03T03:16:00.672448+00:00,2025-06-24,2025-06-23,3,70.12,13.33,70.12,42.34,35.94,,True
2026-07-14,pre_dam,2026-10-03T03:16:00.672448+00:00,2025-06-24,2025-06-23,4,69.14,16.07,69.14,34.24,84.34,,True
2026-07-14,pre_dam,2026-10-03T03:16:00.672448+00:00,2025-06-24,2025-06-23,5,60.82,20.38,60.82,18.64,21.36,,True
2026-07-14,pre_dam,2026-10-03T03:16:00.672448+00:00,2025-06-24,2025-06-23,6,63.26,21.33,63.95,24.4,19.17,,True
2026-07-14,pre_dam,2026-10-03T03:16:00.672448+00:00,2025-06-24,2025-06-23,7,65.49,19.14,71.65,115.38,22.87,,True
2026-07-14,pre_dam,2026-10-03T03:16:00.672448+00:00,2025-06-24,2025-06-23,8,66.21,27.37,99.15,58.59,25.39,,True
2026-07-14,pre_dam,2026-10-03T03:16:00.672448+00:00,2025-06-24,2025-06-23,9,64.97,27.72,95.77,115.5,29.27,,True
2026-07-14,pre_dam,2026-10-03T03:16:00.672448+00:00,2025-06-24,2025-06-23,10,55.59,30.9,88.2,95.27,27.45,,True
2026-07-14,pre_dam,2026-10-03T03:16:00.672448+00:00,2025-06-24,2025-06-23,11,50.58,22.13,90.05,31.33,33.01,,True
2026-07-14,pre_dam,2026-10-03T03:16:00.672448+00:00,2025-06-24,2025-06-23,12,67.23,22.09,132.2,25.33,60.72,,True
2026-07-14,pre_dam,2026-10-03T03:16:00.672448+00:00,2025-06-24,2025-06-23,13,88.07,21.59,142.07,20.81,21.37,,True
2026-07-14,pre_dam,2026-10-03T03:16:00.672448+00:00,2025-06-24,2025-06-23,14,71.96,19.95,123.12,66.2,52.3,,True
2026-07-14,pre_dam,2026-10-03T03:16:00.672448+00:00,2025-06-24,2025-06-23,15,65.21,18.88,124.36,122.87,25.94,,True
2026-07-14,pre_dam,2026-10-03T03:16:00.672448+00:00,2025-06-24,2025-06-23,16,69.35,16.63,155.85,51.39,12.68,,True
2026-07-14,pre_dam,2026-10-03T03:16:00.672448+00:00,2025-06-24,2025-06-23,17,70.32,10.62,121.14,47.91,12.34,,True
2026-07-14,pre_dam,2026-10-03T03:16:00.672448+00:00,2025-06-24,2025-06-23,18,68.68,11.97,133.17,67.11,44.29,,True
2026-07-14,pre_dam,2026-10-03T03:16:00.672448+00:00,2025-06-24,2025-06-23,19,83.97,13.67,129.13,91.69,36.13,,True
2026-07-14,pre_dam,2026-10-03T03:16:00.672448+00:00,2025-06-24,2025-06-23,20,78.25,17.88,135.15,101.79,35.63,,True
2026-07-14,pre_dam,2026-10-03T03:16:00.672448+00:00,2025-06-24,2025-06-23,21,101.99,23.4,144.95,161.83,20.18,,True
2026-07-14,pre_dam,2026-10-03T03:16:00.672448+00:00,2025-06-24,2025-06-23,22,103.95,22.8,140.42,73.79,35.86,,True
2026-07-14,pre_dam,2026-10-03T03:16:00.672448+00:00,2025-06-24,2025-06-23,23,98.07,26.46,99.54,31.93,181.66,,True
2026-07-14,pre_dam,2026-10-03T03:16:00.672448+00:00,2025-06-24,2025-06-23,24,92.69,27.07,110.44,31.88,89.54,,True
2026-07-16,pre_dam,2026-10-03T03:17:50.667794+00:00,2026-07-15,2025-06-25,1,44.7,25.57,71.44,46.52,22.62,,True
2026-07-16,pre_dam,2026-10-03T03:17:50.667794+00:00,2026-07-15,2025-06-25,2,43.71,21.33,61.81,38.26,21.0,,True
2026-07-16,pre_dam,2026-10-03T03:17:50.667794+00:00,2026-07-15,2025-06-25,3,42.83,20.06,62.13,42.58,37.72,,True
2026-07-16,pre_dam,2026-10-03T03:17:50.667794+00:00,2026-07-15,2025-06-25,4,41.08,20.54,61.77,21.29,35.6,,True
2026-07-16,pre_dam,2026-10-03T03:17:50.667794+00:00,2026-07-15,2025-06-25,5,39.6,25.52,59.74,17.34,19.39,,True
2026-07-16,pre_dam,2026-10-03T03:17:50.667794+00:00,2026-07-15,2025-06-25,6,43.51,27.1,60.79,24.18,16.47,,True
2026-07-16,pre_dam,2026-10-03T03:17:50.667794+00:00,2026-07-15,2025-06-25,7,47.99,26.84,84.44,21.4,26.41,,True
2026-07-16,pre_dam,2026-10-03T03:17:50.667794+00:00,2026-07-15,2025-06-25,8,54.7,29.42,115.47,,20.72,,True
2026-07-16,pre_dam,2026-10-03T03:17:50.667794+00:00,2026-07-15,2025-06-25,9,54.84,32.98,125.33,,21.17,,True
2026-07-16,pre_dam,2026-10-03T03:17:50.667794+00:00,2026-07-15,2025-06-25,10,57.52,33.26,126.84,,18.48,,True
2026-07-16,pre_dam,2026-10-03T03:17:50.667794+00:00,2026-07-15,2025-06-25,11,54.78,33.12,124.29,,20.71,,True
2026-07-16,pre_dam,2026-10-03T03:17:50.667794+00:00,2026-07-15,2025-06-25,12,60.4,31.66,118.71,,26.33,,True
2026-07-16,pre_dam,2026-10-03T03:17:50.667794+00:00,2026-07-15,2025-06-25,13,33.85,31.71,115.32,,58.17,,True
2026-07-16,pre_dam,2026-10-03T03:17:50.667794+00:00,2026-07-15,2025-06-25,14,29.73,25.38,109.76,,25.54,,True
2026-07-16,pre_dam,2026-10-03T03:17:50.667794+00:00,2026-07-15,2025-06-25,15,34.53,27.71,115.31,,59.89,,True
2026-07-16,pre_dam,2026-10-03T03:17:50.667794+00:00,2026-07-15,2025-06-25,16,33.8,25.02,113.6,,91.47,,True
2026-07-16,pre_dam,2026-10-03T03:17:50.667794+00:00,2026-07-15,2025-06-25,17,33.13,25.84,111.71,,72.88,,True
2026-07-16,pre_dam,2026-10-03T03:17:50.667794+00:00,2026-07-15,2025-06-25,18,38.03,28.24,123.16,,42.29,,True
2026-07-16,pre_dam,2026-10-03T03:17:50.667794+00:00,2026-07-15,2025-06-25,19,39.1,26.91,127.36,,59.29,,True
2026-07-16,pre_dam,2026-10-03T03:17:50.667794+00:00,2026-07-15,2025-06-25,20,36.92,30.28,141.85,,50.49,,True
2026-07-16,pre_dam,2026-10-03T03:17:50.667794+00:00,2026-07-15,2025-06-25,21,60.24,31.2,117.84,,57.74,,True
2026-07-16,pre_dam,2026-10-03T03:17:50.667794+00:00,2026-07-15,2025-06-25,22,64.38,36.08,125.66,,63.01,,True
2026-07-16,pre_dam,2026-10-03T03:17:50.667794+00:00,2026-07-15,2025-06-25,23,51.08,29.07,106.08,,56.95,,True
2026-07-16,pre_dam,2026-10-03T03:17:50.667794+00:00,2026-07-15,2025-06-25,24,47.56,23.8,68.4,,49.91,,True
2026-07-18,pre_dam,2026-10-03T03:19:34.244794+00:00,2025-08-17,2025-06-28,1,29.9,16.54,45.03,69.18,34.04,,True
2026-07-18,pre_dam,2026-10-03T03:19:34.244794+00:00,2025-08-17,2025-06-28,2,24.52,11.24,39.57,60.23,39.31,,True
2026-07-18,pre_dam,2026-10-03T03:19:34.244794+00:00,2025-08-17,2025-06-28,3,26.53,11.09,38.7,35.92,15.3,,True
2026-07-18,pre_dam,2026-10-03T03:19:34.244794+00:00,2025-08-17,2025-06-28,4,24.41,10.53,34.66,34.14,18.93,,True
2026-07-18,pre_dam,2026-10-03T03:19:34.244794+00:00,2025-08-17,2025-06-28,5,22.09,9.97,32.9,34.24,31.23,,True
2026-07-18,pre_dam,2026-10-03T03:19:34.244794+00:00,2025-08-17,2025-06-28,6,23.57,8.5,33.44,30.72,28.85,,True
2026-07-18,pre_dam,2026-10-03T03:19:34.244794+00:00,2025-08-17,2025-06-28,7,31.91,15.15,48.22,31.98,48.44,,True
2026-07-18,pre_dam,2026-10-03T03:19:34.244794+00:00,2025-08-17,2025-06-28,8,53.7,18.48,78.1,34.49,55.83,,True
2026-07-18,pre_dam,2026-10-03T03:19:34.244794+00:00,2025-08-17,2025-06-28,9,47.11,20.67,75.15,43.05,42.72,,True
2026-07-18,pre_dam,2026-10-03T03:19:34.244794+00:00,2025-08-17,2025-06-28,10,55.44,20.3,74.93,57.45,36.72,,True
2026-07-18,pre_dam,2026-10-03T03:19:34.244794+00:00,2025-08-17,2025-06-28,11,59.12,19.07,72.69,89.72,35.13,,True
2026-07-18,pre_dam,2026-10-03T03:19:34.244794+00:00,2025-08-17,2025-06-28,12,59.75,20.95,69.55,93.32,36.51,,True
2026-07-18,pre_dam,2026-10-03T03:19:34.244794+00:00,2025-08-17,2025-06-28,13,60.42,22.19,65.81,67.4,46.71,,True
2026-07-18,pre_dam,2026-10-03T03:19:34.244794+00:00,2025-08-17,2025-06-28,14,46.29,18.12,69.02,30.04,52.68,,True
2026-07-18,pre_dam,2026-10-03T03:19:34.244794+00:00,2025-08-17,2025-06-28,15,45.94,18.13,69.13,24.1,39.7,,True
2026-07-18,pre_dam,2026-10-03T03:19:34.244794+00:00,2025-08-17,2025-06-28,16,57.29,20.12,67.02,10.42,32.54,,True
2026-07-18,pre_dam,2026-10-03T03:19:34.244794+00:00,2025-08-17,2025-06-28,17,68.03,18.49,81.24,28.42,49.51,,True
2026-07-18,pre_dam,2026-10-03T03:19:34.244794+00:00,2025-08-17,2025-06-28,18,43.08,22.32,73.47,48.56,70.08,,True
2026-07-18,pre_dam,2026-10-03T03:19:34.244794+00:00,2025-08-17,2025-06-28,19,41.37,24.76,74.22,61.76,98.39,,True
2026-07-18,pre_dam,2026-10-03T03:19:34.244794+00:00,2025-08-17,2025-06-28,20,39.34,22.05,69.45,71.93,31.66,,True
2026-07-18,pre_dam,2026-10-03T03:19:34.244794+00:00,2025-08-17,2025-06-28,21,52.44,19.78,71.27,47.94,31.39,,True
2026-07-18,pre_dam,2026-10-03T03:19:34.244794+00:00,2025-08-17,2025-06-28,22,45.15,21.37,66.45,32.7,42.74,,True
2026-07-18,pre_dam,2026-10-03T03:19:34.244794+00:00,2025-08-17,2025-06-28,23,39.06,12.7,53.89,28.55,28.79,,True
2026-07-18,pre_dam,2026-10-03T03:19:34.244794+00:00,2025-08-17,2025-06-28,24,35.24,12.66,47.45,12.36,23.76,,True
2026-07-20,pre_dam,2026-10-03T03:21:26.555029+00:00,2025-07-03,2025-08-05,1,21.65,9.72,29.04,20.21,29.99,,True
2026-07-20,pre_dam,2026-10-03T03:21:26.555029+00:00,2025-07-03,2025-08-05,2,22.19,3.03,32.07,28.7,31.38,,True
2026-07-20,pre_dam,2026-10-03T03:21:26.555029+00:00,2025-07-03,2025-08-05,3,20.37,3.03,31.74,23.37,32.39,,True
2026-07-20,pre_dam,2026-10-03T03:21:26.555029+00:00,2025-07-03,2025-08-05,4,20.87,3.03,31.74,21.03,32.53,,True
2026-07-20,pre_dam,2026-10-03T03:21:26.555029+00:00,2025-07-03,2025-08-05,5,20.34,0.63,32.23,10.61,33.05,,True
2026-07-20,pre_dam,2026-10-03T03:21:26.555029+00:00,2025-07-03,2025-08-05,6,19.61,1.75,31.92,27.6,29.58,,True
2026-07-20,pre_dam,2026-10-03T03:21:26.555029+00:00,2025-07-03,2025-08-05,7,25.27,10.62,39.12,24.42,29.88,,True
2026-07-20,pre_dam,2026-10-03T03:21:26.555029+00:00,2025-07-03,2025-08-05,8,32.12,17.82,44.66,38.08,33.44,,True
2026-07-20,pre_dam,2026-10-03T03:21:26.555029+00:00,2025-07-03,2025-08-05,9,35.04,15.81,51.46,33.57,52.26,,True
2026-07-20,pre_dam,2026-10-03T03:21:26.555029+00:00,2025-07-03,2025-08-05,10,43.82,25.24,64.86,42.73,75.75,,True
2026-07-20,pre_dam,2026-10-03T03:21:26.555029+00:00,2025-07-03,2025-08-05,11,42.4,23.48,68.23,47.14,75.9,,True
2026-07-20,pre_dam,2026-10-03T03:21:26.555029+00:00,2025-07-03,2025-08-05,12,44.83,25.41,69.77,53.96,73.33,,True
2026-07-20,pre_dam,2026-10-03T03:21:26.555029+00:00,2025-07-03,2025-08-05,13,43.65,26.71,71.92,68.82,107.79,,True
2026-07-20,pre_dam,2026-10-03T03:21:26.555029+00:00,2025-07-03,2025-08-05,14,42.88,26.19,68.46,41.38,61.6,,True
2026-07-20,pre_dam,2026-10-03T03:21:26.555029+00:00,2025-07-03,2025-08-05,15,42.7,27.25,85.64,28.34,17.93,,True
2026-07-20,pre_dam,2026-10-03T03:21:26.555029+00:00,2025-07-03,2025-08-05,16,44.48,28.72,68.9,25.47,24.82,,True
2026-07-20,pre_dam,2026-10-03T03:21:26.555029+00:00,2025-07-03,2025-08-05,17,45.1,30.97,87.29,56.84,60.16,,True
2026-07-20,pre_dam,2026-10-03T03:21:26.555029+00:00,2025-07-03,2025-08-05,18,54.02,31.31,92.02,53.1,224.96,,True
2026-07-20,pre_dam,2026-10-03T03:21:26.555029+00:00,2025-07-03,2025-08-05,19,60.98,32.59,93.73,47.93,78.7,,True
2026-07-20,pre_dam,2026-10-03T03:21:26.555029+00:00,2025-07-03,2025-08-05,20,59.01,32.24,85.2,51.77,84.97,,True
2026-07-20,pre_dam,2026-10-03T03:21:26.555029+00:00,2025-07-03,2025-08-05,21,55.89,29.07,74.64,31.17,146.56,,True
2026-07-20,pre_dam,2026-10-03T03:21:26.555029+00:00,2025-07-03,2025-08-05,22,45.71,23.33,67.24,38.91,100.55,,True
2026-07-20,pre_dam,2026-10-03T03:21:26.555029+00:00,2025-07-03,2025-08-05,23,39.98,20.89,48.14,29.91,56.5,,True
2026-07-20,pre_dam,2026-10-03T03:21:26.555029+00:00,2025-07-03,2025-08-05,24,31.61,16.07,31.61,18.94,33.77,,True
2026-07-21,pre_dam,2026-10-03T03:23:24.940700+00:00,2025-06-19,2026-05-19,1,20.91,10.93,32.75,21.3,70.91,,True
2026-07-21,pre_dam,2026-10-03T03:23:24.940700+00:00,2025-06-19,2026-05-19,2,22.95,8.55,32.19,10.83,-41.42,,True
2026-07-21,pre_dam,2026-10-03T03:23:24.940700+00:00,2025-06-19,2026-05-19,3,22.84,8.53,32.73,9.74,193.86,,True
2026-07-21,pre_dam,2026-10-03T03:23:24.940700+00:00,2025-06-19,2026-05-19,4,25.73,7.71,32.54,0.0,-76.7,,True
2026-07-21,pre_dam,2026-10-03T03:23:24.940700+00:00,2025-06-19,2026-05-19,5,23.22,3.0,31.47,13.32,-90.44,,True
2026-07-21,pre_dam,2026-10-03T03:23:24.940700+00:00,2025-06-19,2026-05-19,6,27.16,3.95,28.47,21.44,-90.16,,True
2026-07-21,pre_dam,2026-10-03T03:23:24.940700+00:00,2025-06-19,2026-05-19,7,26.77,8.29,40.17,27.77,3.77,,True
2026-07-21,pre_dam,2026-10-03T03:23:24.940700+00:00,2025-06-19,2026-05-19,8,41.27,13.78,53.48,25.46,5.23,,True
2026-07-21,pre_dam,2026-10-03T03:23:24.940700+00:00,2025-06-19,2026-05-19,9,48.8,16.6,57.25,23.82,4.4,,True
2026-07-21,pre_dam,2026-10-03T03:23:24.940700+00:00,2025-06-19,2026-05-19,10,50.96,18.76,54.49,62.9,3.94,,True
2026-07-21,pre_dam,2026-10-03T03:23:24.940700+00:00,2025-06-19,2026-05-19,11,59.57,18.84,59.57,12.91,-46.32,,True
2026-07-21,pre_dam,2026-10-03T03:23:24.940700+00:00,2025-06-19,2026-05-19,12,55.99,18.87,56.63,0.77,5.78,,True
2026-07-21,pre_dam,2026-10-03T03:23:24.940700+00:00,2025-06-19,2026-05-19,13,58.23,19.78,61.25,21.1,9.72,,True
2026-07-21,pre_dam,2026-10-03T03:23:24.940700+00:00,2025-06-19,2026-05-19,14,54.04,17.8,60.58,12.03,20.52,,True
2026-07-21,pre_dam,2026-10-03T03:23:24.940700+00:00,2025-06-19,2026-05-19,15,60.26,17.84,75.02,7.67,44.94,,True
2026-07-21,pre_dam,2026-10-03T03:23:24.940700+00:00,2025-06-19,2026-05-19,16,73.19,17.42,86.21,12.23,35.5,,True
2026-07-21,pre_dam,2026-10-03T03:23:24.940700+00:00,2025-06-19,2026-05-19,17,82.14,23.58,82.14,13.2,61.75,,True
2026-07-21,pre_dam,2026-10-03T03:23:24.940700+00:00,2025-06-19,2026-05-19,18,73.1,23.67,85.78,8.14,28.0,,True
2026-07-21,pre_dam,2026-10-03T03:23:24.940700+00:00,2025-06-19,2026-05-19,19,75.77,22.23,77.51,8.2,-28.55,,True
2026-07-21,pre_dam,2026-10-03T03:23:24.940700+00:00,2025-06-19,2026-05-19,20,64.63,23.87,71.18,33.13,-38.6,,True
2026-07-21,pre_dam,2026-10-03T03:23:24.940700+00:00,2025-06-19,2026-05-19,21,59.47,22.41,59.47,66.38,-42.01,,True
2026-07-21,pre_dam,2026-10-03T03:23:24.940700+00:00,2025-06-19,2026-05-19,22,42.44,23.91,58.07,58.32,-43.63,,True
2026-07-21,pre_dam,2026-10-03T03:23:24.940700+00:00,2025-06-19,2026-05-19,23,41.34,18.25,48.45,29.8,-43.47,,True
2026-07-21,pre_dam,2026-10-03T03:23:24.940700+00:00,2025-06-19,2026-05-19,24,28.29,12.59,31.69,60.12,4.5,,True
2026-07-23,pre_dam,2026-10-03T03:25:14.088428+00:00,2025-09-18,2025-08-04,1,23.28,11.69,34.37,25.1,33.61,,True
2026-07-23,pre_dam,2026-10-03T03:25:14.088428+00:00,2025-09-18,2025-08-04,2,21.04,10.94,34.78,28.21,33.4,,True
2026-07-23,pre_dam,2026-10-03T03:25:14.088428+00:00,2025-09-18,2025-08-04,3,20.75,10.39,34.85,24.96,33.31,,True
2026-07-23,pre_dam,2026-10-03T03:25:14.088428+00:00,2025-09-18,2025-08-04,4,21.02,10.92,36.33,25.96,34.16,,True
2026-07-23,pre_dam,2026-10-03T03:25:14.088428+00:00,2025-09-18,2025-08-04,5,26.13,8.08,36.24,30.93,34.46,,True
2026-07-23,pre_dam,2026-10-03T03:25:14.088428+00:00,2025-09-18,2025-08-04,6,25.58,7.65,34.59,46.09,47.05,,True
2026-07-23,pre_dam,2026-10-03T03:25:14.088428+00:00,2025-09-18,2025-08-04,7,29.69,7.87,39.4,45.29,124.88,,True
2026-07-23,pre_dam,2026-10-03T03:25:14.088428+00:00,2025-09-18,2025-08-04,8,39.66,14.99,42.42,39.98,57.14,,True
2026-07-23,pre_dam,2026-10-03T03:25:14.088428+00:00,2025-09-18,2025-08-04,9,41.3,19.47,41.3,41.16,49.33,,True
2026-07-23,pre_dam,2026-10-03T03:25:14.088428+00:00,2025-09-18,2025-08-04,10,33.91,19.4,33.91,53.14,31.28,,True
2026-07-23,pre_dam,2026-10-03T03:25:14.088428+00:00,2025-09-18,2025-08-04,11,41.81,20.69,41.81,57.76,52.07,,True
2026-07-23,pre_dam,2026-10-03T03:25:14.088428+00:00,2025-09-18,2025-08-04,12,43.49,20.0,43.49,53.74,55.32,,True
2026-07-23,pre_dam,2026-10-03T03:25:14.088428+00:00,2025-09-18,2025-08-04,13,57.74,14.29,57.74,100.63,84.64,,True
2026-07-23,pre_dam,2026-10-03T03:25:14.088428+00:00,2025-09-18,2025-08-04,14,65.9,15.42,65.9,52.97,44.99,,True
2026-07-23,pre_dam,2026-10-03T03:25:14.088428+00:00,2025-09-18,2025-08-04,15,43.25,21.47,51.35,47.95,60.91,,True
2026-07-23,pre_dam,2026-10-03T03:25:14.088428+00:00,2025-09-18,2025-08-04,16,36.46,24.04,56.62,90.37,62.11,,True
2026-07-23,pre_dam,2026-10-03T03:25:14.088428+00:00,2025-09-18,2025-08-04,17,40.79,24.54,66.84,45.18,75.18,,True
2026-07-23,pre_dam,2026-10-03T03:25:14.088428+00:00,2025-09-18,2025-08-04,18,35.52,24.04,60.19,47.68,39.04,,True
2026-07-23,pre_dam,2026-10-03T03:25:14.088428+00:00,2025-09-18,2025-08-04,19,42.02,27.61,73.97,89.8,28.17,,True
2026-07-23,pre_dam,2026-10-03T03:25:14.088428+00:00,2025-09-18,2025-08-04,20,37.85,27.75,63.58,41.71,18.47,,True
2026-07-23,pre_dam,2026-10-03T03:25:14.088428+00:00,2025-09-18,2025-08-04,21,45.15,30.11,63.95,41.84,55.23,,True
2026-07-23,pre_dam,2026-10-03T03:25:14.088428+00:00,2025-09-18,2025-08-04,22,40.4,29.4,56.97,39.63,36.94,,True
2026-07-23,pre_dam,2026-10-03T03:25:14.088428+00:00,2025-09-18,2025-08-04,23,30.34,20.93,37.97,38.07,34.88,,True
2026-07-23,pre_dam,2026-10-03T03:25:14.088428+00:00,2025-09-18,2025-08-04,24,23.31,13.78,33.04,33.16,29.03,,True
2026-07-25,pre_dam,2026-10-03T03:07:13.286029+00:00,2026-07-12,2026-07-05,1,21.86,11.56,33.93,34.76,44.05,,True
2026-07-25,pre_dam,2026-10-03T03:07:13.286029+00:00,2026-07-12,2026-07-05,2,22.36,10.3,34.44,29.44,17.35,,True
2026-07-25,pre_dam,2026-10-03T03:07:13.286029+00:00,2026-07-12,2026-07-05,3,22.21,11.25,37.3,30.6,31.42,,True
2026-07-25,pre_dam,2026-10-03T03:07:13.286029+00:00,2026-07-12,2026-07-05,4,22.36,10.45,37.3,22.0,31.64,,True
2026-07-25,pre_dam,2026-10-03T03:07:13.286029+00:00,2026-07-12,2026-07-05,5,22.03,10.09,36.58,20.77,32.21,,True
2026-07-25,pre_dam,2026-10-03T03:07:13.286029+00:00,2026-07-12,2026-07-05,6,22.28,12.24,37.39,13.45,16.95,,True
2026-07-25,pre_dam,2026-10-03T03:07:13.286029+00:00,2026-07-12,2026-07-05,7,22.39,10.97,34.45,13.58,26.13,,True
2026-07-25,pre_dam,2026-10-03T03:07:13.286029+00:00,2026-07-12,2026-07-05,8,27.09,17.17,36.23,29.79,30.59,,True
2026-07-25,pre_dam,2026-10-03T03:07:13.286029+00:00,2026-07-12,2026-07-05,9,32.56,19.11,38.52,31.89,30.3,,True
2026-07-25,pre_dam,2026-10-03T03:07:13.286029+00:00,2026-07-12,2026-07-05,10,32.88,17.37,38.62,33.69,40.92,,True
2026-07-25,pre_dam,2026-10-03T03:07:13.286029+00:00,2026-07-12,2026-07-05,11,33.16,20.06,38.1,38.34,83.09,,True
2026-07-25,pre_dam,2026-10-03T03:07:13.286029+00:00,2026-07-12,2026-07-05,12,40.52,21.18,57.28,62.86,108.69,,True
2026-07-25,pre_dam,2026-10-03T03:07:13.286029+00:00,2026-07-12,2026-07-05,13,42.61,20.29,54.72,74.41,79.87,,True
2026-07-25,pre_dam,2026-10-03T03:07:13.286029+00:00,2026-07-12,2026-07-05,14,45.1,20.5,58.21,78.11,69.06,,True
2026-07-25,pre_dam,2026-10-03T03:07:13.286029+00:00,2026-07-12,2026-07-05,15,48.98,20.28,71.82,50.72,58.18,,True
2026-07-25,pre_dam,2026-10-03T03:07:13.286029+00:00,2026-07-12,2026-07-05,16,48.86,23.02,77.22,53.4,49.81,,True
2026-07-25,pre_dam,2026-10-03T03:07:13.286029+00:00,2026-07-12,2026-07-05,17,51.03,24.93,81.7,85.39,50.8,,True
2026-07-25,pre_dam,2026-10-03T03:07:13.286029+00:00,2026-07-12,2026-07-05,18,47.48,23.99,69.87,101.54,34.12,,True
2026-07-25,pre_dam,2026-10-03T03:07:13.286029+00:00,2026-07-12,2026-07-05,19,47.41,24.71,67.3,147.44,33.88,,True
2026-07-25,pre_dam,2026-10-03T03:07:13.286029+00:00,2026-07-12,2026-07-05,20,41.94,25.55,65.29,180.33,32.9,,True
2026-07-25,pre_dam,2026-10-03T03:07:13.286029+00:00,2026-07-12,2026-07-05,21,43.59,24.94,63.31,44.99,38.26,,True
2026-07-25,pre_dam,2026-10-03T03:07:13.286029+00:00,2026-07-12,2026-07-05,22,34.71,22.84,57.07,88.16,37.3,,True
2026-07-25,pre_dam,2026-10-03T03:07:13.286029+00:00,2026-07-12,2026-07-05,23,32.69,21.48,49.18,35.54,30.9,,True
2026-07-25,pre_dam,2026-10-03T03:07:13.286029+00:00,2026-07-12,2026-07-05,24,29.01,17.36,41.02,28.94,23.31,,True
2026-07-26,pre_dam,2026-10-03T03:09:27.422910+00:00,2025-07-20,2026-07-12,1,24.36,11.41,34.3,36.16,34.76,,True
2026-07-26,pre_dam,2026-10-03T03:09:27.422910+00:00,2025-07-20,2026-07-12,2,24.9,10.57,34.95,33.03,29.44,,True
2026-07-26,pre_dam,2026-10-03T03:09:27.422910+00:00,2025-07-20,2026-07-12,3,25.29,11.56,34.64,31.51,30.6,,True
2026-07-26,pre_dam,2026-10-03T03:09:27.422910+00:00,2025-07-20,2026-07-12,4,23.96,8.01,34.47,33.5,22.0,,True
2026-07-26,pre_dam,2026-10-03T03:09:27.422910+00:00,2025-07-20,2026-07-12,5,23.46,7.92,35.25,32.16,20.77,,True
2026-07-26,pre_dam,2026-10-03T03:09:27.422910+00:00,2025-07-20,2026-07-12,6,24.14,14.6,37.43,26.61,13.45,,True
2026-07-26,pre_dam,2026-10-03T03:09:27.422910+00:00,2025-07-20,2026-07-12,7,26.48,7.44,41.27,33.58,13.58,,True
2026-07-26,pre_dam,2026-10-03T03:09:27.422910+00:00,2025-07-20,2026-07-12,8,33.26,15.82,45.25,46.59,29.79,,True
2026-07-26,pre_dam,2026-10-03T03:09:27.422910+00:00,2025-07-20,2026-07-12,9,32.23,19.57,45.64,108.34,31.89,,True
2026-07-26,pre_dam,2026-10-03T03:09:27.422910+00:00,2025-07-20,2026-07-12,10,38.88,20.91,59.41,55.63,33.69,,True
2026-07-26,pre_dam,2026-10-03T03:09:27.422910+00:00,2025-07-20,2026-07-12,11,39.97,21.33,56.18,80.26,38.34,,True
2026-07-26,pre_dam,2026-10-03T03:09:27.422910+00:00,2025-07-20,2026-07-12,12,45.39,22.71,61.48,44.55,62.86,,True
2026-07-26,pre_dam,2026-10-03T03:09:27.422910+00:00,2025-07-20,2026-07-12,13,44.91,22.45,63.91,88.67,74.41,,True
2026-07-26,pre_dam,2026-10-03T03:09:27.422910+00:00,2025-07-20,2026-07-12,14,42.42,23.83,62.57,42.5,78.11,,True
2026-07-26,pre_dam,2026-10-03T03:09:27.422910+00:00,2025-07-20,2026-07-12,15,47.89,25.48,60.89,30.46,50.72,,True
2026-07-26,pre_dam,2026-10-03T03:09:27.422910+00:00,2025-07-20,2026-07-12,16,39.72,24.19,67.42,68.18,53.4,,True
2026-07-26,pre_dam,2026-10-03T03:09:27.422910+00:00,2025-07-20,2026-07-12,17,48.84,24.91,91.1,79.85,85.39,,True
2026-07-26,pre_dam,2026-10-03T03:09:27.422910+00:00,2025-07-20,2026-07-12,18,61.39,25.98,99.58,39.1,101.54,,True
2026-07-26,pre_dam,2026-10-03T03:09:27.422910+00:00,2025-07-20,2026-07-12,19,57.6,26.62,100.75,75.35,147.44,,True
2026-07-26,pre_dam,2026-10-03T03:09:27.422910+00:00,2025-07-20,2026-07-12,20,51.61,27.59,96.39,91.55,180.33,,True
2026-07-26,pre_dam,2026-10-03T03:09:27.422910+00:00,2025-07-20,2026-07-12,21,48.65,25.87,81.67,80.37,44.99,,True
2026-07-26,pre_dam,2026-10-03T03:09:27.422910+00:00,2025-07-20,2026-07-12,22,49.18,25.52,70.2,70.98,88.16,,True
2026-07-26,pre_dam,2026-10-03T03:09:27.422910+00:00,2025-07-20,2026-07-12,23,45.05,23.93,63.07,34.03,35.54,,True
2026-07-26,pre_dam,2026-10-03T03:09:27.422910+00:00,2025-07-20,2026-07-12,24,36.03,16.8,56.07,24.6,28.94,,True
2026-07-27,pre_dam,2026-10-03T03:11:58.102124+00:00,2025-06-18,2025-08-07,1,31.02,11.96,48.6,28.85,23.67,,True
2026-07-27,pre_dam,2026-10-03T03:11:58.102124+00:00,2025-06-18,2025-08-07,2,24.94,13.55,37.52,30.08,21.12,,True
2026-07-27,pre_dam,2026-10-03T03:11:58.102124+00:00,2025-06-18,2025-08-07,3,21.82,13.07,33.81,29.68,14.79,,True
2026-07-27,pre_dam,2026-10-03T03:11:58.102124+00:00,2025-06-18,2025-08-07,4,21.42,12.27,35.42,33.11,27.46,,True
2026-07-27,pre_dam,2026-10-03T03:11:58.102124+00:00,2025-06-18,2025-08-07,5,23.33,13.91,35.59,29.7,23.84,,True
2026-07-27,pre_dam,2026-10-03T03:11:58.102124+00:00,2025-06-18,2025-08-07,6,22.3,14.19,30.97,32.05,24.76,,True
2026-07-27,pre_dam,2026-10-03T03:11:58.102124+00:00,2025-06-18,2025-08-07,7,27.65,13.67,46.07,46.28,34.98,,True
2026-07-27,pre_dam,2026-10-03T03:11:58.102124+00:00,2025-06-18,2025-08-07,8,32.15,11.05,45.29,49.75,51.68,,True
2026-07-27,pre_dam,2026-10-03T03:11:58.102124+00:00,2025-06-18,2025-08-07,9,38.58,14.76,57.48,52.35,38.54,,True
2026-07-27,pre_dam,2026-10-03T03:11:58.102124+00:00,2025-06-18,2025-08-07,10,40.82,17.09,72.44,150.73,69.91,,True
2026-07-27,pre_dam,2026-10-03T03:11:58.102124+00:00,2025-06-18,2025-08-07,11,37.61,18.36,72.75,217.29,51.6,,True
2026-07-27,pre_dam,2026-10-03T03:11:58.102124+00:00,2025-06-18,2025-08-07,12,41.77,18.09,74.08,60.71,86.03,,True
2026-07-27,pre_dam,2026-10-03T03:11:58.102124+00:00,2025-06-18,2025-08-07,13,47.86,16.98,74.79,31.68,90.45,,True
2026-07-27,pre_dam,2026-10-03T03:11:58.102124+00:00,2025-06-18,2025-08-07,14,47.96,16.82,90.38,25.63,76.24,,True
2026-07-27,pre_dam,2026-10-03T03:11:58.102124+00:00,2025-06-18,2025-08-07,15,48.73,16.75,85.5,28.8,64.17,,True
2026-07-27,pre_dam,2026-10-03T03:11:58.102124+00:00,2025-06-18,2025-08-07,16,39.85,15.87,81.74,9.55,42.03,,True
2026-07-27,pre_dam,2026-10-03T03:11:58.102124+00:00,2025-06-18,2025-08-07,17,46.24,13.53,84.04,28.76,24.34,,True
2026-07-27,pre_dam,2026-10-03T03:11:58.102124+00:00,2025-06-18,2025-08-07,18,48.28,14.73,84.88,-22.01,41.85,,True
2026-07-27,pre_dam,2026-10-03T03:11:58.102124+00:00,2025-06-18,2025-08-07,19,47.6,14.31,82.54,20.04,95.0,,True
2026-07-27,pre_dam,2026-10-03T03:11:58.102124+00:00,2025-06-18,2025-08-07,20,57.84,27.74,101.71,20.62,100.0,,True
2026-07-27,pre_dam,2026-10-03T03:11:58.102124+00:00,2025-06-18,2025-08-07,21,60.68,25.07,87.53,85.81,87.79,,True
2026-07-27,pre_dam,2026-10-03T03:11:58.102124+00:00,2025-06-18,2025-08-07,22,50.83,35.27,96.59,35.31,117.76,,True
2026-07-27,pre_dam,2026-10-03T03:11:58.102124+00:00,2025-06-18,2025-08-07,23,39.32,13.9,56.52,32.17,101.03,,True
2026-07-27,pre_dam,2026-10-03T03:11:58.102124+00:00,2025-06-18,2025-08-07,24,34.08,10.53,51.39,14.16,229.22,,True
2026-07-30,pre_dam,2026-10-03T03:13:45.486184+00:00,2026-07-27,2026-06-10,1,22.25,9.33,30.19,63.59,13.36,,True
2026-07-30,pre_dam,2026-10-03T03:13:45.486184+00:00,2026-07-27,2026-06-10,2,20.95,9.6,30.28,129.77,5.14,,True
2026-07-30,pre_dam,2026-10-03T03:13:45.486184+00:00,2026-07-27,2026-06-10,3,18.38,9.05,35.19,34.42,7.09,,True
2026-07-30,pre_dam,2026-10-03T03:13:45.486184+00:00,2026-07-27,2026-06-10,4,16.73,5.87,25.96,120.73,17.11,,True
2026-07-30,pre_dam,2026-10-03T03:13:45.486184+00:00,2026-07-27,2026-06-10,5,17.78,6.31,26.52,-7.68,19.06,,True
2026-07-30,pre_dam,2026-10-03T03:13:45.486184+00:00,2026-07-27,2026-06-10,6,20.88,10.41,27.03,42.61,21.14,,True
2026-07-30,pre_dam,2026-10-03T03:13:45.486184+00:00,2026-07-27,2026-06-10,7,37.39,9.79,41.29,30.28,39.05,,True
2026-07-30,pre_dam,2026-10-03T03:13:45.486184+00:00,2026-07-27,2026-06-10,8,43.92,13.7,43.92,49.37,28.36,,True
2026-07-30,pre_dam,2026-10-03T03:13:45.486184+00:00,2026-07-27,2026-06-10,9,31.86,18.54,48.14,27.39,29.17,,True
2026-07-30,pre_dam,2026-10-03T03:13:45.486184+00:00,2026-07-27,2026-06-10,10,58.97,28.24,62.31,124.86,37.19,,True
2026-07-30,pre_dam,2026-10-03T03:13:45.486184+00:00,2026-07-27,2026-06-10,11,63.97,30.77,79.26,106.44,33.95,,True
2026-07-30,pre_dam,2026-10-03T03:13:45.486184+00:00,2026-07-27,2026-06-10,12,77.77,31.92,91.74,118.23,32.5,,True
2026-07-30,pre_dam,2026-10-03T03:13:45.486184+00:00,2026-07-27,2026-06-10,13,54.17,30.67,86.05,65.26,38.58,,True
2026-07-30,pre_dam,2026-10-03T03:13:45.486184+00:00,2026-07-27,2026-06-10,14,77.92,32.02,84.43,75.45,54.45,,True
2026-07-30,pre_dam,2026-10-03T03:13:45.486184+00:00,2026-07-27,2026-06-10,15,81.09,32.22,96.31,33.28,56.01,,True
2026-07-30,pre_dam,2026-10-03T03:13:45.486184+00:00,2026-07-27,2026-06-10,16,76.98,31.03,84.94,70.51,5.79,,True
2026-07-30,pre_dam,2026-10-03T03:13:45.486184+00:00,2026-07-27,2026-06-10,17,87.97,28.39,87.97,384.24,73.39,,True
2026-07-30,pre_dam,2026-10-03T03:13:45.486184+00:00,2026-07-27,2026-06-10,18,84.2,28.44,84.2,779.91,111.47,,True
2026-07-30,pre_dam,2026-10-03T03:13:45.486184+00:00,2026-07-27,2026-06-10,19,90.31,27.66,90.31,457.24,125.56,,True
2026-07-30,pre_dam,2026-10-03T03:13:45.486184+00:00,2026-07-27,2026-06-10,20,48.74,29.97,65.88,249.74,34.81,,True
2026-07-30,pre_dam,2026-10-03T03:13:45.486184+00:00,2026-07-27,2026-06-10,21,46.86,29.13,63.54,93.7,36.76,,True
2026-07-30,pre_dam,2026-10-03T03:13:45.486184+00:00,2026-07-27,2026-06-10,22,45.33,28.44,53.59,104.58,64.56,,True
2026-07-30,pre_dam,2026-10-03T03:13:45.486184+00:00,2026-07-27,2026-06-10,23,60.48,26.55,61.33,137.23,34.08,,True
2026-07-30,pre_dam,2026-10-03T03:13:45.486184+00:00,2026-07-27,2026-06-10,24,46.06,15.95,46.06,39.3,13.74,,True
2026-07-31,pre_dam,2026-10-03T03:15:32.643988+00:00,2026-07-07,2026-07-10,1,32.91,15.98,51.69,-34.22,69.85,,True
2026-07-31,pre_dam,2026-10-03T03:15:32.643988+00:00,2026-07-07,2026-07-10,2,30.16,11.03,46.3,5.35,47.9,,True
2026-07-31,pre_dam,2026-10-03T03:15:32.643988+00:00,2026-07-07,2026-07-10,3,26.51,3.5,42.31,17.96,39.51,,True
2026-07-31,pre_dam,2026-10-03T03:15:32.643988+00:00,2026-07-07,2026-07-10,4,25.9,4.94,42.3,32.81,32.86,,True
2026-07-31,pre_dam,2026-10-03T03:15:32.643988+00:00,2026-07-07,2026-07-10,5,26.53,3.51,42.08,34.06,34.55,,True
2026-07-31,pre_dam,2026-10-03T03:15:32.643988+00:00,2026-07-07,2026-07-10,6,27.18,9.14,42.16,24.02,27.98,,True
2026-07-31,pre_dam,2026-10-03T03:15:32.643988+00:00,2026-07-07,2026-07-10,7,32.07,14.96,43.55,40.51,33.15,,True
2026-07-31,pre_dam,2026-10-03T03:15:32.643988+00:00,2026-07-07,2026-07-10,8,43.01,15.06,49.51,23.18,40.87,,True
2026-07-31,pre_dam,2026-10-03T03:15:32.643988+00:00,2026-07-07,2026-07-10,9,34.9,17.19,54.77,24.5,38.07,,True
2026-07-31,pre_dam,2026-10-03T03:15:32.643988+00:00,2026-07-07,2026-07-10,10,35.71,21.18,61.07,43.62,36.75,,True
2026-07-31,pre_dam,2026-10-03T03:15:32.643988+00:00,2026-07-07,2026-07-10,11,44.66,24.68,69.51,25.92,43.4,,True
2026-07-31,pre_dam,2026-10-03T03:15:32.643988+00:00,2026-07-07,2026-07-10,12,54.01,29.86,77.45,14.25,44.48,,True
2026-07-31,pre_dam,2026-10-03T03:15:32.643988+00:00,2026-07-07,2026-07-10,13,54.49,27.38,83.3,34.91,120.78,,True
2026-07-31,pre_dam,2026-10-03T03:15:32.643988+00:00,2026-07-07,2026-07-10,14,71.43,27.94,81.19,57.06,88.34,,True
2026-07-31,pre_dam,2026-10-03T03:15:32.643988+00:00,2026-07-07,2026-07-10,15,58.05,28.84,76.53,46.15,79.38,,True
2026-07-31,pre_dam,2026-10-03T03:15:32.643988+00:00,2026-07-07,2026-07-10,16,78.12,28.12,90.71,46.73,92.79,,True
2026-07-31,pre_dam,2026-10-03T03:15:32.643988+00:00,2026-07-07,2026-07-10,17,76.55,31.47,96.36,65.6,73.68,,True
2026-07-31,pre_dam,2026-10-03T03:15:32.643988+00:00,2026-07-07,2026-07-10,18,104.86,31.73,119.07,89.86,52.36,,True
2026-07-31,pre_dam,2026-10-03T03:15:32.643988+00:00,2026-07-07,2026-07-10,19,107.61,33.13,117.58,85.77,51.46,,True
2026-07-31,pre_dam,2026-10-03T03:15:32.643988+00:00,2026-07-07,2026-07-10,20,87.81,32.83,117.25,97.39,48.9,,True
2026-07-31,pre_dam,2026-10-03T03:15:32.643988+00:00,2026-07-07,2026-07-10,21,77.37,29.96,109.41,70.15,57.23,,True
2026-07-31,pre_dam,2026-10-03T03:15:32.643988+00:00,2026-07-07,2026-07-10,22,68.3,31.3,85.65,80.11,79.85,,True
2026-07-31,pre_dam,2026-10-03T03:15:32.643988+00:00,2026-07-07,2026-07-10,23,45.95,23.5,69.35,61.02,108.12,,True
2026-07-31,pre_dam,2026-10-03T03:15:32.643988+00:00,2026-07-07,2026-07-10,24,41.58,16.83,56.11,37.44,63.66,,True
2026-08-01,pre_dam,2026-10-03T03:17:24.642031+00:00,2026-07-26,2025-07-05,1,39.88,20.8,62.59,33.82,9.88,,True
2026-08-01,pre_dam,2026-10-03T03:17:24.642031+00:00,2026-07-26,2025-07-05,2,30.63,18.7,46.16,27.71,157.68,,True
2026-08-01,pre_dam,2026-10-03T03:17:24.642031+00:00,2026-07-26,2025-07-05,3,27.44,13.39,43.72,29.19,-9.42,,True
2026-08-01,pre_dam,2026-10-03T03:17:24.642031+00:00,2026-07-26,2025-07-05,4,25.17,12.09,42.94,36.51,-2.21,,True
2026-08-01,pre_dam,2026-10-03T03:17:24.642031+00:00,2026-07-26,2025-07-05,5,25.17,11.65,42.94,40.95,-7.06,,True
2026-08-01,pre_dam,2026-10-03T03:17:24.642031+00:00,2026-07-26,2025-07-05,6,24.67,11.4,44.06,14.41,-51.32,,True
2026-08-01,pre_dam,2026-10-03T03:17:24.642031+00:00,2026-07-26,2025-07-05,7,27.84,13.28,43.17,37.37,-45.27,,True
2026-08-01,pre_dam,2026-10-03T03:17:24.642031+00:00,2026-07-26,2025-07-05,8,31.44,15.13,48.51,33.8,-10.44,,True
2026-08-01,pre_dam,2026-10-03T03:17:24.642031+00:00,2026-07-26,2025-07-05,9,30.5,17.55,52.28,23.24,15.6,,True
2026-08-01,pre_dam,2026-10-03T03:17:24.642031+00:00,2026-07-26,2025-07-05,10,46.02,27.15,80.09,35.3,23.34,,True
2026-08-01,pre_dam,2026-10-03T03:17:24.642031+00:00,2026-07-26,2025-07-05,11,50.92,34.88,87.08,63.76,53.87,,True
2026-08-01,pre_dam,2026-10-03T03:17:24.642031+00:00,2026-07-26,2025-07-05,12,59.23,36.68,93.77,78.08,86.89,,True
2026-08-01,pre_dam,2026-10-03T03:17:24.642031+00:00,2026-07-26,2025-07-05,13,66.09,36.77,99.66,63.78,46.4,,True
2026-08-01,pre_dam,2026-10-03T03:17:24.642031+00:00,2026-07-26,2025-07-05,14,70.16,36.19,93.2,79.57,34.22,,True
2026-08-01,pre_dam,2026-10-03T03:17:24.642031+00:00,2026-07-26,2025-07-05,15,71.45,35.58,90.77,77.52,33.44,,True
2026-08-01,pre_dam,2026-10-03T03:17:24.642031+00:00,2026-07-26,2025-07-05,16,62.06,26.59,99.85,78.62,34.11,,True
2026-08-01,pre_dam,2026-10-03T03:17:24.642031+00:00,2026-07-26,2025-07-05,17,96.11,26.46,108.26,79.6,21.07,,True
2026-08-01,pre_dam,2026-10-03T03:17:24.642031+00:00,2026-07-26,2025-07-05,18,87.09,25.83,111.77,74.91,68.02,,True
2026-08-01,pre_dam,2026-10-03T03:17:24.642031+00:00,2026-07-26,2025-07-05,19,80.08,26.39,114.37,85.47,42.3,,True
2026-08-01,pre_dam,2026-10-03T03:17:24.642031+00:00,2026-07-26,2025-07-05,20,66.51,25.75,99.59,84.53,48.13,,True
2026-08-01,pre_dam,2026-10-03T03:17:24.642031+00:00,2026-07-26,2025-07-05,21,52.53,24.56,95.1,84.8,87.07,,True
2026-08-01,pre_dam,2026-10-03T03:17:24.642031+00:00,2026-07-26,2025-07-05,22,42.86,23.49,68.64,97.21,45.92,,True
2026-08-01,pre_dam,2026-10-03T03:17:24.642031+00:00,2026-07-26,2025-07-05,23,33.59,19.23,51.35,114.05,36.81,,True
2026-08-01,pre_dam,2026-10-03T03:17:24.642031+00:00,2026-07-26,2025-07-05,24,30.22,13.12,44.35,137.28,17.54,,True
2026-08-02,pre_dam,2026-10-03T03:19:03.536804+00:00,2026-06-14,2026-07-18,1,27.34,11.03,39.94,18.94,27.58,,True
2026-08-02,pre_dam,2026-10-03T03:19:03.536804+00:00,2026-06-14,2026-07-18,2,26.4,10.08,41.19,23.9,15.98,,True
2026-08-02,pre_dam,2026-10-03T03:19:03.536804+00:00,2026-06-14,2026-07-18,3,25.46,7.7,37.32,21.28,14.78,,True
2026-08-02,pre_dam,2026-10-03T03:19:03.536804+00:00,2026-06-14,2026-07-18,4,25.23,8.5,36.68,17.86,17.34,,True
2026-08-02,pre_dam,2026-10-03T03:19:03.536804+00:00,2026-06-14,2026-07-18,5,25.07,7.26,37.03,10.47,23.4,,True
2026-08-02,pre_dam,2026-10-03T03:19:03.536804+00:00,2026-06-14,2026-07-18,6,25.07,7.19,35.53,16.75,19.47,,True
2026-08-02,pre_dam,2026-10-03T03:19:03.536804+00:00,2026-06-14,2026-07-18,7,26.79,7.31,38.75,12.1,18.37,,True
2026-08-02,pre_dam,2026-10-03T03:19:03.536804+00:00,2026-06-14,2026-07-18,8,27.95,7.88,41.56,9.02,39.78,,True
2026-08-02,pre_dam,2026-10-03T03:19:03.536804+00:00,2026-06-14,2026-07-18,9,29.14,8.89,44.01,8.51,50.01,,True
2026-08-02,pre_dam,2026-10-03T03:19:03.536804+00:00,2026-06-14,2026-07-18,10,45.39,15.28,79.33,13.76,48.69,,True
2026-08-02,pre_dam,2026-10-03T03:19:03.536804+00:00,2026-06-14,2026-07-18,11,43.28,15.12,69.81,37.37,42.91,,True
2026-08-02,pre_dam,2026-10-03T03:19:03.536804+00:00,2026-06-14,2026-07-18,12,48.16,14.63,80.76,14.2,33.24,,True
2026-08-02,pre_dam,2026-10-03T03:19:03.536804+00:00,2026-06-14,2026-07-18,13,46.37,14.39,78.21,11.84,48.3,,True
2026-08-02,pre_dam,2026-10-03T03:19:03.536804+00:00,2026-06-14,2026-07-18,14,45.66,13.84,74.3,11.55,55.78,,True
2026-08-02,pre_dam,2026-10-03T03:19:03.536804+00:00,2026-06-14,2026-07-18,15,42.52,11.84,73.73,14.01,53.17,,True
2026-08-02,pre_dam,2026-10-03T03:19:03.536804+00:00,2026-06-14,2026-07-18,16,42.7,13.08,69.96,13.49,39.57,,True
2026-08-02,pre_dam,2026-10-03T03:19:03.536804+00:00,2026-06-14,2026-07-18,17,47.95,11.83,80.7,31.67,43.29,,True
2026-08-02,pre_dam,2026-10-03T03:19:03.536804+00:00,2026-06-14,2026-07-18,18,46.72,14.65,68.73,11.55,70.47,,True
2026-08-02,pre_dam,2026-10-03T03:19:03.536804+00:00,2026-06-14,2026-07-18,19,48.37,18.01,70.28,11.94,83.08,,True
2026-08-02,pre_dam,2026-10-03T03:19:03.536804+00:00,2026-06-14,2026-07-18,20,45.17,15.42,62.23,25.25,75.19,,True
2026-08-02,pre_dam,2026-10-03T03:19:03.536804+00:00,2026-06-14,2026-07-18,21,35.25,14.04,46.02,23.4,45.81,,True
2026-08-02,pre_dam,2026-10-03T03:19:03.536804+00:00,2026-06-14,2026-07-18,22,41.42,13.29,60.13,34.97,44.33,,True
2026-08-02,pre_dam,2026-10-03T03:19:03.536804+00:00,2026-06-14,2026-07-18,23,34.2,15.77,53.91,13.64,36.18,,True
2026-08-02,pre_dam,2026-10-03T03:19:03.536804+00:00,2026-06-14,2026-07-18,24,28.31,8.51,40.87,15.75,26.6,,True
2026-08-03,pre_dam,2026-10-03T03:20:55.929858+00:00,2025-06-17,2025-06-27,1,18.79,12.54,37.31,18.1,7.67,,True
2026-08-03,pre_dam,2026-10-03T03:20:55.929858+00:00,2025-06-17,2025-06-27,2,18.04,11.65,36.14,24.54,4.94,,True
2026-08-03,pre_dam,2026-10-03T03:20:55.929858+00:00,2025-06-17,2025-06-27,3,17.54,10.52,36.91,14.1,6.24,,True
2026-08-03,pre_dam,2026-10-03T03:20:55.929858+00:00,2025-06-17,2025-06-27,4,18.97,10.76,37.46,9.95,8.35,,True
2026-08-03,pre_dam,2026-10-03T03:20:55.929858+00:00,2025-06-17,2025-06-27,5,15.42,9.73,35.59,5.56,5.52,,True
2026-08-03,pre_dam,2026-10-03T03:20:55.929858+00:00,2025-06-17,2025-06-27,6,18.24,10.97,36.69,7.27,6.59,,True
2026-08-03,pre_dam,2026-10-03T03:20:55.929858+00:00,2025-06-17,2025-06-27,7,19.24,8.37,38.05,20.64,9.63,,True
2026-08-03,pre_dam,2026-10-03T03:20:55.929858+00:00,2025-06-17,2025-06-27,8,24.59,11.26,42.16,14.02,13.99,,True
2026-08-03,pre_dam,2026-10-03T03:20:55.929858+00:00,2025-06-17,2025-06-27,9,26.88,6.47,41.67,11.08,21.95,,True
2026-08-03,pre_dam,2026-10-03T03:20:55.929858+00:00,2025-06-17,2025-06-27,10,29.6,14.13,45.73,9.1,21.11,,True
2026-08-03,pre_dam,2026-10-03T03:20:55.929858+00:00,2025-06-17,2025-06-27,11,31.69,19.9,50.14,4.74,34.44,,True
2026-08-03,pre_dam,2026-10-03T03:20:55.929858+00:00,2025-06-17,2025-06-27,12,35.52,19.44,59.63,9.57,44.54,,True
2026-08-03,pre_dam,2026-10-03T03:20:55.929858+00:00,2025-06-17,2025-06-27,13,44.93,22.08,66.69,8.47,34.76,,True
2026-08-03,pre_dam,2026-10-03T03:20:55.929858+00:00,2025-06-17,2025-06-27,14,38.53,20.55,61.16,28.54,27.12,,True
2026-08-03,pre_dam,2026-10-03T03:20:55.929858+00:00,2025-06-17,2025-06-27,15,36.92,21.82,62.01,32.27,32.21,,True
2026-08-03,pre_dam,2026-10-03T03:20:55.929858+00:00,2025-06-17,2025-06-27,16,32.11,22.11,69.37,57.19,30.15,,True
2026-08-03,pre_dam,2026-10-03T03:20:55.929858+00:00,2025-06-17,2025-06-27,17,19.2,19.2,74.35,56.11,38.32,,True
2026-08-03,pre_dam,2026-10-03T03:20:55.929858+00:00,2025-06-17,2025-06-27,18,33.53,27.65,79.0,48.53,151.61,,True
2026-08-03,pre_dam,2026-10-03T03:20:55.929858+00:00,2025-06-17,2025-06-27,19,32.73,28.22,88.29,71.86,740.1,,True
2026-08-03,pre_dam,2026-10-03T03:20:55.929858+00:00,2025-06-17,2025-06-27,20,45.77,29.23,83.21,53.63,89.45,,True
2026-08-03,pre_dam,2026-10-03T03:20:55.929858+00:00,2025-06-17,2025-06-27,21,40.45,25.61,73.13,27.33,169.38,,True
2026-08-03,pre_dam,2026-10-03T03:20:55.929858+00:00,2025-06-17,2025-06-27,22,43.17,27.79,74.7,26.95,67.94,,True
2026-08-03,pre_dam,2026-10-03T03:20:55.929858+00:00,2025-06-17,2025-06-27,23,32.46,21.83,59.21,23.95,25.97,,True
2026-08-03,pre_dam,2026-10-03T03:20:55.929858+00:00,2025-06-17,2025-06-27,24,24.02,13.63,43.77,24.27,41.6,,True
2026-08-04,pre_dam,2026-10-03T03:22:57.514374+00:00,2025-07-03,2026-07-20,1,22.78,5.55,40.61,20.21,14.67,,True
2026-08-04,pre_dam,2026-10-03T03:22:57.514374+00:00,2025-07-03,2026-07-20,2,22.56,3.06,40.27,28.7,13.31,,True
2026-08-04,pre_dam,2026-10-03T03:22:57.514374+00:00,2025-07-03,2026-07-20,3,20.6,0.15,40.06,23.37,16.67,,True
2026-08-04,pre_dam,2026-10-03T03:22:57.514374+00:00,2025-07-03,2026-07-20,4,21.35,0.2,40.87,21.03,15.64,,True
2026-08-04,pre_dam,2026-10-03T03:22:57.514374+00:00,2025-07-03,2026-07-20,5,23.01,1.72,38.95,10.61,18.89,,True
2026-08-04,pre_dam,2026-10-03T03:22:57.514374+00:00,2025-07-03,2026-07-20,6,20.22,4.35,32.31,27.6,15.42,,True
2026-08-04,pre_dam,2026-10-03T03:22:57.514374+00:00,2025-07-03,2026-07-20,7,22.43,5.58,36.74,24.42,15.57,,True
2026-08-04,pre_dam,2026-10-03T03:22:57.514374+00:00,2025-07-03,2026-07-20,8,26.43,17.39,46.33,38.08,21.21,,True
2026-08-04,pre_dam,2026-10-03T03:22:57.514374+00:00,2025-07-03,2026-07-20,9,25.89,6.77,40.49,33.57,19.73,,True
2026-08-04,pre_dam,2026-10-03T03:22:57.514374+00:00,2025-07-03,2026-07-20,10,27.82,8.97,41.38,42.73,19.84,,True
2026-08-04,pre_dam,2026-10-03T03:22:57.514374+00:00,2025-07-03,2026-07-20,11,35.88,19.08,49.38,47.14,19.98,,True
2026-08-04,pre_dam,2026-10-03T03:22:57.514374+00:00,2025-07-03,2026-07-20,12,33.73,15.57,52.42,53.96,16.64,,True
2026-08-04,pre_dam,2026-10-03T03:22:57.514374+00:00,2025-07-03,2026-07-20,13,39.01,15.03,67.94,68.82,23.15,,True
2026-08-04,pre_dam,2026-10-03T03:22:57.514374+00:00,2025-07-03,2026-07-20,14,33.56,14.62,63.25,41.38,23.78,,True
2026-08-04,pre_dam,2026-10-03T03:22:57.514374+00:00,2025-07-03,2026-07-20,15,44.81,16.79,83.45,28.34,22.53,,True
2026-08-04,pre_dam,2026-10-03T03:22:57.514374+00:00,2025-07-03,2026-07-20,16,55.1,19.83,89.13,25.47,32.97,,True
2026-08-04,pre_dam,2026-10-03T03:22:57.514374+00:00,2025-07-03,2026-07-20,17,54.39,22.11,96.06,56.84,24.23,,True
2026-08-04,pre_dam,2026-10-03T03:22:57.514374+00:00,2025-07-03,2026-07-20,18,77.88,22.25,126.16,53.1,8.14,,True
2026-08-04,pre_dam,2026-10-03T03:22:57.514374+00:00,2025-07-03,2026-07-20,19,77.44,21.28,129.72,47.93,11.32,,True
2026-08-04,pre_dam,2026-10-03T03:22:57.514374+00:00,2025-07-03,2026-07-20,20,69.5,20.62,120.86,51.77,28.86,,True
2026-08-04,pre_dam,2026-10-03T03:22:57.514374+00:00,2025-07-03,2026-07-20,21,62.97,18.84,106.29,31.17,48.24,,True
2026-08-04,pre_dam,2026-10-03T03:22:57.514374+00:00,2025-07-03,2026-07-20,22,57.7,25.14,93.43,38.91,35.93,,True
2026-08-04,pre_dam,2026-10-03T03:22:57.514374+00:00,2025-07-03,2026-07-20,23,41.23,15.11,59.47,29.91,17.7,,True
2026-08-04,pre_dam,2026-10-03T03:22:57.514374+00:00,2025-07-03,2026-07-20,24,26.66,2.72,47.07,18.94,11.28,,True
2026-08-05,pre_dam,2026-10-03T03:24:51.363050+00:00,2026-07-10,2025-07-11,1,23.41,9.75,44.27,69.85,23.88,,True
2026-08-05,pre_dam,2026-10-03T03:24:51.363050+00:00,2026-07-10,2025-07-11,2,23.25,9.18,55.46,47.9,24.32,,True
2026-08-05,pre_dam,2026-10-03T03:24:51.363050+00:00,2026-07-10,2025-07-11,3,22.7,8.82,54.57,39.51,19.02,,True
2026-08-05,pre_dam,2026-10-03T03:24:51.363050+00:00,2026-07-10,2025-07-11,4,22.47,8.85,45.17,32.86,17.46,,True
2026-08-05,pre_dam,2026-10-03T03:24:51.363050+00:00,2026-07-10,2025-07-11,5,22.34,9.01,44.3,34.55,22.52,,True
2026-08-05,pre_dam,2026-10-03T03:24:51.363050+00:00,2026-07-10,2025-07-11,6,23.91,10.89,45.79,27.98,23.86,,True
2026-08-05,pre_dam,2026-10-03T03:24:51.363050+00:00,2026-07-10,2025-07-11,7,25.72,12.78,49.41,33.15,18.67,,True
2026-08-05,pre_dam,2026-10-03T03:24:51.363050+00:00,2026-07-10,2025-07-11,8,31.55,13.46,58.95,40.87,19.54,,True
2026-08-05,pre_dam,2026-10-03T03:24:51.363050+00:00,2026-07-10,2025-07-11,9,38.45,13.06,58.55,38.07,34.2,,True
2026-08-05,pre_dam,2026-10-03T03:24:51.363050+00:00,2026-07-10,2025-07-11,10,47.68,19.03,70.92,36.75,33.08,,True
2026-08-05,pre_dam,2026-10-03T03:24:51.363050+00:00,2026-07-10,2025-07-11,11,56.21,20.78,84.38,43.4,34.41,,True
2026-08-05,pre_dam,2026-10-03T03:24:51.363050+00:00,2026-07-10,2025-07-11,12,64.29,21.19,96.4,44.48,33.94,,True
2026-08-05,pre_dam,2026-10-03T03:24:51.363050+00:00,2026-07-10,2025-07-11,13,61.61,17.17,94.54,120.78,67.98,,True
2026-08-05,pre_dam,2026-10-03T03:24:51.363050+00:00,2026-07-10,2025-07-11,14,59.63,15.56,90.38,88.34,50.26,,True
2026-08-05,pre_dam,2026-10-03T03:24:51.363050+00:00,2026-07-10,2025-07-11,15,82.63,18.56,96.05,79.38,8.19,,True
2026-08-05,pre_dam,2026-10-03T03:24:51.363050+00:00,2026-07-10,2025-07-11,16,43.86,15.96,93.59,92.79,-14.89,,True
2026-08-05,pre_dam,2026-10-03T03:24:51.363050+00:00,2026-07-10,2025-07-11,17,50.05,7.29,107.03,73.68,-1.94,,True
2026-08-05,pre_dam,2026-10-03T03:24:51.363050+00:00,2026-07-10,2025-07-11,18,69.11,-3.92,115.83,52.36,48.71,,True
2026-08-05,pre_dam,2026-10-03T03:24:51.363050+00:00,2026-07-10,2025-07-11,19,69.12,-11.2,135.45,51.46,-27.31,,True
2026-08-05,pre_dam,2026-10-03T03:24:51.363050+00:00,2026-07-10,2025-07-11,20,63.64,-7.52,115.84,48.9,20.31,,True
2026-08-05,pre_dam,2026-10-03T03:24:51.363050+00:00,2026-07-10,2025-07-11,21,72.06,21.75,125.74,57.23,112.52,,True
2026-08-05,pre_dam,2026-10-03T03:24:51.363050+00:00,2026-07-10,2025-07-11,22,98.76,26.52,125.54,79.85,38.4,,True
2026-08-05,pre_dam,2026-10-03T03:24:51.363050+00:00,2026-07-10,2025-07-11,23,51.35,22.12,80.69,108.12,14.89,,True
2026-08-05,pre_dam,2026-10-03T03:24:51.363050+00:00,2026-07-10,2025-07-11,24,29.19,15.65,50.73,63.66,-12.11,,True
2026-08-06,pre_dam,2026-10-03T03:07:14.364069+00:00,2026-08-05,2025-07-10,1,44.69,18.72,72.58,12.62,24.08,,True
2026-08-06,pre_dam,2026-10-03T03:07:14.364069+00:00,2026-08-05,2025-07-10,2,35.88,16.53,76.57,24.16,20.37,,True
2026-08-06,pre_dam,2026-10-03T03:07:14.364069+00:00,2026-08-05,2025-07-10,3,41.68,15.44,74.01,21.63,34.98,,True
2026-08-06,pre_dam,2026-10-03T03:07:14.364069+00:00,2026-08-05,2025-07-10,4,37.53,15.23,63.71,22.79,32.96,,True
2026-08-06,pre_dam,2026-10-03T03:07:14.364069+00:00,2026-08-05,2025-07-10,5,37.8,14.55,57.6,25.18,37.01,,True
2026-08-06,pre_dam,2026-10-03T03:07:14.364069+00:00,2026-08-05,2025-07-10,6,37.93,15.12,67.34,25.38,39.78,,True
2026-08-06,pre_dam,2026-10-03T03:07:14.364069+00:00,2026-08-05,2025-07-10,7,43.91,16.13,71.2,25.29,20.5,,True
2026-08-06,pre_dam,2026-10-03T03:07:14.364069+00:00,2026-08-05,2025-07-10,8,50.54,16.15,77.84,,27.09,,True
2026-08-06,pre_dam,2026-10-03T03:07:14.364069+00:00,2026-08-05,2025-07-10,9,57.11,19.15,96.15,,33.42,,True
2026-08-06,pre_dam,2026-10-03T03:07:14.364069+00:00,2026-08-05,2025-07-10,10,60.75,18.41,107.36,,74.91,,True
2026-08-06,pre_dam,2026-10-03T03:07:14.364069+00:00,2026-08-05,2025-07-10,11,55.75,14.77,98.01,,57.89,,True
2026-08-06,pre_dam,2026-10-03T03:07:14.364069+00:00,2026-08-05,2025-07-10,12,57.75,16.13,105.77,,45.58,,True
2026-08-06,pre_dam,2026-10-03T03:07:14.364069+00:00,2026-08-05,2025-07-10,13,58.32,15.76,109.88,,33.67,,True
2026-08-06,pre_dam,2026-10-03T03:07:14.364069+00:00,2026-08-05,2025-07-10,14,57.94,19.5,128.72,,43.0,,True
2026-08-06,pre_dam,2026-10-03T03:07:14.364069+00:00,2026-08-05,2025-07-10,15,50.95,-3.91,131.35,,34.02,,True
2026-08-06,pre_dam,2026-10-03T03:07:14.364069+00:00,2026-08-05,2025-07-10,16,34.08,-6.28,129.28,,57.95,,True
2026-08-06,pre_dam,2026-10-03T03:07:14.364069+00:00,2026-08-05,2025-07-10,17,36.48,-14.31,132.52,,65.64,,True
2026-08-06,pre_dam,2026-10-03T03:07:14.364069+00:00,2026-08-05,2025-07-10,18,50.43,-14.19,123.84,,30.52,,True
2026-08-06,pre_dam,2026-10-03T03:07:14.364069+00:00,2026-08-05,2025-07-10,19,80.12,-3.92,191.17,,24.45,,True
2026-08-06,pre_dam,2026-10-03T03:07:14.364069+00:00,2026-08-05,2025-07-10,20,83.23,-2.45,150.53,,69.72,,True
2026-08-06,pre_dam,2026-10-03T03:07:14.364069+00:00,2026-08-05,2025-07-10,21,75.5,18.29,120.56,,57.83,,True
2026-08-06,pre_dam,2026-10-03T03:07:14.364069+00:00,2026-08-05,2025-07-10,22,98.49,21.22,158.4,,57.28,,True
2026-08-06,pre_dam,2026-10-03T03:07:14.364069+00:00,2026-08-05,2025-07-10,23,54.0,18.16,99.73,,72.16,,True
2026-08-06,pre_dam,2026-10-03T03:07:14.364069+00:00,2026-08-05,2025-07-10,24,43.05,18.98,77.56,,37.16,,True
2026-08-07,pre_dam,2026-10-03T03:09:27.651472+00:00,2025-07-10,2026-08-06,1,24.25,5.4,43.08,24.08,18.07,,True
2026-08-07,pre_dam,2026-10-03T03:09:27.651472+00:00,2025-07-10,2026-08-06,2,25.45,6.06,37.07,20.37,30.31,,True
2026-08-07,pre_dam,2026-10-03T03:09:27.651472+00:00,2025-07-10,2026-08-06,3,24.85,5.79,36.68,34.98,35.55,,True
2026-08-07,pre_dam,2026-10-03T03:09:27.651472+00:00,2025-07-10,2026-08-06,4,24.72,6.57,39.25,32.96,23.33,,True
2026-08-07,pre_dam,2026-10-03T03:09:27.651472+00:00,2025-07-10,2026-08-06,5,23.53,6.09,39.25,37.01,21.42,,True
2026-08-07,pre_dam,2026-10-03T03:09:27.651472+00:00,2025-07-10,2026-08-06,6,21.11,12.71,46.7,39.78,10.09,,True
2026-08-07,pre_dam,2026-10-03T03:09:27.651472+00:00,2025-07-10,2026-08-06,7,28.08,15.44,62.49,20.5,10.81,,True
2026-08-07,pre_dam,2026-10-03T03:09:27.651472+00:00,2025-07-10,2026-08-06,8,41.35,15.36,83.91,27.09,,,True
2026-08-07,pre_dam,2026-10-03T03:09:27.651472+00:00,2025-07-10,2026-08-06,9,30.53,12.75,71.25,33.42,,,True
2026-08-07,pre_dam,2026-10-03T03:09:27.651472+00:00,2025-07-10,2026-08-06,10,34.04,14.85,91.71,74.91,,,True
2026-08-07,pre_dam,2026-10-03T03:09:27.651472+00:00,2025-07-10,2026-08-06,11,53.91,13.2,88.26,57.89,,,True
2026-08-07,pre_dam,2026-10-03T03:09:27.651472+00:00,2025-07-10,2026-08-06,12,55.95,14.61,106.63,45.58,,,True
2026-08-07,pre_dam,2026-10-03T03:09:27.651472+00:00,2025-07-10,2026-08-06,13,64.9,17.59,124.03,33.67,,,True
2026-08-07,pre_dam,2026-10-03T03:09:27.651472+00:00,2025-07-10,2026-08-06,14,63.65,19.4,107.91,43.0,,,True
2026-08-07,pre_dam,2026-10-03T03:09:27.651472+00:00,2025-07-10,2026-08-06,15,63.7,17.18,124.77,34.02,,,True
2026-08-07,pre_dam,2026-10-03T03:09:27.651472+00:00,2025-07-10,2026-08-06,16,64.28,19.81,124.82,57.95,,,True
2026-08-07,pre_dam,2026-10-03T03:09:27.651472+00:00,2025-07-10,2026-08-06,17,71.13,20.41,123.99,65.64,,,True
2026-08-07,pre_dam,2026-10-03T03:09:27.651472+00:00,2025-07-10,2026-08-06,18,87.49,20.65,118.4,30.52,,,True
2026-08-07,pre_dam,2026-10-03T03:09:27.651472+00:00,2025-07-10,2026-08-06,19,68.64,18.89,122.11,24.45,,,True
2026-08-07,pre_dam,2026-10-03T03:09:27.651472+00:00,2025-07-10,2026-08-06,20,62.39,21.14,112.7,69.72,,,True
2026-08-07,pre_dam,2026-10-03T03:09:27.651472+00:00,2025-07-10,2026-08-06,21,69.95,20.89,120.44,57.83,,,True
2026-08-07,pre_dam,2026-10-03T03:09:27.651472+00:00,2025-07-10,2026-08-06,22,64.29,27.8,117.27,57.28,,,True
2026-08-07,pre_dam,2026-10-03T03:09:27.651472+00:00,2025-07-10,2026-08-06,23,33.96,18.05,61.99,72.16,,,True
2026-08-07,pre_dam,2026-10-03T03:09:27.651472+00:00,2025-07-10,2026-08-06,24,22.44,9.24,44.73,37.16,,,True
2026-08-08,pre_dam,2026-10-03T03:12:06.145833+00:00,2026-08-01,2025-07-06,1,31.34,19.69,43.45,33.93,23.58,,True
2026-08-08,pre_dam,2026-10-03T03:12:06.145833+00:00,2026-08-01,2025-07-06,2,35.38,20.95,53.08,23.17,20.34,,True
2026-08-08,pre_dam,2026-10-03T03:12:06.145833+00:00,2026-08-01,2025-07-06,3,33.06,20.14,51.54,20.36,19.01,,True
2026-08-08,pre_dam,2026-10-03T03:12:06.145833+00:00,2026-08-01,2025-07-06,4,29.17,17.94,44.12,15.65,17.06,,True
2026-08-08,pre_dam,2026-10-03T03:12:06.145833+00:00,2026-08-01,2025-07-06,5,23.17,12.74,35.27,16.54,8.3,,True
2026-08-08,pre_dam,2026-10-03T03:12:06.145833+00:00,2026-08-01,2025-07-06,6,29.07,20.14,39.6,24.1,5.66,,True
2026-08-08,pre_dam,2026-10-03T03:12:06.145833+00:00,2026-08-01,2025-07-06,7,35.87,21.01,51.74,15.02,10.36,,True
2026-08-08,pre_dam,2026-10-03T03:12:06.145833+00:00,2026-08-01,2025-07-06,8,43.4,25.73,67.9,22.7,32.43,,True
2026-08-08,pre_dam,2026-10-03T03:12:06.145833+00:00,2026-08-01,2025-07-06,9,44.77,23.38,66.67,39.04,22.59,,True
2026-08-08,pre_dam,2026-10-03T03:12:06.145833+00:00,2026-08-01,2025-07-06,10,59.78,30.33,96.01,58.42,22.3,,True
2026-08-08,pre_dam,2026-10-03T03:12:06.145833+00:00,2026-08-01,2025-07-06,11,57.81,29.31,102.62,63.73,34.67,,True
2026-08-08,pre_dam,2026-10-03T03:12:06.145833+00:00,2026-08-01,2025-07-06,12,70.1,27.95,119.71,55.01,29.7,,True
2026-08-08,pre_dam,2026-10-03T03:12:06.145833+00:00,2026-08-01,2025-07-06,13,61.34,29.35,105.78,44.35,49.76,,True
2026-08-08,pre_dam,2026-10-03T03:12:06.145833+00:00,2026-08-01,2025-07-06,14,73.49,28.16,127.67,37.33,23.63,,True
2026-08-08,pre_dam,2026-10-03T03:12:06.145833+00:00,2026-08-01,2025-07-06,15,69.58,25.58,125.96,61.33,16.95,,True
2026-08-08,pre_dam,2026-10-03T03:12:06.145833+00:00,2026-08-01,2025-07-06,16,69.81,25.2,121.42,59.39,14.35,,True
2026-08-08,pre_dam,2026-10-03T03:12:06.145833+00:00,2026-08-01,2025-07-06,17,66.31,24.69,122.27,61.98,12.51,,True
2026-08-08,pre_dam,2026-10-03T03:12:06.145833+00:00,2026-08-01,2025-07-06,18,93.52,26.52,131.09,48.35,21.83,,True
2026-08-08,pre_dam,2026-10-03T03:12:06.145833+00:00,2026-08-01,2025-07-06,19,88.8,25.26,126.88,21.67,18.89,,True
2026-08-08,pre_dam,2026-10-03T03:12:06.145833+00:00,2026-08-01,2025-07-06,20,78.51,26.16,115.84,26.58,10.58,,True
2026-08-08,pre_dam,2026-10-03T03:12:06.145833+00:00,2026-08-01,2025-07-06,21,73.04,27.65,106.62,99.52,38.52,,True
2026-08-08,pre_dam,2026-10-03T03:12:06.145833+00:00,2026-08-01,2025-07-06,22,60.76,29.64,77.58,74.72,53.35,,True
2026-08-08,pre_dam,2026-10-03T03:12:06.145833+00:00,2026-08-01,2025-07-06,23,52.8,31.84,75.91,66.52,43.46,,True
2026-08-08,pre_dam,2026-10-03T03:12:06.145833+00:00,2026-08-01,2025-07-06,24,32.55,20.81,51.67,26.33,28.62,,True
2026-08-09,pre_dam,2026-10-03T03:13:50.518772+00:00,2025-07-05,2025-08-23,1,41.36,25.54,58.66,9.88,38.51,,True
2026-08-09,pre_dam,2026-10-03T03:13:50.518772+00:00,2025-07-05,2025-08-23,2,35.3,21.93,54.17,157.68,51.93,,True
2026-08-09,pre_dam,2026-10-03T03:13:50.518772+00:00,2025-07-05,2025-08-23,3,30.44,19.17,50.96,-9.42,76.74,,True
2026-08-09,pre_dam,2026-10-03T03:13:50.518772+00:00,2025-07-05,2025-08-23,4,30.81,18.37,44.34,-2.21,52.49,,True
2026-08-09,pre_dam,2026-10-03T03:13:50.518772+00:00,2025-07-05,2025-08-23,5,29.09,16.16,38.11,-7.06,1.5,,True
2026-08-09,pre_dam,2026-10-03T03:13:50.518772+00:00,2025-07-05,2025-08-23,6,29.3,16.36,38.6,-51.32,6.83,,True
2026-08-09,pre_dam,2026-10-03T03:13:50.518772+00:00,2025-07-05,2025-08-23,7,29.0,16.81,40.33,-45.27,8.3,,True
2026-08-09,pre_dam,2026-10-03T03:13:50.518772+00:00,2025-07-05,2025-08-23,8,34.05,29.4,57.11,-10.44,25.27,,True
2026-08-09,pre_dam,2026-10-03T03:13:50.518772+00:00,2025-07-05,2025-08-23,9,37.36,26.88,59.16,15.6,25.94,,True
2026-08-09,pre_dam,2026-10-03T03:13:50.518772+00:00,2025-07-05,2025-08-23,10,45.9,28.32,66.66,23.34,19.15,,True
2026-08-09,pre_dam,2026-10-03T03:13:50.518772+00:00,2025-07-05,2025-08-23,11,50.37,28.21,85.41,53.87,10.61,,True
2026-08-09,pre_dam,2026-10-03T03:13:50.518772+00:00,2025-07-05,2025-08-23,12,59.9,30.88,101.42,86.89,16.97,,True
2026-08-09,pre_dam,2026-10-03T03:13:50.518772+00:00,2025-07-05,2025-08-23,13,60.93,30.03,115.66,46.4,8.66,,True
2026-08-09,pre_dam,2026-10-03T03:13:50.518772+00:00,2025-07-05,2025-08-23,14,65.66,26.32,116.5,34.22,6.1,,True
2026-08-09,pre_dam,2026-10-03T03:13:50.518772+00:00,2025-07-05,2025-08-23,15,66.46,24.39,107.72,33.44,6.95,,True
2026-08-09,pre_dam,2026-10-03T03:13:50.518772+00:00,2025-07-05,2025-08-23,16,65.36,24.74,115.82,34.11,11.33,,True
2026-08-09,pre_dam,2026-10-03T03:13:50.518772+00:00,2025-07-05,2025-08-23,17,61.12,24.53,129.85,21.07,13.12,,True
2026-08-09,pre_dam,2026-10-03T03:13:50.518772+00:00,2025-07-05,2025-08-23,18,94.07,27.38,160.69,68.02,25.24,,True
2026-08-09,pre_dam,2026-10-03T03:13:50.518772+00:00,2025-07-05,2025-08-23,19,94.01,29.78,181.94,42.3,27.7,,True
2026-08-09,pre_dam,2026-10-03T03:13:50.518772+00:00,2025-07-05,2025-08-23,20,67.83,27.35,138.8,48.13,33.6,,True
2026-08-09,pre_dam,2026-10-03T03:13:50.518772+00:00,2025-07-05,2025-08-23,21,65.92,27.49,117.52,87.07,29.1,,True
2026-08-09,pre_dam,2026-10-03T03:13:50.518772+00:00,2025-07-05,2025-08-23,22,70.47,33.14,129.14,45.92,37.58,,True
2026-08-09,pre_dam,2026-10-03T03:13:50.518772+00:00,2025-07-05,2025-08-23,23,56.07,30.44,89.45,36.81,31.59,,True
2026-08-09,pre_dam,2026-10-03T03:13:50.518772+00:00,2025-07-05,2025-08-23,24,50.38,26.38,78.29,17.54,26.62,,True
2026-08-10,pre_dam,2026-10-03T03:15:40.423119+00:00,2025-09-22,2025-06-22,1,38.7,22.13,64.35,29.04,19.6,,True
2026-08-10,pre_dam,2026-10-03T03:15:40.423119+00:00,2025-09-22,2025-06-22,2,37.89,22.29,55.85,24.1,58.02,,True
2026-08-10,pre_dam,2026-10-03T03:15:40.423119+00:00,2025-09-22,2025-06-22,3,32.33,18.55,47.38,24.55,33.2,,True
2026-08-10,pre_dam,2026-10-03T03:15:40.423119+00:00,2025-09-22,2025-06-22,4,32.12,17.46,45.03,46.09,30.92,,True
2026-08-10,pre_dam,2026-10-03T03:15:40.423119+00:00,2025-09-22,2025-06-22,5,28.5,14.22,43.86,38.59,37.73,,True
2026-08-10,pre_dam,2026-10-03T03:15:40.423119+00:00,2025-09-22,2025-06-22,6,34.36,17.84,49.92,50.3,31.31,,True
2026-08-10,pre_dam,2026-10-03T03:15:40.423119+00:00,2025-09-22,2025-06-22,7,43.79,20.44,60.23,72.79,16.84,,True
2026-08-10,pre_dam,2026-10-03T03:15:40.423119+00:00,2025-09-22,2025-06-22,8,50.88,27.62,79.77,50.81,133.0,,True
2026-08-10,pre_dam,2026-10-03T03:15:40.423119+00:00,2025-09-22,2025-06-22,9,55.8,27.99,89.75,52.0,41.57,,True
2026-08-10,pre_dam,2026-10-03T03:15:40.423119+00:00,2025-09-22,2025-06-22,10,65.22,28.11,114.84,89.44,42.82,,True
2026-08-10,pre_dam,2026-10-03T03:15:40.423119+00:00,2025-09-22,2025-06-22,11,67.97,28.54,119.54,53.95,120.23,,True
2026-08-10,pre_dam,2026-10-03T03:15:40.423119+00:00,2025-09-22,2025-06-22,12,73.27,29.15,135.35,49.04,121.28,,True
2026-08-10,pre_dam,2026-10-03T03:15:40.423119+00:00,2025-09-22,2025-06-22,13,76.09,29.29,141.18,84.36,39.16,,True
2026-08-10,pre_dam,2026-10-03T03:15:40.423119+00:00,2025-09-22,2025-06-22,14,74.7,30.48,133.7,126.2,39.64,,True
2026-08-10,pre_dam,2026-10-03T03:15:40.423119+00:00,2025-09-22,2025-06-22,15,77.26,30.36,140.26,100.18,36.23,,True
2026-08-10,pre_dam,2026-10-03T03:15:40.423119+00:00,2025-09-22,2025-06-22,16,82.67,30.25,157.05,123.26,38.86,,True
2026-08-10,pre_dam,2026-10-03T03:15:40.423119+00:00,2025-09-22,2025-06-22,17,89.6,33.26,168.3,108.09,39.33,,True
2026-08-10,pre_dam,2026-10-03T03:15:40.423119+00:00,2025-09-22,2025-06-22,18,98.49,33.42,168.47,46.03,175.05,,True
2026-08-10,pre_dam,2026-10-03T03:15:40.423119+00:00,2025-09-22,2025-06-22,19,102.28,33.72,200.28,50.68,70.96,,True
2026-08-10,pre_dam,2026-10-03T03:15:40.423119+00:00,2025-09-22,2025-06-22,20,93.18,36.37,170.01,59.96,80.75,,True
2026-08-10,pre_dam,2026-10-03T03:15:40.423119+00:00,2025-09-22,2025-06-22,21,93.25,34.68,169.31,35.9,62.19,,True
2026-08-10,pre_dam,2026-10-03T03:15:40.423119+00:00,2025-09-22,2025-06-22,22,70.45,33.68,122.33,61.75,36.81,,True
2026-08-10,pre_dam,2026-10-03T03:15:40.423119+00:00,2025-09-22,2025-06-22,23,116.2,34.69,181.76,51.68,84.24,,True
2026-08-10,pre_dam,2026-10-03T03:15:40.423119+00:00,2025-09-22,2025-06-22,24,55.8,31.47,91.52,45.88,73.74,,True
2026-08-11,pre_dam,2026-10-03T03:17:26.212915+00:00,2025-07-10,2026-08-07,1,48.47,28.45,78.75,24.08,32.59,,True
2026-08-11,pre_dam,2026-10-03T03:17:26.212915+00:00,2025-07-10,2026-08-07,2,41.5,25.97,75.74,20.37,12.7,,True
2026-08-11,pre_dam,2026-10-03T03:17:26.212915+00:00,2025-07-10,2026-08-07,3,37.84,24.62,53.78,34.98,20.95,,True
2026-08-11,pre_dam,2026-10-03T03:17:26.212915+00:00,2025-07-10,2026-08-07,4,41.72,25.98,59.82,32.96,24.32,,True
2026-08-11,pre_dam,2026-10-03T03:17:26.212915+00:00,2025-07-10,2026-08-07,5,40.28,24.52,61.7,37.01,24.12,,True
2026-08-11,pre_dam,2026-10-03T03:17:26.212915+00:00,2025-07-10,2026-08-07,6,53.35,28.91,63.2,39.78,40.37,,True
2026-08-11,pre_dam,2026-10-03T03:17:26.212915+00:00,2025-07-10,2026-08-07,7,56.12,28.88,94.46,20.5,17.74,,True
2026-08-11,pre_dam,2026-10-03T03:17:26.212915+00:00,2025-07-10,2026-08-07,8,63.17,31.18,114.94,27.09,23.81,,True
2026-08-11,pre_dam,2026-10-03T03:17:26.212915+00:00,2025-07-10,2026-08-07,9,60.97,30.98,114.92,33.42,12.94,,True
2026-08-11,pre_dam,2026-10-03T03:17:26.212915+00:00,2025-07-10,2026-08-07,10,69.43,31.61,124.07,74.91,15.81,,True
2026-08-11,pre_dam,2026-10-03T03:17:26.212915+00:00,2025-07-10,2026-08-07,11,72.88,31.39,124.71,57.89,17.75,,True
2026-08-11,pre_dam,2026-10-03T03:17:26.212915+00:00,2025-07-10,2026-08-07,12,75.36,29.97,123.01,45.58,23.95,,True
2026-08-11,pre_dam,2026-10-03T03:17:26.212915+00:00,2025-07-10,2026-08-07,13,70.34,31.11,116.19,33.67,21.96,,True
2026-08-11,pre_dam,2026-10-03T03:17:26.212915+00:00,2025-07-10,2026-08-07,14,86.37,30.84,157.45,43.0,39.52,,True
2026-08-11,pre_dam,2026-10-03T03:17:26.212915+00:00,2025-07-10,2026-08-07,15,94.57,33.21,170.72,34.02,50.29,,True
2026-08-11,pre_dam,2026-10-03T03:17:26.212915+00:00,2025-07-10,2026-08-07,16,92.99,33.83,172.94,57.95,194.37,,True
2026-08-11,pre_dam,2026-10-03T03:17:26.212915+00:00,2025-07-10,2026-08-07,17,108.11,33.61,178.19,65.64,173.45,,True
2026-08-11,pre_dam,2026-10-03T03:17:26.212915+00:00,2025-07-10,2026-08-07,18,147.31,34.92,205.42,30.52,220.41,,True
2026-08-11,pre_dam,2026-10-03T03:17:26.212915+00:00,2025-07-10,2026-08-07,19,115.52,33.46,191.93,24.45,168.66,,True
2026-08-11,pre_dam,2026-10-03T03:17:26.212915+00:00,2025-07-10,2026-08-07,20,114.96,32.54,175.38,69.72,186.77,,True
2026-08-11,pre_dam,2026-10-03T03:17:26.212915+00:00,2025-07-10,2026-08-07,21,91.28,31.76,173.98,57.83,73.84,,True
2026-08-11,pre_dam,2026-10-03T03:17:26.212915+00:00,2025-07-10,2026-08-07,22,77.13,35.86,130.25,57.28,101.99,,True
2026-08-11,pre_dam,2026-10-03T03:17:26.212915+00:00,2025-07-10,2026-08-07,23,62.87,35.92,113.03,72.16,71.59,,True
2026-08-11,pre_dam,2026-10-03T03:17:26.212915+00:00,2025-07-10,2026-08-07,24,54.3,32.1,87.09,37.16,100.25,,True
2026-08-12,pre_dam,2026-10-03T03:19:02.983088+00:00,2026-08-11,2025-07-09,1,45.39,27.89,68.76,55.49,32.99,,True
2026-08-12,pre_dam,2026-10-03T03:19:02.983088+00:00,2026-08-11,2025-07-09,2,44.1,28.14,65.53,48.42,28.77,,True
2026-08-12,pre_dam,2026-10-03T03:19:02.983088+00:00,2026-08-11,2025-07-09,3,38.96,26.29,59.68,70.17,29.77,,True
2026-08-12,pre_dam,2026-10-03T03:19:02.983088+00:00,2026-08-11,2025-07-09,4,39.0,26.29,61.53,55.14,29.87,,True
2026-08-12,pre_dam,2026-10-03T03:19:02.983088+00:00,2026-08-11,2025-07-09,5,44.3,25.75,66.7,45.9,21.02,,True
2026-08-12,pre_dam,2026-10-03T03:19:02.983088+00:00,2026-08-11,2025-07-09,6,51.55,27.28,68.45,53.82,20.59,,True
2026-08-12,pre_dam,2026-10-03T03:19:02.983088+00:00,2026-08-11,2025-07-09,7,56.4,27.59,93.37,68.05,20.35,,True
2026-08-12,pre_dam,2026-10-03T03:19:02.983088+00:00,2026-08-11,2025-07-09,8,65.37,28.01,122.96,,24.05,,True
2026-08-12,pre_dam,2026-10-03T03:19:02.983088+00:00,2026-08-11,2025-07-09,9,66.18,29.77,107.61,,59.72,,True
2026-08-12,pre_dam,2026-10-03T03:19:02.983088+00:00,2026-08-11,2025-07-09,10,68.81,33.89,124.11,,53.83,,True
2026-08-12,pre_dam,2026-10-03T03:19:02.983088+00:00,2026-08-11,2025-07-09,11,72.41,34.02,124.16,,29.92,,True
2026-08-12,pre_dam,2026-10-03T03:19:02.983088+00:00,2026-08-11,2025-07-09,12,77.8,33.37,139.36,,28.58,,True
2026-08-12,pre_dam,2026-10-03T03:19:02.983088+00:00,2026-08-11,2025-07-09,13,79.42,34.06,145.95,,29.93,,True
2026-08-12,pre_dam,2026-10-03T03:19:02.983088+00:00,2026-08-11,2025-07-09,14,77.94,32.56,150.99,,33.9,,True
2026-08-12,pre_dam,2026-10-03T03:19:02.983088+00:00,2026-08-11,2025-07-09,15,76.73,32.06,148.92,,24.76,,True
2026-08-12,pre_dam,2026-10-03T03:19:02.983088+00:00,2026-08-11,2025-07-09,16,76.99,30.38,151.27,,63.84,,True
2026-08-12,pre_dam,2026-10-03T03:19:02.983088+00:00,2026-08-11,2025-07-09,17,66.98,32.51,135.79,,27.63,,True
2026-08-12,pre_dam,2026-10-03T03:19:02.983088+00:00,2026-08-11,2025-07-09,18,115.25,34.24,188.95,,19.4,,True
2026-08-12,pre_dam,2026-10-03T03:19:02.983088+00:00,2026-08-11,2025-07-09,19,81.77,32.27,154.46,,19.3,,True
2026-08-12,pre_dam,2026-10-03T03:19:02.983088+00:00,2026-08-11,2025-07-09,20,80.7,34.74,151.16,,17.86,,True
2026-08-12,pre_dam,2026-10-03T03:19:02.983088+00:00,2026-08-11,2025-07-09,21,79.0,31.97,136.4,,46.25,,True
2026-08-12,pre_dam,2026-10-03T03:19:02.983088+00:00,2026-08-11,2025-07-09,22,68.42,32.0,112.89,,66.73,,True
2026-08-12,pre_dam,2026-10-03T03:19:02.983088+00:00,2026-08-11,2025-07-09,23,62.09,32.06,99.43,,76.35,,True
2026-08-12,pre_dam,2026-10-03T03:19:02.983088+00:00,2026-08-11,2025-07-09,24,50.98,33.22,85.09,,49.41,,True
2026-08-13,pre_dam,2026-10-03T03:20:56.836599+00:00,2026-08-12,2026-08-11,1,42.75,32.95,59.37,57.86,55.49,,True
2026-08-13,pre_dam,2026-10-03T03:20:56.836599+00:00,2026-08-12,2026-08-11,2,37.2,30.94,55.47,63.16,48.42,,True
2026-08-13,pre_dam,2026-10-03T03:20:56.836599+00:00,2026-08-12,2026-08-11,3,37.45,28.41,57.09,40.75,70.17,,True
2026-08-13,pre_dam,2026-10-03T03:20:56.836599+00:00,2026-08-12,2026-08-11,4,36.58,27.98,53.0,43.78,55.14,,True
2026-08-13,pre_dam,2026-10-03T03:20:56.836599+00:00,2026-08-12,2026-08-11,5,29.87,26.06,47.35,30.54,45.9,,True
2026-08-13,pre_dam,2026-10-03T03:20:56.836599+00:00,2026-08-12,2026-08-11,6,41.73,30.44,63.34,39.18,53.82,,True
2026-08-13,pre_dam,2026-10-03T03:20:56.836599+00:00,2026-08-12,2026-08-11,7,50.5,35.07,71.91,35.46,68.05,,True
2026-08-13,pre_dam,2026-10-03T03:20:56.836599+00:00,2026-08-12,2026-08-11,8,63.13,39.33,113.29,,57.62,,True
2026-08-13,pre_dam,2026-10-03T03:20:56.836599+00:00,2026-08-12,2026-08-11,9,61.35,38.27,113.52,,46.3,,True
2026-08-13,pre_dam,2026-10-03T03:20:56.836599+00:00,2026-08-12,2026-08-11,10,64.2,39.76,114.46,,80.23,,True
2026-08-13,pre_dam,2026-10-03T03:20:56.836599+00:00,2026-08-12,2026-08-11,11,70.81,38.99,132.73,,86.46,,True
2026-08-13,pre_dam,2026-10-03T03:20:56.836599+00:00,2026-08-12,2026-08-11,12,72.12,38.9,123.63,,89.81,,True
2026-08-13,pre_dam,2026-10-03T03:20:56.836599+00:00,2026-08-12,2026-08-11,13,74.91,38.26,126.21,,103.92,,True
2026-08-13,pre_dam,2026-10-03T03:20:56.836599+00:00,2026-08-12,2026-08-11,14,76.94,37.75,125.21,,149.83,,True
2026-08-13,pre_dam,2026-10-03T03:20:56.836599+00:00,2026-08-12,2026-08-11,15,73.55,37.77,134.26,,155.94,,True
2026-08-13,pre_dam,2026-10-03T03:20:56.836599+00:00,2026-08-12,2026-08-11,16,92.17,37.13,136.78,,94.69,,True
2026-08-13,pre_dam,2026-10-03T03:20:56.836599+00:00,2026-08-12,2026-08-11,17,99.04,37.71,146.84,,78.71,,True
2026-08-13,pre_dam,2026-10-03T03:20:56.836599+00:00,2026-08-12,2026-08-11,18,126.26,40.79,176.78,,87.17,,True
2026-08-13,pre_dam,2026-10-03T03:20:56.836599+00:00,2026-08-12,2026-08-11,19,127.33,41.13,206.56,,82.02,,True
2026-08-13,pre_dam,2026-10-03T03:20:56.836599+00:00,2026-08-12,2026-08-11,20,105.07,39.98,160.69,,70.93,,True
2026-08-13,pre_dam,2026-10-03T03:20:56.836599+00:00,2026-08-12,2026-08-11,21,79.18,40.36,135.26,,66.05,,True
2026-08-13,pre_dam,2026-10-03T03:20:56.836599+00:00,2026-08-12,2026-08-11,22,70.05,41.02,116.78,,76.26,,True
2026-08-13,pre_dam,2026-10-03T03:20:56.836599+00:00,2026-08-12,2026-08-11,23,62.77,33.93,100.66,,113.95,,True
2026-08-13,pre_dam,2026-10-03T03:20:56.836599+00:00,2026-08-12,2026-08-11,24,54.41,34.42,93.33,,124.98,,True
2026-08-14,pre_dam,2026-10-03T03:22:57.652198+00:00,2026-08-12,2026-08-13,1,47.97,32.12,56.69,57.86,43.99,,True
2026-08-14,pre_dam,2026-10-03T03:22:57.652198+00:00,2026-08-12,2026-08-13,2,48.46,30.64,55.7,63.16,36.76,,True
2026-08-14,pre_dam,2026-10-03T03:22:57.652198+00:00,2026-08-12,2026-08-13,3,41.98,26.79,52.27,40.75,36.89,,True
2026-08-14,pre_dam,2026-10-03T03:22:57.652198+00:00,2026-08-12,2026-08-13,4,41.98,26.47,59.75,43.78,36.99,,True
2026-08-14,pre_dam,2026-10-03T03:22:57.652198+00:00,2026-08-12,2026-08-13,5,39.43,23.04,55.52,30.54,34.91,,True
2026-08-14,pre_dam,2026-10-03T03:22:57.652198+00:00,2026-08-12,2026-08-13,6,48.9,30.87,62.62,39.18,41.78,,True
2026-08-14,pre_dam,2026-10-03T03:22:57.652198+00:00,2026-08-12,2026-08-13,7,54.65,29.0,87.51,35.46,41.52,,True
2026-08-14,pre_dam,2026-10-03T03:22:57.652198+00:00,2026-08-12,2026-08-13,8,58.91,29.92,98.54,37.98,,,True
2026-08-14,pre_dam,2026-10-03T03:22:57.652198+00:00,2026-08-12,2026-08-13,9,63.25,33.19,93.09,56.41,,,True
2026-08-14,pre_dam,2026-10-03T03:22:57.652198+00:00,2026-08-12,2026-08-13,10,60.87,33.35,89.71,35.43,,,True
2026-08-14,pre_dam,2026-10-03T03:22:57.652198+00:00,2026-08-12,2026-08-13,11,70.71,33.46,95.95,43.13,,,True
2026-08-14,pre_dam,2026-10-03T03:22:57.652198+00:00,2026-08-12,2026-08-13,12,72.27,29.47,101.79,49.43,,,True
2026-08-14,pre_dam,2026-10-03T03:22:57.652198+00:00,2026-08-12,2026-08-13,13,71.9,28.79,104.0,46.08,,,True
2026-08-14,pre_dam,2026-10-03T03:22:57.652198+00:00,2026-08-12,2026-08-13,14,69.44,31.69,103.18,35.69,,,True
2026-08-14,pre_dam,2026-10-03T03:22:57.652198+00:00,2026-08-12,2026-08-13,15,72.97,31.75,114.98,40.76,,,True
2026-08-14,pre_dam,2026-10-03T03:22:57.652198+00:00,2026-08-12,2026-08-13,16,71.05,29.86,122.11,38.15,,,True
2026-08-14,pre_dam,2026-10-03T03:22:57.652198+00:00,2026-08-12,2026-08-13,17,77.1,31.75,126.83,50.96,,,True
2026-08-14,pre_dam,2026-10-03T03:22:57.652198+00:00,2026-08-12,2026-08-13,18,91.17,39.4,201.88,54.22,,,True
2026-08-14,pre_dam,2026-10-03T03:22:57.652198+00:00,2026-08-12,2026-08-13,19,80.88,32.73,151.76,72.98,,,True
2026-08-14,pre_dam,2026-10-03T03:22:57.652198+00:00,2026-08-12,2026-08-13,20,75.97,32.42,127.26,70.99,,,True
2026-08-14,pre_dam,2026-10-03T03:22:57.652198+00:00,2026-08-12,2026-08-13,21,69.76,32.23,117.13,102.81,,,True
2026-08-14,pre_dam,2026-10-03T03:22:57.652198+00:00,2026-08-12,2026-08-13,22,64.88,31.41,102.02,50.58,,,True
2026-08-14,pre_dam,2026-10-03T03:22:57.652198+00:00,2026-08-12,2026-08-13,23,62.2,32.09,93.47,43.97,,,True
2026-08-14,pre_dam,2026-10-03T03:22:57.652198+00:00,2026-08-12,2026-08-13,24,50.78,31.71,69.22,42.1,,,True
2026-08-15,pre_dam,2026-10-03T03:24:56.296168+00:00,2026-07-26,2025-07-19,1,42.73,32.94,55.87,33.82,24.83,,True
2026-08-15,pre_dam,2026-10-03T03:24:56.296168+00:00,2026-07-26,2025-07-19,2,36.9,30.39,50.11,27.71,27.91,,True
2026-08-15,pre_dam,2026-10-03T03:24:56.296168+00:00,2026-07-26,2025-07-19,3,33.27,29.19,45.51,29.19,41.25,,True
2026-08-15,pre_dam,2026-10-03T03:24:56.296168+00:00,2026-07-26,2025-07-19,4,33.17,27.8,38.84,36.51,39.52,,True
2026-08-15,pre_dam,2026-10-03T03:24:56.296168+00:00,2026-07-26,2025-07-19,5,29.09,23.29,35.85,40.95,34.51,,True
2026-08-15,pre_dam,2026-10-03T03:24:56.296168+00:00,2026-07-26,2025-07-19,6,33.09,27.14,42.55,14.41,34.79,,True
2026-08-15,pre_dam,2026-10-03T03:24:56.296168+00:00,2026-07-26,2025-07-19,7,33.67,29.15,55.6,37.37,33.81,,True
2026-08-15,pre_dam,2026-10-03T03:24:56.296168+00:00,2026-07-26,2025-07-19,8,39.51,29.06,58.22,33.8,32.26,,True
2026-08-15,pre_dam,2026-10-03T03:24:56.296168+00:00,2026-07-26,2025-07-19,9,43.63,31.56,64.79,23.24,34.03,,True
2026-08-15,pre_dam,2026-10-03T03:24:56.296168+00:00,2026-07-26,2025-07-19,10,48.39,35.22,65.44,35.3,35.63,,True
2026-08-15,pre_dam,2026-10-03T03:24:56.296168+00:00,2026-07-26,2025-07-19,11,49.28,34.86,72.47,63.76,35.6,,True
2026-08-15,pre_dam,2026-10-03T03:24:56.296168+00:00,2026-07-26,2025-07-19,12,58.56,35.04,85.61,78.08,35.26,,True
2026-08-15,pre_dam,2026-10-03T03:24:56.296168+00:00,2026-07-26,2025-07-19,13,62.47,35.11,91.74,63.78,34.39,,True
2026-08-15,pre_dam,2026-10-03T03:24:56.296168+00:00,2026-07-26,2025-07-19,14,59.61,34.14,92.28,79.57,34.13,,True
2026-08-15,pre_dam,2026-10-03T03:24:56.296168+00:00,2026-07-26,2025-07-19,15,61.65,34.21,89.71,77.52,37.16,,True
2026-08-15,pre_dam,2026-10-03T03:24:56.296168+00:00,2026-07-26,2025-07-19,16,60.25,33.79,87.79,78.62,44.63,,True
2026-08-15,pre_dam,2026-10-03T03:24:56.296168+00:00,2026-07-26,2025-07-19,17,60.62,35.01,98.86,79.6,81.94,,True
2026-08-15,pre_dam,2026-10-03T03:24:56.296168+00:00,2026-07-26,2025-07-19,18,81.69,37.93,131.96,74.91,105.89,,True
2026-08-15,pre_dam,2026-10-03T03:24:56.296168+00:00,2026-07-26,2025-07-19,19,68.74,37.61,122.89,85.47,51.28,,True
2026-08-15,pre_dam,2026-10-03T03:24:56.296168+00:00,2026-07-26,2025-07-19,20,69.56,37.91,121.43,84.53,36.96,,True
2026-08-15,pre_dam,2026-10-03T03:24:56.296168+00:00,2026-07-26,2025-07-19,21,60.37,36.16,99.72,84.8,53.39,,True
2026-08-15,pre_dam,2026-10-03T03:24:56.296168+00:00,2026-07-26,2025-07-19,22,52.14,35.88,80.08,97.21,62.23,,True
2026-08-15,pre_dam,2026-10-03T03:24:56.296168+00:00,2026-07-26,2025-07-19,23,47.32,34.59,67.23,114.05,48.65,,True
2026-08-15,pre_dam,2026-10-03T03:24:56.296168+00:00,2026-07-26,2025-07-19,24,37.41,27.31,60.94,137.28,31.39,,True
2026-08-16,pre_dam,2026-10-03T03:07:04.531382+00:00,2025-07-20,2026-07-18,1,39.89,22.87,58.02,36.16,27.58,,True
2026-08-16,pre_dam,2026-10-03T03:07:04.531382+00:00,2025-07-20,2026-07-18,2,37.32,22.36,56.77,33.03,15.98,,True
2026-08-16,pre_dam,2026-10-03T03:07:04.531382+00:00,2025-07-20,2026-07-18,3,33.53,21.88,48.92,31.51,14.78,,True
2026-08-16,pre_dam,2026-10-03T03:07:04.531382+00:00,2025-07-20,2026-07-18,4,32.63,18.21,46.15,33.5,17.34,,True
2026-08-16,pre_dam,2026-10-03T03:07:04.531382+00:00,2025-07-20,2026-07-18,5,29.46,17.34,44.01,32.16,23.4,,True
2026-08-16,pre_dam,2026-10-03T03:07:04.531382+00:00,2025-07-20,2026-07-18,6,32.09,18.25,46.15,26.61,19.47,,True
2026-08-16,pre_dam,2026-10-03T03:07:04.531382+00:00,2025-07-20,2026-07-18,7,31.54,19.64,46.4,33.58,18.37,,True
2026-08-16,pre_dam,2026-10-03T03:07:04.531382+00:00,2025-07-20,2026-07-18,8,34.02,22.7,49.26,46.59,39.78,,True
2026-08-16,pre_dam,2026-10-03T03:07:04.531382+00:00,2025-07-20,2026-07-18,9,39.83,29.28,69.79,108.34,50.01,,True
2026-08-16,pre_dam,2026-10-03T03:07:04.531382+00:00,2025-07-20,2026-07-18,10,46.54,33.46,70.51,55.63,48.69,,True
2026-08-16,pre_dam,2026-10-03T03:07:04.531382+00:00,2025-07-20,2026-07-18,11,52.45,38.69,73.18,80.26,42.91,,True
2026-08-16,pre_dam,2026-10-03T03:07:04.531382+00:00,2025-07-20,2026-07-18,12,58.15,38.41,104.5,44.55,33.24,,True
2026-08-16,pre_dam,2026-10-03T03:07:04.531382+00:00,2025-07-20,2026-07-18,13,59.79,40.53,104.84,88.67,48.3,,True
2026-08-16,pre_dam,2026-10-03T03:07:04.531382+00:00,2025-07-20,2026-07-18,14,63.65,40.36,103.81,42.5,55.78,,True
2026-08-16,pre_dam,2026-10-03T03:07:04.531382+00:00,2025-07-20,2026-07-18,15,63.99,39.89,106.4,30.46,53.17,,True
2026-08-16,pre_dam,2026-10-03T03:07:04.531382+00:00,2025-07-20,2026-07-18,16,72.46,40.61,121.89,68.18,39.57,,True
2026-08-16,pre_dam,2026-10-03T03:07:04.531382+00:00,2025-07-20,2026-07-18,17,72.85,40.24,126.01,79.85,43.29,,True
2026-08-16,pre_dam,2026-10-03T03:07:04.531382+00:00,2025-07-20,2026-07-18,18,76.2,39.81,129.47,39.1,70.47,,True
2026-08-16,pre_dam,2026-10-03T03:07:04.531382+00:00,2025-07-20,2026-07-18,19,76.2,39.93,136.98,75.35,83.08,,True
2026-08-16,pre_dam,2026-10-03T03:07:04.531382+00:00,2025-07-20,2026-07-18,20,76.47,40.31,129.47,91.55,75.19,,True
2026-08-16,pre_dam,2026-10-03T03:07:04.531382+00:00,2025-07-20,2026-07-18,21,67.62,39.45,124.72,80.37,45.81,,True
2026-08-16,pre_dam,2026-10-03T03:07:04.531382+00:00,2025-07-20,2026-07-18,22,65.4,39.81,115.87,70.98,44.33,,True
2026-08-16,pre_dam,2026-10-03T03:07:04.531382+00:00,2025-07-20,2026-07-18,23,56.9,39.96,92.86,34.03,36.18,,True
2026-08-16,pre_dam,2026-10-03T03:07:04.531382+00:00,2025-07-20,2026-07-18,24,46.41,33.89,78.82,24.6,26.6,,True
2026-08-17,pre_dam,2026-10-03T03:09:20.476645+00:00,2026-08-12,2026-08-13,1,44.95,30.69,61.19,57.86,43.99,,True
2026-08-17,pre_dam,2026-10-03T03:09:20.476645+00:00,2026-08-12,2026-08-13,2,33.41,29.21,58.97,63.16,36.76,,True
2026-08-17,pre_dam,2026-10-03T03:09:20.476645+00:00,2026-08-12,2026-08-13,3,30.05,27.33,49.21,40.75,36.89,,True
2026-08-17,pre_dam,2026-10-03T03:09:20.476645+00:00,2026-08-12,2026-08-13,4,28.62,26.94,50.75,43.78,36.99,,True
2026-08-17,pre_dam,2026-10-03T03:09:20.476645+00:00,2026-08-12,2026-08-13,5,25.37,24.64,39.73,30.54,34.91,,True
2026-08-17,pre_dam,2026-10-03T03:09:20.476645+00:00,2026-08-12,2026-08-13,6,34.09,25.76,54.3,39.18,41.78,,True
2026-08-17,pre_dam,2026-10-03T03:09:20.476645+00:00,2026-08-12,2026-08-13,7,36.65,27.92,66.89,35.46,41.52,,True
2026-08-17,pre_dam,2026-10-03T03:09:20.476645+00:00,2026-08-12,2026-08-13,8,46.73,34.87,76.88,37.98,38.29,,True
2026-08-17,pre_dam,2026-10-03T03:09:20.476645+00:00,2026-08-12,2026-08-13,9,48.58,35.36,106.91,56.41,56.46,,True
2026-08-17,pre_dam,2026-10-03T03:09:20.476645+00:00,2026-08-12,2026-08-13,10,59.93,36.0,118.31,35.43,52.49,,True
2026-08-17,pre_dam,2026-10-03T03:09:20.476645+00:00,2026-08-12,2026-08-13,11,67.07,35.64,122.08,43.13,34.24,,True
2026-08-17,pre_dam,2026-10-03T03:09:20.476645+00:00,2026-08-12,2026-08-13,12,72.54,35.8,125.88,49.43,62.3,,True
2026-08-17,pre_dam,2026-10-03T03:09:20.476645+00:00,2026-08-12,2026-08-13,13,74.16,35.3,126.8,46.08,90.0,,True
2026-08-17,pre_dam,2026-10-03T03:09:20.476645+00:00,2026-08-12,2026-08-13,14,64.38,37.2,119.38,35.69,92.11,,True
2026-08-17,pre_dam,2026-10-03T03:09:20.476645+00:00,2026-08-12,2026-08-13,15,63.09,36.81,121.68,40.76,94.0,,True
2026-08-17,pre_dam,2026-10-03T03:09:20.476645+00:00,2026-08-12,2026-08-13,16,65.18,37.09,122.52,38.15,104.06,,True
2026-08-17,pre_dam,2026-10-03T03:09:20.476645+00:00,2026-08-12,2026-08-13,17,93.74,36.83,155.56,50.96,96.27,,True
2026-08-17,pre_dam,2026-10-03T03:09:20.476645+00:00,2026-08-12,2026-08-13,18,109.69,36.71,164.51,54.22,86.14,,True
2026-08-17,pre_dam,2026-10-03T03:09:20.476645+00:00,2026-08-12,2026-08-13,19,110.95,38.21,174.63,72.98,102.48,,True
2026-08-17,pre_dam,2026-10-03T03:09:20.476645+00:00,2026-08-12,2026-08-13,20,98.22,36.41,155.62,70.99,68.46,,True
2026-08-17,pre_dam,2026-10-03T03:09:20.476645+00:00,2026-08-12,2026-08-13,21,77.08,34.78,127.28,102.81,84.73,,True
2026-08-17,pre_dam,2026-10-03T03:09:20.476645+00:00,2026-08-12,2026-08-13,22,59.81,36.93,116.11,50.58,83.5,,True
2026-08-17,pre_dam,2026-10-03T03:09:20.476645+00:00,2026-08-12,2026-08-13,23,56.67,36.48,97.65,43.97,67.07,,True
2026-08-17,pre_dam,2026-10-03T03:09:20.476645+00:00,2026-08-12,2026-08-13,24,46.67,35.11,73.1,42.1,132.26,,True
2026-08-18,pre_dam,2026-10-03T03:11:54.728655+00:00,2026-08-12,2026-08-13,1,40.63,34.08,62.45,57.86,43.99,,True
2026-08-18,pre_dam,2026-10-03T03:11:54.728655+00:00,2026-08-12,2026-08-13,2,37.51,32.93,55.02,63.16,36.76,,True
2026-08-18,pre_dam,2026-10-03T03:11:54.728655+00:00,2026-08-12,2026-08-13,3,33.08,32.86,53.83,40.75,36.89,,True
2026-08-18,pre_dam,2026-10-03T03:11:54.728655+00:00,2026-08-12,2026-08-13,4,32.4,29.45,54.2,43.78,36.99,,True
2026-08-18,pre_dam,2026-10-03T03:11:54.728655+00:00,2026-08-12,2026-08-13,5,37.68,32.64,59.38,30.54,34.91,,True
2026-08-18,pre_dam,2026-10-03T03:11:54.728655+00:00,2026-08-12,2026-08-13,6,48.2,33.4,65.48,39.18,41.78,,True
2026-08-18,pre_dam,2026-10-03T03:11:54.728655+00:00,2026-08-12,2026-08-13,7,47.81,34.49,67.99,35.46,41.52,,True
2026-08-18,pre_dam,2026-10-03T03:11:54.728655+00:00,2026-08-12,2026-08-13,8,58.65,35.73,104.5,37.98,38.29,,True
2026-08-18,pre_dam,2026-10-03T03:11:54.728655+00:00,2026-08-12,2026-08-13,9,62.68,36.81,112.83,56.41,56.46,,True
2026-08-18,pre_dam,2026-10-03T03:11:54.728655+00:00,2026-08-12,2026-08-13,10,55.66,36.64,107.98,35.43,52.49,,True
2026-08-18,pre_dam,2026-10-03T03:11:54.728655+00:00,2026-08-12,2026-08-13,11,57.88,36.54,109.42,43.13,34.24,,True
2026-08-18,pre_dam,2026-10-03T03:11:54.728655+00:00,2026-08-12,2026-08-13,12,65.2,36.68,115.52,49.43,62.3,,True
2026-08-18,pre_dam,2026-10-03T03:11:54.728655+00:00,2026-08-12,2026-08-13,13,61.24,35.85,123.03,46.08,90.0,,True
2026-08-18,pre_dam,2026-10-03T03:11:54.728655+00:00,2026-08-12,2026-08-13,14,71.72,36.07,123.49,35.69,92.11,,True
2026-08-18,pre_dam,2026-10-03T03:11:54.728655+00:00,2026-08-12,2026-08-13,15,71.38,36.87,126.88,40.76,94.0,,True
2026-08-18,pre_dam,2026-10-03T03:11:54.728655+00:00,2026-08-12,2026-08-13,16,62.83,37.11,124.88,38.15,104.06,,True
2026-08-18,pre_dam,2026-10-03T03:11:54.728655+00:00,2026-08-12,2026-08-13,17,65.75,38.01,140.06,50.96,96.27,,True
2026-08-18,pre_dam,2026-10-03T03:11:54.728655+00:00,2026-08-12,2026-08-13,18,80.56,36.57,135.61,54.22,86.14,,True
2026-08-18,pre_dam,2026-10-03T03:11:54.728655+00:00,2026-08-12,2026-08-13,19,77.83,37.13,138.27,72.98,102.48,,True
2026-08-18,pre_dam,2026-10-03T03:11:54.728655+00:00,2026-08-12,2026-08-13,20,76.48,38.5,135.55,70.99,68.46,,True
2026-08-18,pre_dam,2026-10-03T03:11:54.728655+00:00,2026-08-12,2026-08-13,21,83.45,36.94,148.14,102.81,84.73,,True
2026-08-18,pre_dam,2026-10-03T03:11:54.728655+00:00,2026-08-12,2026-08-13,22,63.03,36.27,120.68,50.58,83.5,,True
2026-08-18,pre_dam,2026-10-03T03:11:54.728655+00:00,2026-08-12,2026-08-13,23,51.75,36.02,94.0,43.97,67.07,,True
2026-08-18,pre_dam,2026-10-03T03:11:54.728655+00:00,2026-08-12,2026-08-13,24,47.45,35.1,69.22,42.1,132.26,,True
2026-08-19,pre_dam,2026-10-03T03:13:42.952398+00:00,2026-07-30,2026-08-12,1,32.66,21.14,53.47,33.59,57.86,,True
2026-08-19,pre_dam,2026-10-03T03:13:42.952398+00:00,2026-07-30,2026-08-12,2,31.99,21.34,49.83,16.79,63.16,,True
2026-08-19,pre_dam,2026-10-03T03:13:42.952398+00:00,2026-07-30,2026-08-12,3,24.02,19.93,36.76,14.28,40.75,,True
2026-08-19,pre_dam,2026-10-03T03:13:42.952398+00:00,2026-07-30,2026-08-12,4,26.43,19.31,41.69,12.96,43.78,,True
2026-08-19,pre_dam,2026-10-03T03:13:42.952398+00:00,2026-07-30,2026-08-12,5,32.55,20.58,53.8,13.15,30.54,,True
2026-08-19,pre_dam,2026-10-03T03:13:42.952398+00:00,2026-07-30,2026-08-12,6,42.3,23.88,58.02,13.08,39.18,,True
2026-08-19,pre_dam,2026-10-03T03:13:42.952398+00:00,2026-07-30,2026-08-12,7,49.67,27.14,71.12,17.49,35.46,,True
2026-08-19,pre_dam,2026-10-03T03:13:42.952398+00:00,2026-07-30,2026-08-12,8,46.17,27.59,79.78,27.01,37.98,,True
2026-08-19,pre_dam,2026-10-03T03:13:42.952398+00:00,2026-07-30,2026-08-12,9,59.88,29.04,131.6,25.42,56.41,,True
2026-08-19,pre_dam,2026-10-03T03:13:42.952398+00:00,2026-07-30,2026-08-12,10,57.24,30.88,133.27,29.89,35.43,,True
2026-08-19,pre_dam,2026-10-03T03:13:42.952398+00:00,2026-07-30,2026-08-12,11,60.68,29.32,138.32,23.09,43.13,,True
2026-08-19,pre_dam,2026-10-03T03:13:42.952398+00:00,2026-07-30,2026-08-12,12,66.49,30.26,132.01,41.62,49.43,,True
2026-08-19,pre_dam,2026-10-03T03:13:42.952398+00:00,2026-07-30,2026-08-12,13,58.25,30.44,108.82,27.59,46.08,,True
2026-08-19,pre_dam,2026-10-03T03:13:42.952398+00:00,2026-07-30,2026-08-12,14,53.52,30.99,102.49,32.74,35.69,,True
2026-08-19,pre_dam,2026-10-03T03:13:42.952398+00:00,2026-07-30,2026-08-12,15,47.73,31.59,108.18,41.97,40.76,,True
2026-08-19,pre_dam,2026-10-03T03:13:42.952398+00:00,2026-07-30,2026-08-12,16,51.02,31.25,114.1,35.06,38.15,,True
2026-08-19,pre_dam,2026-10-03T03:13:42.952398+00:00,2026-07-30,2026-08-12,17,53.6,28.58,112.06,45.97,50.96,,True
2026-08-19,pre_dam,2026-10-03T03:13:42.952398+00:00,2026-07-30,2026-08-12,18,58.64,33.24,129.5,57.45,54.22,,True
2026-08-19,pre_dam,2026-10-03T03:13:42.952398+00:00,2026-07-30,2026-08-12,19,58.24,28.29,130.69,53.83,72.98,,True
2026-08-19,pre_dam,2026-10-03T03:13:42.952398+00:00,2026-07-30,2026-08-12,20,63.42,33.36,147.57,45.4,70.99,,True
2026-08-19,pre_dam,2026-10-03T03:13:42.952398+00:00,2026-07-30,2026-08-12,21,56.81,29.17,119.65,25.81,102.81,,True
2026-08-19,pre_dam,2026-10-03T03:13:42.952398+00:00,2026-07-30,2026-08-12,22,55.28,28.78,117.5,28.52,50.58,,True
2026-08-19,pre_dam,2026-10-03T03:13:42.952398+00:00,2026-07-30,2026-08-12,23,47.44,26.47,69.78,30.31,43.97,,True
2026-08-19,pre_dam,2026-10-03T03:13:42.952398+00:00,2026-07-30,2026-08-12,24,33.79,22.45,58.87,24.19,42.1,,True
2026-08-20,pre_dam,2026-10-03T03:15:35.617630+00:00,2025-08-04,2025-08-22,1,34.0,23.0,54.26,33.61,6.81,,True
2026-08-20,pre_dam,2026-10-03T03:15:35.617630+00:00,2025-08-04,2025-08-22,2,33.68,21.55,52.14,33.4,10.73,,True
2026-08-20,pre_dam,2026-10-03T03:15:35.617630+00:00,2025-08-04,2025-08-22,3,27.29,20.7,38.58,33.31,35.28,,True
2026-08-20,pre_dam,2026-10-03T03:15:35.617630+00:00,2025-08-04,2025-08-22,4,29.32,20.11,40.04,34.16,15.71,,True
2026-08-20,pre_dam,2026-10-03T03:15:35.617630+00:00,2025-08-04,2025-08-22,5,27.88,19.94,39.05,34.46,17.33,,True
2026-08-20,pre_dam,2026-10-03T03:15:35.617630+00:00,2025-08-04,2025-08-22,6,34.16,23.66,48.75,47.05,16.91,,True
2026-08-20,pre_dam,2026-10-03T03:15:35.617630+00:00,2025-08-04,2025-08-22,7,39.16,26.53,59.43,124.88,29.17,,True
2026-08-20,pre_dam,2026-10-03T03:15:35.617630+00:00,2025-08-04,2025-08-22,8,39.34,26.04,68.06,57.14,33.68,,True
2026-08-20,pre_dam,2026-10-03T03:15:35.617630+00:00,2025-08-04,2025-08-22,9,39.31,27.96,68.51,49.33,40.29,,True
2026-08-20,pre_dam,2026-10-03T03:15:35.617630+00:00,2025-08-04,2025-08-22,10,45.67,29.78,75.03,31.28,35.92,,True
2026-08-20,pre_dam,2026-10-03T03:15:35.617630+00:00,2025-08-04,2025-08-22,11,45.31,29.5,81.98,52.07,38.72,,True
2026-08-20,pre_dam,2026-10-03T03:15:35.617630+00:00,2025-08-04,2025-08-22,12,45.21,28.38,79.21,55.32,34.87,,True
2026-08-20,pre_dam,2026-10-03T03:15:35.617630+00:00,2025-08-04,2025-08-22,13,41.22,28.18,77.51,84.64,39.07,,True
2026-08-20,pre_dam,2026-10-03T03:15:35.617630+00:00,2025-08-04,2025-08-22,14,42.31,27.89,87.95,44.99,39.09,,True
2026-08-20,pre_dam,2026-10-03T03:15:35.617630+00:00,2025-08-04,2025-08-22,15,44.34,24.53,105.57,60.91,35.28,,True
2026-08-20,pre_dam,2026-10-03T03:15:35.617630+00:00,2025-08-04,2025-08-22,16,39.82,24.46,104.5,62.11,33.4,,True
2026-08-20,pre_dam,2026-10-03T03:15:35.617630+00:00,2025-08-04,2025-08-22,17,40.94,25.9,105.66,75.18,40.69,,True
2026-08-20,pre_dam,2026-10-03T03:15:35.617630+00:00,2025-08-04,2025-08-22,18,53.92,24.0,113.67,39.04,40.79,,True
2026-08-20,pre_dam,2026-10-03T03:15:35.617630+00:00,2025-08-04,2025-08-22,19,69.4,24.7,120.8,28.17,41.69,,True
2026-08-20,pre_dam,2026-10-03T03:15:35.617630+00:00,2025-08-04,2025-08-22,20,69.07,28.02,118.4,18.47,28.55,,True
2026-08-20,pre_dam,2026-10-03T03:15:35.617630+00:00,2025-08-04,2025-08-22,21,59.57,28.65,106.95,55.23,10.52,,True
2026-08-20,pre_dam,2026-10-03T03:15:35.617630+00:00,2025-08-04,2025-08-22,22,56.74,31.65,91.67,36.94,34.0,,True
2026-08-20,pre_dam,2026-10-03T03:15:35.617630+00:00,2025-08-04,2025-08-22,23,55.32,35.31,98.01,34.88,51.44,,True
2026-08-20,pre_dam,2026-10-03T03:15:35.617630+00:00,2025-08-04,2025-08-22,24,36.62,27.46,64.56,29.03,39.2,,True
2026-08-21,pre_dam,2026-10-03T03:17:29.227514+00:00,2026-08-20,2025-08-22,1,32.67,19.87,56.7,32.92,6.81,,True
2026-08-21,pre_dam,2026-10-03T03:17:29.227514+00:00,2026-08-20,2025-08-22,2,28.81,20.13,46.66,33.0,10.73,,True
2026-08-21,pre_dam,2026-10-03T03:17:29.227514+00:00,2026-08-20,2025-08-22,3,28.81,19.62,47.14,33.04,35.28,,True
2026-08-21,pre_dam,2026-10-03T03:17:29.227514+00:00,2026-08-20,2025-08-22,4,27.62,19.62,47.4,32.96,15.71,,True
2026-08-21,pre_dam,2026-10-03T03:17:29.227514+00:00,2026-08-20,2025-08-22,5,27.94,20.97,46.16,32.65,17.33,,True
2026-08-21,pre_dam,2026-10-03T03:17:29.227514+00:00,2026-08-20,2025-08-22,6,32.2,21.51,56.6,33.47,16.91,,True
2026-08-21,pre_dam,2026-10-03T03:17:29.227514+00:00,2026-08-20,2025-08-22,7,37.59,22.99,65.15,36.52,29.17,,True
2026-08-21,pre_dam,2026-10-03T03:17:29.227514+00:00,2026-08-20,2025-08-22,8,38.09,23.14,65.31,,33.68,,True
2026-08-21,pre_dam,2026-10-03T03:17:29.227514+00:00,2026-08-20,2025-08-22,9,37.68,21.66,65.62,,40.29,,True
2026-08-21,pre_dam,2026-10-03T03:17:29.227514+00:00,2026-08-20,2025-08-22,10,42.56,26.98,71.59,,35.92,,True
2026-08-21,pre_dam,2026-10-03T03:17:29.227514+00:00,2026-08-20,2025-08-22,11,43.8,32.33,71.69,,38.72,,True
2026-08-21,pre_dam,2026-10-03T03:17:29.227514+00:00,2026-08-20,2025-08-22,12,41.48,32.67,74.98,,34.87,,True
2026-08-21,pre_dam,2026-10-03T03:17:29.227514+00:00,2026-08-20,2025-08-22,13,47.89,31.57,89.65,,39.07,,True
2026-08-21,pre_dam,2026-10-03T03:17:29.227514+00:00,2026-08-20,2025-08-22,14,46.35,30.7,90.73,,39.09,,True
2026-08-21,pre_dam,2026-10-03T03:17:29.227514+00:00,2026-08-20,2025-08-22,15,47.84,30.56,94.89,,35.28,,True
2026-08-21,pre_dam,2026-10-03T03:17:29.227514+00:00,2026-08-20,2025-08-22,16,56.69,29.31,113.27,,33.4,,True
2026-08-21,pre_dam,2026-10-03T03:17:29.227514+00:00,2026-08-20,2025-08-22,17,50.18,31.4,114.77,,40.69,,True
2026-08-21,pre_dam,2026-10-03T03:17:29.227514+00:00,2026-08-20,2025-08-22,18,65.64,30.45,122.87,,40.79,,True
2026-08-21,pre_dam,2026-10-03T03:17:29.227514+00:00,2026-08-20,2025-08-22,19,73.07,31.63,147.14,,41.69,,True
2026-08-21,pre_dam,2026-10-03T03:17:29.227514+00:00,2026-08-20,2025-08-22,20,65.09,31.24,119.98,,28.55,,True
2026-08-21,pre_dam,2026-10-03T03:17:29.227514+00:00,2026-08-20,2025-08-22,21,60.01,32.32,115.23,,10.52,,True
2026-08-21,pre_dam,2026-10-03T03:17:29.227514+00:00,2026-08-20,2025-08-22,22,53.36,30.53,95.88,,34.0,,True
2026-08-21,pre_dam,2026-10-03T03:17:29.227514+00:00,2026-08-20,2025-08-22,23,47.75,30.3,88.76,,51.44,,True
2026-08-21,pre_dam,2026-10-03T03:17:29.227514+00:00,2026-08-20,2025-08-22,24,34.88,21.82,55.97,,39.2,,True
2026-08-22,pre_dam,2026-10-03T03:19:14.045990+00:00,2025-08-23,2025-06-29,1,30.71,23.84,49.79,38.51,36.02,,True
2026-08-22,pre_dam,2026-10-03T03:19:14.045990+00:00,2025-08-23,2025-06-29,2,28.6,21.95,50.29,51.93,33.09,,True
2026-08-22,pre_dam,2026-10-03T03:19:14.045990+00:00,2025-08-23,2025-06-29,3,28.72,20.97,50.59,76.74,35.38,,True
2026-08-22,pre_dam,2026-10-03T03:19:14.045990+00:00,2025-08-23,2025-06-29,4,29.7,22.1,51.21,52.49,34.51,,True
2026-08-22,pre_dam,2026-10-03T03:19:14.045990+00:00,2025-08-23,2025-06-29,5,26.35,18.92,46.09,1.5,25.3,,True
2026-08-22,pre_dam,2026-10-03T03:19:14.045990+00:00,2025-08-23,2025-06-29,6,25.57,16.85,47.35,6.83,15.93,,True
2026-08-22,pre_dam,2026-10-03T03:19:14.045990+00:00,2025-08-23,2025-06-29,7,28.92,23.53,51.25,8.3,23.68,,True
2026-08-22,pre_dam,2026-10-03T03:19:14.045990+00:00,2025-08-23,2025-06-29,8,31.49,27.3,54.63,25.27,35.6,,True
2026-08-22,pre_dam,2026-10-03T03:19:14.045990+00:00,2025-08-23,2025-06-29,9,33.24,28.09,61.69,25.94,31.88,,True
2026-08-22,pre_dam,2026-10-03T03:19:14.045990+00:00,2025-08-23,2025-06-29,10,42.19,24.3,67.64,19.15,35.28,,True
2026-08-22,pre_dam,2026-10-03T03:19:14.045990+00:00,2025-08-23,2025-06-29,11,45.86,27.02,73.56,10.61,31.98,,True
2026-08-22,pre_dam,2026-10-03T03:19:14.045990+00:00,2025-08-23,2025-06-29,12,46.0,27.22,64.86,16.97,32.98,,True
2026-08-22,pre_dam,2026-10-03T03:19:14.045990+00:00,2025-08-23,2025-06-29,13,45.61,28.71,75.88,8.66,30.0,,True
2026-08-22,pre_dam,2026-10-03T03:19:14.045990+00:00,2025-08-23,2025-06-29,14,48.03,29.47,77.99,6.1,30.06,,True
2026-08-22,pre_dam,2026-10-03T03:19:14.045990+00:00,2025-08-23,2025-06-29,15,45.72,28.52,78.27,6.95,30.27,,True
2026-08-22,pre_dam,2026-10-03T03:19:14.045990+00:00,2025-08-23,2025-06-29,16,54.07,27.92,93.21,11.33,28.86,,True
2026-08-22,pre_dam,2026-10-03T03:19:14.045990+00:00,2025-08-23,2025-06-29,17,71.43,29.75,97.07,13.12,30.55,,True
2026-08-22,pre_dam,2026-10-03T03:19:14.045990+00:00,2025-08-23,2025-06-29,18,58.17,29.07,100.33,25.24,50.99,,True
2026-08-22,pre_dam,2026-10-03T03:19:14.045990+00:00,2025-08-23,2025-06-29,19,69.14,30.76,107.61,27.7,62.81,,True
2026-08-22,pre_dam,2026-10-03T03:19:14.045990+00:00,2025-08-23,2025-06-29,20,63.95,31.79,104.23,33.6,80.85,,True
2026-08-22,pre_dam,2026-10-03T03:19:14.045990+00:00,2025-08-23,2025-06-29,21,56.75,33.96,103.22,29.1,40.86,,True
2026-08-22,pre_dam,2026-10-03T03:19:14.045990+00:00,2025-08-23,2025-06-29,22,38.5,28.18,65.66,37.58,33.86,,True
2026-08-22,pre_dam,2026-10-03T03:19:14.045990+00:00,2025-08-23,2025-06-29,23,36.62,25.9,58.08,31.59,31.78,,True
2026-08-22,pre_dam,2026-10-03T03:19:14.045990+00:00,2025-08-23,2025-06-29,24,34.87,25.11,46.5,26.62,30.6,,True
2026-08-23,pre_dam,2026-10-03T03:20:58.402562+00:00,2026-06-07,2026-06-14,1,37.67,19.26,53.24,8.45,18.94,,True
2026-08-23,pre_dam,2026-10-03T03:20:58.402562+00:00,2026-06-07,2026-06-14,2,29.38,18.11,42.96,12.14,23.9,,True
2026-08-23,pre_dam,2026-10-03T03:20:58.402562+00:00,2026-06-07,2026-06-14,3,32.84,17.58,45.42,11.22,21.28,,True
2026-08-23,pre_dam,2026-10-03T03:20:58.402562+00:00,2026-06-07,2026-06-14,4,27.6,9.1,40.15,10.48,17.86,,True
2026-08-23,pre_dam,2026-10-03T03:20:58.402562+00:00,2026-06-07,2026-06-14,5,28.22,9.51,40.09,9.1,10.47,,True
2026-08-23,pre_dam,2026-10-03T03:20:58.402562+00:00,2026-06-07,2026-06-14,6,27.83,9.78,40.21,9.65,16.75,,True
2026-08-23,pre_dam,2026-10-03T03:20:58.402562+00:00,2026-06-07,2026-06-14,7,28.78,10.63,41.58,11.95,12.1,,True
2026-08-23,pre_dam,2026-10-03T03:20:58.402562+00:00,2026-06-07,2026-06-14,8,29.26,10.24,40.23,17.71,9.02,,True
2026-08-23,pre_dam,2026-10-03T03:20:58.402562+00:00,2026-06-07,2026-06-14,9,28.04,8.67,39.89,13.71,8.51,,True
2026-08-23,pre_dam,2026-10-03T03:20:58.402562+00:00,2026-06-07,2026-06-14,10,34.62,15.17,44.74,27.53,13.76,,True
2026-08-23,pre_dam,2026-10-03T03:20:58.402562+00:00,2026-06-07,2026-06-14,11,41.77,17.6,55.23,24.46,37.37,,True
2026-08-23,pre_dam,2026-10-03T03:20:58.402562+00:00,2026-06-07,2026-06-14,12,48.93,17.8,58.4,30.8,14.2,,True
2026-08-23,pre_dam,2026-10-03T03:20:58.402562+00:00,2026-06-07,2026-06-14,13,47.76,18.94,63.56,24.9,11.84,,True
2026-08-23,pre_dam,2026-10-03T03:20:58.402562+00:00,2026-06-07,2026-06-14,14,47.1,18.33,60.13,12.76,11.55,,True
2026-08-23,pre_dam,2026-10-03T03:20:58.402562+00:00,2026-06-07,2026-06-14,15,45.67,20.99,62.39,24.14,14.01,,True
2026-08-23,pre_dam,2026-10-03T03:20:58.402562+00:00,2026-06-07,2026-06-14,16,44.84,20.56,63.21,11.46,13.49,,True
2026-08-23,pre_dam,2026-10-03T03:20:58.402562+00:00,2026-06-07,2026-06-14,17,48.22,24.0,67.62,13.55,31.67,,True
2026-08-23,pre_dam,2026-10-03T03:20:58.402562+00:00,2026-06-07,2026-06-14,18,47.49,24.91,71.5,14.74,11.55,,True
2026-08-23,pre_dam,2026-10-03T03:20:58.402562+00:00,2026-06-07,2026-06-14,19,48.62,26.79,71.47,16.41,11.94,,True
2026-08-23,pre_dam,2026-10-03T03:20:58.402562+00:00,2026-06-07,2026-06-14,20,49.13,27.05,69.7,20.08,25.25,,True
2026-08-23,pre_dam,2026-10-03T03:20:58.402562+00:00,2026-06-07,2026-06-14,21,58.5,25.32,88.35,23.99,23.4,,True
2026-08-23,pre_dam,2026-10-03T03:20:58.402562+00:00,2026-06-07,2026-06-14,22,42.54,18.66,61.24,19.99,34.97,,True
2026-08-23,pre_dam,2026-10-03T03:20:58.402562+00:00,2026-06-07,2026-06-14,23,39.83,19.16,57.56,9.4,13.64,,True
2026-08-23,pre_dam,2026-10-03T03:20:58.402562+00:00,2026-06-07,2026-06-14,24,35.29,18.49,50.44,7.53,15.75,,True
2026-08-24,pre_dam,2026-10-03T03:23:03.622669+00:00,2025-09-04,2025-06-05,1,26.53,14.78,41.94,32.43,15.42,,True
2026-08-24,pre_dam,2026-10-03T03:23:03.622669+00:00,2025-09-04,2025-06-05,2,24.18,9.15,35.86,26.83,19.38,,True
2026-08-24,pre_dam,2026-10-03T03:23:03.622669+00:00,2025-09-04,2025-06-05,3,23.51,7.05,36.74,31.3,23.17,,True
2026-08-24,pre_dam,2026-10-03T03:23:03.622669+00:00,2025-09-04,2025-06-05,4,23.14,7.17,38.13,32.81,30.54,,True
2026-08-24,pre_dam,2026-10-03T03:23:03.622669+00:00,2025-09-04,2025-06-05,5,22.27,8.25,35.68,32.7,11.16,,True
2026-08-24,pre_dam,2026-10-03T03:23:03.622669+00:00,2025-09-04,2025-06-05,6,23.0,8.07,36.35,33.71,12.47,,True
2026-08-24,pre_dam,2026-10-03T03:23:03.622669+00:00,2025-09-04,2025-06-05,7,24.5,9.3,40.18,171.1,24.9,,True
2026-08-24,pre_dam,2026-10-03T03:23:03.622669+00:00,2025-09-04,2025-06-05,8,32.69,17.11,48.3,137.79,32.64,,True
2026-08-24,pre_dam,2026-10-03T03:23:03.622669+00:00,2025-09-04,2025-06-05,9,40.76,21.01,63.38,47.25,25.48,,True
2026-08-24,pre_dam,2026-10-03T03:23:03.622669+00:00,2025-09-04,2025-06-05,10,34.26,23.98,60.92,36.12,33.65,,True
2026-08-24,pre_dam,2026-10-03T03:23:03.622669+00:00,2025-09-04,2025-06-05,11,34.26,23.98,61.84,33.76,40.0,,True
2026-08-24,pre_dam,2026-10-03T03:23:03.622669+00:00,2025-09-04,2025-06-05,12,37.58,25.46,60.88,38.01,61.09,,True
2026-08-24,pre_dam,2026-10-03T03:23:03.622669+00:00,2025-09-04,2025-06-05,13,34.69,23.07,62.13,44.69,57.53,,True
2026-08-24,pre_dam,2026-10-03T03:23:03.622669+00:00,2025-09-04,2025-06-05,14,36.0,21.58,62.29,62.26,125.88,,True
2026-08-24,pre_dam,2026-10-03T03:23:03.622669+00:00,2025-09-04,2025-06-05,15,36.79,22.67,62.08,47.24,54.9,,True
2026-08-24,pre_dam,2026-10-03T03:23:03.622669+00:00,2025-09-04,2025-06-05,16,41.21,22.23,63.32,59.96,24.2,,True
2026-08-24,pre_dam,2026-10-03T03:23:03.622669+00:00,2025-09-04,2025-06-05,17,48.67,23.23,73.68,81.57,18.21,,True
2026-08-24,pre_dam,2026-10-03T03:23:03.622669+00:00,2025-09-04,2025-06-05,18,50.35,23.38,74.45,99.44,21.41,,True
2026-08-24,pre_dam,2026-10-03T03:23:03.622669+00:00,2025-09-04,2025-06-05,19,61.73,24.07,108.42,137.48,21.86,,True
2026-08-24,pre_dam,2026-10-03T03:23:03.622669+00:00,2025-09-04,2025-06-05,20,56.63,25.37,112.92,65.56,27.05,,True
2026-08-24,pre_dam,2026-10-03T03:23:03.622669+00:00,2025-09-04,2025-06-05,21,51.98,23.71,106.32,36.39,23.26,,True
2026-08-24,pre_dam,2026-10-03T03:23:03.622669+00:00,2025-09-04,2025-06-05,22,47.54,25.43,72.88,30.01,39.23,,True
2026-08-24,pre_dam,2026-10-03T03:23:03.622669+00:00,2025-09-04,2025-06-05,23,41.66,22.18,71.01,24.13,29.61,,True
2026-08-24,pre_dam,2026-10-03T03:23:03.622669+00:00,2025-09-04,2025-06-05,24,37.9,20.38,70.2,21.32,20.53,,True
2026-08-25,pre_dam,2026-10-03T03:24:55.545885+00:00,2025-09-26,2025-09-24,1,28.27,19.41,51.9,38.86,42.54,,True
2026-08-25,pre_dam,2026-10-03T03:24:55.545885+00:00,2025-09-26,2025-09-24,2,28.13,14.38,42.18,38.76,37.48,,True
2026-08-25,pre_dam,2026-10-03T03:24:55.545885+00:00,2025-09-26,2025-09-24,3,27.53,14.38,37.65,39.25,35.6,,True
2026-08-25,pre_dam,2026-10-03T03:24:55.545885+00:00,2025-09-26,2025-09-24,4,28.06,14.64,40.69,35.84,39.37,,True
2026-08-25,pre_dam,2026-10-03T03:24:55.545885+00:00,2025-09-26,2025-09-24,5,27.79,14.36,47.05,37.08,38.02,,True
2026-08-25,pre_dam,2026-10-03T03:24:55.545885+00:00,2025-09-26,2025-09-24,6,35.08,16.13,57.53,39.01,40.78,,True
2026-08-25,pre_dam,2026-10-03T03:24:55.545885+00:00,2025-09-26,2025-09-24,7,47.33,22.69,71.92,84.71,109.83,,True
2026-08-25,pre_dam,2026-10-03T03:24:55.545885+00:00,2025-09-26,2025-09-24,8,45.14,24.2,69.38,86.92,68.46,,True
2026-08-25,pre_dam,2026-10-03T03:24:55.545885+00:00,2025-09-26,2025-09-24,9,43.32,21.35,70.79,39.52,87.9,,True
2026-08-25,pre_dam,2026-10-03T03:24:55.545885+00:00,2025-09-26,2025-09-24,10,49.22,24.4,73.89,46.69,44.51,,True
2026-08-25,pre_dam,2026-10-03T03:24:55.545885+00:00,2025-09-26,2025-09-24,11,41.6,21.29,58.11,50.17,46.72,,True
2026-08-25,pre_dam,2026-10-03T03:24:55.545885+00:00,2025-09-26,2025-09-24,12,45.39,24.92,69.29,40.44,39.5,,True
2026-08-25,pre_dam,2026-10-03T03:24:55.545885+00:00,2025-09-26,2025-09-24,13,53.11,24.22,88.57,41.92,43.69,,True
2026-08-25,pre_dam,2026-10-03T03:24:55.545885+00:00,2025-09-26,2025-09-24,14,52.18,24.21,90.99,36.15,44.09,,True
2026-08-25,pre_dam,2026-10-03T03:24:55.545885+00:00,2025-09-26,2025-09-24,15,62.93,21.33,113.14,37.0,42.01,,True
2026-08-25,pre_dam,2026-10-03T03:24:55.545885+00:00,2025-09-26,2025-09-24,16,59.63,22.7,115.43,50.42,36.67,,True
2026-08-25,pre_dam,2026-10-03T03:24:55.545885+00:00,2025-09-26,2025-09-24,17,58.05,19.57,122.17,52.06,33.08,,True
2026-08-25,pre_dam,2026-10-03T03:24:55.545885+00:00,2025-09-26,2025-09-24,18,77.53,20.34,128.07,46.36,31.44,,True
2026-08-25,pre_dam,2026-10-03T03:24:55.545885+00:00,2025-09-26,2025-09-24,19,73.47,24.54,133.4,59.93,36.9,,True
2026-08-25,pre_dam,2026-10-03T03:24:55.545885+00:00,2025-09-26,2025-09-24,20,67.98,26.15,123.25,50.75,36.18,,True
2026-08-25,pre_dam,2026-10-03T03:24:55.545885+00:00,2025-09-26,2025-09-24,21,60.68,26.67,119.2,71.61,54.71,,True
2026-08-25,pre_dam,2026-10-03T03:24:55.545885+00:00,2025-09-26,2025-09-24,22,62.11,27.54,107.0,100.12,113.64,,True
2026-08-25,pre_dam,2026-10-03T03:24:55.545885+00:00,2025-09-26,2025-09-24,23,46.13,25.38,72.0,70.44,91.0,,True
2026-08-25,pre_dam,2026-10-03T03:24:55.545885+00:00,2025-09-26,2025-09-24,24,37.03,20.38,64.47,37.07,40.17,,True
2026-08-26,pre_dam,2026-10-03T03:07:23.065271+00:00,2025-07-01,2026-08-14,1,30.64,21.66,44.9,29.44,65.13,,True
2026-08-26,pre_dam,2026-10-03T03:07:23.065271+00:00,2025-07-01,2026-08-14,2,29.69,21.49,45.38,30.29,41.85,,True
2026-08-26,pre_dam,2026-10-03T03:07:23.065271+00:00,2025-07-01,2026-08-14,3,27.53,19.94,40.35,25.76,50.68,,True
2026-08-26,pre_dam,2026-10-03T03:07:23.065271+00:00,2025-07-01,2026-08-14,4,26.08,19.31,40.6,33.18,47.62,,True
2026-08-26,pre_dam,2026-10-03T03:07:23.065271+00:00,2025-07-01,2026-08-14,5,27.24,17.21,39.86,37.13,46.55,,True
2026-08-26,pre_dam,2026-10-03T03:07:23.065271+00:00,2025-07-01,2026-08-14,6,30.69,22.18,44.88,42.63,38.61,,True
2026-08-26,pre_dam,2026-10-03T03:07:23.065271+00:00,2025-07-01,2026-08-14,7,35.73,22.78,51.74,46.9,31.84,,True
2026-08-26,pre_dam,2026-10-03T03:07:23.065271+00:00,2025-07-01,2026-08-14,8,40.59,24.2,58.35,113.29,42.86,,True
2026-08-26,pre_dam,2026-10-03T03:07:23.065271+00:00,2025-07-01,2026-08-14,9,36.43,22.61,59.63,396.27,41.95,,True
2026-08-26,pre_dam,2026-10-03T03:07:23.065271+00:00,2025-07-01,2026-08-14,10,35.79,23.49,58.61,264.44,94.02,,True
2026-08-26,pre_dam,2026-10-03T03:07:23.065271+00:00,2025-07-01,2026-08-14,11,39.38,24.61,73.0,128.24,85.65,,True
2026-08-26,pre_dam,2026-10-03T03:07:23.065271+00:00,2025-07-01,2026-08-14,12,41.5,23.84,77.33,61.27,143.68,,True
2026-08-26,pre_dam,2026-10-03T03:07:23.065271+00:00,2025-07-01,2026-08-14,13,34.14,23.84,72.18,102.39,96.08,,True
2026-08-26,pre_dam,2026-10-03T03:07:23.065271+00:00,2025-07-01,2026-08-14,14,38.74,24.53,100.7,49.45,94.35,,True
2026-08-26,pre_dam,2026-10-03T03:07:23.065271+00:00,2025-07-01,2026-08-14,15,43.23,24.22,95.43,24.54,57.13,,True
2026-08-26,pre_dam,2026-10-03T03:07:23.065271+00:00,2025-07-01,2026-08-14,16,53.99,25.61,105.33,31.86,47.21,,True
2026-08-26,pre_dam,2026-10-03T03:07:23.065271+00:00,2025-07-01,2026-08-14,17,51.81,25.53,113.12,46.65,65.66,,True
2026-08-26,pre_dam,2026-10-03T03:07:23.065271+00:00,2025-07-01,2026-08-14,18,61.44,25.41,111.85,62.59,63.13,,True
2026-08-26,pre_dam,2026-10-03T03:07:23.065271+00:00,2025-07-01,2026-08-14,19,60.54,25.5,112.79,98.18,75.2,,True
2026-08-26,pre_dam,2026-10-03T03:07:23.065271+00:00,2025-07-01,2026-08-14,20,57.3,25.31,112.51,79.46,79.92,,True
2026-08-26,pre_dam,2026-10-03T03:07:23.065271+00:00,2025-07-01,2026-08-14,21,56.86,24.65,100.84,66.98,69.17,,True
2026-08-26,pre_dam,2026-10-03T03:07:23.065271+00:00,2025-07-01,2026-08-14,22,48.11,24.85,93.91,41.82,99.5,,True
2026-08-26,pre_dam,2026-10-03T03:07:23.065271+00:00,2025-07-01,2026-08-14,23,43.26,24.21,73.52,31.49,103.08,,True
2026-08-26,pre_dam,2026-10-03T03:07:23.065271+00:00,2025-07-01,2026-08-14,24,33.77,22.76,51.3,26.98,57.63,,True
2026-08-27,pre_dam,2026-10-03T03:09:52.845140+00:00,2026-08-19,2026-06-22,1,26.77,17.34,36.49,46.42,21.34,,True
2026-08-27,pre_dam,2026-10-03T03:09:52.845140+00:00,2026-08-19,2026-06-22,2,21.79,11.43,30.17,45.99,17.83,,True
2026-08-27,pre_dam,2026-10-03T03:09:52.845140+00:00,2026-08-19,2026-06-22,3,20.96,9.75,29.9,60.43,14.42,,True
2026-08-27,pre_dam,2026-10-03T03:09:52.845140+00:00,2026-08-19,2026-06-22,4,21.25,8.67,30.29,40.37,6.04,,True
2026-08-27,pre_dam,2026-10-03T03:09:52.845140+00:00,2026-08-19,2026-06-22,5,21.0,7.26,30.7,31.27,8.26,,True
2026-08-27,pre_dam,2026-10-03T03:09:52.845140+00:00,2026-08-19,2026-06-22,6,29.89,16.97,45.54,37.09,13.28,,True
2026-08-27,pre_dam,2026-10-03T03:09:52.845140+00:00,2026-08-19,2026-06-22,7,30.74,21.3,50.85,31.88,33.72,,True
2026-08-27,pre_dam,2026-10-03T03:09:52.845140+00:00,2026-08-19,2026-06-22,8,32.63,19.42,51.32,43.56,56.88,,True
2026-08-27,pre_dam,2026-10-03T03:09:52.845140+00:00,2026-08-19,2026-06-22,9,40.93,20.47,57.21,65.09,48.33,,True
2026-08-27,pre_dam,2026-10-03T03:09:52.845140+00:00,2026-08-19,2026-06-22,10,40.57,23.21,66.5,67.77,33.51,,True
2026-08-27,pre_dam,2026-10-03T03:09:52.845140+00:00,2026-08-19,2026-06-22,11,45.44,22.51,69.3,64.83,28.87,,True
2026-08-27,pre_dam,2026-10-03T03:09:52.845140+00:00,2026-08-19,2026-06-22,12,53.75,27.65,78.06,58.19,42.6,,True
2026-08-27,pre_dam,2026-10-03T03:09:52.845140+00:00,2026-08-19,2026-06-22,13,46.39,25.81,77.83,75.06,37.44,,True
2026-08-27,pre_dam,2026-10-03T03:09:52.845140+00:00,2026-08-19,2026-06-22,14,56.34,26.06,88.29,96.31,54.2,,True
2026-08-27,pre_dam,2026-10-03T03:09:52.845140+00:00,2026-08-19,2026-06-22,15,56.03,26.67,87.64,63.03,33.36,,True
2026-08-27,pre_dam,2026-10-03T03:09:52.845140+00:00,2026-08-19,2026-06-22,16,78.62,28.49,111.72,90.95,28.82,,True
2026-08-27,pre_dam,2026-10-03T03:09:52.845140+00:00,2026-08-19,2026-06-22,17,77.58,27.48,149.17,75.39,55.85,,True
2026-08-27,pre_dam,2026-10-03T03:09:52.845140+00:00,2026-08-19,2026-06-22,18,77.36,27.99,134.71,77.85,49.56,,True
2026-08-27,pre_dam,2026-10-03T03:09:52.845140+00:00,2026-08-19,2026-06-22,19,73.68,27.14,143.13,74.8,47.61,,True
2026-08-27,pre_dam,2026-10-03T03:09:52.845140+00:00,2026-08-19,2026-06-22,20,70.22,26.99,137.69,94.05,36.19,,True
2026-08-27,pre_dam,2026-10-03T03:09:52.845140+00:00,2026-08-19,2026-06-22,21,57.67,27.37,107.96,45.54,41.36,,True
2026-08-27,pre_dam,2026-10-03T03:09:52.845140+00:00,2026-08-19,2026-06-22,22,53.49,29.5,93.19,39.43,42.53,,True
2026-08-27,pre_dam,2026-10-03T03:09:52.845140+00:00,2026-08-19,2026-06-22,23,43.15,25.87,65.77,37.75,15.5,,True
2026-08-27,pre_dam,2026-10-03T03:09:52.845140+00:00,2026-08-19,2026-06-22,24,36.87,24.32,55.55,33.04,10.11,,True
2026-08-28,pre_dam,2026-10-03T03:12:13.869332+00:00,2026-07-23,2025-09-18,1,36.15,20.39,53.37,20.72,25.1,,True
2026-08-28,pre_dam,2026-10-03T03:12:13.869332+00:00,2026-07-23,2025-09-18,2,32.34,22.41,47.77,24.81,28.21,,True
2026-08-28,pre_dam,2026-10-03T03:12:13.869332+00:00,2026-07-23,2025-09-18,3,30.96,21.37,40.78,31.02,24.96,,True
2026-08-28,pre_dam,2026-10-03T03:12:13.869332+00:00,2026-07-23,2025-09-18,4,26.08,10.9,36.06,28.22,25.96,,True
2026-08-28,pre_dam,2026-10-03T03:12:13.869332+00:00,2026-07-23,2025-09-18,5,24.04,12.89,35.71,13.85,30.93,,True
2026-08-28,pre_dam,2026-10-03T03:12:13.869332+00:00,2026-07-23,2025-09-18,6,27.46,11.87,42.69,58.88,46.09,,True
2026-08-28,pre_dam,2026-10-03T03:12:13.869332+00:00,2026-07-23,2025-09-18,7,37.84,24.99,59.6,11.27,45.29,,True
2026-08-28,pre_dam,2026-10-03T03:12:13.869332+00:00,2026-07-23,2025-09-18,8,39.53,24.24,61.92,25.18,39.98,,True
2026-08-28,pre_dam,2026-10-03T03:12:13.869332+00:00,2026-07-23,2025-09-18,9,43.66,25.55,67.53,27.61,41.16,,True
2026-08-28,pre_dam,2026-10-03T03:12:13.869332+00:00,2026-07-23,2025-09-18,10,42.37,25.1,66.94,22.81,53.14,,True
2026-08-28,pre_dam,2026-10-03T03:12:13.869332+00:00,2026-07-23,2025-09-18,11,45.34,27.71,71.33,18.4,57.76,,True
2026-08-28,pre_dam,2026-10-03T03:12:13.869332+00:00,2026-07-23,2025-09-18,12,46.31,27.53,73.49,24.58,53.74,,True
2026-08-28,pre_dam,2026-10-03T03:12:13.869332+00:00,2026-07-23,2025-09-18,13,46.7,22.66,73.19,27.71,100.63,,True
2026-08-28,pre_dam,2026-10-03T03:12:13.869332+00:00,2026-07-23,2025-09-18,14,50.2,22.06,85.69,21.79,52.97,,True
2026-08-28,pre_dam,2026-10-03T03:12:13.869332+00:00,2026-07-23,2025-09-18,15,47.78,23.06,71.87,18.72,47.95,,True
2026-08-28,pre_dam,2026-10-03T03:12:13.869332+00:00,2026-07-23,2025-09-18,16,44.3,19.91,71.85,19.67,90.37,,True
2026-08-28,pre_dam,2026-10-03T03:12:13.869332+00:00,2026-07-23,2025-09-18,17,52.01,19.63,93.29,20.6,45.18,,True
2026-08-28,pre_dam,2026-10-03T03:12:13.869332+00:00,2026-07-23,2025-09-18,18,58.98,19.89,97.44,75.05,47.68,,True
2026-08-28,pre_dam,2026-10-03T03:12:13.869332+00:00,2026-07-23,2025-09-18,19,53.52,19.98,96.62,31.95,89.8,,True
2026-08-28,pre_dam,2026-10-03T03:12:13.869332+00:00,2026-07-23,2025-09-18,20,58.45,19.97,100.73,33.43,41.71,,True
2026-08-28,pre_dam,2026-10-03T03:12:13.869332+00:00,2026-07-23,2025-09-18,21,55.22,20.51,93.65,27.51,41.84,,True
2026-08-28,pre_dam,2026-10-03T03:12:13.869332+00:00,2026-07-23,2025-09-18,22,50.77,20.23,85.53,25.93,39.63,,True
2026-08-28,pre_dam,2026-10-03T03:12:13.869332+00:00,2026-07-23,2025-09-18,23,40.53,17.78,62.42,20.18,38.07,,True
2026-08-28,pre_dam,2026-10-03T03:12:13.869332+00:00,2026-07-23,2025-09-18,24,34.4,15.4,50.96,17.45,33.16,,True
2026-08-29,pre_dam,2026-10-03T03:13:57.035599+00:00,2026-06-07,2025-09-14,1,31.4,19.75,43.51,8.45,29.56,,True
2026-08-29,pre_dam,2026-10-03T03:13:57.035599+00:00,2026-06-07,2025-09-14,2,31.66,18.48,41.38,12.14,35.68,,True
2026-08-29,pre_dam,2026-10-03T03:13:57.035599+00:00,2026-06-07,2025-09-14,3,27.07,17.17,35.09,11.22,39.09,,True
2026-08-29,pre_dam,2026-10-03T03:13:57.035599+00:00,2026-06-07,2025-09-14,4,27.04,15.47,35.75,10.48,33.46,,True
2026-08-29,pre_dam,2026-10-03T03:13:57.035599+00:00,2026-06-07,2025-09-14,5,26.81,13.98,36.52,9.1,27.23,,True
2026-08-29,pre_dam,2026-10-03T03:13:57.035599+00:00,2026-06-07,2025-09-14,6,27.1,14.24,42.02,9.65,32.91,,True
2026-08-29,pre_dam,2026-10-03T03:13:57.035599+00:00,2026-06-07,2025-09-14,7,31.46,20.09,47.2,11.95,39.43,,True
2026-08-29,pre_dam,2026-10-03T03:13:57.035599+00:00,2026-06-07,2025-09-14,8,34.39,20.08,52.75,17.71,31.54,,True
2026-08-29,pre_dam,2026-10-03T03:13:57.035599+00:00,2026-06-07,2025-09-14,9,34.96,23.49,61.26,13.71,29.32,,True
2026-08-29,pre_dam,2026-10-03T03:13:57.035599+00:00,2026-06-07,2025-09-14,10,41.73,25.21,65.45,27.53,33.59,,True
2026-08-29,pre_dam,2026-10-03T03:13:57.035599+00:00,2026-06-07,2025-09-14,11,41.85,25.59,68.26,24.46,34.34,,True
2026-08-29,pre_dam,2026-10-03T03:13:57.035599+00:00,2026-06-07,2025-09-14,12,46.74,25.14,69.87,30.8,76.24,,True
2026-08-29,pre_dam,2026-10-03T03:13:57.035599+00:00,2026-06-07,2025-09-14,13,53.46,29.51,76.2,24.9,81.62,,True
2026-08-29,pre_dam,2026-10-03T03:13:57.035599+00:00,2026-06-07,2025-09-14,14,52.91,29.48,75.33,12.76,73.89,,True
2026-08-29,pre_dam,2026-10-03T03:13:57.035599+00:00,2026-06-07,2025-09-14,15,51.13,29.54,77.55,24.14,33.71,,True
2026-08-29,pre_dam,2026-10-03T03:13:57.035599+00:00,2026-06-07,2025-09-14,16,53.48,29.09,86.62,11.46,39.51,,True
2026-08-29,pre_dam,2026-10-03T03:13:57.035599+00:00,2026-06-07,2025-09-14,17,53.8,28.06,93.47,13.55,122.09,,True
2026-08-29,pre_dam,2026-10-03T03:13:57.035599+00:00,2026-06-07,2025-09-14,18,58.28,28.36,96.42,14.74,43.24,,True
2026-08-29,pre_dam,2026-10-03T03:13:57.035599+00:00,2026-06-07,2025-09-14,19,59.74,29.34,101.95,16.41,54.5,,True
2026-08-29,pre_dam,2026-10-03T03:13:57.035599+00:00,2026-06-07,2025-09-14,20,54.89,29.33,93.93,20.08,85.6,,True
2026-08-29,pre_dam,2026-10-03T03:13:57.035599+00:00,2026-06-07,2025-09-14,21,48.76,28.53,73.59,23.99,80.29,,True
2026-08-29,pre_dam,2026-10-03T03:13:57.035599+00:00,2026-06-07,2025-09-14,22,41.94,27.67,64.85,19.99,26.25,,True
2026-08-29,pre_dam,2026-10-03T03:13:57.035599+00:00,2026-06-07,2025-09-14,23,38.32,23.83,55.5,9.4,55.3,,True
2026-08-29,pre_dam,2026-10-03T03:13:57.035599+00:00,2026-06-07,2025-09-14,24,34.72,18.34,49.07,7.53,21.96,,True
2026-08-30,pre_dam,2026-10-03T03:15:51.026426+00:00,2025-07-20,2025-06-29,1,31.27,18.79,48.49,36.16,36.02,,True
2026-08-30,pre_dam,2026-10-03T03:15:51.026426+00:00,2025-07-20,2025-06-29,2,26.31,12.48,38.84,33.03,33.09,,True
2026-08-30,pre_dam,2026-10-03T03:15:51.026426+00:00,2025-07-20,2025-06-29,3,26.15,9.62,40.84,31.51,35.38,,True
2026-08-30,pre_dam,2026-10-03T03:15:51.026426+00:00,2025-07-20,2025-06-29,4,27.05,10.66,42.77,33.5,34.51,,True
2026-08-30,pre_dam,2026-10-03T03:15:51.026426+00:00,2025-07-20,2025-06-29,5,26.54,9.9,42.65,32.16,25.3,,True
2026-08-30,pre_dam,2026-10-03T03:15:51.026426+00:00,2025-07-20,2025-06-29,6,24.81,9.71,43.47,26.61,15.93,,True
2026-08-30,pre_dam,2026-10-03T03:15:51.026426+00:00,2025-07-20,2025-06-29,7,26.27,9.88,45.61,33.58,23.68,,True
2026-08-30,pre_dam,2026-10-03T03:15:51.026426+00:00,2025-07-20,2025-06-29,8,30.05,11.64,51.21,46.59,35.6,,True
2026-08-30,pre_dam,2026-10-03T03:15:51.026426+00:00,2025-07-20,2025-06-29,9,30.34,11.55,49.94,108.34,31.88,,True
2026-08-30,pre_dam,2026-10-03T03:15:51.026426+00:00,2025-07-20,2025-06-29,10,35.91,18.81,60.98,55.63,35.28,,True
2026-08-30,pre_dam,2026-10-03T03:15:51.026426+00:00,2025-07-20,2025-06-29,11,36.34,16.31,60.99,80.26,31.98,,True
2026-08-30,pre_dam,2026-10-03T03:15:51.026426+00:00,2025-07-20,2025-06-29,12,35.84,21.7,62.59,44.55,32.98,,True
2026-08-30,pre_dam,2026-10-03T03:15:51.026426+00:00,2025-07-20,2025-06-29,13,37.02,22.33,62.05,88.67,30.0,,True
2026-08-30,pre_dam,2026-10-03T03:15:51.026426+00:00,2025-07-20,2025-06-29,14,34.43,20.96,60.24,42.5,30.06,,True
2026-08-30,pre_dam,2026-10-03T03:15:51.026426+00:00,2025-07-20,2025-06-29,15,37.31,21.1,71.38,30.46,30.27,,True
2026-08-30,pre_dam,2026-10-03T03:15:51.026426+00:00,2025-07-20,2025-06-29,16,42.82,20.7,76.62,68.18,28.86,,True
2026-08-30,pre_dam,2026-10-03T03:15:51.026426+00:00,2025-07-20,2025-06-29,17,57.73,23.32,96.2,79.85,30.55,,True
2026-08-30,pre_dam,2026-10-03T03:15:51.026426+00:00,2025-07-20,2025-06-29,18,60.01,23.74,102.94,39.1,50.99,,True
2026-08-30,pre_dam,2026-10-03T03:15:51.026426+00:00,2025-07-20,2025-06-29,19,66.16,23.56,102.44,75.35,62.81,,True
2026-08-30,pre_dam,2026-10-03T03:15:51.026426+00:00,2025-07-20,2025-06-29,20,48.86,23.05,69.99,91.55,80.85,,True
2026-08-30,pre_dam,2026-10-03T03:15:51.026426+00:00,2025-07-20,2025-06-29,21,43.64,21.84,69.09,80.37,40.86,,True
2026-08-30,pre_dam,2026-10-03T03:15:51.026426+00:00,2025-07-20,2025-06-29,22,37.21,21.05,61.57,70.98,33.86,,True
2026-08-30,pre_dam,2026-10-03T03:15:51.026426+00:00,2025-07-20,2025-06-29,23,32.19,18.19,45.34,34.03,31.78,,True
2026-08-30,pre_dam,2026-10-03T03:15:51.026426+00:00,2025-07-20,2025-06-29,24,29.82,17.63,39.37,24.6,30.6,,True
2026-08-31,pre_dam,2026-10-03T03:17:47.198685+00:00,2026-08-26,2025-06-17,1,27.1,16.9,38.98,9.48,18.1,,True
2026-08-31,pre_dam,2026-10-03T03:17:47.198685+00:00,2026-08-26,2025-06-17,2,23.02,12.62,36.42,12.24,24.54,,True
2026-08-31,pre_dam,2026-10-03T03:17:47.198685+00:00,2026-08-26,2025-06-17,3,21.53,10.96,35.11,10.73,14.1,,True
2026-08-31,pre_dam,2026-10-03T03:17:47.198685+00:00,2026-08-26,2025-06-17,4,21.54,10.77,35.11,12.66,9.95,,True
2026-08-31,pre_dam,2026-10-03T03:17:47.198685+00:00,2026-08-26,2025-06-17,5,21.75,10.15,36.34,12.09,5.56,,True
2026-08-31,pre_dam,2026-10-03T03:17:47.198685+00:00,2026-08-26,2025-06-17,6,25.52,15.79,41.34,18.52,7.27,,True
2026-08-31,pre_dam,2026-10-03T03:17:47.198685+00:00,2026-08-26,2025-06-17,7,30.22,21.16,49.99,28.18,20.64,,True
2026-08-31,pre_dam,2026-10-03T03:17:47.198685+00:00,2026-08-26,2025-06-17,8,35.48,23.48,58.94,28.68,14.02,,True
2026-08-31,pre_dam,2026-10-03T03:17:47.198685+00:00,2026-08-26,2025-06-17,9,40.41,23.51,60.89,40.48,11.08,,True
2026-08-31,pre_dam,2026-10-03T03:17:47.198685+00:00,2026-08-26,2025-06-17,10,43.0,23.14,69.6,45.25,9.1,,True
2026-08-31,pre_dam,2026-10-03T03:17:47.198685+00:00,2026-08-26,2025-06-17,11,48.01,25.97,79.86,40.94,4.74,,True
2026-08-31,pre_dam,2026-10-03T03:17:47.198685+00:00,2026-08-26,2025-06-17,12,47.22,27.08,79.07,35.68,9.57,,True
2026-08-31,pre_dam,2026-10-03T03:17:47.198685+00:00,2026-08-26,2025-06-17,13,53.63,28.42,84.22,36.72,8.47,,True
2026-08-31,pre_dam,2026-10-03T03:17:47.198685+00:00,2026-08-26,2025-06-17,14,51.39,28.21,81.75,34.9,28.54,,True
2026-08-31,pre_dam,2026-10-03T03:17:47.198685+00:00,2026-08-26,2025-06-17,15,54.32,26.92,98.78,41.85,32.27,,True
2026-08-31,pre_dam,2026-10-03T03:17:47.198685+00:00,2026-08-26,2025-06-17,16,64.35,28.14,89.63,39.14,57.19,,True
2026-08-31,pre_dam,2026-10-03T03:17:47.198685+00:00,2026-08-26,2025-06-17,17,70.3,25.16,106.02,47.08,56.11,,True
2026-08-31,pre_dam,2026-10-03T03:17:47.198685+00:00,2026-08-26,2025-06-17,18,75.78,27.96,105.08,68.0,48.53,,True
2026-08-31,pre_dam,2026-10-03T03:17:47.198685+00:00,2026-08-26,2025-06-17,19,66.23,26.97,119.51,57.72,71.86,,True
2026-08-31,pre_dam,2026-10-03T03:17:47.198685+00:00,2026-08-26,2025-06-17,20,67.99,26.57,107.51,70.62,53.63,,True
2026-08-31,pre_dam,2026-10-03T03:17:47.198685+00:00,2026-08-26,2025-06-17,21,55.79,26.17,84.15,46.43,27.33,,True
2026-08-31,pre_dam,2026-10-03T03:17:47.198685+00:00,2026-08-26,2025-06-17,22,49.97,27.37,75.36,42.74,26.95,,True
2026-08-31,pre_dam,2026-10-03T03:17:47.198685+00:00,2026-08-26,2025-06-17,23,35.56,24.61,54.63,34.86,23.95,,True
2026-08-31,pre_dam,2026-10-03T03:17:47.198685+00:00,2026-08-26,2025-06-17,24,32.19,22.74,50.92,29.46,24.27,,True
2026-09-01,pre_dam,2026-10-03T03:19:27.917484+00:00,2025-07-03,2026-08-17,1,32.61,18.12,53.99,20.21,47.84,,True
2026-09-01,pre_dam,2026-10-03T03:19:27.917484+00:00,2025-07-03,2026-08-17,2,33.84,18.35,49.85,28.7,40.91,,True
2026-09-01,pre_dam,2026-10-03T03:19:27.917484+00:00,2025-07-03,2026-08-17,3,30.92,18.1,42.65,23.37,31.76,,True
2026-09-01,pre_dam,2026-10-03T03:19:27.917484+00:00,2025-07-03,2026-08-17,4,30.92,15.37,42.34,21.03,31.14,,True
2026-09-01,pre_dam,2026-10-03T03:19:27.917484+00:00,2025-07-03,2026-08-17,5,31.04,14.22,41.71,10.61,37.86,,True
2026-09-01,pre_dam,2026-10-03T03:19:27.917484+00:00,2025-07-03,2026-08-17,6,33.35,20.65,50.37,27.6,76.06,,True
2026-09-01,pre_dam,2026-10-03T03:19:27.917484+00:00,2025-07-03,2026-08-17,7,47.39,25.52,67.48,24.42,100.25,,True
2026-09-01,pre_dam,2026-10-03T03:19:27.917484+00:00,2025-07-03,2026-08-17,8,49.96,27.76,74.52,38.08,129.71,,True
2026-09-01,pre_dam,2026-10-03T03:19:27.917484+00:00,2025-07-03,2026-08-17,9,53.84,29.96,80.31,33.57,74.58,,True
2026-09-01,pre_dam,2026-10-03T03:19:27.917484+00:00,2025-07-03,2026-08-17,10,65.91,30.95,105.13,42.73,142.86,,True
2026-09-01,pre_dam,2026-10-03T03:19:27.917484+00:00,2025-07-03,2026-08-17,11,69.79,32.79,116.67,47.14,139.17,,True
2026-09-01,pre_dam,2026-10-03T03:19:27.917484+00:00,2025-07-03,2026-08-17,12,79.03,31.43,119.35,53.96,108.08,,True
2026-09-01,pre_dam,2026-10-03T03:19:27.917484+00:00,2025-07-03,2026-08-17,13,73.56,26.05,122.45,68.82,52.52,,True
2026-09-01,pre_dam,2026-10-03T03:19:27.917484+00:00,2025-07-03,2026-08-17,14,78.37,27.89,136.82,41.38,37.66,,True
2026-09-01,pre_dam,2026-10-03T03:19:27.917484+00:00,2025-07-03,2026-08-17,15,79.43,28.36,134.29,28.34,36.95,,True
2026-09-01,pre_dam,2026-10-03T03:19:27.917484+00:00,2025-07-03,2026-08-17,16,92.57,30.92,166.18,25.47,70.05,,True
2026-09-01,pre_dam,2026-10-03T03:19:27.917484+00:00,2025-07-03,2026-08-17,17,84.42,31.83,177.66,56.84,85.9,,True
2026-09-01,pre_dam,2026-10-03T03:19:27.917484+00:00,2025-07-03,2026-08-17,18,80.29,30.55,155.21,53.1,63.93,,True
2026-09-01,pre_dam,2026-10-03T03:19:27.917484+00:00,2025-07-03,2026-08-17,19,83.96,24.72,167.56,47.93,97.43,,True
2026-09-01,pre_dam,2026-10-03T03:19:27.917484+00:00,2025-07-03,2026-08-17,20,76.44,28.51,142.29,51.77,91.62,,True
2026-09-01,pre_dam,2026-10-03T03:19:27.917484+00:00,2025-07-03,2026-08-17,21,72.73,27.45,102.93,31.17,28.62,,True
2026-09-01,pre_dam,2026-10-03T03:19:27.917484+00:00,2025-07-03,2026-08-17,22,63.61,27.82,98.38,38.91,36.2,,True
2026-09-01,pre_dam,2026-10-03T03:19:27.917484+00:00,2025-07-03,2026-08-17,23,50.42,25.6,74.63,29.91,22.76,,True
2026-09-01,pre_dam,2026-10-03T03:19:27.917484+00:00,2025-07-03,2026-08-17,24,47.45,25.94,72.95,18.94,23.38,,True
2026-09-02,pre_dam,2026-10-03T03:21:22.906926+00:00,2026-08-10,2026-08-27,1,43.16,29.06,60.87,55.66,28.67,,True
2026-09-02,pre_dam,2026-10-03T03:21:22.906926+00:00,2026-08-10,2026-08-27,2,40.27,29.26,59.81,37.21,30.79,,True
2026-09-02,pre_dam,2026-10-03T03:21:22.906926+00:00,2026-08-10,2026-08-27,3,36.61,27.25,59.15,55.44,30.22,,True
2026-09-02,pre_dam,2026-10-03T03:21:22.906926+00:00,2026-08-10,2026-08-27,4,36.69,27.06,61.07,49.86,31.64,,True
2026-09-02,pre_dam,2026-10-03T03:21:22.906926+00:00,2026-08-10,2026-08-27,5,39.22,27.69,62.66,39.12,32.35,,True
2026-09-02,pre_dam,2026-10-03T03:21:22.906926+00:00,2026-08-10,2026-08-27,6,46.69,27.55,63.99,51.27,58.38,,True
2026-09-02,pre_dam,2026-10-03T03:21:22.906926+00:00,2026-08-10,2026-08-27,7,51.08,29.88,83.45,47.23,51.91,,True
2026-09-02,pre_dam,2026-10-03T03:21:22.906926+00:00,2026-08-10,2026-08-27,8,67.87,32.41,95.76,44.2,74.27,,True
2026-09-02,pre_dam,2026-10-03T03:21:22.906926+00:00,2026-08-10,2026-08-27,9,69.1,33.82,96.1,85.68,52.32,,True
2026-09-02,pre_dam,2026-10-03T03:21:22.906926+00:00,2026-08-10,2026-08-27,10,66.35,33.74,103.2,41.91,48.54,,True
2026-09-02,pre_dam,2026-10-03T03:21:22.906926+00:00,2026-08-10,2026-08-27,11,69.11,32.17,101.25,53.72,62.89,,True
2026-09-02,pre_dam,2026-10-03T03:21:22.906926+00:00,2026-08-10,2026-08-27,12,69.21,29.43,101.87,112.15,67.5,,True
2026-09-02,pre_dam,2026-10-03T03:21:22.906926+00:00,2026-08-10,2026-08-27,13,70.27,28.82,100.23,148.86,47.95,,True
2026-09-02,pre_dam,2026-10-03T03:21:22.906926+00:00,2026-08-10,2026-08-27,14,68.29,25.19,95.65,188.29,49.1,,True
2026-09-02,pre_dam,2026-10-03T03:21:22.906926+00:00,2026-08-10,2026-08-27,15,70.62,29.88,130.97,155.87,55.11,,True
2026-09-02,pre_dam,2026-10-03T03:21:22.906926+00:00,2026-08-10,2026-08-27,16,88.75,29.99,128.78,100.64,69.25,,True
2026-09-02,pre_dam,2026-10-03T03:21:22.906926+00:00,2026-08-10,2026-08-27,17,81.77,28.46,122.72,194.25,55.97,,True
2026-09-02,pre_dam,2026-10-03T03:21:22.906926+00:00,2026-08-10,2026-08-27,18,83.16,25.54,136.3,160.25,50.33,,True
2026-09-02,pre_dam,2026-10-03T03:21:22.906926+00:00,2026-08-10,2026-08-27,19,84.03,25.26,153.12,260.41,56.39,,True
2026-09-02,pre_dam,2026-10-03T03:21:22.906926+00:00,2026-08-10,2026-08-27,20,89.49,26.7,137.86,173.79,56.9,,True
2026-09-02,pre_dam,2026-10-03T03:21:22.906926+00:00,2026-08-10,2026-08-27,21,96.99,27.94,109.24,122.75,52.48,,True
2026-09-02,pre_dam,2026-10-03T03:21:22.906926+00:00,2026-08-10,2026-08-27,22,87.24,34.83,107.8,106.03,38.41,,True
2026-09-02,pre_dam,2026-10-03T03:21:22.906926+00:00,2026-08-10,2026-08-27,23,67.47,35.25,98.87,89.13,43.91,,True
2026-09-02,pre_dam,2026-10-03T03:21:22.906926+00:00,2026-08-10,2026-08-27,24,65.46,33.29,78.62,51.7,36.1,,True
2026-09-03,pre_dam,2026-10-03T03:23:32.423247+00:00,2026-08-11,2026-08-17,1,42.19,32.1,65.32,55.49,47.84,,True
2026-09-03,pre_dam,2026-10-03T03:23:32.423247+00:00,2026-08-11,2026-08-17,2,44.12,31.66,67.3,48.42,40.91,,True
2026-09-03,pre_dam,2026-10-03T03:23:32.423247+00:00,2026-08-11,2026-08-17,3,40.51,31.14,67.68,70.17,31.76,,True
2026-09-03,pre_dam,2026-10-03T03:23:32.423247+00:00,2026-08-11,2026-08-17,4,43.35,31.7,64.41,55.14,31.14,,True
2026-09-03,pre_dam,2026-10-03T03:23:32.423247+00:00,2026-08-11,2026-08-17,5,45.09,32.34,66.83,45.9,37.86,,True
2026-09-03,pre_dam,2026-10-03T03:23:32.423247+00:00,2026-08-11,2026-08-17,6,53.23,35.14,74.16,53.82,76.06,,True
2026-09-03,pre_dam,2026-10-03T03:23:32.423247+00:00,2026-08-11,2026-08-17,7,61.99,36.2,100.63,68.05,100.25,,True
2026-09-03,pre_dam,2026-10-03T03:23:32.423247+00:00,2026-08-11,2026-08-17,8,70.69,36.83,116.94,57.62,129.71,,True
2026-09-03,pre_dam,2026-10-03T03:23:32.423247+00:00,2026-08-11,2026-08-17,9,71.42,37.43,114.51,46.3,74.58,,True
2026-09-03,pre_dam,2026-10-03T03:23:32.423247+00:00,2026-08-11,2026-08-17,10,71.35,37.25,123.2,80.23,142.86,,True
2026-09-03,pre_dam,2026-10-03T03:23:32.423247+00:00,2026-08-11,2026-08-17,11,71.44,37.62,118.9,86.46,139.17,,True
2026-09-03,pre_dam,2026-10-03T03:23:32.423247+00:00,2026-08-11,2026-08-17,12,74.9,39.68,124.23,89.81,108.08,,True
2026-09-03,pre_dam,2026-10-03T03:23:32.423247+00:00,2026-08-11,2026-08-17,13,76.51,37.34,123.84,103.92,52.52,,True
2026-09-03,pre_dam,2026-10-03T03:23:32.423247+00:00,2026-08-11,2026-08-17,14,72.75,38.24,142.94,149.83,37.66,,True
2026-09-03,pre_dam,2026-10-03T03:23:32.423247+00:00,2026-08-11,2026-08-17,15,66.11,37.17,145.54,155.94,36.95,,True
2026-09-03,pre_dam,2026-10-03T03:23:32.423247+00:00,2026-08-11,2026-08-17,16,79.37,38.84,163.73,94.69,70.05,,True
2026-09-03,pre_dam,2026-10-03T03:23:32.423247+00:00,2026-08-11,2026-08-17,17,78.67,34.14,143.13,78.71,85.9,,True
2026-09-03,pre_dam,2026-10-03T03:23:32.423247+00:00,2026-08-11,2026-08-17,18,92.47,37.11,157.61,87.17,63.93,,True
2026-09-03,pre_dam,2026-10-03T03:23:32.423247+00:00,2026-08-11,2026-08-17,19,113.41,37.06,195.85,82.02,97.43,,True
2026-09-03,pre_dam,2026-10-03T03:23:32.423247+00:00,2026-08-11,2026-08-17,20,105.98,37.62,187.04,70.93,91.62,,True
2026-09-03,pre_dam,2026-10-03T03:23:32.423247+00:00,2026-08-11,2026-08-17,21,80.6,35.86,107.62,66.05,28.62,,True
2026-09-03,pre_dam,2026-10-03T03:23:32.423247+00:00,2026-08-11,2026-08-17,22,72.83,39.12,110.31,76.26,36.2,,True
2026-09-03,pre_dam,2026-10-03T03:23:32.423247+00:00,2026-08-11,2026-08-17,23,60.74,39.51,99.57,113.95,22.76,,True
2026-09-03,pre_dam,2026-10-03T03:23:32.423247+00:00,2026-08-11,2026-08-17,24,50.64,37.7,73.93,124.98,23.38,,True
2026-09-04,pre_dam,2026-10-03T03:25:17.875153+00:00,2026-08-14,2026-08-17,1,37.48,31.25,60.55,65.13,47.84,,True
2026-09-04,pre_dam,2026-10-03T03:25:17.875153+00:00,2026-08-14,2026-08-17,2,36.6,29.97,61.69,41.85,40.91,,True
2026-09-04,pre_dam,2026-10-03T03:25:17.875153+00:00,2026-08-14,2026-08-17,3,33.47,29.68,58.71,50.68,31.76,,True
2026-09-04,pre_dam,2026-10-03T03:25:17.875153+00:00,2026-08-14,2026-08-17,4,32.26,28.53,57.83,47.62,31.14,,True
2026-09-04,pre_dam,2026-10-03T03:25:17.875153+00:00,2026-08-14,2026-08-17,5,36.62,29.98,61.61,46.55,37.86,,True
2026-09-04,pre_dam,2026-10-03T03:25:17.875153+00:00,2026-08-14,2026-08-17,6,43.29,33.51,65.52,38.61,76.06,,True
2026-09-04,pre_dam,2026-10-03T03:25:17.875153+00:00,2026-08-14,2026-08-17,7,51.14,35.14,88.79,31.84,100.25,,True
2026-09-04,pre_dam,2026-10-03T03:25:17.875153+00:00,2026-08-14,2026-08-17,8,53.82,34.71,90.14,42.86,129.71,,True
2026-09-04,pre_dam,2026-10-03T03:25:17.875153+00:00,2026-08-14,2026-08-17,9,62.24,36.95,106.45,41.95,74.58,,True
2026-09-04,pre_dam,2026-10-03T03:25:17.875153+00:00,2026-08-14,2026-08-17,10,61.46,33.83,104.79,94.02,142.86,,True
2026-09-04,pre_dam,2026-10-03T03:25:17.875153+00:00,2026-08-14,2026-08-17,11,74.76,37.63,111.55,85.65,139.17,,True
2026-09-04,pre_dam,2026-10-03T03:25:17.875153+00:00,2026-08-14,2026-08-17,12,73.01,38.51,111.55,143.68,108.08,,True
2026-09-04,pre_dam,2026-10-03T03:25:17.875153+00:00,2026-08-14,2026-08-17,13,74.04,37.97,114.67,96.08,52.52,,True
2026-09-04,pre_dam,2026-10-03T03:25:17.875153+00:00,2026-08-14,2026-08-17,14,72.11,38.44,116.89,94.35,37.66,,True
2026-09-04,pre_dam,2026-10-03T03:25:17.875153+00:00,2026-08-14,2026-08-17,15,67.91,34.59,119.82,57.13,36.95,,True
2026-09-04,pre_dam,2026-10-03T03:25:17.875153+00:00,2026-08-14,2026-08-17,16,66.87,34.05,107.28,47.21,70.05,,True
2026-09-04,pre_dam,2026-10-03T03:25:17.875153+00:00,2026-08-14,2026-08-17,17,76.57,30.37,111.19,65.66,85.9,,True
2026-09-04,pre_dam,2026-10-03T03:25:17.875153+00:00,2026-08-14,2026-08-17,18,72.55,30.17,113.15,63.13,63.93,,True
2026-09-04,pre_dam,2026-10-03T03:25:17.875153+00:00,2026-08-14,2026-08-17,19,63.22,32.89,121.12,75.2,97.43,,True
2026-09-04,pre_dam,2026-10-03T03:25:17.875153+00:00,2026-08-14,2026-08-17,20,70.23,33.28,111.05,79.92,91.62,,True
2026-09-04,pre_dam,2026-10-03T03:25:17.875153+00:00,2026-08-14,2026-08-17,21,60.52,32.58,95.6,69.17,28.62,,True
2026-09-04,pre_dam,2026-10-03T03:25:17.875153+00:00,2026-08-14,2026-08-17,22,59.34,33.99,95.35,99.5,36.2,,True
2026-09-04,pre_dam,2026-10-03T03:25:17.875153+00:00,2026-08-14,2026-08-17,23,51.24,33.65,81.93,103.08,22.76,,True
2026-09-04,pre_dam,2026-10-03T03:25:17.875153+00:00,2026-08-14,2026-08-17,24,38.78,29.42,68.59,57.63,23.38,,True
2026-09-05,pre_dam,2026-10-03T03:07:11.951400+00:00,2026-08-30,2025-07-20,1,37.23,23.49,62.26,27.44,36.16,,True
2026-09-05,pre_dam,2026-10-03T03:07:11.951400+00:00,2026-08-30,2025-07-20,2,36.61,23.07,55.99,31.76,33.03,,True
2026-09-05,pre_dam,2026-10-03T03:07:11.951400+00:00,2026-08-30,2025-07-20,3,34.17,23.35,51.69,25.79,31.51,,True
2026-09-05,pre_dam,2026-10-03T03:07:11.951400+00:00,2026-08-30,2025-07-20,4,33.91,22.57,51.92,28.03,33.5,,True
2026-09-05,pre_dam,2026-10-03T03:07:11.951400+00:00,2026-08-30,2025-07-20,5,33.5,21.46,49.18,27.73,32.16,,True
2026-09-05,pre_dam,2026-10-03T03:07:11.951400+00:00,2026-08-30,2025-07-20,6,33.42,21.51,49.69,29.41,26.61,,True
2026-09-05,pre_dam,2026-10-03T03:07:11.951400+00:00,2026-08-30,2025-07-20,7,34.15,21.94,50.86,28.69,33.58,,True
2026-09-05,pre_dam,2026-10-03T03:07:11.951400+00:00,2026-08-30,2025-07-20,8,38.47,22.78,63.45,38.98,46.59,,True
2026-09-05,pre_dam,2026-10-03T03:07:11.951400+00:00,2026-08-30,2025-07-20,9,38.08,23.59,64.83,47.21,108.34,,True
2026-09-05,pre_dam,2026-10-03T03:07:11.951400+00:00,2026-08-30,2025-07-20,10,41.96,24.51,66.08,38.72,55.63,,True
2026-09-05,pre_dam,2026-10-03T03:07:11.951400+00:00,2026-08-30,2025-07-20,11,46.1,26.42,77.89,37.14,80.26,,True
2026-09-05,pre_dam,2026-10-03T03:07:11.951400+00:00,2026-08-30,2025-07-20,12,49.4,29.46,83.68,37.64,44.55,,True
2026-09-05,pre_dam,2026-10-03T03:07:11.951400+00:00,2026-08-30,2025-07-20,13,50.48,29.37,81.06,37.66,88.67,,True
2026-09-05,pre_dam,2026-10-03T03:07:11.951400+00:00,2026-08-30,2025-07-20,14,52.23,29.86,83.89,39.07,42.5,,True
2026-09-05,pre_dam,2026-10-03T03:07:11.951400+00:00,2026-08-30,2025-07-20,15,53.14,30.06,90.41,49.1,30.46,,True
2026-09-05,pre_dam,2026-10-03T03:07:11.951400+00:00,2026-08-30,2025-07-20,16,59.98,31.95,96.89,50.16,68.18,,True
2026-09-05,pre_dam,2026-10-03T03:07:11.951400+00:00,2026-08-30,2025-07-20,17,63.15,31.92,103.59,44.98,79.85,,True
2026-09-05,pre_dam,2026-10-03T03:07:11.951400+00:00,2026-08-30,2025-07-20,18,65.78,31.97,105.27,53.27,39.1,,True
2026-09-05,pre_dam,2026-10-03T03:07:11.951400+00:00,2026-08-30,2025-07-20,19,65.32,31.43,100.66,68.98,75.35,,True
2026-09-05,pre_dam,2026-10-03T03:07:11.951400+00:00,2026-08-30,2025-07-20,20,63.54,30.66,97.19,66.66,91.55,,True
2026-09-05,pre_dam,2026-10-03T03:07:11.951400+00:00,2026-08-30,2025-07-20,21,53.76,31.39,94.97,35.98,80.37,,True
2026-09-05,pre_dam,2026-10-03T03:07:11.951400+00:00,2026-08-30,2025-07-20,22,46.64,28.27,75.28,39.3,70.98,,True
2026-09-05,pre_dam,2026-10-03T03:07:11.951400+00:00,2026-08-30,2025-07-20,23,36.53,25.34,67.54,28.09,34.03,,True
2026-09-05,pre_dam,2026-10-03T03:07:11.951400+00:00,2026-08-30,2025-07-20,24,35.92,22.84,62.13,34.36,24.6,,True
2026-09-06,pre_dam,2026-10-03T03:09:31.967101+00:00,2025-09-14,2025-09-27,1,30.04,23.55,43.24,29.56,49.26,,True
2026-09-06,pre_dam,2026-10-03T03:09:31.967101+00:00,2025-09-14,2025-09-27,2,30.16,19.95,42.86,35.68,48.54,,True
2026-09-06,pre_dam,2026-10-03T03:09:31.967101+00:00,2025-09-14,2025-09-27,3,26.02,17.39,36.7,39.09,34.19,,True
2026-09-06,pre_dam,2026-10-03T03:09:31.967101+00:00,2025-09-14,2025-09-27,4,27.41,17.38,36.59,33.46,40.74,,True
2026-09-06,pre_dam,2026-10-03T03:09:31.967101+00:00,2025-09-14,2025-09-27,5,27.35,15.55,35.79,27.23,56.59,,True
2026-09-06,pre_dam,2026-10-03T03:09:31.967101+00:00,2025-09-14,2025-09-27,6,31.86,18.6,35.79,32.91,108.68,,True
2026-09-06,pre_dam,2026-10-03T03:09:31.967101+00:00,2025-09-14,2025-09-27,7,32.42,19.25,43.5,39.43,35.38,,True
2026-09-06,pre_dam,2026-10-03T03:09:31.967101+00:00,2025-09-14,2025-09-27,8,34.3,20.15,46.46,31.54,122.65,,True
2026-09-06,pre_dam,2026-10-03T03:09:31.967101+00:00,2025-09-14,2025-09-27,9,36.64,21.41,46.57,29.32,121.28,,True
2026-09-06,pre_dam,2026-10-03T03:09:31.967101+00:00,2025-09-14,2025-09-27,10,35.01,21.63,46.09,33.59,79.83,,True
2026-09-06,pre_dam,2026-10-03T03:09:31.967101+00:00,2025-09-14,2025-09-27,11,36.08,22.58,47.07,34.34,43.39,,True
2026-09-06,pre_dam,2026-10-03T03:09:31.967101+00:00,2025-09-14,2025-09-27,12,36.25,23.4,48.58,76.24,43.0,,True
2026-09-06,pre_dam,2026-10-03T03:09:31.967101+00:00,2025-09-14,2025-09-27,13,38.46,24.69,51.32,81.62,38.65,,True
2026-09-06,pre_dam,2026-10-03T03:09:31.967101+00:00,2025-09-14,2025-09-27,14,38.43,26.25,58.58,73.89,44.33,,True
2026-09-06,pre_dam,2026-10-03T03:09:31.967101+00:00,2025-09-14,2025-09-27,15,44.33,27.51,67.46,33.71,86.84,,True
2026-09-06,pre_dam,2026-10-03T03:09:31.967101+00:00,2025-09-14,2025-09-27,16,46.68,29.01,72.47,39.51,78.02,,True
2026-09-06,pre_dam,2026-10-03T03:09:31.967101+00:00,2025-09-14,2025-09-27,17,49.96,31.45,80.83,122.09,161.19,,True
2026-09-06,pre_dam,2026-10-03T03:09:31.967101+00:00,2025-09-14,2025-09-27,18,58.47,33.06,98.56,43.24,207.88,,True
2026-09-06,pre_dam,2026-10-03T03:09:31.967101+00:00,2025-09-14,2025-09-27,19,59.58,33.33,96.5,54.5,39.12,,True
2026-09-06,pre_dam,2026-10-03T03:09:31.967101+00:00,2025-09-14,2025-09-27,20,58.57,33.04,89.85,85.6,34.76,,True
2026-09-06,pre_dam,2026-10-03T03:09:31.967101+00:00,2025-09-14,2025-09-27,21,53.26,31.39,76.07,80.29,68.98,,True
2026-09-06,pre_dam,2026-10-03T03:09:31.967101+00:00,2025-09-14,2025-09-27,22,46.4,27.84,61.56,26.25,52.41,,True
2026-09-06,pre_dam,2026-10-03T03:09:31.967101+00:00,2025-09-14,2025-09-27,23,38.76,25.84,55.74,55.3,37.8,,True
2026-09-06,pre_dam,2026-10-03T03:09:31.967101+00:00,2025-09-14,2025-09-27,24,36.91,23.86,50.46,21.96,29.83,,True
2026-09-07,pre_dam,2026-10-03T03:12:04.389741+00:00,2025-09-11,2025-06-05,1,34.99,24.17,48.59,27.12,15.42,,True
2026-09-07,pre_dam,2026-10-03T03:12:04.389741+00:00,2025-09-11,2025-06-05,2,34.4,23.47,47.25,19.31,19.38,,True
2026-09-07,pre_dam,2026-10-03T03:12:04.389741+00:00,2025-09-11,2025-06-05,3,34.4,23.45,46.37,19.9,23.17,,True
2026-09-07,pre_dam,2026-10-03T03:12:04.389741+00:00,2025-09-11,2025-06-05,4,33.73,16.26,45.39,20.55,30.54,,True
2026-09-07,pre_dam,2026-10-03T03:12:04.389741+00:00,2025-09-11,2025-06-05,5,33.73,16.21,45.39,26.62,11.16,,True
2026-09-07,pre_dam,2026-10-03T03:12:04.389741+00:00,2025-09-11,2025-06-05,6,34.3,20.41,46.35,44.8,12.47,,True
2026-09-07,pre_dam,2026-10-03T03:12:04.389741+00:00,2025-09-11,2025-06-05,7,35.43,17.38,46.53,49.95,24.9,,True
2026-09-07,pre_dam,2026-10-03T03:12:04.389741+00:00,2025-09-11,2025-06-05,8,38.09,22.3,48.29,37.88,32.64,,True
2026-09-07,pre_dam,2026-10-03T03:12:04.389741+00:00,2025-09-11,2025-06-05,9,37.43,23.46,50.03,36.02,25.48,,True
2026-09-07,pre_dam,2026-10-03T03:12:04.389741+00:00,2025-09-11,2025-06-05,10,37.3,24.0,51.15,36.89,33.65,,True
2026-09-07,pre_dam,2026-10-03T03:12:04.389741+00:00,2025-09-11,2025-06-05,11,37.92,23.98,53.47,36.12,40.0,,True
2026-09-07,pre_dam,2026-10-03T03:12:04.389741+00:00,2025-09-11,2025-06-05,12,41.03,26.83,64.66,38.07,61.09,,True
2026-09-07,pre_dam,2026-10-03T03:12:04.389741+00:00,2025-09-11,2025-06-05,13,43.49,26.55,67.04,36.58,57.53,,True
2026-09-07,pre_dam,2026-10-03T03:12:04.389741+00:00,2025-09-11,2025-06-05,14,43.34,27.31,69.27,36.44,125.88,,True
2026-09-07,pre_dam,2026-10-03T03:12:04.389741+00:00,2025-09-11,2025-06-05,15,48.25,30.6,70.59,36.67,54.9,,True
2026-09-07,pre_dam,2026-10-03T03:12:04.389741+00:00,2025-09-11,2025-06-05,16,56.55,31.98,92.97,36.49,24.2,,True
2026-09-07,pre_dam,2026-10-03T03:12:04.389741+00:00,2025-09-11,2025-06-05,17,61.88,31.33,97.13,39.44,18.21,,True
2026-09-07,pre_dam,2026-10-03T03:12:04.389741+00:00,2025-09-11,2025-06-05,18,69.68,33.32,115.35,34.6,21.41,,True
2026-09-07,pre_dam,2026-10-03T03:12:04.389741+00:00,2025-09-11,2025-06-05,19,69.45,32.51,105.39,36.26,21.86,,True
2026-09-07,pre_dam,2026-10-03T03:12:04.389741+00:00,2025-09-11,2025-06-05,20,68.28,32.65,105.7,50.91,27.05,,True
2026-09-07,pre_dam,2026-10-03T03:12:04.389741+00:00,2025-09-11,2025-06-05,21,57.65,32.56,96.69,38.68,23.26,,True
2026-09-07,pre_dam,2026-10-03T03:12:04.389741+00:00,2025-09-11,2025-06-05,22,53.31,31.74,81.29,32.91,39.23,,True
2026-09-07,pre_dam,2026-10-03T03:12:04.389741+00:00,2025-09-11,2025-06-05,23,44.77,26.6,63.57,31.25,29.61,,True
2026-09-07,pre_dam,2026-10-03T03:12:04.389741+00:00,2025-09-11,2025-06-05,24,38.79,23.61,62.13,25.52,20.53,,True
2026-09-08,pre_dam,2026-10-03T03:13:45.185408+00:00,2026-08-31,2026-08-25,1,35.82,26.25,57.38,31.95,26.2,,True
2026-09-08,pre_dam,2026-10-03T03:13:45.185408+00:00,2026-08-31,2026-08-25,2,33.7,23.98,52.73,24.45,23.78,,True
2026-09-08,pre_dam,2026-10-03T03:13:45.185408+00:00,2026-08-31,2026-08-25,3,30.46,22.79,47.64,18.05,20.28,,True
2026-09-08,pre_dam,2026-10-03T03:13:45.185408+00:00,2026-08-31,2026-08-25,4,30.46,22.79,47.24,17.76,20.45,,True
2026-09-08,pre_dam,2026-10-03T03:13:45.185408+00:00,2026-08-31,2026-08-25,5,30.46,23.24,49.64,15.58,-30.36,,True
2026-09-08,pre_dam,2026-10-03T03:13:45.185408+00:00,2026-08-31,2026-08-25,6,36.03,25.42,55.64,30.8,25.67,,True
2026-09-08,pre_dam,2026-10-03T03:13:45.185408+00:00,2026-08-31,2026-08-25,7,41.22,28.41,65.22,34.73,27.47,,True
2026-09-08,pre_dam,2026-10-03T03:13:45.185408+00:00,2026-08-31,2026-08-25,8,44.51,29.88,71.22,62.85,22.24,,True
2026-09-08,pre_dam,2026-10-03T03:13:45.185408+00:00,2026-08-31,2026-08-25,9,45.93,30.4,68.9,96.12,161.76,,True
2026-09-08,pre_dam,2026-10-03T03:13:45.185408+00:00,2026-08-31,2026-08-25,10,47.66,30.95,76.1,96.7,26.78,,True
2026-09-08,pre_dam,2026-10-03T03:13:45.185408+00:00,2026-08-31,2026-08-25,11,49.42,31.66,79.88,41.78,156.5,,True
2026-09-08,pre_dam,2026-10-03T03:13:45.185408+00:00,2026-08-31,2026-08-25,12,53.91,36.42,77.93,42.84,26.43,,True
2026-09-08,pre_dam,2026-10-03T03:13:45.185408+00:00,2026-08-31,2026-08-25,13,54.98,36.3,82.5,45.18,22.41,,True
2026-09-08,pre_dam,2026-10-03T03:13:45.185408+00:00,2026-08-31,2026-08-25,14,55.94,36.1,87.29,26.67,31.15,,True
2026-09-08,pre_dam,2026-10-03T03:13:45.185408+00:00,2026-08-31,2026-08-25,15,72.7,36.27,112.32,31.88,25.91,,True
2026-09-08,pre_dam,2026-10-03T03:13:45.185408+00:00,2026-08-31,2026-08-25,16,78.0,36.54,119.98,49.0,31.41,,True
2026-09-08,pre_dam,2026-10-03T03:13:45.185408+00:00,2026-08-31,2026-08-25,17,70.58,36.4,125.36,48.35,33.6,,True
2026-09-08,pre_dam,2026-10-03T03:13:45.185408+00:00,2026-08-31,2026-08-25,18,68.01,35.25,116.11,41.46,29.24,,True
2026-09-08,pre_dam,2026-10-03T03:13:45.185408+00:00,2026-08-31,2026-08-25,19,70.92,35.19,119.64,57.28,39.6,,True
2026-09-08,pre_dam,2026-10-03T03:13:45.185408+00:00,2026-08-31,2026-08-25,20,65.5,34.79,119.86,55.23,38.45,,True
2026-09-08,pre_dam,2026-10-03T03:13:45.185408+00:00,2026-08-31,2026-08-25,21,58.05,33.54,95.72,53.38,35.71,,True
2026-09-08,pre_dam,2026-10-03T03:13:45.185408+00:00,2026-08-31,2026-08-25,22,49.65,34.47,75.69,58.34,36.35,,True
2026-09-08,pre_dam,2026-10-03T03:13:45.185408+00:00,2026-08-31,2026-08-25,23,44.9,29.25,73.12,61.11,29.2,,True
2026-09-08,pre_dam,2026-10-03T03:13:45.185408+00:00,2026-08-31,2026-08-25,24,39.93,26.83,68.48,49.22,18.54,,True
2026-09-09,pre_dam,2026-10-03T03:15:37.576909+00:00,2026-07-29,2026-06-10,1,34.42,29.6,63.64,25.86,13.36,,True
2026-09-09,pre_dam,2026-10-03T03:15:37.576909+00:00,2026-07-29,2026-06-10,2,34.89,28.62,58.19,21.03,5.14,,True
2026-09-09,pre_dam,2026-10-03T03:15:37.576909+00:00,2026-07-29,2026-06-10,3,33.78,27.77,54.86,21.72,7.09,,True
2026-09-09,pre_dam,2026-10-03T03:15:37.576909+00:00,2026-07-29,2026-06-10,4,34.68,28.03,60.46,16.57,17.11,,True
2026-09-09,pre_dam,2026-10-03T03:15:37.576909+00:00,2026-07-29,2026-06-10,5,38.73,28.29,57.03,16.7,19.06,,True
2026-09-09,pre_dam,2026-10-03T03:15:37.576909+00:00,2026-07-29,2026-06-10,6,36.59,31.68,61.38,20.42,21.14,,True
2026-09-09,pre_dam,2026-10-03T03:15:37.576909+00:00,2026-07-29,2026-06-10,7,45.64,34.2,76.9,24.84,39.05,,True
2026-09-09,pre_dam,2026-10-03T03:15:37.576909+00:00,2026-07-29,2026-06-10,8,56.63,35.95,79.61,42.85,28.36,,True
2026-09-09,pre_dam,2026-10-03T03:15:37.576909+00:00,2026-07-29,2026-06-10,9,55.23,36.07,80.88,35.37,29.17,,True
2026-09-09,pre_dam,2026-10-03T03:15:37.576909+00:00,2026-07-29,2026-06-10,10,56.41,39.19,85.42,34.58,37.19,,True
2026-09-09,pre_dam,2026-10-03T03:15:37.576909+00:00,2026-07-29,2026-06-10,11,54.1,38.05,88.86,47.63,33.95,,True
2026-09-09,pre_dam,2026-10-03T03:15:37.576909+00:00,2026-07-29,2026-06-10,12,56.77,38.7,90.62,33.63,32.5,,True
2026-09-09,pre_dam,2026-10-03T03:15:37.576909+00:00,2026-07-29,2026-06-10,13,55.77,38.56,105.6,26.05,38.58,,True
2026-09-09,pre_dam,2026-10-03T03:15:37.576909+00:00,2026-07-29,2026-06-10,14,62.91,37.29,102.95,38.42,54.45,,True
2026-09-09,pre_dam,2026-10-03T03:15:37.576909+00:00,2026-07-29,2026-06-10,15,64.94,37.46,103.55,48.74,56.01,,True
2026-09-09,pre_dam,2026-10-03T03:15:37.576909+00:00,2026-07-29,2026-06-10,16,96.61,38.94,121.74,55.72,5.79,,True
2026-09-09,pre_dam,2026-10-03T03:15:37.576909+00:00,2026-07-29,2026-06-10,17,103.65,39.84,132.44,38.59,73.39,,True
2026-09-09,pre_dam,2026-10-03T03:15:37.576909+00:00,2026-07-29,2026-06-10,18,91.79,38.61,111.88,56.29,111.47,,True
2026-09-09,pre_dam,2026-10-03T03:15:37.576909+00:00,2026-07-29,2026-06-10,19,76.57,38.57,127.42,103.35,125.56,,True
2026-09-09,pre_dam,2026-10-03T03:15:37.576909+00:00,2026-07-29,2026-06-10,20,86.6,39.73,122.53,258.74,34.81,,True
2026-09-09,pre_dam,2026-10-03T03:15:37.576909+00:00,2026-07-29,2026-06-10,21,72.86,38.82,107.24,47.43,36.76,,True
2026-09-09,pre_dam,2026-10-03T03:15:37.576909+00:00,2026-07-29,2026-06-10,22,51.68,36.84,79.35,61.13,64.56,,True
2026-09-09,pre_dam,2026-10-03T03:15:37.576909+00:00,2026-07-29,2026-06-10,23,45.23,34.19,78.82,36.62,34.08,,True
2026-09-09,pre_dam,2026-10-03T03:15:37.576909+00:00,2026-07-29,2026-06-10,24,41.82,33.95,65.91,26.41,13.74,,True
2026-09-10,pre_dam,2026-10-03T03:17:34.925570+00:00,2026-07-22,2026-08-28,1,41.87,28.81,55.41,18.16,37.24,,True
2026-09-10,pre_dam,2026-10-03T03:17:34.925570+00:00,2026-07-22,2026-08-28,2,40.55,29.08,49.78,16.29,31.83,,True
2026-09-10,pre_dam,2026-10-03T03:17:34.925570+00:00,2026-07-22,2026-08-28,3,40.13,25.32,51.25,93.14,29.97,,True
2026-09-10,pre_dam,2026-10-03T03:17:34.925570+00:00,2026-07-22,2026-08-28,4,36.82,22.2,54.15,15.48,30.19,,True
2026-09-10,pre_dam,2026-10-03T03:17:34.925570+00:00,2026-07-22,2026-08-28,5,39.89,26.76,53.55,11.45,32.18,,True
2026-09-10,pre_dam,2026-10-03T03:17:34.925570+00:00,2026-07-22,2026-08-28,6,47.23,34.02,69.59,20.51,34.38,,True
2026-09-10,pre_dam,2026-10-03T03:17:34.925570+00:00,2026-07-22,2026-08-28,7,50.28,34.89,75.72,31.65,36.93,,True
2026-09-10,pre_dam,2026-10-03T03:17:34.925570+00:00,2026-07-22,2026-08-28,8,55.11,35.06,80.18,37.45,33.98,,True
2026-09-10,pre_dam,2026-10-03T03:17:34.925570+00:00,2026-07-22,2026-08-28,9,53.48,35.38,73.71,30.3,33.51,,True
2026-09-10,pre_dam,2026-10-03T03:17:34.925570+00:00,2026-07-22,2026-08-28,10,48.97,35.16,63.54,28.76,38.43,,True
2026-09-10,pre_dam,2026-10-03T03:17:34.925570+00:00,2026-07-22,2026-08-28,11,50.59,40.18,69.64,12.65,37.2,,True
2026-09-10,pre_dam,2026-10-03T03:17:34.925570+00:00,2026-07-22,2026-08-28,12,50.19,36.35,66.76,15.02,45.13,,True
2026-09-10,pre_dam,2026-10-03T03:17:34.925570+00:00,2026-07-22,2026-08-28,13,54.47,37.5,66.73,16.52,43.48,,True
2026-09-10,pre_dam,2026-10-03T03:17:34.925570+00:00,2026-07-22,2026-08-28,14,50.32,39.63,65.42,23.18,42.07,,True
2026-09-10,pre_dam,2026-10-03T03:17:34.925570+00:00,2026-07-22,2026-08-28,15,49.86,33.62,63.27,30.4,43.55,,True
2026-09-10,pre_dam,2026-10-03T03:17:34.925570+00:00,2026-07-22,2026-08-28,16,47.65,39.31,69.77,31.36,50.72,,True
2026-09-10,pre_dam,2026-10-03T03:17:34.925570+00:00,2026-07-22,2026-08-28,17,61.51,37.64,99.36,33.59,55.37,,True
2026-09-10,pre_dam,2026-10-03T03:17:34.925570+00:00,2026-07-22,2026-08-28,18,65.27,38.1,103.35,39.1,72.96,,True
2026-09-10,pre_dam,2026-10-03T03:17:34.925570+00:00,2026-07-22,2026-08-28,19,65.38,37.39,105.03,43.2,68.68,,True
2026-09-10,pre_dam,2026-10-03T03:17:34.925570+00:00,2026-07-22,2026-08-28,20,63.36,37.3,105.84,40.63,59.55,,True
2026-09-10,pre_dam,2026-10-03T03:17:34.925570+00:00,2026-07-22,2026-08-28,21,62.58,37.49,99.74,44.31,37.14,,True
2026-09-10,pre_dam,2026-10-03T03:17:34.925570+00:00,2026-07-22,2026-08-28,22,52.12,37.19,78.28,42.39,32.54,,True
2026-09-10,pre_dam,2026-10-03T03:17:34.925570+00:00,2026-07-22,2026-08-28,23,46.33,34.98,74.84,36.18,28.5,,True
2026-09-10,pre_dam,2026-10-03T03:17:34.925570+00:00,2026-07-22,2026-08-28,24,42.15,33.13,69.76,25.3,22.56,,True
2026-09-11,pre_dam,2026-10-03T03:19:22.558549+00:00,2025-09-11,2026-09-07,1,36.28,28.06,53.69,27.12,33.34,,True
2026-09-11,pre_dam,2026-10-03T03:19:22.558549+00:00,2025-09-11,2026-09-07,2,35.12,29.63,51.5,19.31,32.55,,True
2026-09-11,pre_dam,2026-10-03T03:19:22.558549+00:00,2025-09-11,2026-09-07,3,34.75,28.58,46.63,19.9,25.85,,True
2026-09-11,pre_dam,2026-10-03T03:19:22.558549+00:00,2025-09-11,2026-09-07,4,34.39,27.55,51.18,20.55,24.22,,True
2026-09-11,pre_dam,2026-10-03T03:19:22.558549+00:00,2025-09-11,2026-09-07,5,35.7,29.79,46.66,26.62,24.88,,True
2026-09-11,pre_dam,2026-10-03T03:19:22.558549+00:00,2025-09-11,2026-09-07,6,40.87,32.15,57.82,44.8,25.61,,True
2026-09-11,pre_dam,2026-10-03T03:19:22.558549+00:00,2025-09-11,2026-09-07,7,50.74,36.03,71.85,49.95,33.54,,True
2026-09-11,pre_dam,2026-10-03T03:19:22.558549+00:00,2025-09-11,2026-09-07,8,50.81,33.8,72.96,37.88,31.65,,True
2026-09-11,pre_dam,2026-10-03T03:19:22.558549+00:00,2025-09-11,2026-09-07,9,50.14,33.39,71.32,36.02,33.81,,True
2026-09-11,pre_dam,2026-10-03T03:19:22.558549+00:00,2025-09-11,2026-09-07,10,46.98,33.5,71.31,36.89,36.67,,True
2026-09-11,pre_dam,2026-10-03T03:19:22.558549+00:00,2025-09-11,2026-09-07,11,44.37,31.37,72.06,36.12,39.13,,True
2026-09-11,pre_dam,2026-10-03T03:19:22.558549+00:00,2025-09-11,2026-09-07,12,45.13,32.6,69.47,38.07,41.9,,True
2026-09-11,pre_dam,2026-10-03T03:19:22.558549+00:00,2025-09-11,2026-09-07,13,47.85,35.47,70.71,36.58,47.3,,True
2026-09-11,pre_dam,2026-10-03T03:19:22.558549+00:00,2025-09-11,2026-09-07,14,47.58,35.09,70.97,36.44,52.33,,True
2026-09-11,pre_dam,2026-10-03T03:19:22.558549+00:00,2025-09-11,2026-09-07,15,49.16,34.7,74.91,36.67,37.1,,True
2026-09-11,pre_dam,2026-10-03T03:19:22.558549+00:00,2025-09-11,2026-09-07,16,53.81,35.68,97.37,36.49,61.71,,True
2026-09-11,pre_dam,2026-10-03T03:19:22.558549+00:00,2025-09-11,2026-09-07,17,54.53,36.85,89.56,39.44,106.06,,True
2026-09-11,pre_dam,2026-10-03T03:19:22.558549+00:00,2025-09-11,2026-09-07,18,63.25,37.34,97.91,34.6,80.44,,True
2026-09-11,pre_dam,2026-10-03T03:19:22.558549+00:00,2025-09-11,2026-09-07,19,73.51,38.19,113.73,36.26,73.67,,True
2026-09-11,pre_dam,2026-10-03T03:19:22.558549+00:00,2025-09-11,2026-09-07,20,70.65,37.65,107.05,50.91,61.85,,True
2026-09-11,pre_dam,2026-10-03T03:19:22.558549+00:00,2025-09-11,2026-09-07,21,60.4,37.45,97.91,38.68,59.3,,True
2026-09-11,pre_dam,2026-10-03T03:19:22.558549+00:00,2025-09-11,2026-09-07,22,52.78,36.45,80.09,32.91,39.61,,True
2026-09-11,pre_dam,2026-10-03T03:19:22.558549+00:00,2025-09-11,2026-09-07,23,44.74,35.33,69.45,31.25,41.48,,True
2026-09-11,pre_dam,2026-10-03T03:19:22.558549+00:00,2025-09-11,2026-09-07,24,43.6,32.56,66.42,25.52,64.31,,True
2026-09-12,pre_dam,2026-10-03T03:21:14.271829+00:00,2026-08-30,2026-09-05,1,35.8,27.63,53.41,27.44,34.81,,True
2026-09-12,pre_dam,2026-10-03T03:21:14.271829+00:00,2026-08-30,2026-09-05,2,30.8,21.48,47.49,31.76,38.31,,True
2026-09-12,pre_dam,2026-10-03T03:21:14.271829+00:00,2026-08-30,2026-09-05,3,30.35,21.83,47.8,25.79,40.94,,True
2026-09-12,pre_dam,2026-10-03T03:21:14.271829+00:00,2026-08-30,2026-09-05,4,30.27,19.96,48.15,28.03,36.15,,True
2026-09-12,pre_dam,2026-10-03T03:21:14.271829+00:00,2026-08-30,2026-09-05,5,29.81,18.4,44.71,27.73,35.59,,True
2026-09-12,pre_dam,2026-10-03T03:21:14.271829+00:00,2026-08-30,2026-09-05,6,36.83,27.02,55.17,29.41,34.82,,True
2026-09-12,pre_dam,2026-10-03T03:21:14.271829+00:00,2026-08-30,2026-09-05,7,37.81,26.76,61.18,28.69,31.5,,True
2026-09-12,pre_dam,2026-10-03T03:21:14.271829+00:00,2026-08-30,2026-09-05,8,40.89,28.38,63.78,38.98,26.5,,True
2026-09-12,pre_dam,2026-10-03T03:21:14.271829+00:00,2026-08-30,2026-09-05,9,38.32,28.38,63.61,47.21,31.66,,True
2026-09-12,pre_dam,2026-10-03T03:21:14.271829+00:00,2026-08-30,2026-09-05,10,41.02,29.61,63.77,38.72,38.33,,True
2026-09-12,pre_dam,2026-10-03T03:21:14.271829+00:00,2026-08-30,2026-09-05,11,41.25,29.89,62.14,37.14,44.19,,True
2026-09-12,pre_dam,2026-10-03T03:21:14.271829+00:00,2026-08-30,2026-09-05,12,44.38,29.79,69.54,37.64,47.82,,True
2026-09-12,pre_dam,2026-10-03T03:21:14.271829+00:00,2026-08-30,2026-09-05,13,45.17,32.23,70.69,37.66,58.75,,True
2026-09-12,pre_dam,2026-10-03T03:21:14.271829+00:00,2026-08-30,2026-09-05,14,53.0,34.3,73.84,39.07,56.43,,True
2026-09-12,pre_dam,2026-10-03T03:21:14.271829+00:00,2026-08-30,2026-09-05,15,58.28,34.98,76.53,49.1,52.76,,True
2026-09-12,pre_dam,2026-10-03T03:21:14.271829+00:00,2026-08-30,2026-09-05,16,55.61,35.72,82.64,50.16,79.59,,True
2026-09-12,pre_dam,2026-10-03T03:21:14.271829+00:00,2026-08-30,2026-09-05,17,69.66,37.39,103.15,44.98,81.55,,True
2026-09-12,pre_dam,2026-10-03T03:21:14.271829+00:00,2026-08-30,2026-09-05,18,66.81,38.85,111.46,53.27,516.65,,True
2026-09-12,pre_dam,2026-10-03T03:21:14.271829+00:00,2026-08-30,2026-09-05,19,69.53,39.14,115.04,68.98,79.06,,True
2026-09-12,pre_dam,2026-10-03T03:21:14.271829+00:00,2026-08-30,2026-09-05,20,60.71,37.62,98.15,66.66,89.66,,True
2026-09-12,pre_dam,2026-10-03T03:21:14.271829+00:00,2026-08-30,2026-09-05,21,63.74,35.38,78.24,35.98,48.36,,True
2026-09-12,pre_dam,2026-10-03T03:21:14.271829+00:00,2026-08-30,2026-09-05,22,52.59,31.08,76.47,39.3,44.63,,True
2026-09-12,pre_dam,2026-10-03T03:21:14.271829+00:00,2026-08-30,2026-09-05,23,40.71,28.04,64.29,28.09,40.84,,True
2026-09-12,pre_dam,2026-10-03T03:21:14.271829+00:00,2026-08-30,2026-09-05,24,42.22,29.3,61.03,34.36,35.1,,True
2026-09-13,pre_dam,2026-10-03T03:23:14.034737+00:00,2025-08-24,2026-09-12,1,36.88,25.19,50.88,20.11,-29.49,,True
2026-09-13,pre_dam,2026-10-03T03:23:14.034737+00:00,2025-08-24,2026-09-12,2,33.83,22.31,45.26,27.02,17.56,,True
2026-09-13,pre_dam,2026-10-03T03:23:14.034737+00:00,2025-08-24,2026-09-12,3,35.31,20.95,47.24,23.0,20.37,,True
2026-09-13,pre_dam,2026-10-03T03:23:14.034737+00:00,2025-08-24,2026-09-12,4,35.31,19.55,47.68,43.49,42.22,,True
2026-09-13,pre_dam,2026-10-03T03:23:14.034737+00:00,2025-08-24,2026-09-12,5,32.82,16.11,44.81,33.47,20.1,,True
2026-09-13,pre_dam,2026-10-03T03:23:14.034737+00:00,2025-08-24,2026-09-12,6,37.76,21.66,50.04,28.76,26.32,,True
2026-09-13,pre_dam,2026-10-03T03:23:14.034737+00:00,2025-08-24,2026-09-12,7,43.56,22.85,52.74,18.39,31.38,,True
2026-09-13,pre_dam,2026-10-03T03:23:14.034737+00:00,2025-08-24,2026-09-12,8,44.92,28.91,66.42,27.27,,,True
2026-09-13,pre_dam,2026-10-03T03:23:14.034737+00:00,2025-08-24,2026-09-12,9,46.78,30.24,69.46,32.04,,,True
2026-09-13,pre_dam,2026-10-03T03:23:14.034737+00:00,2025-08-24,2026-09-12,10,47.38,29.72,70.6,39.41,,,True
2026-09-13,pre_dam,2026-10-03T03:23:14.034737+00:00,2025-08-24,2026-09-12,11,50.76,30.53,68.66,42.84,,,True
2026-09-13,pre_dam,2026-10-03T03:23:14.034737+00:00,2025-08-24,2026-09-12,12,50.97,30.96,69.29,43.0,,,True
2026-09-13,pre_dam,2026-10-03T03:23:14.034737+00:00,2025-08-24,2026-09-12,13,50.41,31.87,71.56,27.2,,,True
2026-09-13,pre_dam,2026-10-03T03:23:14.034737+00:00,2025-08-24,2026-09-12,14,45.68,31.2,75.77,20.54,,,True
2026-09-13,pre_dam,2026-10-03T03:23:14.034737+00:00,2025-08-24,2026-09-12,15,50.31,32.69,74.82,19.58,,,True
2026-09-13,pre_dam,2026-10-03T03:23:14.034737+00:00,2025-08-24,2026-09-12,16,49.34,32.6,69.72,19.7,,,True
2026-09-13,pre_dam,2026-10-03T03:23:14.034737+00:00,2025-08-24,2026-09-12,17,57.34,31.77,80.69,17.57,,,True
2026-09-13,pre_dam,2026-10-03T03:23:14.034737+00:00,2025-08-24,2026-09-12,18,102.04,32.34,105.37,12.02,,,True
2026-09-13,pre_dam,2026-10-03T03:23:14.034737+00:00,2025-08-24,2026-09-12,19,81.43,32.28,82.46,48.47,,,True
2026-09-13,pre_dam,2026-10-03T03:23:14.034737+00:00,2025-08-24,2026-09-12,20,54.15,31.15,77.81,41.47,,,True
2026-09-13,pre_dam,2026-10-03T03:23:14.034737+00:00,2025-08-24,2026-09-12,21,50.35,29.29,72.85,9.51,,,True
2026-09-13,pre_dam,2026-10-03T03:23:14.034737+00:00,2025-08-24,2026-09-12,22,42.81,25.28,62.22,27.63,,,True
2026-09-13,pre_dam,2026-10-03T03:23:14.034737+00:00,2025-08-24,2026-09-12,23,38.7,22.74,53.82,21.41,,,True
2026-09-13,pre_dam,2026-10-03T03:23:14.034737+00:00,2025-08-24,2026-09-12,24,33.91,20.07,47.29,29.43,,,True
2026-09-14,pre_dam,2026-10-03T03:25:06.760302+00:00,2026-05-06,2025-09-19,1,26.78,15.6,31.54,20.58,185.22,,True
2026-09-14,pre_dam,2026-10-03T03:25:06.760302+00:00,2026-05-06,2025-09-19,2,31.0,19.34,37.84,27.81,34.56,,True
2026-09-14,pre_dam,2026-10-03T03:25:06.760302+00:00,2026-05-06,2025-09-19,3,27.22,14.63,33.14,25.0,35.15,,True
2026-09-14,pre_dam,2026-10-03T03:25:06.760302+00:00,2026-05-06,2025-09-19,4,32.12,21.05,41.43,27.31,30.07,,True
2026-09-14,pre_dam,2026-10-03T03:25:06.760302+00:00,2026-05-06,2025-09-19,5,32.39,20.83,39.14,32.89,37.5,,True
2026-09-14,pre_dam,2026-10-03T03:25:06.760302+00:00,2026-05-06,2025-09-19,6,32.89,27.32,41.86,24.54,50.54,,True
2026-09-14,pre_dam,2026-10-03T03:25:06.760302+00:00,2026-05-06,2025-09-19,7,39.54,30.49,58.44,30.24,102.54,,True
2026-09-14,pre_dam,2026-10-03T03:25:06.760302+00:00,2026-05-06,2025-09-19,8,43.73,31.15,67.75,35.64,97.96,,True
2026-09-14,pre_dam,2026-10-03T03:25:06.760302+00:00,2026-05-06,2025-09-19,9,40.48,31.7,67.84,27.62,89.87,,True
2026-09-14,pre_dam,2026-10-03T03:25:06.760302+00:00,2026-05-06,2025-09-19,10,41.26,31.76,63.5,26.95,66.99,,True
2026-09-14,pre_dam,2026-10-03T03:25:06.760302+00:00,2026-05-06,2025-09-19,11,40.56,29.35,62.47,28.29,45.6,,True
2026-09-14,pre_dam,2026-10-03T03:25:06.760302+00:00,2026-05-06,2025-09-19,12,41.19,30.83,61.31,32.29,59.76,,True
2026-09-14,pre_dam,2026-10-03T03:25:06.760302+00:00,2026-05-06,2025-09-19,13,39.86,29.49,51.42,22.31,47.19,,True
2026-09-14,pre_dam,2026-10-03T03:25:06.760302+00:00,2026-05-06,2025-09-19,14,34.76,28.91,52.64,28.23,78.18,,True
2026-09-14,pre_dam,2026-10-03T03:25:06.760302+00:00,2026-05-06,2025-09-19,15,42.19,29.11,58.66,23.52,57.46,,True
2026-09-14,pre_dam,2026-10-03T03:25:06.760302+00:00,2026-05-06,2025-09-19,16,44.5,30.7,60.35,51.65,55.3,,True
2026-09-14,pre_dam,2026-10-03T03:25:06.760302+00:00,2026-05-06,2025-09-19,17,53.12,33.79,83.62,18.8,73.92,,True
2026-09-14,pre_dam,2026-10-03T03:25:06.760302+00:00,2026-05-06,2025-09-19,18,68.24,34.81,93.14,35.71,43.87,,True
2026-09-14,pre_dam,2026-10-03T03:25:06.760302+00:00,2026-05-06,2025-09-19,19,68.97,35.81,100.53,24.14,79.89,,True
2026-09-14,pre_dam,2026-10-03T03:25:06.760302+00:00,2026-05-06,2025-09-19,20,61.26,35.33,92.45,29.21,55.44,,True
2026-09-14,pre_dam,2026-10-03T03:25:06.760302+00:00,2026-05-06,2025-09-19,21,54.29,31.98,69.32,57.59,37.78,,True
2026-09-14,pre_dam,2026-10-03T03:25:06.760302+00:00,2026-05-06,2025-09-19,22,41.81,31.48,67.51,31.78,34.98,,True
2026-09-14,pre_dam,2026-10-03T03:25:06.760302+00:00,2026-05-06,2025-09-19,23,35.56,28.84,54.99,25.69,24.16,,True
2026-09-14,pre_dam,2026-10-03T03:25:06.760302+00:00,2026-05-06,2025-09-19,24,31.25,23.23,45.81,15.99,19.3,,True
2026-09-15,pre_dam,2026-10-03T03:07:19.253362+00:00,2026-04-29,2025-06-09,1,25.16,13.75,34.21,11.17,4.2,,True
2026-09-15,pre_dam,2026-10-03T03:07:19.253362+00:00,2026-04-29,2025-06-09,2,26.71,10.26,33.64,17.98,7.29,,True
2026-09-15,pre_dam,2026-10-03T03:07:19.253362+00:00,2026-04-29,2025-06-09,3,27.51,9.9,33.53,13.07,11.56,,True
2026-09-15,pre_dam,2026-10-03T03:07:19.253362+00:00,2026-04-29,2025-06-09,4,26.97,8.85,33.26,10.92,28.79,,True
2026-09-15,pre_dam,2026-10-03T03:07:19.253362+00:00,2026-04-29,2025-06-09,5,28.0,12.21,33.06,13.15,27.42,,True
2026-09-15,pre_dam,2026-10-03T03:07:19.253362+00:00,2026-04-29,2025-06-09,6,32.13,19.66,41.19,37.16,31.62,,True
2026-09-15,pre_dam,2026-10-03T03:07:19.253362+00:00,2026-04-29,2025-06-09,7,37.58,19.87,51.88,71.07,28.65,,True
2026-09-15,pre_dam,2026-10-03T03:07:19.253362+00:00,2026-04-29,2025-06-09,8,37.14,22.82,53.68,50.12,47.13,,True
2026-09-15,pre_dam,2026-10-03T03:07:19.253362+00:00,2026-04-29,2025-06-09,9,36.91,19.57,45.25,34.93,28.57,,True
2026-09-15,pre_dam,2026-10-03T03:07:19.253362+00:00,2026-04-29,2025-06-09,10,35.0,16.51,45.33,33.27,30.22,,True
2026-09-15,pre_dam,2026-10-03T03:07:19.253362+00:00,2026-04-29,2025-06-09,11,34.23,19.66,45.36,29.95,21.74,,True
2026-09-15,pre_dam,2026-10-03T03:07:19.253362+00:00,2026-04-29,2025-06-09,12,30.71,20.1,46.67,21.33,29.01,,True
2026-09-15,pre_dam,2026-10-03T03:07:19.253362+00:00,2026-04-29,2025-06-09,13,31.76,24.1,56.42,37.9,73.83,,True
2026-09-15,pre_dam,2026-10-03T03:07:19.253362+00:00,2026-04-29,2025-06-09,14,30.04,20.54,53.25,19.3,36.63,,True
2026-09-15,pre_dam,2026-10-03T03:07:19.253362+00:00,2026-04-29,2025-06-09,15,31.46,18.62,54.86,7.81,28.41,,True
2026-09-15,pre_dam,2026-10-03T03:07:19.253362+00:00,2026-04-29,2025-06-09,16,36.19,23.62,59.53,16.57,27.49,,True
2026-09-15,pre_dam,2026-10-03T03:07:19.253362+00:00,2026-04-29,2025-06-09,17,39.65,24.6,65.79,36.52,40.59,,True
2026-09-15,pre_dam,2026-10-03T03:07:19.253362+00:00,2026-04-29,2025-06-09,18,44.21,30.22,70.63,34.07,46.91,,True
2026-09-15,pre_dam,2026-10-03T03:07:19.253362+00:00,2026-04-29,2025-06-09,19,58.66,28.88,76.18,32.97,13.93,,True
2026-09-15,pre_dam,2026-10-03T03:07:19.253362+00:00,2026-04-29,2025-06-09,20,49.15,29.13,71.28,48.68,36.25,,True
2026-09-15,pre_dam,2026-10-03T03:07:19.253362+00:00,2026-04-29,2025-06-09,21,41.48,24.8,61.86,71.43,147.8,,True
2026-09-15,pre_dam,2026-10-03T03:07:19.253362+00:00,2026-04-29,2025-06-09,22,37.17,26.84,59.36,29.82,195.45,,True
2026-09-15,pre_dam,2026-10-03T03:07:19.253362+00:00,2026-04-29,2025-06-09,23,33.05,22.08,50.11,22.31,13.48,,True
2026-09-15,pre_dam,2026-10-03T03:07:19.253362+00:00,2026-04-29,2025-06-09,24,31.63,21.06,40.6,17.24,9.94,,True
2026-09-16,pre_dam,2026-10-03T03:09:45.050679+00:00,2026-09-08,2025-09-24,1,23.69,16.96,39.53,84.05,42.54,,True
2026-09-16,pre_dam,2026-10-03T03:09:45.050679+00:00,2026-09-08,2025-09-24,2,22.94,15.49,38.94,84.5,37.48,,True
2026-09-16,pre_dam,2026-10-03T03:09:45.050679+00:00,2026-09-08,2025-09-24,3,22.82,15.81,39.04,45.37,35.6,,True
2026-09-16,pre_dam,2026-10-03T03:09:45.050679+00:00,2026-09-08,2025-09-24,4,24.45,15.71,40.26,82.94,39.37,,True
2026-09-16,pre_dam,2026-10-03T03:09:45.050679+00:00,2026-09-08,2025-09-24,5,27.55,17.74,40.05,82.97,38.02,,True
2026-09-16,pre_dam,2026-10-03T03:09:45.050679+00:00,2026-09-08,2025-09-24,6,30.01,25.65,50.95,68.94,40.78,,True
2026-09-16,pre_dam,2026-10-03T03:09:45.050679+00:00,2026-09-08,2025-09-24,7,36.29,28.62,58.29,51.61,109.83,,True
2026-09-16,pre_dam,2026-10-03T03:09:45.050679+00:00,2026-09-08,2025-09-24,8,40.75,28.68,65.06,195.5,68.46,,True
2026-09-16,pre_dam,2026-10-03T03:09:45.050679+00:00,2026-09-08,2025-09-24,9,39.21,24.54,58.07,130.39,87.9,,True
2026-09-16,pre_dam,2026-10-03T03:09:45.050679+00:00,2026-09-08,2025-09-24,10,43.61,28.03,65.69,84.6,44.51,,True
2026-09-16,pre_dam,2026-10-03T03:09:45.050679+00:00,2026-09-08,2025-09-24,11,44.7,26.84,63.46,436.97,46.72,,True
2026-09-16,pre_dam,2026-10-03T03:09:45.050679+00:00,2026-09-08,2025-09-24,12,43.32,29.23,65.93,64.31,39.5,,True
2026-09-16,pre_dam,2026-10-03T03:09:45.050679+00:00,2026-09-08,2025-09-24,13,43.8,29.79,66.88,72.14,43.69,,True
2026-09-16,pre_dam,2026-10-03T03:09:45.050679+00:00,2026-09-08,2025-09-24,14,40.13,28.76,66.16,59.78,44.09,,True
2026-09-16,pre_dam,2026-10-03T03:09:45.050679+00:00,2026-09-08,2025-09-24,15,47.61,29.21,67.12,19.47,42.01,,True
2026-09-16,pre_dam,2026-10-03T03:09:45.050679+00:00,2026-09-08,2025-09-24,16,47.9,30.24,73.46,48.54,36.67,,True
2026-09-16,pre_dam,2026-10-03T03:09:45.050679+00:00,2026-09-08,2025-09-24,17,71.12,32.38,77.04,70.83,33.08,,True
2026-09-16,pre_dam,2026-10-03T03:09:45.050679+00:00,2026-09-08,2025-09-24,18,55.05,34.36,96.29,63.58,31.44,,True
2026-09-16,pre_dam,2026-10-03T03:09:45.050679+00:00,2026-09-08,2025-09-24,19,51.37,33.41,96.91,55.34,36.9,,True
2026-09-16,pre_dam,2026-10-03T03:09:45.050679+00:00,2026-09-08,2025-09-24,20,51.81,33.14,97.35,50.77,36.18,,True
2026-09-16,pre_dam,2026-10-03T03:09:45.050679+00:00,2026-09-08,2025-09-24,21,47.26,31.22,68.16,43.99,54.71,,True
2026-09-16,pre_dam,2026-10-03T03:09:45.050679+00:00,2026-09-08,2025-09-24,22,37.98,28.36,63.71,41.73,113.64,,True
2026-09-16,pre_dam,2026-10-03T03:09:45.050679+00:00,2026-09-08,2025-09-24,23,33.35,28.08,54.46,61.42,91.0,,True
2026-09-16,pre_dam,2026-10-03T03:09:45.050679+00:00,2026-09-08,2025-09-24,24,33.0,24.96,49.89,39.42,40.17,,True
2026-09-17,pre_dam,2026-10-03T03:12:09.817818+00:00,2026-09-16,2026-09-08,1,35.62,30.98,53.27,46.91,84.05,,True
2026-09-17,pre_dam,2026-10-03T03:12:09.817818+00:00,2026-09-16,2026-09-08,2,36.85,31.68,48.1,54.01,84.5,,True
2026-09-17,pre_dam,2026-10-03T03:12:09.817818+00:00,2026-09-16,2026-09-08,3,36.2,32.19,46.22,49.91,45.37,,True
2026-09-17,pre_dam,2026-10-03T03:12:09.817818+00:00,2026-09-16,2026-09-08,4,34.1,28.88,42.28,50.36,82.94,,True
2026-09-17,pre_dam,2026-10-03T03:12:09.817818+00:00,2026-09-16,2026-09-08,5,37.14,30.56,46.4,43.41,82.97,,True
2026-09-17,pre_dam,2026-10-03T03:12:09.817818+00:00,2026-09-16,2026-09-08,6,37.61,34.78,54.96,62.69,68.94,,True
2026-09-17,pre_dam,2026-10-03T03:12:09.817818+00:00,2026-09-16,2026-09-08,7,41.48,37.61,56.68,81.07,51.61,,True
2026-09-17,pre_dam,2026-10-03T03:12:09.817818+00:00,2026-09-16,2026-09-08,8,44.1,36.54,61.4,,195.5,,True
2026-09-17,pre_dam,2026-10-03T03:12:09.817818+00:00,2026-09-16,2026-09-08,9,44.28,34.64,61.42,,130.39,,True
2026-09-17,pre_dam,2026-10-03T03:12:09.817818+00:00,2026-09-16,2026-09-08,10,49.15,36.56,65.21,,84.6,,True
2026-09-17,pre_dam,2026-10-03T03:12:09.817818+00:00,2026-09-16,2026-09-08,11,45.68,36.7,58.69,,436.97,,True
2026-09-17,pre_dam,2026-10-03T03:12:09.817818+00:00,2026-09-16,2026-09-08,12,54.86,40.73,71.8,,64.31,,True
2026-09-17,pre_dam,2026-10-03T03:12:09.817818+00:00,2026-09-16,2026-09-08,13,62.7,39.14,70.37,,72.14,,True
2026-09-17,pre_dam,2026-10-03T03:12:09.817818+00:00,2026-09-16,2026-09-08,14,54.33,38.15,68.7,,59.78,,True
2026-09-17,pre_dam,2026-10-03T03:12:09.817818+00:00,2026-09-16,2026-09-08,15,53.3,38.76,68.06,,19.47,,True
2026-09-17,pre_dam,2026-10-03T03:12:09.817818+00:00,2026-09-16,2026-09-08,16,57.37,39.45,96.46,,48.54,,True
2026-09-17,pre_dam,2026-10-03T03:12:09.817818+00:00,2026-09-16,2026-09-08,17,58.15,39.06,101.49,,70.83,,True
2026-09-17,pre_dam,2026-10-03T03:12:09.817818+00:00,2026-09-16,2026-09-08,18,69.47,40.87,107.95,,63.58,,True
2026-09-17,pre_dam,2026-10-03T03:12:09.817818+00:00,2026-09-16,2026-09-08,19,72.95,41.0,115.83,,55.34,,True
2026-09-17,pre_dam,2026-10-03T03:12:09.817818+00:00,2026-09-16,2026-09-08,20,70.09,41.19,106.56,,50.77,,True
2026-09-17,pre_dam,2026-10-03T03:12:09.817818+00:00,2026-09-16,2026-09-08,21,55.93,39.02,72.01,,43.99,,True
2026-09-17,pre_dam,2026-10-03T03:12:09.817818+00:00,2026-09-16,2026-09-08,22,43.95,35.99,66.69,,41.73,,True
2026-09-17,pre_dam,2026-10-03T03:12:09.817818+00:00,2026-09-16,2026-09-08,23,39.04,34.26,57.81,,61.42,,True
2026-09-17,pre_dam,2026-10-03T03:12:09.817818+00:00,2026-09-16,2026-09-08,24,38.87,32.53,56.67,,39.42,,True
2026-09-18,pre_dam,2026-10-03T03:13:53.949257+00:00,2026-09-14,2025-08-26,1,37.92,28.13,51.98,24.66,23.68,,True
2026-09-18,pre_dam,2026-10-03T03:13:53.949257+00:00,2026-09-14,2025-08-26,2,36.6,26.35,51.97,32.98,22.77,,True
2026-09-18,pre_dam,2026-10-03T03:13:53.949257+00:00,2026-09-14,2025-08-26,3,36.12,24.97,45.86,27.55,28.7,,True
2026-09-18,pre_dam,2026-10-03T03:13:53.949257+00:00,2026-09-14,2025-08-26,4,35.17,23.62,44.5,21.99,30.24,,True
2026-09-18,pre_dam,2026-10-03T03:13:53.949257+00:00,2026-09-14,2025-08-26,5,36.16,24.53,42.83,10.56,15.19,,True
2026-09-18,pre_dam,2026-10-03T03:13:53.949257+00:00,2026-09-14,2025-08-26,6,38.72,29.01,52.03,28.25,25.82,,True
2026-09-18,pre_dam,2026-10-03T03:13:53.949257+00:00,2026-09-14,2025-08-26,7,43.67,30.09,60.57,36.85,34.4,,True
2026-09-18,pre_dam,2026-10-03T03:13:53.949257+00:00,2026-09-14,2025-08-26,8,47.07,32.86,69.19,36.26,40.43,,True
2026-09-18,pre_dam,2026-10-03T03:13:53.949257+00:00,2026-09-14,2025-08-26,9,48.21,32.68,71.56,37.17,36.34,,True
2026-09-18,pre_dam,2026-10-03T03:13:53.949257+00:00,2026-09-14,2025-08-26,10,44.12,31.1,62.3,26.16,32.35,,True
2026-09-18,pre_dam,2026-10-03T03:13:53.949257+00:00,2026-09-14,2025-08-26,11,48.78,34.25,67.09,35.85,30.94,,True
2026-09-18,pre_dam,2026-10-03T03:13:53.949257+00:00,2026-09-14,2025-08-26,12,49.83,34.74,67.83,34.35,29.78,,True
2026-09-18,pre_dam,2026-10-03T03:13:53.949257+00:00,2026-09-14,2025-08-26,13,49.18,35.01,69.05,36.92,31.57,,True
2026-09-18,pre_dam,2026-10-03T03:13:53.949257+00:00,2026-09-14,2025-08-26,14,49.43,32.09,69.75,32.65,27.88,,True
2026-09-18,pre_dam,2026-10-03T03:13:53.949257+00:00,2026-09-14,2025-08-26,15,46.31,29.22,65.02,37.11,29.36,,True
2026-09-18,pre_dam,2026-10-03T03:13:53.949257+00:00,2026-09-14,2025-08-26,16,50.16,29.36,72.91,49.15,27.11,,True
2026-09-18,pre_dam,2026-10-03T03:13:53.949257+00:00,2026-09-14,2025-08-26,17,51.42,32.28,80.92,181.88,31.24,,True
2026-09-18,pre_dam,2026-10-03T03:13:53.949257+00:00,2026-09-14,2025-08-26,18,55.23,31.6,81.58,70.84,33.15,,True
2026-09-18,pre_dam,2026-10-03T03:13:53.949257+00:00,2026-09-14,2025-08-26,19,55.54,31.51,81.46,168.26,36.16,,True
2026-09-18,pre_dam,2026-10-03T03:13:53.949257+00:00,2026-09-14,2025-08-26,20,55.15,32.05,78.49,77.87,56.61,,True
2026-09-18,pre_dam,2026-10-03T03:13:53.949257+00:00,2026-09-14,2025-08-26,21,52.29,33.46,72.04,64.9,68.66,,True
2026-09-18,pre_dam,2026-10-03T03:13:53.949257+00:00,2026-09-14,2025-08-26,22,44.13,29.31,61.3,45.83,40.15,,True
2026-09-18,pre_dam,2026-10-03T03:13:53.949257+00:00,2026-09-14,2025-08-26,23,41.36,28.25,57.71,39.45,34.74,,True
2026-09-18,pre_dam,2026-10-03T03:13:53.949257+00:00,2026-09-14,2025-08-26,24,38.98,27.73,52.41,31.02,28.73,,True
2026-09-19,pre_dam,2026-10-03T03:15:35.767984+00:00,2025-10-11,2025-09-21,1,37.88,24.35,50.59,53.42,38.42,,True
2026-09-19,pre_dam,2026-10-03T03:15:35.767984+00:00,2025-10-11,2025-09-21,2,37.88,24.43,51.35,34.07,47.18,,True
2026-09-19,pre_dam,2026-10-03T03:15:35.767984+00:00,2025-10-11,2025-09-21,3,37.88,23.01,49.01,22.56,33.35,,True
2026-09-19,pre_dam,2026-10-03T03:15:35.767984+00:00,2025-10-11,2025-09-21,4,38.91,21.43,50.43,23.72,34.16,,True
2026-09-19,pre_dam,2026-10-03T03:15:35.767984+00:00,2025-10-11,2025-09-21,5,37.88,21.8,50.64,17.62,23.91,,True
2026-09-19,pre_dam,2026-10-03T03:15:35.767984+00:00,2025-10-11,2025-09-21,6,38.7,24.36,51.09,25.96,35.67,,True
2026-09-19,pre_dam,2026-10-03T03:15:35.767984+00:00,2025-10-11,2025-09-21,7,40.6,24.62,55.71,51.58,24.8,,True
2026-09-19,pre_dam,2026-10-03T03:15:35.767984+00:00,2025-10-11,2025-09-21,8,41.46,24.53,61.89,79.93,27.09,,True
2026-09-19,pre_dam,2026-10-03T03:15:35.767984+00:00,2025-10-11,2025-09-21,9,40.43,24.2,55.0,110.42,76.61,,True
2026-09-19,pre_dam,2026-10-03T03:15:35.767984+00:00,2025-10-11,2025-09-21,10,40.63,21.76,55.63,53.6,90.16,,True
2026-09-19,pre_dam,2026-10-03T03:15:35.767984+00:00,2025-10-11,2025-09-21,11,40.43,22.85,52.71,56.18,68.8,,True
2026-09-19,pre_dam,2026-10-03T03:15:35.767984+00:00,2025-10-11,2025-09-21,12,40.29,26.42,55.17,36.13,111.02,,True
2026-09-19,pre_dam,2026-10-03T03:15:35.767984+00:00,2025-10-11,2025-09-21,13,40.29,27.32,53.88,38.4,279.11,,True
2026-09-19,pre_dam,2026-10-03T03:15:35.767984+00:00,2025-10-11,2025-09-21,14,42.05,26.05,58.14,39.34,66.81,,True
2026-09-19,pre_dam,2026-10-03T03:15:35.767984+00:00,2025-10-11,2025-09-21,15,40.32,25.41,53.35,76.09,81.43,,True
2026-09-19,pre_dam,2026-10-03T03:15:35.767984+00:00,2025-10-11,2025-09-21,16,47.22,27.42,72.37,51.76,51.18,,True
2026-09-19,pre_dam,2026-10-03T03:15:35.767984+00:00,2025-10-11,2025-09-21,17,49.76,30.6,75.8,33.61,117.54,,True
2026-09-19,pre_dam,2026-10-03T03:15:35.767984+00:00,2025-10-11,2025-09-21,18,50.24,31.12,76.69,39.18,88.8,,True
2026-09-19,pre_dam,2026-10-03T03:15:35.767984+00:00,2025-10-11,2025-09-21,19,50.3,32.52,79.31,48.19,42.64,,True
2026-09-19,pre_dam,2026-10-03T03:15:35.767984+00:00,2025-10-11,2025-09-21,20,51.03,31.58,73.15,36.17,49.64,,True
2026-09-19,pre_dam,2026-10-03T03:15:35.767984+00:00,2025-10-11,2025-09-21,21,46.47,28.88,68.11,35.66,44.81,,True
2026-09-19,pre_dam,2026-10-03T03:15:35.767984+00:00,2025-10-11,2025-09-21,22,44.13,25.93,66.52,54.21,30.96,,True
2026-09-19,pre_dam,2026-10-03T03:15:35.767984+00:00,2025-10-11,2025-09-21,23,42.75,23.57,60.29,32.94,35.06,,True
2026-09-19,pre_dam,2026-10-03T03:15:35.767984+00:00,2025-10-11,2025-09-21,24,38.8,23.76,54.87,29.61,34.93,,True
2026-09-20,pre_dam,2026-10-03T03:17:31.087595+00:00,2025-09-21,2026-09-19,1,37.89,24.69,57.15,38.42,32.22,,True
2026-09-20,pre_dam,2026-10-03T03:17:31.087595+00:00,2025-09-21,2026-09-19,2,39.01,25.93,59.48,47.18,35.44,,True
2026-09-20,pre_dam,2026-10-03T03:17:31.087595+00:00,2025-09-21,2026-09-19,3,37.15,20.14,54.02,33.35,36.07,,True
2026-09-20,pre_dam,2026-10-03T03:17:31.087595+00:00,2025-09-21,2026-09-19,4,34.08,17.57,48.61,34.16,37.22,,True
2026-09-20,pre_dam,2026-10-03T03:17:31.087595+00:00,2025-09-21,2026-09-19,5,33.84,17.66,49.68,23.91,40.86,,True
2026-09-20,pre_dam,2026-10-03T03:17:31.087595+00:00,2025-09-21,2026-09-19,6,37.67,23.95,55.12,35.67,46.96,,True
2026-09-20,pre_dam,2026-10-03T03:17:31.087595+00:00,2025-09-21,2026-09-19,7,40.56,24.42,57.23,24.8,38.94,,True
2026-09-20,pre_dam,2026-10-03T03:17:31.087595+00:00,2025-09-21,2026-09-19,8,41.34,25.34,60.59,27.09,,,True
2026-09-20,pre_dam,2026-10-03T03:17:31.087595+00:00,2025-09-21,2026-09-19,9,42.51,25.27,57.79,76.61,,,True
2026-09-20,pre_dam,2026-10-03T03:17:31.087595+00:00,2025-09-21,2026-09-19,10,44.13,25.4,65.84,90.16,,,True
2026-09-20,pre_dam,2026-10-03T03:17:31.087595+00:00,2025-09-21,2026-09-19,11,37.44,23.58,56.04,68.8,,,True
2026-09-20,pre_dam,2026-10-03T03:17:31.087595+00:00,2025-09-21,2026-09-19,12,40.22,24.6,58.86,111.02,,,True
2026-09-20,pre_dam,2026-10-03T03:17:31.087595+00:00,2025-09-21,2026-09-19,13,41.09,24.12,56.67,279.11,,,True
2026-09-20,pre_dam,2026-10-03T03:17:31.087595+00:00,2025-09-21,2026-09-19,14,39.19,23.95,55.82,66.81,,,True
2026-09-20,pre_dam,2026-10-03T03:17:31.087595+00:00,2025-09-21,2026-09-19,15,39.89,21.66,60.4,81.43,,,True
2026-09-20,pre_dam,2026-10-03T03:17:31.087595+00:00,2025-09-21,2026-09-19,16,38.38,26.22,67.47,51.18,,,True
2026-09-20,pre_dam,2026-10-03T03:17:31.087595+00:00,2025-09-21,2026-09-19,17,45.49,28.58,78.04,117.54,,,True
2026-09-20,pre_dam,2026-10-03T03:17:31.087595+00:00,2025-09-21,2026-09-19,18,52.87,31.3,81.85,88.8,,,True
2026-09-20,pre_dam,2026-10-03T03:17:31.087595+00:00,2025-09-21,2026-09-19,19,55.36,31.17,89.77,42.64,,,True
2026-09-20,pre_dam,2026-10-03T03:17:31.087595+00:00,2025-09-21,2026-09-19,20,54.84,29.69,79.09,49.64,,,True
2026-09-20,pre_dam,2026-10-03T03:17:31.087595+00:00,2025-09-21,2026-09-19,21,42.48,26.92,67.4,44.81,,,True
2026-09-20,pre_dam,2026-10-03T03:17:31.087595+00:00,2025-09-21,2026-09-19,22,39.95,24.61,65.45,30.96,,,True
2026-09-20,pre_dam,2026-10-03T03:17:31.087595+00:00,2025-09-21,2026-09-19,23,38.85,19.86,50.05,35.06,,,True
2026-09-20,pre_dam,2026-10-03T03:17:31.087595+00:00,2025-09-21,2026-09-19,24,33.36,13.81,39.81,34.93,,,True
2026-09-21,pre_dam,2026-10-03T03:19:10.361243+00:00,2026-03-10,2025-05-20,1,34.66,18.87,44.51,12.24,0.0,,True
2026-09-21,pre_dam,2026-10-03T03:19:10.361243+00:00,2026-03-10,2025-05-20,2,35.76,18.66,47.87,16.0,0.0,,True
2026-09-21,pre_dam,2026-10-03T03:19:10.361243+00:00,2026-03-10,2025-05-20,3,33.93,16.78,41.21,14.46,0.0,,True
2026-09-21,pre_dam,2026-10-03T03:19:10.361243+00:00,2026-03-10,2025-05-20,4,30.9,15.3,41.39,11.8,0.0,,True
2026-09-21,pre_dam,2026-10-03T03:19:10.361243+00:00,2026-03-10,2025-05-20,5,31.65,16.48,43.75,13.53,0.0,,True
2026-09-21,pre_dam,2026-10-03T03:19:10.361243+00:00,2026-03-10,2025-05-20,6,36.55,24.07,47.17,36.62,2.65,,True
2026-09-21,pre_dam,2026-10-03T03:19:10.361243+00:00,2026-03-10,2025-05-20,7,45.38,29.55,63.28,73.56,128.36,,True
2026-09-21,pre_dam,2026-10-03T03:19:10.361243+00:00,2026-03-10,2025-05-20,8,42.93,29.34,64.01,37.71,2.64,,True
2026-09-21,pre_dam,2026-10-03T03:19:10.361243+00:00,2026-03-10,2025-05-20,9,42.41,29.19,62.36,54.73,0.0,,True
2026-09-21,pre_dam,2026-10-03T03:19:10.361243+00:00,2026-03-10,2025-05-20,10,40.13,28.96,62.31,69.42,4.07,,True
2026-09-21,pre_dam,2026-10-03T03:19:10.361243+00:00,2026-03-10,2025-05-20,11,42.19,30.27,67.2,51.76,10.35,,True
2026-09-21,pre_dam,2026-10-03T03:19:10.361243+00:00,2026-03-10,2025-05-20,12,42.66,30.57,66.6,38.24,10.12,,True
2026-09-21,pre_dam,2026-10-03T03:19:10.361243+00:00,2026-03-10,2025-05-20,13,41.63,30.28,58.61,30.46,7.6,,True
2026-09-21,pre_dam,2026-10-03T03:19:10.361243+00:00,2026-03-10,2025-05-20,14,39.65,27.84,57.53,17.86,6.04,,True
2026-09-21,pre_dam,2026-10-03T03:19:10.361243+00:00,2026-03-10,2025-05-20,15,40.24,27.83,58.99,19.91,1.93,,True
2026-09-21,pre_dam,2026-10-03T03:19:10.361243+00:00,2026-03-10,2025-05-20,16,44.6,31.37,62.26,41.0,0.0,,True
2026-09-21,pre_dam,2026-10-03T03:19:10.361243+00:00,2026-03-10,2025-05-20,17,51.08,33.48,70.3,44.89,0.51,,True
2026-09-21,pre_dam,2026-10-03T03:19:10.361243+00:00,2026-03-10,2025-05-20,18,50.28,33.8,77.35,54.36,1.51,,True
2026-09-21,pre_dam,2026-10-03T03:19:10.361243+00:00,2026-03-10,2025-05-20,19,53.28,33.44,80.89,45.55,9.29,,True
2026-09-21,pre_dam,2026-10-03T03:19:10.361243+00:00,2026-03-10,2025-05-20,20,52.11,33.26,81.36,36.6,6.44,,True
2026-09-21,pre_dam,2026-10-03T03:19:10.361243+00:00,2026-03-10,2025-05-20,21,47.1,31.29,66.1,34.89,11.17,,True
2026-09-21,pre_dam,2026-10-03T03:19:10.361243+00:00,2026-03-10,2025-05-20,22,40.46,26.38,56.46,29.57,8.25,,True
2026-09-21,pre_dam,2026-10-03T03:19:10.361243+00:00,2026-03-10,2025-05-20,23,38.45,25.11,48.44,21.96,0.0,,True
2026-09-21,pre_dam,2026-10-03T03:19:10.361243+00:00,2026-03-10,2025-05-20,24,39.92,22.79,54.17,16.03,0.0,,True
2026-09-22,pre_dam,2026-10-03T03:20:55.741091+00:00,2026-09-21,2025-05-20,1,27.96,7.61,38.91,22.51,0.0,,True
2026-09-22,pre_dam,2026-10-03T03:20:55.741091+00:00,2026-09-21,2025-05-20,2,32.27,10.53,46.78,19.58,0.0,,True
2026-09-22,pre_dam,2026-10-03T03:20:55.741091+00:00,2026-09-21,2025-05-20,3,33.18,10.43,47.18,13.99,0.0,,True
2026-09-22,pre_dam,2026-10-03T03:20:55.741091+00:00,2026-09-21,2025-05-20,4,28.42,8.79,39.46,8.08,0.0,,True
2026-09-22,pre_dam,2026-10-03T03:20:55.741091+00:00,2026-09-21,2025-05-20,5,27.72,11.67,40.93,22.24,0.0,,True
2026-09-22,pre_dam,2026-10-03T03:20:55.741091+00:00,2026-09-21,2025-05-20,6,36.39,20.51,56.76,24.73,2.65,,True
2026-09-22,pre_dam,2026-10-03T03:20:55.741091+00:00,2026-09-21,2025-05-20,7,42.98,26.21,73.75,50.42,128.36,,True
2026-09-22,pre_dam,2026-10-03T03:20:55.741091+00:00,2026-09-21,2025-05-20,8,45.18,25.24,68.83,,2.64,,True
2026-09-22,pre_dam,2026-10-03T03:20:55.741091+00:00,2026-09-21,2025-05-20,9,43.65,24.26,65.67,,0.0,,True
2026-09-22,pre_dam,2026-10-03T03:20:55.741091+00:00,2026-09-21,2025-05-20,10,36.06,18.44,53.6,,4.07,,True
2026-09-22,pre_dam,2026-10-03T03:20:55.741091+00:00,2026-09-21,2025-05-20,11,34.46,19.48,47.4,,10.35,,True
2026-09-22,pre_dam,2026-10-03T03:20:55.741091+00:00,2026-09-21,2025-05-20,12,34.85,19.75,46.59,,10.12,,True
2026-09-22,pre_dam,2026-10-03T03:20:55.741091+00:00,2026-09-21,2025-05-20,13,38.34,23.68,59.41,,7.6,,True
2026-09-22,pre_dam,2026-10-03T03:20:55.741091+00:00,2026-09-21,2025-05-20,14,33.48,19.73,49.57,,6.04,,True
2026-09-22,pre_dam,2026-10-03T03:20:55.741091+00:00,2026-09-21,2025-05-20,15,39.52,21.0,51.32,,1.93,,True
2026-09-22,pre_dam,2026-10-03T03:20:55.741091+00:00,2026-09-21,2025-05-20,16,49.86,24.47,74.98,,0.0,,True
2026-09-22,pre_dam,2026-10-03T03:20:55.741091+00:00,2026-09-21,2025-05-20,17,54.8,26.18,78.17,,0.51,,True
2026-09-22,pre_dam,2026-10-03T03:20:55.741091+00:00,2026-09-21,2025-05-20,18,72.68,27.66,84.05,,1.51,,True
2026-09-22,pre_dam,2026-10-03T03:20:55.741091+00:00,2026-09-21,2025-05-20,19,59.89,27.12,82.67,,9.29,,True
2026-09-22,pre_dam,2026-10-03T03:20:55.741091+00:00,2026-09-21,2025-05-20,20,50.09,29.6,76.31,,6.44,,True
2026-09-22,pre_dam,2026-10-03T03:20:55.741091+00:00,2026-09-21,2025-05-20,21,43.67,27.11,73.08,,11.17,,True
2026-09-22,pre_dam,2026-10-03T03:20:55.741091+00:00,2026-09-21,2025-05-20,22,40.46,23.83,64.32,,8.25,,True
2026-09-22,pre_dam,2026-10-03T03:20:55.741091+00:00,2026-09-21,2025-05-20,23,34.84,19.26,46.31,,0.0,,True
2026-09-22,pre_dam,2026-10-03T03:20:55.741091+00:00,2026-09-21,2025-05-20,24,36.23,13.7,46.48,,0.0,,True
2026-09-23,pre_dam,2026-10-03T03:22:55.042211+00:00,2025-05-20,2026-09-21,1,27.43,6.25,39.03,0.0,22.51,,True
2026-09-23,pre_dam,2026-10-03T03:22:55.042211+00:00,2025-05-20,2026-09-21,2,26.89,6.6,37.34,0.0,19.58,,True
2026-09-23,pre_dam,2026-10-03T03:22:55.042211+00:00,2025-05-20,2026-09-21,3,26.81,6.6,38.66,0.0,13.99,,True
2026-09-23,pre_dam,2026-10-03T03:22:55.042211+00:00,2025-05-20,2026-09-21,4,26.8,6.91,38.18,0.0,8.08,,True
2026-09-23,pre_dam,2026-10-03T03:22:55.042211+00:00,2025-05-20,2026-09-21,5,39.94,6.93,40.84,0.0,22.24,,True
2026-09-23,pre_dam,2026-10-03T03:22:55.042211+00:00,2025-05-20,2026-09-21,6,51.11,18.21,51.11,2.65,24.73,,True
2026-09-23,pre_dam,2026-10-03T03:22:55.042211+00:00,2025-05-20,2026-09-21,7,58.95,25.78,60.17,128.36,50.42,,True
2026-09-23,pre_dam,2026-10-03T03:22:55.042211+00:00,2025-05-20,2026-09-21,8,54.34,20.7,60.42,2.64,36.7,,True
2026-09-23,pre_dam,2026-10-03T03:22:55.042211+00:00,2025-05-20,2026-09-21,9,56.03,20.84,56.03,0.0,29.07,,True
2026-09-23,pre_dam,2026-10-03T03:22:55.042211+00:00,2025-05-20,2026-09-21,10,51.07,13.3,51.07,4.07,8.65,,True
2026-09-23,pre_dam,2026-10-03T03:22:55.042211+00:00,2025-05-20,2026-09-21,11,53.96,14.16,53.96,10.35,6.35,,True
2026-09-23,pre_dam,2026-10-03T03:22:55.042211+00:00,2025-05-20,2026-09-21,12,47.83,6.36,47.83,10.12,6.18,,True
2026-09-23,pre_dam,2026-10-03T03:22:55.042211+00:00,2025-05-20,2026-09-21,13,43.78,13.39,44.26,7.6,19.64,,True
2026-09-23,pre_dam,2026-10-03T03:22:55.042211+00:00,2025-05-20,2026-09-21,14,43.46,7.09,46.97,6.04,25.16,,True
2026-09-23,pre_dam,2026-10-03T03:22:55.042211+00:00,2025-05-20,2026-09-21,15,30.54,10.2,47.84,1.93,25.08,,True
2026-09-23,pre_dam,2026-10-03T03:22:55.042211+00:00,2025-05-20,2026-09-21,16,32.87,21.77,55.35,0.0,35.92,,True
2026-09-23,pre_dam,2026-10-03T03:22:55.042211+00:00,2025-05-20,2026-09-21,17,41.23,26.72,63.84,0.51,45.09,,True
2026-09-23,pre_dam,2026-10-03T03:22:55.042211+00:00,2025-05-20,2026-09-21,18,45.27,32.53,70.88,1.51,49.13,,True
2026-09-23,pre_dam,2026-10-03T03:22:55.042211+00:00,2025-05-20,2026-09-21,19,52.75,33.46,79.52,9.29,49.67,,True
2026-09-23,pre_dam,2026-10-03T03:22:55.042211+00:00,2025-05-20,2026-09-21,20,45.73,32.75,69.95,6.44,41.33,,True
2026-09-23,pre_dam,2026-10-03T03:22:55.042211+00:00,2025-05-20,2026-09-21,21,38.06,26.38,61.71,11.17,31.87,,True
2026-09-23,pre_dam,2026-10-03T03:22:55.042211+00:00,2025-05-20,2026-09-21,22,34.25,21.3,53.59,8.25,29.58,,True
2026-09-23,pre_dam,2026-10-03T03:22:55.042211+00:00,2025-05-20,2026-09-21,23,34.3,20.94,52.35,0.0,24.29,,True
2026-09-23,pre_dam,2026-10-03T03:22:55.042211+00:00,2025-05-20,2026-09-21,24,31.82,18.89,44.88,0.0,14.25,,True
2026-09-24,pre_dam,2026-10-03T03:24:45.128884+00:00,2025-10-01,2025-10-02,1,27.47,6.01,31.74,27.91,25.68,,True
2026-09-24,pre_dam,2026-10-03T03:24:45.128884+00:00,2025-10-01,2025-10-02,2,29.39,6.41,31.77,31.65,33.23,,True
2026-09-24,pre_dam,2026-10-03T03:24:45.128884+00:00,2025-10-01,2025-10-02,3,24.9,4.98,32.38,15.97,35.63,,True
2026-09-24,pre_dam,2026-10-03T03:24:45.128884+00:00,2025-10-01,2025-10-02,4,24.9,5.19,32.0,35.2,36.06,,True
2026-09-24,pre_dam,2026-10-03T03:24:45.128884+00:00,2025-10-01,2025-10-02,5,26.32,9.49,32.71,34.98,29.42,,True
2026-09-24,pre_dam,2026-10-03T03:24:45.128884+00:00,2025-10-01,2025-10-02,6,31.74,19.41,40.46,36.9,39.17,,True
2026-09-24,pre_dam,2026-10-03T03:24:45.128884+00:00,2025-10-01,2025-10-02,7,42.16,25.35,62.09,62.86,44.47,,True
2026-09-24,pre_dam,2026-10-03T03:24:45.128884+00:00,2025-10-01,2025-10-02,8,43.28,26.23,64.06,51.6,35.19,,True
2026-09-24,pre_dam,2026-10-03T03:24:45.128884+00:00,2025-10-01,2025-10-02,9,38.59,22.41,52.75,54.12,37.03,,True
2026-09-24,pre_dam,2026-10-03T03:24:45.128884+00:00,2025-10-01,2025-10-02,10,32.8,15.94,41.51,56.02,58.68,,True
2026-09-24,pre_dam,2026-10-03T03:24:45.128884+00:00,2025-10-01,2025-10-02,11,27.47,6.41,34.25,65.43,112.88,,True
2026-09-24,pre_dam,2026-10-03T03:24:45.128884+00:00,2025-10-01,2025-10-02,12,33.85,18.98,44.08,44.88,59.1,,True
2026-09-24,pre_dam,2026-10-03T03:24:45.128884+00:00,2025-10-01,2025-10-02,13,33.08,18.27,39.63,45.6,46.99,,True
2026-09-24,pre_dam,2026-10-03T03:24:45.128884+00:00,2025-10-01,2025-10-02,14,29.19,15.52,35.48,45.21,47.89,,True
2026-09-24,pre_dam,2026-10-03T03:24:45.128884+00:00,2025-10-01,2025-10-02,15,28.35,19.74,37.05,69.46,32.97,,True
2026-09-24,pre_dam,2026-10-03T03:24:45.128884+00:00,2025-10-01,2025-10-02,16,33.1,22.63,49.99,60.86,33.7,,True
2026-09-24,pre_dam,2026-10-03T03:24:45.128884+00:00,2025-10-01,2025-10-02,17,40.54,22.11,57.21,131.0,40.74,,True
2026-09-24,pre_dam,2026-10-03T03:24:45.128884+00:00,2025-10-01,2025-10-02,18,48.0,28.65,70.42,98.3,106.21,,True
2026-09-24,pre_dam,2026-10-03T03:24:45.128884+00:00,2025-10-01,2025-10-02,19,50.88,29.55,80.61,39.49,35.33,,True
2026-09-24,pre_dam,2026-10-03T03:24:45.128884+00:00,2025-10-01,2025-10-02,20,50.94,28.89,80.72,34.76,41.04,,True
2026-09-24,pre_dam,2026-10-03T03:24:45.128884+00:00,2025-10-01,2025-10-02,21,39.52,25.74,62.98,39.56,54.5,,True
2026-09-24,pre_dam,2026-10-03T03:24:45.128884+00:00,2025-10-01,2025-10-02,22,40.25,25.61,62.93,32.4,77.54,,True
2026-09-24,pre_dam,2026-10-03T03:24:45.128884+00:00,2025-10-01,2025-10-02,23,33.42,23.72,48.63,58.85,74.6,,True
2026-09-24,pre_dam,2026-10-03T03:24:45.128884+00:00,2025-10-01,2025-10-02,24,31.96,22.28,47.79,25.18,171.39,,True
2026-09-25,pre_dam,2026-10-03T03:07:20.201917+00:00,2025-10-03,2025-08-27,1,28.97,18.38,33.97,34.86,17.83,,True
2026-09-25,pre_dam,2026-10-03T03:07:20.201917+00:00,2025-10-03,2025-08-27,2,31.96,20.77,42.54,37.97,15.05,,True
2026-09-25,pre_dam,2026-10-03T03:07:20.201917+00:00,2025-10-03,2025-08-27,3,31.52,20.43,42.59,37.33,14.93,,True
2026-09-25,pre_dam,2026-10-03T03:07:20.201917+00:00,2025-10-03,2025-08-27,4,31.14,19.79,41.69,31.95,19.96,,True
2026-09-25,pre_dam,2026-10-03T03:07:20.201917+00:00,2025-10-03,2025-08-27,5,33.18,20.48,38.19,36.26,31.3,,True
2026-09-25,pre_dam,2026-10-03T03:07:20.201917+00:00,2025-10-03,2025-08-27,6,41.47,32.12,60.17,99.05,35.54,,True
2026-09-25,pre_dam,2026-10-03T03:07:20.201917+00:00,2025-10-03,2025-08-27,7,49.61,37.31,70.38,160.94,38.64,,True
2026-09-25,pre_dam,2026-10-03T03:07:20.201917+00:00,2025-10-03,2025-08-27,8,44.6,33.14,68.1,89.17,47.68,,True
2026-09-25,pre_dam,2026-10-03T03:07:20.201917+00:00,2025-10-03,2025-08-27,9,44.44,32.52,67.5,51.58,45.54,,True
2026-09-25,pre_dam,2026-10-03T03:07:20.201917+00:00,2025-10-03,2025-08-27,10,42.84,29.68,60.51,108.74,20.03,,True
2026-09-25,pre_dam,2026-10-03T03:07:20.201917+00:00,2025-10-03,2025-08-27,11,40.65,27.7,57.49,75.31,18.05,,True
2026-09-25,pre_dam,2026-10-03T03:07:20.201917+00:00,2025-10-03,2025-08-27,12,42.45,28.21,59.23,77.58,29.25,,True
2026-09-25,pre_dam,2026-10-03T03:07:20.201917+00:00,2025-10-03,2025-08-27,13,40.96,27.71,50.81,45.04,31.21,,True
2026-09-25,pre_dam,2026-10-03T03:07:20.201917+00:00,2025-10-03,2025-08-27,14,38.88,26.59,57.26,42.41,31.12,,True
2026-09-25,pre_dam,2026-10-03T03:07:20.201917+00:00,2025-10-03,2025-08-27,15,42.3,28.73,63.67,49.35,31.01,,True
2026-09-25,pre_dam,2026-10-03T03:07:20.201917+00:00,2025-10-03,2025-08-27,16,45.85,31.12,66.43,68.52,18.84,,True
2026-09-25,pre_dam,2026-10-03T03:07:20.201917+00:00,2025-10-03,2025-08-27,17,54.1,32.21,72.28,149.57,16.76,,True
2026-09-25,pre_dam,2026-10-03T03:07:20.201917+00:00,2025-10-03,2025-08-27,18,56.0,33.4,75.23,216.18,28.85,,True
2026-09-25,pre_dam,2026-10-03T03:07:20.201917+00:00,2025-10-03,2025-08-27,19,62.31,34.27,81.65,61.48,30.15,,True
2026-09-25,pre_dam,2026-10-03T03:07:20.201917+00:00,2025-10-03,2025-08-27,20,56.62,34.27,74.53,36.48,21.88,,True
2026-09-25,pre_dam,2026-10-03T03:07:20.201917+00:00,2025-10-03,2025-08-27,21,43.62,29.64,61.56,47.38,14.06,,True
2026-09-25,pre_dam,2026-10-03T03:07:20.201917+00:00,2025-10-03,2025-08-27,22,40.93,28.93,62.07,47.82,10.09,,True
2026-09-25,pre_dam,2026-10-03T03:07:20.201917+00:00,2025-10-03,2025-08-27,23,38.76,24.23,52.5,42.66,41.29,,True
2026-09-25,pre_dam,2026-10-03T03:07:20.201917+00:00,2025-10-03,2025-08-27,24,36.59,23.26,47.65,37.97,39.09,,True
2026-09-26,pre_dam,2026-10-03T03:09:43.624479+00:00,2025-09-07,2025-09-06,1,32.91,24.64,47.96,40.44,87.59,,True
2026-09-26,pre_dam,2026-10-03T03:09:43.624479+00:00,2025-09-07,2025-09-06,2,34.06,26.95,55.52,81.62,50.59,,True
2026-09-26,pre_dam,2026-10-03T03:09:43.624479+00:00,2025-09-07,2025-09-06,3,30.46,19.52,47.19,38.77,42.78,,True
2026-09-26,pre_dam,2026-10-03T03:09:43.624479+00:00,2025-09-07,2025-09-06,4,27.07,19.66,47.47,83.65,40.95,,True
2026-09-26,pre_dam,2026-10-03T03:09:43.624479+00:00,2025-09-07,2025-09-06,5,31.65,22.31,54.73,40.66,45.67,,True
2026-09-26,pre_dam,2026-10-03T03:09:43.624479+00:00,2025-09-07,2025-09-06,6,34.91,25.23,50.35,41.22,53.45,,True
2026-09-26,pre_dam,2026-10-03T03:09:43.624479+00:00,2025-09-07,2025-09-06,7,35.25,25.79,53.11,36.33,61.49,,True
2026-09-26,pre_dam,2026-10-03T03:09:43.624479+00:00,2025-09-07,2025-09-06,8,36.14,25.52,57.55,43.05,113.15,,True
2026-09-26,pre_dam,2026-10-03T03:09:43.624479+00:00,2025-09-07,2025-09-06,9,38.84,23.87,63.53,28.24,158.43,,True
2026-09-26,pre_dam,2026-10-03T03:09:43.624479+00:00,2025-09-07,2025-09-06,10,39.1,24.09,56.02,21.35,22.57,,True
2026-09-26,pre_dam,2026-10-03T03:09:43.624479+00:00,2025-09-07,2025-09-06,11,38.92,23.23,59.97,29.06,37.34,,True
2026-09-26,pre_dam,2026-10-03T03:09:43.624479+00:00,2025-09-07,2025-09-06,12,37.32,24.88,50.75,51.24,33.87,,True
2026-09-26,pre_dam,2026-10-03T03:09:43.624479+00:00,2025-09-07,2025-09-06,13,35.38,24.08,50.09,49.69,45.13,,True
2026-09-26,pre_dam,2026-10-03T03:09:43.624479+00:00,2025-09-07,2025-09-06,14,34.24,22.85,49.17,38.31,100.4,,True
2026-09-26,pre_dam,2026-10-03T03:09:43.624479+00:00,2025-09-07,2025-09-06,15,34.93,23.1,52.77,10.88,36.04,,True
2026-09-26,pre_dam,2026-10-03T03:09:43.624479+00:00,2025-09-07,2025-09-06,16,37.83,24.64,62.8,21.5,38.96,,True
2026-09-26,pre_dam,2026-10-03T03:09:43.624479+00:00,2025-09-07,2025-09-06,17,41.52,27.12,71.97,31.08,32.23,,True
2026-09-26,pre_dam,2026-10-03T03:09:43.624479+00:00,2025-09-07,2025-09-06,18,45.93,30.97,73.27,38.07,38.98,,True
2026-09-26,pre_dam,2026-10-03T03:09:43.624479+00:00,2025-09-07,2025-09-06,19,49.92,31.32,78.94,36.81,184.1,,True
2026-09-26,pre_dam,2026-10-03T03:09:43.624479+00:00,2025-09-07,2025-09-06,20,40.95,29.06,63.49,42.96,273.96,,True
2026-09-26,pre_dam,2026-10-03T03:09:43.624479+00:00,2025-09-07,2025-09-06,21,45.17,30.7,65.98,33.4,64.27,,True
2026-09-26,pre_dam,2026-10-03T03:09:43.624479+00:00,2025-09-07,2025-09-06,22,40.88,25.93,60.86,56.2,89.1,,True
2026-09-26,pre_dam,2026-10-03T03:09:43.624479+00:00,2025-09-07,2025-09-06,23,41.2,24.66,58.59,36.29,42.82,,True
2026-09-26,pre_dam,2026-10-03T03:09:43.624479+00:00,2025-09-07,2025-09-06,24,40.97,23.78,55.31,25.29,30.83,,True
2026-09-27,pre_dam,2026-10-03T03:12:01.924189+00:00,2025-10-12,2025-09-06,1,33.51,15.26,40.42,27.83,87.59,,True
2026-09-27,pre_dam,2026-10-03T03:12:01.924189+00:00,2025-10-12,2025-09-06,2,37.12,18.57,47.07,29.1,50.59,,True
2026-09-27,pre_dam,2026-10-03T03:12:01.924189+00:00,2025-10-12,2025-09-06,3,33.1,16.62,42.73,35.3,42.78,,True
2026-09-27,pre_dam,2026-10-03T03:12:01.924189+00:00,2025-10-12,2025-09-06,4,35.01,16.39,43.9,40.58,40.95,,True
2026-09-27,pre_dam,2026-10-03T03:12:01.924189+00:00,2025-10-12,2025-09-06,5,36.49,16.88,48.9,38.76,45.67,,True
2026-09-27,pre_dam,2026-10-03T03:12:01.924189+00:00,2025-10-12,2025-09-06,6,37.25,19.33,48.9,43.66,53.45,,True
2026-09-27,pre_dam,2026-10-03T03:12:01.924189+00:00,2025-10-12,2025-09-06,7,38.36,19.56,46.53,43.78,61.49,,True
2026-09-27,pre_dam,2026-10-03T03:12:01.924189+00:00,2025-10-12,2025-09-06,8,41.02,22.92,52.07,40.71,113.15,,True
2026-09-27,pre_dam,2026-10-03T03:12:01.924189+00:00,2025-10-12,2025-09-06,9,39.29,22.33,50.92,66.29,158.43,,True
2026-09-27,pre_dam,2026-10-03T03:12:01.924189+00:00,2025-10-12,2025-09-06,10,37.9,20.1,45.2,46.71,22.57,,True
2026-09-27,pre_dam,2026-10-03T03:12:01.924189+00:00,2025-10-12,2025-09-06,11,36.75,23.49,44.26,63.17,37.34,,True
2026-09-27,pre_dam,2026-10-03T03:12:01.924189+00:00,2025-10-12,2025-09-06,12,36.8,23.17,45.66,69.4,33.87,,True
2026-09-27,pre_dam,2026-10-03T03:12:01.924189+00:00,2025-10-12,2025-09-06,13,36.92,22.3,44.37,47.59,45.13,,True
2026-09-27,pre_dam,2026-10-03T03:12:01.924189+00:00,2025-10-12,2025-09-06,14,36.17,21.28,39.94,35.83,100.4,,True
2026-09-27,pre_dam,2026-10-03T03:12:01.924189+00:00,2025-10-12,2025-09-06,15,35.22,22.0,43.0,34.56,36.04,,True
2026-09-27,pre_dam,2026-10-03T03:12:01.924189+00:00,2025-10-12,2025-09-06,16,38.77,23.34,49.51,33.17,38.96,,True
2026-09-27,pre_dam,2026-10-03T03:12:01.924189+00:00,2025-10-12,2025-09-06,17,45.35,28.44,62.02,28.2,32.23,,True
2026-09-27,pre_dam,2026-10-03T03:12:01.924189+00:00,2025-10-12,2025-09-06,18,50.98,31.23,65.11,27.68,38.98,,True
2026-09-27,pre_dam,2026-10-03T03:12:01.924189+00:00,2025-10-12,2025-09-06,19,55.14,31.22,64.32,37.37,184.1,,True
2026-09-27,pre_dam,2026-10-03T03:12:01.924189+00:00,2025-10-12,2025-09-06,20,46.4,29.62,63.01,35.07,273.96,,True
2026-09-27,pre_dam,2026-10-03T03:12:01.924189+00:00,2025-10-12,2025-09-06,21,43.56,28.28,59.86,22.52,64.27,,True
2026-09-27,pre_dam,2026-10-03T03:12:01.924189+00:00,2025-10-12,2025-09-06,22,39.21,22.8,52.35,21.51,89.1,,True
2026-09-27,pre_dam,2026-10-03T03:12:01.924189+00:00,2025-10-12,2025-09-06,23,38.35,23.72,51.45,48.33,42.82,,True
2026-09-27,pre_dam,2026-10-03T03:12:01.924189+00:00,2025-10-12,2025-09-06,24,36.64,24.9,52.07,27.51,30.83,,True
2026-09-28,pre_dam,2026-10-03T03:13:46.558455+00:00,2025-10-14,2026-09-17,1,31.95,19.75,39.74,34.02,49.8,,True
2026-09-28,pre_dam,2026-10-03T03:13:46.558455+00:00,2025-10-14,2026-09-17,2,30.77,20.98,41.19,39.99,45.39,,True
2026-09-28,pre_dam,2026-10-03T03:13:46.558455+00:00,2025-10-14,2026-09-17,3,30.74,18.45,43.42,77.59,49.08,,True
2026-09-28,pre_dam,2026-10-03T03:13:46.558455+00:00,2025-10-14,2026-09-17,4,31.21,18.62,44.42,39.55,58.97,,True
2026-09-28,pre_dam,2026-10-03T03:13:46.558455+00:00,2025-10-14,2026-09-17,5,31.19,20.93,45.44,47.45,50.12,,True
2026-09-28,pre_dam,2026-10-03T03:13:46.558455+00:00,2025-10-14,2026-09-17,6,35.08,25.82,45.63,121.05,56.99,,True
2026-09-28,pre_dam,2026-10-03T03:13:46.558455+00:00,2025-10-14,2026-09-17,7,44.82,31.69,59.01,250.32,89.03,,True
2026-09-28,pre_dam,2026-10-03T03:13:46.558455+00:00,2025-10-14,2026-09-17,8,49.04,34.36,71.42,218.94,82.99,,True
2026-09-28,pre_dam,2026-10-03T03:13:46.558455+00:00,2025-10-14,2026-09-17,9,47.99,31.15,68.4,89.57,96.32,,True
2026-09-28,pre_dam,2026-10-03T03:13:46.558455+00:00,2025-10-14,2026-09-17,10,43.66,28.95,58.37,92.45,100.85,,True
2026-09-28,pre_dam,2026-10-03T03:13:46.558455+00:00,2025-10-14,2026-09-17,11,43.93,29.37,66.19,60.67,92.55,,True
2026-09-28,pre_dam,2026-10-03T03:13:46.558455+00:00,2025-10-14,2026-09-17,12,48.63,30.42,80.54,38.17,102.57,,True
2026-09-28,pre_dam,2026-10-03T03:13:46.558455+00:00,2025-10-14,2026-09-17,13,47.82,28.02,79.09,74.7,119.6,,True
2026-09-28,pre_dam,2026-10-03T03:13:46.558455+00:00,2025-10-14,2026-09-17,14,54.31,30.4,82.82,43.88,116.2,,True
2026-09-28,pre_dam,2026-10-03T03:13:46.558455+00:00,2025-10-14,2026-09-17,15,56.15,30.21,87.44,35.09,85.65,,True
2026-09-28,pre_dam,2026-10-03T03:13:46.558455+00:00,2025-10-14,2026-09-17,16,70.11,35.32,118.16,36.86,96.38,,True
2026-09-28,pre_dam,2026-10-03T03:13:46.558455+00:00,2025-10-14,2026-09-17,17,61.14,36.78,107.2,35.52,64.66,,True
2026-09-28,pre_dam,2026-10-03T03:13:46.558455+00:00,2025-10-14,2026-09-17,18,64.77,36.94,110.57,205.7,60.05,,True
2026-09-28,pre_dam,2026-10-03T03:13:46.558455+00:00,2025-10-14,2026-09-17,19,96.3,36.79,154.14,190.8,61.43,,True
2026-09-28,pre_dam,2026-10-03T03:13:46.558455+00:00,2025-10-14,2026-09-17,20,84.61,36.52,153.76,52.8,73.08,,True
2026-09-28,pre_dam,2026-10-03T03:13:46.558455+00:00,2025-10-14,2026-09-17,21,74.16,35.85,125.98,37.18,124.64,,True
2026-09-28,pre_dam,2026-10-03T03:13:46.558455+00:00,2025-10-14,2026-09-17,22,51.28,28.18,70.2,43.57,118.94,,True
2026-09-28,pre_dam,2026-10-03T03:13:46.558455+00:00,2025-10-14,2026-09-17,23,48.31,28.09,59.64,53.08,80.1,,True
2026-09-28,pre_dam,2026-10-03T03:13:46.558455+00:00,2025-10-14,2026-09-17,24,46.49,27.94,56.8,29.7,42.46,,True
2026-09-29,pre_dam,2026-10-03T03:15:34.036726+00:00,2026-06-26,2026-09-17,1,39.58,25.72,54.29,32.84,49.8,,True
2026-09-29,pre_dam,2026-10-03T03:15:34.036726+00:00,2026-06-26,2026-09-17,2,40.66,27.5,57.56,19.93,45.39,,True
2026-09-29,pre_dam,2026-10-03T03:15:34.036726+00:00,2026-06-26,2026-09-17,3,38.89,24.38,54.14,27.73,49.08,,True
2026-09-29,pre_dam,2026-10-03T03:15:34.036726+00:00,2026-06-26,2026-09-17,4,42.42,26.88,54.57,22.58,58.97,,True
2026-09-29,pre_dam,2026-10-03T03:15:34.036726+00:00,2026-06-26,2026-09-17,5,46.11,29.53,55.73,15.49,50.12,,True
2026-09-29,pre_dam,2026-10-03T03:15:34.036726+00:00,2026-06-26,2026-09-17,6,55.26,30.52,58.45,37.55,56.99,,True
2026-09-29,pre_dam,2026-10-03T03:15:34.036726+00:00,2026-06-26,2026-09-17,7,66.76,33.18,68.42,23.57,89.03,,True
2026-09-29,pre_dam,2026-10-03T03:15:34.036726+00:00,2026-06-26,2026-09-17,8,82.91,33.78,83.55,35.98,82.99,,True
2026-09-29,pre_dam,2026-10-03T03:15:34.036726+00:00,2026-06-26,2026-09-17,9,78.97,34.24,82.07,39.11,96.32,,True
2026-09-29,pre_dam,2026-10-03T03:15:34.036726+00:00,2026-06-26,2026-09-17,10,80.28,34.39,80.28,33.64,100.85,,True
2026-09-29,pre_dam,2026-10-03T03:15:34.036726+00:00,2026-06-26,2026-09-17,11,76.68,32.01,80.33,49.92,92.55,,True
2026-09-29,pre_dam,2026-10-03T03:15:34.036726+00:00,2026-06-26,2026-09-17,12,74.54,32.77,76.19,37.38,102.57,,True
2026-09-29,pre_dam,2026-10-03T03:15:34.036726+00:00,2026-06-26,2026-09-17,13,85.61,34.15,85.61,33.44,119.6,,True
2026-09-29,pre_dam,2026-10-03T03:15:34.036726+00:00,2026-06-26,2026-09-17,14,82.61,30.65,83.0,34.35,116.2,,True
2026-09-29,pre_dam,2026-10-03T03:15:34.036726+00:00,2026-06-26,2026-09-17,15,90.67,30.87,109.05,41.09,85.65,,True
2026-09-29,pre_dam,2026-10-03T03:15:34.036726+00:00,2026-06-26,2026-09-17,16,91.82,33.05,124.06,58.57,96.38,,True
2026-09-29,pre_dam,2026-10-03T03:15:34.036726+00:00,2026-06-26,2026-09-17,17,66.53,32.95,112.29,37.55,64.66,,True
2026-09-29,pre_dam,2026-10-03T03:15:34.036726+00:00,2026-06-26,2026-09-17,18,70.42,34.45,113.46,30.68,60.05,,True
2026-09-29,pre_dam,2026-10-03T03:15:34.036726+00:00,2026-06-26,2026-09-17,19,74.1,34.66,124.45,27.58,61.43,,True
2026-09-29,pre_dam,2026-10-03T03:15:34.036726+00:00,2026-06-26,2026-09-17,20,70.96,35.13,115.93,27.89,73.08,,True
2026-09-29,pre_dam,2026-10-03T03:15:34.036726+00:00,2026-06-26,2026-09-17,21,58.76,32.91,98.81,33.03,124.64,,True
2026-09-29,pre_dam,2026-10-03T03:15:34.036726+00:00,2026-06-26,2026-09-17,22,55.76,31.18,70.8,55.75,118.94,,True
2026-09-29,pre_dam,2026-10-03T03:15:34.036726+00:00,2026-06-26,2026-09-17,23,50.19,31.23,60.46,33.1,80.1,,True
2026-09-29,pre_dam,2026-10-03T03:15:34.036726+00:00,2026-06-26,2026-09-17,24,46.31,33.31,60.88,22.0,42.46,,True
2026-09-30,pre_dam,2026-10-03T03:17:24.555788+00:00,2026-09-15,2025-08-20,1,38.84,29.94,54.83,16.7,39.87,,True
2026-09-30,pre_dam,2026-10-03T03:17:24.555788+00:00,2026-09-15,2025-08-20,2,38.03,28.87,56.93,26.27,38.17,,True
2026-09-30,pre_dam,2026-10-03T03:17:24.555788+00:00,2026-09-15,2025-08-20,3,36.4,29.35,56.89,24.52,38.89,,True
2026-09-30,pre_dam,2026-10-03T03:17:24.555788+00:00,2026-09-15,2025-08-20,4,35.42,31.1,56.07,19.61,33.42,,True
2026-09-30,pre_dam,2026-10-03T03:17:24.555788+00:00,2026-09-15,2025-08-20,5,39.68,33.95,57.66,34.24,34.9,,True
2026-09-30,pre_dam,2026-10-03T03:17:24.555788+00:00,2026-09-15,2025-08-20,6,45.16,36.49,60.76,33.74,47.9,,True
2026-09-30,pre_dam,2026-10-03T03:17:24.555788+00:00,2026-09-15,2025-08-20,7,52.97,38.6,71.54,27.88,71.25,,True
2026-09-30,pre_dam,2026-10-03T03:17:24.555788+00:00,2026-09-15,2025-08-20,8,52.38,38.82,74.38,31.87,99.92,,True
2026-09-30,pre_dam,2026-10-03T03:17:24.555788+00:00,2026-09-15,2025-08-20,9,53.67,38.65,75.31,15.57,54.67,,True
2026-09-30,pre_dam,2026-10-03T03:17:24.555788+00:00,2026-09-15,2025-08-20,10,55.76,35.25,73.01,33.79,36.6,,True
2026-09-30,pre_dam,2026-10-03T03:17:24.555788+00:00,2026-09-15,2025-08-20,11,53.92,34.23,74.3,34.07,43.2,,True
2026-09-30,pre_dam,2026-10-03T03:17:24.555788+00:00,2026-09-15,2025-08-20,12,54.79,37.49,74.71,48.92,37.63,,True
2026-09-30,pre_dam,2026-10-03T03:17:24.555788+00:00,2026-09-15,2025-08-20,13,60.13,37.73,85.11,68.65,47.13,,True
2026-09-30,pre_dam,2026-10-03T03:17:24.555788+00:00,2026-09-15,2025-08-20,14,52.6,37.74,117.28,64.42,56.2,,True
2026-09-30,pre_dam,2026-10-03T03:17:24.555788+00:00,2026-09-15,2025-08-20,15,50.86,37.75,112.76,45.72,39.87,,True
2026-09-30,pre_dam,2026-10-03T03:17:24.555788+00:00,2026-09-15,2025-08-20,16,64.12,38.29,121.37,34.21,43.58,,True
2026-09-30,pre_dam,2026-10-03T03:17:24.555788+00:00,2026-09-15,2025-08-20,17,65.75,39.09,118.91,20.64,33.66,,True
2026-09-30,pre_dam,2026-10-03T03:17:24.555788+00:00,2026-09-15,2025-08-20,18,85.02,39.0,122.72,56.92,31.93,,True
2026-09-30,pre_dam,2026-10-03T03:17:24.555788+00:00,2026-09-15,2025-08-20,19,83.21,39.0,122.85,66.21,34.96,,True
2026-09-30,pre_dam,2026-10-03T03:17:24.555788+00:00,2026-09-15,2025-08-20,20,82.54,39.41,120.33,62.21,51.19,,True
2026-09-30,pre_dam,2026-10-03T03:17:24.555788+00:00,2026-09-15,2025-08-20,21,72.18,39.89,113.31,66.92,69.77,,True
2026-09-30,pre_dam,2026-10-03T03:17:24.555788+00:00,2026-09-15,2025-08-20,22,56.44,38.68,79.79,52.93,77.13,,True
2026-09-30,pre_dam,2026-10-03T03:17:24.555788+00:00,2026-09-15,2025-08-20,23,47.11,34.32,69.13,47.24,34.28,,True
2026-09-30,pre_dam,2026-10-03T03:17:24.555788+00:00,2026-09-15,2025-08-20,24,43.6,30.41,61.8,39.55,30.65,,True
2026-10-01,pre_dam,2026-10-03T03:19:08.210397+00:00,2026-09-30,2026-09-15,1,43.76,31.92,56.73,36.22,16.7,,True
2026-10-01,pre_dam,2026-10-03T03:19:08.210397+00:00,2026-09-30,2026-09-15,2,47.25,37.08,62.36,36.52,26.27,,True
2026-10-01,pre_dam,2026-10-03T03:19:08.210397+00:00,2026-09-30,2026-09-15,3,47.16,36.36,60.95,32.19,24.52,,True
2026-10-01,pre_dam,2026-10-03T03:19:08.210397+00:00,2026-09-30,2026-09-15,4,50.52,37.18,64.41,33.46,19.61,,True
2026-10-01,pre_dam,2026-10-03T03:19:08.210397+00:00,2026-09-30,2026-09-15,5,53.12,40.57,70.14,25.95,34.24,,True
2026-10-01,pre_dam,2026-10-03T03:19:08.210397+00:00,2026-09-30,2026-09-15,6,56.41,41.11,80.63,38.61,33.74,,True
2026-10-01,pre_dam,2026-10-03T03:19:08.210397+00:00,2026-09-30,2026-09-15,7,70.49,40.67,109.23,36.89,27.88,,True
2026-10-01,pre_dam,2026-10-03T03:19:08.210397+00:00,2026-09-30,2026-09-15,8,72.51,40.6,118.55,,31.87,,True
2026-10-01,pre_dam,2026-10-03T03:19:08.210397+00:00,2026-09-30,2026-09-15,9,82.72,40.86,131.83,,15.57,,True
2026-10-01,pre_dam,2026-10-03T03:19:08.210397+00:00,2026-09-30,2026-09-15,10,80.97,41.89,129.56,,33.79,,True
2026-10-01,pre_dam,2026-10-03T03:19:08.210397+00:00,2026-09-30,2026-09-15,11,78.1,40.59,121.97,,34.07,,True
2026-10-01,pre_dam,2026-10-03T03:19:08.210397+00:00,2026-09-30,2026-09-15,12,80.92,41.72,121.65,,48.92,,True
2026-10-01,pre_dam,2026-10-03T03:19:08.210397+00:00,2026-09-30,2026-09-15,13,89.2,41.43,136.95,,68.65,,True
2026-10-01,pre_dam,2026-10-03T03:19:08.210397+00:00,2026-09-30,2026-09-15,14,94.94,40.14,132.35,,64.42,,True
2026-10-01,pre_dam,2026-10-03T03:19:08.210397+00:00,2026-09-30,2026-09-15,15,97.86,40.64,140.69,,45.72,,True
2026-10-01,pre_dam,2026-10-03T03:19:08.210397+00:00,2026-09-30,2026-09-15,16,134.96,40.49,145.5,,34.21,,True
2026-10-01,pre_dam,2026-10-03T03:19:08.210397+00:00,2026-09-30,2026-09-15,17,153.69,39.73,170.62,,20.64,,True
2026-10-01,pre_dam,2026-10-03T03:19:08.210397+00:00,2026-09-30,2026-09-15,18,89.81,39.6,129.75,,56.92,,True
2026-10-01,pre_dam,2026-10-03T03:19:08.210397+00:00,2026-09-30,2026-09-15,19,93.4,40.55,123.52,,66.21,,True
2026-10-01,pre_dam,2026-10-03T03:19:08.210397+00:00,2026-09-30,2026-09-15,20,84.3,40.91,120.01,,62.21,,True
2026-10-01,pre_dam,2026-10-03T03:19:08.210397+00:00,2026-09-30,2026-09-15,21,80.33,40.54,116.83,,66.92,,True
2026-10-01,pre_dam,2026-10-03T03:19:08.210397+00:00,2026-09-30,2026-09-15,22,72.36,39.73,111.35,,52.93,,True
2026-10-01,pre_dam,2026-10-03T03:19:08.210397+00:00,2026-09-30,2026-09-15,23,53.56,37.5,77.32,,47.24,,True
2026-10-01,pre_dam,2026-10-03T03:19:08.210397+00:00,2026-09-30,2026-09-15,24,52.74,37.48,75.29,,39.55,,True
2026-10-02,pre_dam,2026-10-03T03:20:49.190681+00:00,2025-08-26,2025-09-04,1,49.11,29.75,58.38,23.68,32.43,,True
2026-10-02,pre_dam,2026-10-03T03:20:49.190681+00:00,2025-08-26,2025-09-04,2,38.25,26.12,52.25,22.77,26.83,,True
2026-10-02,pre_dam,2026-10-03T03:20:49.190681+00:00,2025-08-26,2025-09-04,3,35.33,25.5,48.33,28.7,31.3,,True
2026-10-02,pre_dam,2026-10-03T03:20:49.190681+00:00,2025-08-26,2025-09-04,4,37.35,25.02,50.88,30.24,32.81,,True
2026-10-02,pre_dam,2026-10-03T03:20:49.190681+00:00,2025-08-26,2025-09-04,5,43.18,30.66,52.41,15.19,32.7,,True
2026-10-02,pre_dam,2026-10-03T03:20:49.190681+00:00,2025-08-26,2025-09-04,6,52.68,35.74,75.26,25.82,33.71,,True
2026-10-02,pre_dam,2026-10-03T03:20:49.190681+00:00,2025-08-26,2025-09-04,7,62.25,37.15,105.5,34.4,171.1,,True
2026-10-02,pre_dam,2026-10-03T03:20:49.190681+00:00,2025-08-26,2025-09-04,8,67.81,37.11,118.35,40.43,137.79,,True
2026-10-02,pre_dam,2026-10-03T03:20:49.190681+00:00,2025-08-26,2025-09-04,9,71.55,38.61,120.07,36.34,47.25,,True
2026-10-02,pre_dam,2026-10-03T03:20:49.190681+00:00,2025-08-26,2025-09-04,10,69.9,37.67,128.53,32.35,36.12,,True
2026-10-02,pre_dam,2026-10-03T03:20:49.190681+00:00,2025-08-26,2025-09-04,11,59.52,36.92,105.46,30.94,33.76,,True
2026-10-02,pre_dam,2026-10-03T03:20:49.190681+00:00,2025-08-26,2025-09-04,12,56.91,36.74,104.67,29.78,38.01,,True
2026-10-02,pre_dam,2026-10-03T03:20:49.190681+00:00,2025-08-26,2025-09-04,13,54.51,35.54,88.52,31.57,44.69,,True
2026-10-02,pre_dam,2026-10-03T03:20:49.190681+00:00,2025-08-26,2025-09-04,14,51.67,34.43,89.02,27.88,62.26,,True
2026-10-02,pre_dam,2026-10-03T03:20:49.190681+00:00,2025-08-26,2025-09-04,15,53.29,33.93,88.39,29.36,47.24,,True
2026-10-02,pre_dam,2026-10-03T03:20:49.190681+00:00,2025-08-26,2025-09-04,16,58.25,33.89,104.35,27.11,59.96,,True
2026-10-02,pre_dam,2026-10-03T03:20:49.190681+00:00,2025-08-26,2025-09-04,17,62.03,34.39,106.39,31.24,81.57,,True
2026-10-02,pre_dam,2026-10-03T03:20:49.190681+00:00,2025-08-26,2025-09-04,18,62.21,35.24,105.38,33.15,99.44,,True
2026-10-02,pre_dam,2026-10-03T03:20:49.190681+00:00,2025-08-26,2025-09-04,19,72.07,37.18,113.75,36.16,137.48,,True
2026-10-02,pre_dam,2026-10-03T03:20:49.190681+00:00,2025-08-26,2025-09-04,20,67.82,36.69,111.39,56.61,65.56,,True
2026-10-02,pre_dam,2026-10-03T03:20:49.190681+00:00,2025-08-26,2025-09-04,21,58.31,36.37,89.05,68.66,36.39,,True
2026-10-02,pre_dam,2026-10-03T03:20:49.190681+00:00,2025-08-26,2025-09-04,22,50.08,35.94,63.07,40.15,30.01,,True
2026-10-02,pre_dam,2026-10-03T03:20:49.190681+00:00,2025-08-26,2025-09-04,23,46.65,35.07,61.98,34.74,24.13,,True
2026-10-02,pre_dam,2026-10-03T03:20:49.190681+00:00,2025-08-26,2025-09-04,24,45.55,32.91,64.38,28.73,21.32,,True
2026-10-03,pre_dam,2026-10-03T03:22:55.552365+00:00,2025-10-11,2026-09-19,1,46.1,30.87,70.57,53.42,32.22,,True
2026-10-03,pre_dam,2026-10-03T03:22:55.552365+00:00,2025-10-11,2026-09-19,2,44.86,31.32,69.99,34.07,35.44,,True
2026-10-03,pre_dam,2026-10-03T03:22:55.552365+00:00,2025-10-11,2026-09-19,3,45.62,31.64,70.35,22.56,36.07,,True
2026-10-03,pre_dam,2026-10-03T03:22:55.552365+00:00,2025-10-11,2026-09-19,4,45.34,30.83,71.19,23.72,37.22,,True
2026-10-03,pre_dam,2026-10-03T03:22:55.552365+00:00,2025-10-11,2026-09-19,5,47.93,31.2,72.03,17.62,40.86,,True
2026-10-03,pre_dam,2026-10-03T03:22:55.552365+00:00,2025-10-11,2026-09-19,6,50.69,37.14,73.2,25.96,46.96,,True
2026-10-03,pre_dam,2026-10-03T03:22:55.552365+00:00,2025-10-11,2026-09-19,7,58.07,39.44,77.1,51.58,38.94,,True
2026-10-03,pre_dam,2026-10-03T03:22:55.552365+00:00,2025-10-11,2026-09-19,8,60.98,39.44,86.66,79.93,43.14,,True
2026-10-03,pre_dam,2026-10-03T03:22:55.552365+00:00,2025-10-11,2026-09-19,9,59.24,39.47,83.5,110.42,44.0,,True
2026-10-03,pre_dam,2026-10-03T03:22:55.552365+00:00,2025-10-11,2026-09-19,10,58.97,37.78,82.07,53.6,44.33,,True
2026-10-03,pre_dam,2026-10-03T03:22:55.552365+00:00,2025-10-11,2026-09-19,11,57.81,39.44,75.33,56.18,42.8,,True
2026-10-03,pre_dam,2026-10-03T03:22:55.552365+00:00,2025-10-11,2026-09-19,12,58.05,40.15,76.85,36.13,50.69,,True
2026-10-03,pre_dam,2026-10-03T03:22:55.552365+00:00,2025-10-11,2026-09-19,13,55.99,39.08,83.29,38.4,45.06,,True
2026-10-03,pre_dam,2026-10-03T03:22:55.552365+00:00,2025-10-11,2026-09-19,14,59.86,39.77,86.22,39.34,38.1,,True
2026-10-03,pre_dam,2026-10-03T03:22:55.552365+00:00,2025-10-11,2026-09-19,15,59.24,38.04,83.87,76.09,41.54,,True
2026-10-03,pre_dam,2026-10-03T03:22:55.552365+00:00,2025-10-11,2026-09-19,16,58.88,37.06,87.17,51.76,52.71,,True
2026-10-03,pre_dam,2026-10-03T03:22:55.552365+00:00,2025-10-11,2026-09-19,17,71.31,38.25,117.32,33.61,51.38,,True
2026-10-03,pre_dam,2026-10-03T03:22:55.552365+00:00,2025-10-11,2026-09-19,18,86.11,39.37,127.05,39.18,53.82,,True
2026-10-03,pre_dam,2026-10-03T03:22:55.552365+00:00,2025-10-11,2026-09-19,19,79.44,39.68,137.91,48.19,53.24,,True
2026-10-03,pre_dam,2026-10-03T03:22:55.552365+00:00,2025-10-11,2026-09-19,20,72.83,38.99,114.05,36.17,71.89,,True
2026-10-03,pre_dam,2026-10-03T03:22:55.552365+00:00,2025-10-11,2026-09-19,21,61.29,37.16,91.45,35.66,71.33,,True
2026-10-03,pre_dam,2026-10-03T03:22:55.552365+00:00,2025-10-11,2026-09-19,22,53.86,37.56,85.23,54.21,61.23,,True
2026-10-03,pre_dam,2026-10-03T03:22:55.552365+00:00,2025-10-11,2026-09-19,23,53.65,34.91,78.97,32.94,44.8,,True
2026-10-03,pre_dam,2026-10-03T03:22:55.552365+00:00,2025-10-11,2026-09-19,24,51.99,31.57,74.67,29.61,42.67,,True
