target_date,vintage,generated_at,analog_date,analog_date_2,hour,predicted_lmp,p10,p90,analog_lmp,analog_lmp_2,band_err,backfilled
2026-07-10,pre_dam,2026-10-03T03:07:23.208608+00:00,2025-07-11,2026-07-07,1,12.12,-8.47,25.45,40.68,66.86,,True
2026-07-10,pre_dam,2026-10-03T03:07:23.208608+00:00,2025-07-11,2026-07-07,2,10.24,-11.26,20.0,23.27,25.76,,True
2026-07-10,pre_dam,2026-10-03T03:07:23.208608+00:00,2025-07-11,2026-07-07,3,10.04,-12.96,19.42,22.95,12.31,,True
2026-07-10,pre_dam,2026-10-03T03:07:23.208608+00:00,2025-07-11,2026-07-07,4,9.28,-10.85,15.99,20.67,-3.47,,True
2026-07-10,pre_dam,2026-10-03T03:07:23.208608+00:00,2025-07-11,2026-07-07,5,8.44,-8.91,18.7,23.13,-4.72,,True
2026-07-10,pre_dam,2026-10-03T03:07:23.208608+00:00,2025-07-11,2026-07-07,6,5.5,-10.04,15.72,17.43,7.1,,True
2026-07-10,pre_dam,2026-10-03T03:07:23.208608+00:00,2025-07-11,2026-07-07,7,8.22,-20.59,22.03,34.76,-5.55,,True
2026-07-10,pre_dam,2026-10-03T03:07:23.208608+00:00,2025-07-11,2026-07-07,8,9.8,-25.05,27.37,38.02,17.49,,True
2026-07-10,pre_dam,2026-10-03T03:07:23.208608+00:00,2025-07-11,2026-07-07,9,16.18,-36.21,35.81,31.59,17.92,,True
2026-07-10,pre_dam,2026-10-03T03:07:23.208608+00:00,2025-07-11,2026-07-07,10,37.6,-4.6,64.39,46.57,4.12,,True
2026-07-10,pre_dam,2026-10-03T03:07:23.208608+00:00,2025-07-11,2026-07-07,11,50.69,7.65,66.81,50.09,20.88,,True
2026-07-10,pre_dam,2026-10-03T03:07:23.208608+00:00,2025-07-11,2026-07-07,12,36.7,4.29,65.13,51.02,41.41,,True
2026-07-10,pre_dam,2026-10-03T03:07:23.208608+00:00,2025-07-11,2026-07-07,13,23.08,-6.05,50.67,22.41,30.97,,True
2026-07-10,pre_dam,2026-10-03T03:07:23.208608+00:00,2025-07-11,2026-07-07,14,34.69,-3.82,54.17,44.08,8.78,,True
2026-07-10,pre_dam,2026-10-03T03:07:23.208608+00:00,2025-07-11,2026-07-07,15,36.82,1.85,67.28,84.99,19.67,,True
2026-07-10,pre_dam,2026-10-03T03:07:23.208608+00:00,2025-07-11,2026-07-07,16,17.44,-21.92,54.81,111.53,22.09,,True
2026-07-10,pre_dam,2026-10-03T03:07:23.208608+00:00,2025-07-11,2026-07-07,17,22.54,-22.41,47.59,93.02,17.26,,True
2026-07-10,pre_dam,2026-10-03T03:07:23.208608+00:00,2025-07-11,2026-07-07,18,24.54,-22.63,57.16,44.48,0.44,,True
2026-07-10,pre_dam,2026-10-03T03:07:23.208608+00:00,2025-07-11,2026-07-07,19,33.22,-12.23,63.72,124.54,32.05,,True
2026-07-10,pre_dam,2026-10-03T03:07:23.208608+00:00,2025-07-11,2026-07-07,20,39.02,-6.44,72.04,74.82,-11.08,,True
2026-07-10,pre_dam,2026-10-03T03:07:23.208608+00:00,2025-07-11,2026-07-07,21,27.5,-25.0,52.08,-21.27,12.91,,True
2026-07-10,pre_dam,2026-10-03T03:07:23.208608+00:00,2025-07-11,2026-07-07,22,16.27,-25.41,44.12,18.74,-22.54,,True
2026-07-10,pre_dam,2026-10-03T03:07:23.208608+00:00,2025-07-11,2026-07-07,23,11.69,-16.0,26.15,33.37,-8.56,,True
2026-07-10,pre_dam,2026-10-03T03:07:23.208608+00:00,2025-07-11,2026-07-07,24,9.44,-12.49,22.58,57.39,4.44,,True
2026-07-11,pre_dam,2026-10-03T03:10:04.490810+00:00,2026-07-05,2026-07-04,1,3.63,-13.47,23.68,-5.81,-11.44,,True
2026-07-11,pre_dam,2026-10-03T03:10:04.490810+00:00,2026-07-05,2026-07-04,2,4.75,-16.97,29.8,14.2,21.88,,True
2026-07-11,pre_dam,2026-10-03T03:10:04.490810+00:00,2026-07-05,2026-07-04,3,-2.42,-10.57,22.59,-0.03,-30.48,,True
2026-07-11,pre_dam,2026-10-03T03:10:04.490810+00:00,2026-07-05,2026-07-04,4,-1.27,-12.53,21.17,-4.92,-2.89,,True
2026-07-11,pre_dam,2026-10-03T03:10:04.490810+00:00,2026-07-05,2026-07-04,5,1.67,-16.47,24.18,-3.97,-1.96,,True
2026-07-11,pre_dam,2026-10-03T03:10:04.490810+00:00,2026-07-05,2026-07-04,6,2.59,-16.63,27.74,8.26,20.77,,True
2026-07-11,pre_dam,2026-10-03T03:10:04.490810+00:00,2026-07-05,2026-07-04,7,1.21,-18.55,28.19,4.21,21.08,,True
2026-07-11,pre_dam,2026-10-03T03:10:04.490810+00:00,2026-07-05,2026-07-04,8,3.52,-22.37,26.01,0.84,24.2,,True
2026-07-11,pre_dam,2026-10-03T03:10:04.490810+00:00,2026-07-05,2026-07-04,9,1.85,-29.28,24.72,4.46,18.6,,True
2026-07-11,pre_dam,2026-10-03T03:10:04.490810+00:00,2026-07-05,2026-07-04,10,1.88,-23.99,26.62,-0.02,34.83,,True
2026-07-11,pre_dam,2026-10-03T03:10:04.490810+00:00,2026-07-05,2026-07-04,11,7.23,-30.75,37.43,-43.9,43.19,,True
2026-07-11,pre_dam,2026-10-03T03:10:04.490810+00:00,2026-07-05,2026-07-04,12,6.34,-27.74,40.38,-67.19,46.15,,True
2026-07-11,pre_dam,2026-10-03T03:10:04.490810+00:00,2026-07-05,2026-07-04,13,13.2,-15.88,49.18,-29.9,-35.87,,True
2026-07-11,pre_dam,2026-10-03T03:10:04.490810+00:00,2026-07-05,2026-07-04,14,18.22,-18.31,47.43,-20.04,17.99,,True
2026-07-11,pre_dam,2026-10-03T03:10:04.490810+00:00,2026-07-05,2026-07-04,15,19.88,-14.36,48.13,-6.1,5.44,,True
2026-07-11,pre_dam,2026-10-03T03:10:04.490810+00:00,2026-07-05,2026-07-04,16,17.02,-24.63,41.69,5.8,23.06,,True
2026-07-11,pre_dam,2026-10-03T03:10:04.490810+00:00,2026-07-05,2026-07-04,17,20.23,-6.67,55.32,22.19,1.55,,True
2026-07-11,pre_dam,2026-10-03T03:10:04.490810+00:00,2026-07-05,2026-07-04,18,20.75,-17.71,59.71,38.71,-212.22,,True
2026-07-11,pre_dam,2026-10-03T03:10:04.490810+00:00,2026-07-05,2026-07-04,19,28.22,-18.84,61.4,41.53,42.64,,True
2026-07-11,pre_dam,2026-10-03T03:10:04.490810+00:00,2026-07-05,2026-07-04,20,44.68,-26.19,78.38,34.74,-52.32,,True
2026-07-11,pre_dam,2026-10-03T03:10:04.490810+00:00,2026-07-05,2026-07-04,21,19.13,-19.29,53.54,13.61,-52.47,,True
2026-07-11,pre_dam,2026-10-03T03:10:04.490810+00:00,2026-07-05,2026-07-04,22,9.07,-44.12,41.53,8.71,-7.75,,True
2026-07-11,pre_dam,2026-10-03T03:10:04.490810+00:00,2026-07-05,2026-07-04,23,1.8,-31.78,22.66,11.26,-7.19,,True
2026-07-11,pre_dam,2026-10-03T03:10:04.490810+00:00,2026-07-05,2026-07-04,24,0.24,-24.75,23.96,11.91,12.29,,True
2026-07-12,pre_dam,2026-10-03T03:12:21.178216+00:00,2026-07-11,2026-07-05,1,0.94,-6.59,25.39,2.11,-5.81,,True
2026-07-12,pre_dam,2026-10-03T03:12:21.178216+00:00,2026-07-11,2026-07-05,2,0.88,-3.7,18.32,-11.15,14.2,,True
2026-07-12,pre_dam,2026-10-03T03:12:21.178216+00:00,2026-07-11,2026-07-05,3,-2.95,-8.87,17.92,-7.84,-0.03,,True
2026-07-12,pre_dam,2026-10-03T03:12:21.178216+00:00,2026-07-11,2026-07-05,4,0.44,-7.42,18.05,-10.81,-4.92,,True
2026-07-12,pre_dam,2026-10-03T03:12:21.178216+00:00,2026-07-11,2026-07-05,5,-3.42,-11.24,14.54,-5.47,-3.97,,True
2026-07-12,pre_dam,2026-10-03T03:12:21.178216+00:00,2026-07-11,2026-07-05,6,-2.45,-11.0,15.96,0.27,8.26,,True
2026-07-12,pre_dam,2026-10-03T03:12:21.178216+00:00,2026-07-11,2026-07-05,7,-8.02,-14.26,16.48,1.81,4.21,,True
2026-07-12,pre_dam,2026-10-03T03:12:21.178216+00:00,2026-07-11,2026-07-05,8,-7.36,-16.67,17.01,-19.52,0.84,,True
2026-07-12,pre_dam,2026-10-03T03:12:21.178216+00:00,2026-07-11,2026-07-05,9,-5.57,-18.19,17.82,-25.66,4.46,,True
2026-07-12,pre_dam,2026-10-03T03:12:21.178216+00:00,2026-07-11,2026-07-05,10,-8.67,-19.05,17.29,-54.39,-0.02,,True
2026-07-12,pre_dam,2026-10-03T03:12:21.178216+00:00,2026-07-11,2026-07-05,11,-10.3,-22.15,23.13,-21.85,-43.9,,True
2026-07-12,pre_dam,2026-10-03T03:12:21.178216+00:00,2026-07-11,2026-07-05,12,-10.73,-28.19,25.54,-19.57,-67.19,,True
2026-07-12,pre_dam,2026-10-03T03:12:21.178216+00:00,2026-07-11,2026-07-05,13,-2.34,-26.21,33.47,-12.73,-29.9,,True
2026-07-12,pre_dam,2026-10-03T03:12:21.178216+00:00,2026-07-11,2026-07-05,14,-0.99,-21.4,34.07,7.06,-20.04,,True
2026-07-12,pre_dam,2026-10-03T03:12:21.178216+00:00,2026-07-11,2026-07-05,15,5.89,-29.3,41.87,-7.82,-6.1,,True
2026-07-12,pre_dam,2026-10-03T03:12:21.178216+00:00,2026-07-11,2026-07-05,16,8.25,-32.89,37.61,15.31,5.8,,True
2026-07-12,pre_dam,2026-10-03T03:12:21.178216+00:00,2026-07-11,2026-07-05,17,16.39,-34.17,46.63,20.95,22.19,,True
2026-07-12,pre_dam,2026-10-03T03:12:21.178216+00:00,2026-07-11,2026-07-05,18,28.24,-23.16,62.97,10.79,38.71,,True
2026-07-12,pre_dam,2026-10-03T03:12:21.178216+00:00,2026-07-11,2026-07-05,19,23.89,-23.54,61.25,24.63,41.53,,True
2026-07-12,pre_dam,2026-10-03T03:12:21.178216+00:00,2026-07-11,2026-07-05,20,35.64,-8.64,74.42,17.45,34.74,,True
2026-07-12,pre_dam,2026-10-03T03:12:21.178216+00:00,2026-07-11,2026-07-05,21,10.32,-36.77,48.26,29.99,13.61,,True
2026-07-12,pre_dam,2026-10-03T03:12:21.178216+00:00,2026-07-11,2026-07-05,22,-5.52,-45.17,31.46,15.88,8.71,,True
2026-07-12,pre_dam,2026-10-03T03:12:21.178216+00:00,2026-07-11,2026-07-05,23,-11.86,-37.66,24.35,-0.83,11.26,,True
2026-07-12,pre_dam,2026-10-03T03:12:21.178216+00:00,2026-07-11,2026-07-05,24,-8.52,-25.88,21.71,-2.78,11.91,,True
2026-07-13,pre_dam,2026-10-03T03:14:08.761244+00:00,2025-08-13,2025-07-25,1,1.41,-16.36,29.32,-63.57,16.32,,True
2026-07-13,pre_dam,2026-10-03T03:14:08.761244+00:00,2025-08-13,2025-07-25,2,5.05,-10.46,26.27,-40.78,12.42,,True
2026-07-13,pre_dam,2026-10-03T03:14:08.761244+00:00,2025-08-13,2025-07-25,3,4.7,-8.79,26.63,-44.9,11.35,,True
2026-07-13,pre_dam,2026-10-03T03:14:08.761244+00:00,2025-08-13,2025-07-25,4,2.16,-14.37,27.0,-66.43,6.13,,True
2026-07-13,pre_dam,2026-10-03T03:14:08.761244+00:00,2025-08-13,2025-07-25,5,1.83,-15.66,27.95,0.25,3.22,,True
2026-07-13,pre_dam,2026-10-03T03:14:08.761244+00:00,2025-08-13,2025-07-25,6,0.21,-18.78,26.08,5.58,-1.04,,True
2026-07-13,pre_dam,2026-10-03T03:14:08.761244+00:00,2025-08-13,2025-07-25,7,-8.11,-26.48,19.02,-30.2,-8.78,,True
2026-07-13,pre_dam,2026-10-03T03:14:08.761244+00:00,2025-08-13,2025-07-25,8,-7.36,-34.1,26.88,26.01,-21.21,,True
2026-07-13,pre_dam,2026-10-03T03:14:08.761244+00:00,2025-08-13,2025-07-25,9,2.82,-32.49,28.72,44.98,3.51,,True
2026-07-13,pre_dam,2026-10-03T03:14:08.761244+00:00,2025-08-13,2025-07-25,10,1.07,-25.35,30.27,66.98,0.85,,True
2026-07-13,pre_dam,2026-10-03T03:14:08.761244+00:00,2025-08-13,2025-07-25,11,13.31,-16.54,45.89,58.5,-16.9,,True
2026-07-13,pre_dam,2026-10-03T03:14:08.761244+00:00,2025-08-13,2025-07-25,12,9.07,-12.89,51.28,7.7,-35.58,,True
2026-07-13,pre_dam,2026-10-03T03:14:08.761244+00:00,2025-08-13,2025-07-25,13,15.66,4.68,66.38,4.02,-30.39,,True
2026-07-13,pre_dam,2026-10-03T03:14:08.761244+00:00,2025-08-13,2025-07-25,14,29.7,17.8,73.43,-13.63,0.46,,True
2026-07-13,pre_dam,2026-10-03T03:14:08.761244+00:00,2025-08-13,2025-07-25,15,48.64,37.75,78.78,76.46,14.69,,True
2026-07-13,pre_dam,2026-10-03T03:14:08.761244+00:00,2025-08-13,2025-07-25,16,39.93,26.58,77.09,53.11,52.03,,True
2026-07-13,pre_dam,2026-10-03T03:14:08.761244+00:00,2025-08-13,2025-07-25,17,6.5,6.5,82.05,62.27,178.19,,True
2026-07-13,pre_dam,2026-10-03T03:14:08.761244+00:00,2025-08-13,2025-07-25,18,-0.37,-0.37,115.85,61.55,177.28,,True
2026-07-13,pre_dam,2026-10-03T03:14:08.761244+00:00,2025-08-13,2025-07-25,19,21.16,10.66,124.3,85.2,90.29,,True
2026-07-13,pre_dam,2026-10-03T03:14:08.761244+00:00,2025-08-13,2025-07-25,20,31.64,-16.29,129.62,71.72,24.13,,True
2026-07-13,pre_dam,2026-10-03T03:14:08.761244+00:00,2025-08-13,2025-07-25,21,42.87,3.02,112.61,-22.31,-59.38,,True
2026-07-13,pre_dam,2026-10-03T03:14:08.761244+00:00,2025-08-13,2025-07-25,22,-15.27,-36.46,48.68,-22.98,-34.64,,True
2026-07-13,pre_dam,2026-10-03T03:14:08.761244+00:00,2025-08-13,2025-07-25,23,-5.01,-42.22,40.68,-5.76,-21.13,,True
2026-07-13,pre_dam,2026-10-03T03:14:08.761244+00:00,2025-08-13,2025-07-25,24,-6.03,-29.69,25.89,4.97,3.23,,True
2026-07-14,pre_dam,2026-10-03T03:16:01.225926+00:00,2025-06-24,2025-06-23,1,-24.81,-29.03,29.49,36.48,36.13,,True
2026-07-14,pre_dam,2026-10-03T03:16:01.225926+00:00,2025-06-24,2025-06-23,2,-27.65,-27.65,22.8,-7.61,-27.71,,True
2026-07-14,pre_dam,2026-10-03T03:16:01.225926+00:00,2025-06-24,2025-06-23,3,-34.59,-34.59,22.2,9.89,9.96,,True
2026-07-14,pre_dam,2026-10-03T03:16:01.225926+00:00,2025-06-24,2025-06-23,4,-34.96,-34.96,18.11,16.36,-44.98,,True
2026-07-14,pre_dam,2026-10-03T03:16:01.225926+00:00,2025-06-24,2025-06-23,5,-24.66,-24.66,15.78,26.87,18.95,,True
2026-07-14,pre_dam,2026-10-03T03:16:01.225926+00:00,2025-06-24,2025-06-23,6,-17.9,-18.59,24.03,18.19,20.98,,True
2026-07-14,pre_dam,2026-10-03T03:16:01.225926+00:00,2025-06-24,2025-06-23,7,-25.19,-31.35,21.16,-47.42,39.11,,True
2026-07-14,pre_dam,2026-10-03T03:16:01.225926+00:00,2025-06-24,2025-06-23,8,-8.21,-41.15,30.63,17.22,57.56,,True
2026-07-14,pre_dam,2026-10-03T03:16:01.225926+00:00,2025-06-24,2025-06-23,9,-3.83,-34.63,33.42,-24.46,55.72,,True
2026-07-14,pre_dam,2026-10-03T03:16:01.225926+00:00,2025-06-24,2025-06-23,10,19.61,-13.0,44.3,-3.78,61.06,,True
2026-07-14,pre_dam,2026-10-03T03:16:01.225926+00:00,2025-06-24,2025-06-23,11,49.43,9.96,77.88,65.07,19.19,,True
2026-07-14,pre_dam,2026-10-03T03:16:01.225926+00:00,2025-06-24,2025-06-23,12,43.91,-21.06,89.05,124.22,69.19,,True
2026-07-14,pre_dam,2026-10-03T03:16:01.225926+00:00,2025-06-24,2025-06-23,13,40.69,-13.31,107.17,153.47,111.47,,True
2026-07-14,pre_dam,2026-10-03T03:16:01.225926+00:00,2025-06-24,2025-06-23,14,57.4,6.24,109.41,106.17,89.73,,True
2026-07-14,pre_dam,2026-10-03T03:16:01.225926+00:00,2025-06-24,2025-06-23,15,71.69,12.54,118.02,57.33,114.96,,True
2026-07-14,pre_dam,2026-10-03T03:16:01.225926+00:00,2025-06-24,2025-06-23,16,77.31,-9.19,130.03,149.81,70.31,,True
2026-07-14,pre_dam,2026-10-03T03:16:01.225926+00:00,2025-06-24,2025-06-23,17,55.85,5.03,115.55,164.96,146.03,,True
2026-07-14,pre_dam,2026-10-03T03:16:01.225926+00:00,2025-06-24,2025-06-23,18,75.97,11.48,132.68,149.95,79.23,,True
2026-07-14,pre_dam,2026-10-03T03:16:01.225926+00:00,2025-06-24,2025-06-23,19,82.18,37.02,152.48,141.02,198.7,,True
2026-07-14,pre_dam,2026-10-03T03:16:01.225926+00:00,2025-06-24,2025-06-23,20,97.96,41.06,158.33,129.15,178.11,,True
2026-07-14,pre_dam,2026-10-03T03:16:01.225926+00:00,2025-06-24,2025-06-23,21,65.14,22.18,143.73,19.99,150.54,,True
2026-07-14,pre_dam,2026-10-03T03:16:01.225926+00:00,2025-06-24,2025-06-23,22,20.57,-15.9,101.72,28.86,66.39,,True
2026-07-14,pre_dam,2026-10-03T03:16:01.225926+00:00,2025-06-24,2025-06-23,23,-2.84,-4.31,68.77,47.54,-106.56,,True
2026-07-14,pre_dam,2026-10-03T03:16:01.225926+00:00,2025-06-24,2025-06-23,24,-24.51,-42.26,41.11,46.24,-33.44,,True
2026-07-16,pre_dam,2026-10-03T03:17:51.279120+00:00,2026-07-15,2025-06-25,1,13.2,-13.54,32.33,16.36,57.61,,True
2026-07-16,pre_dam,2026-10-03T03:17:51.279120+00:00,2026-07-15,2025-06-25,2,8.55,-9.55,30.93,20.73,39.84,,True
2026-07-16,pre_dam,2026-10-03T03:17:51.279120+00:00,2026-07-15,2025-06-25,3,6.7,-12.6,29.47,11.23,11.02,,True
2026-07-16,pre_dam,2026-10-03T03:17:51.279120+00:00,2026-07-15,2025-06-25,4,4.19,-16.5,24.73,29.09,-7.38,,True
2026-07-16,pre_dam,2026-10-03T03:17:51.279120+00:00,2026-07-15,2025-06-25,5,6.58,-13.56,20.66,29.16,8.59,,True
2026-07-16,pre_dam,2026-10-03T03:17:51.279120+00:00,2026-07-15,2025-06-25,6,3.11,-14.17,19.52,24.71,21.88,,True
2026-07-16,pre_dam,2026-10-03T03:17:51.279120+00:00,2026-07-15,2025-06-25,7,7.59,-28.86,28.74,50.05,20.57,,True
2026-07-16,pre_dam,2026-10-03T03:17:51.279120+00:00,2026-07-15,2025-06-25,8,51.55,-9.22,76.83,66.34,53.2,,True
2026-07-16,pre_dam,2026-10-03T03:17:51.279120+00:00,2026-07-15,2025-06-25,9,57.78,-12.71,79.64,93.51,49.28,,True
2026-07-16,pre_dam,2026-10-03T03:17:51.279120+00:00,2026-07-15,2025-06-25,10,54.42,-14.9,78.68,120.07,53.31,,True
2026-07-16,pre_dam,2026-10-03T03:17:51.279120+00:00,2026-07-15,2025-06-25,11,55.27,-14.24,76.93,-48.73,50.8,,True
2026-07-16,pre_dam,2026-10-03T03:17:51.279120+00:00,2026-07-15,2025-06-25,12,59.16,0.85,87.9,94.97,60.54,,True
2026-07-16,pre_dam,2026-10-03T03:17:51.279120+00:00,2026-07-15,2025-06-25,13,94.8,13.33,96.94,92.91,41.12,,True
2026-07-16,pre_dam,2026-10-03T03:17:51.279120+00:00,2026-07-15,2025-06-25,14,91.32,11.29,95.67,133.13,78.27,,True
2026-07-16,pre_dam,2026-10-03T03:17:51.279120+00:00,2026-07-15,2025-06-25,15,92.85,12.07,99.67,115.99,34.12,,True
2026-07-16,pre_dam,2026-10-03T03:17:51.279120+00:00,2026-07-15,2025-06-25,16,93.84,14.04,102.62,121.36,32.19,,True
2026-07-16,pre_dam,2026-10-03T03:17:51.279120+00:00,2026-07-15,2025-06-25,17,100.32,21.74,107.61,127.98,125.89,,True
2026-07-16,pre_dam,2026-10-03T03:17:51.279120+00:00,2026-07-15,2025-06-25,18,87.66,2.53,97.45,127.34,201.42,,True
2026-07-16,pre_dam,2026-10-03T03:17:51.279120+00:00,2026-07-15,2025-06-25,19,92.71,4.45,104.9,154.96,169.72,,True
2026-07-16,pre_dam,2026-10-03T03:17:51.279120+00:00,2026-07-15,2025-06-25,20,88.62,-16.31,95.26,138.13,127.49,,True
2026-07-16,pre_dam,2026-10-03T03:17:51.279120+00:00,2026-07-15,2025-06-25,21,42.82,-14.78,71.86,82.93,35.58,,True
2026-07-16,pre_dam,2026-10-03T03:17:51.279120+00:00,2026-07-15,2025-06-25,22,25.0,-36.28,53.3,52.9,13.65,,True
2026-07-16,pre_dam,2026-10-03T03:17:51.279120+00:00,2026-07-15,2025-06-25,23,15.8,-39.2,37.81,52.93,2.82,,True
2026-07-16,pre_dam,2026-10-03T03:17:51.279120+00:00,2026-07-15,2025-06-25,24,3.68,-17.16,27.44,19.45,-3.47,,True
2026-07-18,pre_dam,2026-10-03T03:19:34.943645+00:00,2025-08-17,2025-06-28,1,6.95,-8.18,20.31,-2.02,-9.21,,True
2026-07-18,pre_dam,2026-10-03T03:19:34.943645+00:00,2025-08-17,2025-06-28,2,6.77,-8.28,20.05,2.89,-18.18,,True
2026-07-18,pre_dam,2026-10-03T03:19:34.943645+00:00,2025-08-17,2025-06-28,3,0.43,-11.74,15.87,7.71,-0.21,,True
2026-07-18,pre_dam,2026-10-03T03:19:34.943645+00:00,2025-08-17,2025-06-28,4,2.48,-7.77,16.36,5.54,-1.88,,True
2026-07-18,pre_dam,2026-10-03T03:19:34.943645+00:00,2025-08-17,2025-06-28,5,5.46,-5.35,17.58,5.6,-16.22,,True
2026-07-18,pre_dam,2026-10-03T03:19:34.943645+00:00,2025-08-17,2025-06-28,6,7.12,-2.75,22.19,7.25,-14.32,,True
2026-07-18,pre_dam,2026-10-03T03:19:34.943645+00:00,2025-08-17,2025-06-28,7,2.87,-13.44,19.63,3.27,-24.45,,True
2026-07-18,pre_dam,2026-10-03T03:19:34.943645+00:00,2025-08-17,2025-06-28,8,-12.75,-37.15,22.47,3.13,-25.1,,True
2026-07-18,pre_dam,2026-10-03T03:19:34.943645+00:00,2025-08-17,2025-06-28,9,-5.08,-33.12,21.36,-3.72,-4.5,,True
2026-07-18,pre_dam,2026-10-03T03:19:34.943645+00:00,2025-08-17,2025-06-28,10,-11.66,-31.15,23.48,-15.03,6.11,,True
2026-07-18,pre_dam,2026-10-03T03:19:34.943645+00:00,2025-08-17,2025-06-28,11,-13.79,-27.36,26.26,-37.3,12.43,,True
2026-07-18,pre_dam,2026-10-03T03:19:34.943645+00:00,2025-08-17,2025-06-28,12,-12.27,-22.07,26.53,-33.28,25.06,,True
2026-07-18,pre_dam,2026-10-03T03:19:34.943645+00:00,2025-08-17,2025-06-28,13,-10.82,-16.21,27.41,0.7,18.63,,True
2026-07-18,pre_dam,2026-10-03T03:19:34.943645+00:00,2025-08-17,2025-06-28,14,0.8,-21.93,28.97,37.86,7.55,,True
2026-07-18,pre_dam,2026-10-03T03:19:34.943645+00:00,2025-08-17,2025-06-28,15,1.67,-21.52,29.48,50.34,11.07,,True
2026-07-18,pre_dam,2026-10-03T03:19:34.943645+00:00,2025-08-17,2025-06-28,16,-8.83,-18.56,28.34,72.92,13.92,,True
2026-07-18,pre_dam,2026-10-03T03:19:34.943645+00:00,2025-08-17,2025-06-28,17,-20.52,-33.73,29.02,85.55,5.27,,True
2026-07-18,pre_dam,2026-10-03T03:19:34.943645+00:00,2025-08-17,2025-06-28,18,5.24,-25.15,26.0,59.72,0.1,,True
2026-07-18,pre_dam,2026-10-03T03:19:34.943645+00:00,2025-08-17,2025-06-28,19,13.03,-19.82,29.64,36.04,-23.38,,True
2026-07-18,pre_dam,2026-10-03T03:19:34.943645+00:00,2025-08-17,2025-06-28,20,11.33,-18.78,28.62,-4.41,43.97,,True
2026-07-18,pre_dam,2026-10-03T03:19:34.943645+00:00,2025-08-17,2025-06-28,21,-5.17,-24.0,27.49,24.72,19.85,,True
2026-07-18,pre_dam,2026-10-03T03:19:34.943645+00:00,2025-08-17,2025-06-28,22,0.0,-21.3,23.78,11.21,3.56,,True
2026-07-18,pre_dam,2026-10-03T03:19:34.943645+00:00,2025-08-17,2025-06-28,23,0.08,-14.75,26.44,9.96,9.68,,True
2026-07-18,pre_dam,2026-10-03T03:19:34.943645+00:00,2025-08-17,2025-06-28,24,0.73,-11.48,23.31,27.37,14.37,,True
2026-07-20,pre_dam,2026-10-03T03:21:27.173629+00:00,2025-07-03,2025-08-05,1,9.66,2.27,21.59,46.28,21.02,,True
2026-07-20,pre_dam,2026-10-03T03:21:27.173629+00:00,2025-07-03,2025-08-05,2,7.32,-2.56,26.48,14.74,13.98,,True
2026-07-20,pre_dam,2026-10-03T03:21:27.173629+00:00,2025-07-03,2025-08-05,3,7.35,-4.02,24.69,15.23,11.0,,True
2026-07-20,pre_dam,2026-10-03T03:21:27.173629+00:00,2025-07-03,2025-08-05,4,6.2,-4.67,24.04,16.12,9.7,,True
2026-07-20,pre_dam,2026-10-03T03:21:27.173629+00:00,2025-07-03,2025-08-05,5,8.88,-3.01,28.59,25.57,12.26,,True
2026-07-20,pre_dam,2026-10-03T03:21:27.173629+00:00,2025-07-03,2025-08-05,6,9.99,-2.32,27.85,8.44,6.29,,True
2026-07-20,pre_dam,2026-10-03T03:21:27.173629+00:00,2025-07-03,2025-08-05,7,7.98,-5.87,22.63,17.23,11.11,,True
2026-07-20,pre_dam,2026-10-03T03:21:27.173629+00:00,2025-07-03,2025-08-05,8,3.06,-9.48,17.36,8.77,5.57,,True
2026-07-20,pre_dam,2026-10-03T03:21:27.173629+00:00,2025-07-03,2025-08-05,9,0.55,-15.87,19.78,14.57,-14.72,,True
2026-07-20,pre_dam,2026-10-03T03:21:27.173629+00:00,2025-07-03,2025-08-05,10,-2.32,-23.36,16.26,6.61,-34.87,,True
2026-07-20,pre_dam,2026-10-03T03:21:27.173629+00:00,2025-07-03,2025-08-05,11,-0.62,-26.45,18.3,9.82,-30.4,,True
2026-07-20,pre_dam,2026-10-03T03:21:27.173629+00:00,2025-07-03,2025-08-05,12,-0.85,-25.79,18.57,15.84,-9.26,,True
2026-07-20,pre_dam,2026-10-03T03:21:27.173629+00:00,2025-07-03,2025-08-05,13,4.02,-24.25,20.96,8.44,-38.1,,True
2026-07-20,pre_dam,2026-10-03T03:21:27.173629+00:00,2025-07-03,2025-08-05,14,3.79,-21.79,20.48,43.59,9.33,,True
2026-07-20,pre_dam,2026-10-03T03:21:27.173629+00:00,2025-07-03,2025-08-05,15,7.29,-35.65,22.74,58.76,69.18,,True
2026-07-20,pre_dam,2026-10-03T03:21:27.173629+00:00,2025-07-03,2025-08-05,16,11.46,-12.96,27.22,53.23,60.96,,True
2026-07-20,pre_dam,2026-10-03T03:21:27.173629+00:00,2025-07-03,2025-08-05,17,19.51,-22.68,33.64,29.88,20.34,,True
2026-07-20,pre_dam,2026-10-03T03:21:27.173629+00:00,2025-07-03,2025-08-05,18,15.52,-22.48,38.23,37.44,-135.44,,True
2026-07-20,pre_dam,2026-10-03T03:21:27.173629+00:00,2025-07-03,2025-08-05,19,13.71,-19.04,42.1,47.78,17.11,,True
2026-07-20,pre_dam,2026-10-03T03:21:27.173629+00:00,2025-07-03,2025-08-05,20,6.17,-20.02,32.94,48.93,10.15,,True
2026-07-20,pre_dam,2026-10-03T03:21:27.173629+00:00,2025-07-03,2025-08-05,21,-4.95,-23.7,21.87,57.13,-56.88,,True
2026-07-20,pre_dam,2026-10-03T03:21:27.173629+00:00,2025-07-03,2025-08-05,22,1.12,-20.41,23.5,27.08,-36.78,,True
2026-07-20,pre_dam,2026-10-03T03:21:27.173629+00:00,2025-07-03,2025-08-05,23,2.39,-5.77,21.48,19.14,-15.34,,True
2026-07-20,pre_dam,2026-10-03T03:21:27.173629+00:00,2025-07-03,2025-08-05,24,3.91,3.91,19.45,29.21,3.4,,True
2026-07-21,pre_dam,2026-10-03T03:23:25.767199+00:00,2025-06-19,2026-05-19,1,11.62,-0.22,21.6,23.74,-69.34,,True
2026-07-21,pre_dam,2026-10-03T03:23:25.767199+00:00,2025-06-19,2026-05-19,2,4.6,-4.64,19.0,2.42,42.46,,True
2026-07-21,pre_dam,2026-10-03T03:23:25.767199+00:00,2025-06-19,2026-05-19,3,-1.25,-11.14,13.06,2.35,-192.56,,True
2026-07-21,pre_dam,2026-10-03T03:23:25.767199+00:00,2025-06-19,2026-05-19,4,-5.26,-12.07,12.76,15.69,78.37,,True
2026-07-21,pre_dam,2026-10-03T03:23:25.767199+00:00,2025-06-19,2026-05-19,5,0.55,-7.7,20.77,-0.97,91.39,,True
2026-07-21,pre_dam,2026-10-03T03:23:25.767199+00:00,2025-06-19,2026-05-19,6,0.55,-0.76,23.76,7.21,89.23,,True
2026-07-21,pre_dam,2026-10-03T03:23:25.767199+00:00,2025-06-19,2026-05-19,7,6.36,-7.04,24.84,4.92,-5.37,,True
2026-07-21,pre_dam,2026-10-03T03:23:25.767199+00:00,2025-06-19,2026-05-19,8,-3.45,-15.66,24.04,10.18,-6.65,,True
2026-07-21,pre_dam,2026-10-03T03:23:25.767199+00:00,2025-06-19,2026-05-19,9,-10.51,-18.96,21.69,10.59,-4.82,,True
2026-07-21,pre_dam,2026-10-03T03:23:25.767199+00:00,2025-06-19,2026-05-19,10,-12.54,-16.07,19.66,-24.5,-96.0,,True
2026-07-21,pre_dam,2026-10-03T03:23:25.767199+00:00,2025-06-19,2026-05-19,11,-15.86,-15.86,24.87,28.41,-45.85,,True
2026-07-21,pre_dam,2026-10-03T03:23:25.767199+00:00,2025-06-19,2026-05-19,12,-14.43,-15.07,22.69,67.0,-9.97,,True
2026-07-21,pre_dam,2026-10-03T03:23:25.767199+00:00,2025-06-19,2026-05-19,13,-14.48,-17.5,23.97,47.42,-8.48,,True
2026-07-21,pre_dam,2026-10-03T03:23:25.767199+00:00,2025-06-19,2026-05-19,14,-7.62,-14.16,28.62,54.66,-16.13,,True
2026-07-21,pre_dam,2026-10-03T03:23:25.767199+00:00,2025-06-19,2026-05-19,15,-13.38,-28.14,29.04,68.19,-40.54,,True
2026-07-21,pre_dam,2026-10-03T03:23:25.767199+00:00,2025-06-19,2026-05-19,16,-23.78,-36.8,31.99,61.93,-31.23,,True
2026-07-21,pre_dam,2026-10-03T03:23:25.767199+00:00,2025-06-19,2026-05-19,17,-31.62,-31.62,26.94,62.01,-61.23,,True
2026-07-21,pre_dam,2026-10-03T03:23:25.767199+00:00,2025-06-19,2026-05-19,18,-15.26,-27.94,34.17,67.88,-28.36,,True
2026-07-21,pre_dam,2026-10-03T03:23:25.767199+00:00,2025-06-19,2026-05-19,19,-25.3,-27.04,28.24,58.85,28.15,,True
2026-07-21,pre_dam,2026-10-03T03:23:25.767199+00:00,2025-06-19,2026-05-19,20,-10.18,-16.73,30.58,39.7,39.78,,True
2026-07-21,pre_dam,2026-10-03T03:23:25.767199+00:00,2025-06-19,2026-05-19,21,-11.94,-11.94,25.12,-7.93,43.82,,True
2026-07-21,pre_dam,2026-10-03T03:23:25.767199+00:00,2025-06-19,2026-05-19,22,0.61,-15.02,19.14,-13.46,45.82,,True
2026-07-21,pre_dam,2026-10-03T03:23:25.767199+00:00,2025-06-19,2026-05-19,23,-2.73,-9.84,20.36,3.99,47.99,,True
2026-07-21,pre_dam,2026-10-03T03:23:25.767199+00:00,2025-06-19,2026-05-19,24,4.25,0.85,19.95,-27.3,0.74,,True
2026-07-23,pre_dam,2026-10-03T03:25:14.712880+00:00,2025-09-18,2025-08-04,1,6.12,-4.97,17.71,18.46,23.66,,True
2026-07-23,pre_dam,2026-10-03T03:25:14.712880+00:00,2025-09-18,2025-08-04,2,4.52,-9.22,14.62,14.74,8.59,,True
2026-07-23,pre_dam,2026-10-03T03:25:14.712880+00:00,2025-09-18,2025-08-04,3,4.79,-9.31,15.15,13.87,4.79,,True
2026-07-23,pre_dam,2026-10-03T03:25:14.712880+00:00,2025-09-18,2025-08-04,4,4.51,-10.8,14.61,14.56,2.52,,True
2026-07-23,pre_dam,2026-10-03T03:25:14.712880+00:00,2025-09-18,2025-08-04,5,1.08,-9.03,19.13,9.79,4.68,,True
2026-07-23,pre_dam,2026-10-03T03:25:14.712880+00:00,2025-09-18,2025-08-04,6,1.32,-7.69,19.25,-3.98,-11.9,,True
2026-07-23,pre_dam,2026-10-03T03:25:14.712880+00:00,2025-09-18,2025-08-04,7,2.44,-7.27,24.26,3.37,-90.74,,True
2026-07-23,pre_dam,2026-10-03T03:25:14.712880+00:00,2025-09-18,2025-08-04,8,-4.76,-7.52,19.91,6.5,-19.86,,True
2026-07-23,pre_dam,2026-10-03T03:25:14.712880+00:00,2025-09-18,2025-08-04,9,-6.84,-6.84,14.99,3.51,-12.41,,True
2026-07-23,pre_dam,2026-10-03T03:25:14.712880+00:00,2025-09-18,2025-08-04,10,0.08,0.08,14.59,-10.99,9.73,,True
2026-07-23,pre_dam,2026-10-03T03:25:14.712880+00:00,2025-09-18,2025-08-04,11,-6.49,-6.49,14.63,-13.48,-5.84,,True
2026-07-23,pre_dam,2026-10-03T03:25:14.712880+00:00,2025-09-18,2025-08-04,12,-8.24,-8.24,15.25,-10.49,5.74,,True
2026-07-23,pre_dam,2026-10-03T03:25:14.712880+00:00,2025-09-18,2025-08-04,13,-22.31,-22.31,21.14,-48.13,-19.12,,True
2026-07-23,pre_dam,2026-10-03T03:25:14.712880+00:00,2025-09-18,2025-08-04,14,-26.87,-26.87,23.61,6.75,26.32,,True
2026-07-23,pre_dam,2026-10-03T03:25:14.712880+00:00,2025-09-18,2025-08-04,15,-5.45,-13.55,16.33,14.35,21.95,,True
2026-07-23,pre_dam,2026-10-03T03:25:14.712880+00:00,2025-09-18,2025-08-04,16,5.01,-15.15,17.43,-11.53,32.5,,True
2026-07-23,pre_dam,2026-10-03T03:25:14.712880+00:00,2025-09-18,2025-08-04,17,1.87,-24.18,18.12,54.86,22.78,,True
2026-07-23,pre_dam,2026-10-03T03:25:14.712880+00:00,2025-09-18,2025-08-04,18,7.06,-17.61,18.54,60.86,59.88,,True
2026-07-23,pre_dam,2026-10-03T03:25:14.712880+00:00,2025-09-18,2025-08-04,19,5.9,-26.05,20.31,30.72,74.79,,True
2026-07-23,pre_dam,2026-10-03T03:25:14.712880+00:00,2025-09-18,2025-08-04,20,9.9,-15.83,20.0,60.03,86.57,,True
2026-07-23,pre_dam,2026-10-03T03:25:14.712880+00:00,2025-09-18,2025-08-04,21,-0.37,-19.17,14.67,29.59,40.09,,True
2026-07-23,pre_dam,2026-10-03T03:25:14.712880+00:00,2025-09-18,2025-08-04,22,0.44,-16.13,11.44,7.03,23.4,,True
2026-07-23,pre_dam,2026-10-03T03:25:14.712880+00:00,2025-09-18,2025-08-04,23,6.01,-1.62,15.42,7.38,4.3,,True
2026-07-23,pre_dam,2026-10-03T03:25:14.712880+00:00,2025-09-18,2025-08-04,24,9.25,-0.48,18.78,7.59,8.33,,True
2026-07-25,pre_dam,2026-10-03T03:07:14.275167+00:00,2026-07-12,2026-07-05,1,9.62,-2.45,19.92,4.03,-5.81,,True
2026-07-25,pre_dam,2026-10-03T03:07:14.275167+00:00,2026-07-12,2026-07-05,2,7.68,-4.4,19.74,5.27,14.2,,True
2026-07-25,pre_dam,2026-10-03T03:07:14.275167+00:00,2026-07-12,2026-07-05,3,5.99,-9.1,16.95,2.85,-0.03,,True
2026-07-25,pre_dam,2026-10-03T03:07:14.275167+00:00,2026-07-12,2026-07-05,4,4.42,-10.52,16.33,10.53,-4.92,,True
2026-07-25,pre_dam,2026-10-03T03:07:14.275167+00:00,2026-07-12,2026-07-05,5,4.29,-10.26,16.23,6.94,-3.97,,True
2026-07-25,pre_dam,2026-10-03T03:07:14.275167+00:00,2026-07-12,2026-07-05,6,4.64,-10.47,14.68,10.49,8.26,,True
2026-07-25,pre_dam,2026-10-03T03:07:14.275167+00:00,2026-07-12,2026-07-05,7,7.52,-4.54,18.94,16.43,4.21,,True
2026-07-25,pre_dam,2026-10-03T03:07:14.275167+00:00,2026-07-12,2026-07-05,8,6.39,-2.75,16.31,3.88,0.84,,True
2026-07-25,pre_dam,2026-10-03T03:07:14.275167+00:00,2026-07-12,2026-07-05,9,1.38,-4.58,14.83,2.19,4.46,,True
2026-07-25,pre_dam,2026-10-03T03:07:14.275167+00:00,2026-07-12,2026-07-05,10,1.04,-4.7,16.55,3.3,-0.02,,True
2026-07-25,pre_dam,2026-10-03T03:07:14.275167+00:00,2026-07-12,2026-07-05,11,3.7,-1.24,16.8,5.87,-43.9,,True
2026-07-25,pre_dam,2026-10-03T03:07:14.275167+00:00,2026-07-12,2026-07-05,12,0.55,-16.21,19.89,-15.79,-67.19,,True
2026-07-25,pre_dam,2026-10-03T03:07:14.275167+00:00,2026-07-12,2026-07-05,13,0.02,-12.09,22.34,-22.26,-29.9,,True
2026-07-25,pre_dam,2026-10-03T03:07:14.275167+00:00,2026-07-12,2026-07-05,14,0.53,-12.58,25.13,-26.97,-20.04,,True
2026-07-25,pre_dam,2026-10-03T03:07:14.275167+00:00,2026-07-12,2026-07-05,15,-2.14,-24.98,26.56,1.19,-6.1,,True
2026-07-25,pre_dam,2026-10-03T03:07:14.275167+00:00,2026-07-12,2026-07-05,16,-0.19,-28.55,25.65,14.15,5.8,,True
2026-07-25,pre_dam,2026-10-03T03:07:14.275167+00:00,2026-07-12,2026-07-05,17,4.62,-26.05,30.72,-8.06,22.19,,True
2026-07-25,pre_dam,2026-10-03T03:07:14.275167+00:00,2026-07-12,2026-07-05,18,8.83,-13.56,32.32,-15.07,38.71,,True
2026-07-25,pre_dam,2026-10-03T03:07:14.275167+00:00,2026-07-12,2026-07-05,19,8.09,-11.8,30.79,-57.66,41.53,,True
2026-07-25,pre_dam,2026-10-03T03:07:14.275167+00:00,2026-07-12,2026-07-05,20,11.67,-11.68,28.06,-89.51,34.74,,True
2026-07-25,pre_dam,2026-10-03T03:07:14.275167+00:00,2026-07-12,2026-07-05,21,4.5,-15.22,23.15,32.51,13.61,,True
2026-07-25,pre_dam,2026-10-03T03:07:14.275167+00:00,2026-07-12,2026-07-05,22,6.58,-15.78,18.45,-16.11,8.71,,True
2026-07-25,pre_dam,2026-10-03T03:07:14.275167+00:00,2026-07-12,2026-07-05,23,5.74,-10.75,16.95,20.93,11.26,,True
2026-07-25,pre_dam,2026-10-03T03:07:14.275167+00:00,2026-07-12,2026-07-05,24,6.46,-5.55,18.11,13.37,11.91,,True
2026-07-26,pre_dam,2026-10-03T03:09:28.180285+00:00,2025-07-20,2026-07-12,1,9.07,-0.87,22.02,8.69,4.03,,True
2026-07-26,pre_dam,2026-10-03T03:09:28.180285+00:00,2025-07-20,2026-07-12,2,8.49,-1.56,22.82,2.28,5.27,,True
2026-07-26,pre_dam,2026-10-03T03:09:28.180285+00:00,2025-07-20,2026-07-12,3,4.35,-5.0,18.08,2.98,2.85,,True
2026-07-26,pre_dam,2026-10-03T03:09:28.180285+00:00,2025-07-20,2026-07-12,4,5.3,-5.21,21.25,0.58,10.53,,True
2026-07-26,pre_dam,2026-10-03T03:09:28.180285+00:00,2025-07-20,2026-07-12,5,4.43,-7.36,19.97,0.66,6.94,,True
2026-07-26,pre_dam,2026-10-03T03:09:28.180285+00:00,2025-07-20,2026-07-12,6,13.16,-0.13,22.7,5.57,10.49,,True
2026-07-26,pre_dam,2026-10-03T03:09:28.180285+00:00,2025-07-20,2026-07-12,7,5.27,-9.52,24.31,-0.27,16.43,,True
2026-07-26,pre_dam,2026-10-03T03:09:28.180285+00:00,2025-07-20,2026-07-12,8,0.9,-11.09,18.34,-11.8,3.88,,True
2026-07-26,pre_dam,2026-10-03T03:09:28.180285+00:00,2025-07-20,2026-07-12,9,1.95,-11.46,14.61,-72.07,2.19,,True
2026-07-26,pre_dam,2026-10-03T03:09:28.180285+00:00,2025-07-20,2026-07-12,10,1.32,-19.21,19.29,-11.49,3.3,,True
2026-07-26,pre_dam,2026-10-03T03:09:28.180285+00:00,2025-07-20,2026-07-12,11,0.19,-16.02,18.83,-36.75,5.87,,True
2026-07-26,pre_dam,2026-10-03T03:09:28.180285+00:00,2025-07-20,2026-07-12,12,-2.49,-18.58,20.19,1.93,-15.79,,True
2026-07-26,pre_dam,2026-10-03T03:09:28.180285+00:00,2025-07-20,2026-07-12,13,-0.8,-19.8,21.66,-42.76,-22.26,,True
2026-07-26,pre_dam,2026-10-03T03:09:28.180285+00:00,2025-07-20,2026-07-12,14,5.19,-14.96,23.78,0.73,-26.97,,True
2026-07-26,pre_dam,2026-10-03T03:09:28.180285+00:00,2025-07-20,2026-07-12,15,0.1,-12.9,22.51,14.89,1.19,,True
2026-07-26,pre_dam,2026-10-03T03:09:28.180285+00:00,2025-07-20,2026-07-12,16,12.91,-14.79,28.44,-2.56,14.15,,True
2026-07-26,pre_dam,2026-10-03T03:09:28.180285+00:00,2025-07-20,2026-07-12,17,16.07,-26.19,40.0,13.43,-8.06,,True
2026-07-26,pre_dam,2026-10-03T03:09:28.180285+00:00,2025-07-20,2026-07-12,18,6.21,-31.98,41.62,56.58,-15.07,,True
2026-07-26,pre_dam,2026-10-03T03:09:28.180285+00:00,2025-07-20,2026-07-12,19,7.35,-35.8,38.33,22.92,-57.66,,True
2026-07-26,pre_dam,2026-10-03T03:09:28.180285+00:00,2025-07-20,2026-07-12,20,10.47,-34.31,34.49,-1.78,-89.51,,True
2026-07-26,pre_dam,2026-10-03T03:09:28.180285+00:00,2025-07-20,2026-07-12,21,6.99,-26.03,29.77,-0.65,32.51,,True
2026-07-26,pre_dam,2026-10-03T03:09:28.180285+00:00,2025-07-20,2026-07-12,22,0.04,-20.98,23.7,-13.52,-16.11,,True
2026-07-26,pre_dam,2026-10-03T03:09:28.180285+00:00,2025-07-20,2026-07-12,23,0.14,-17.88,21.26,11.76,20.93,,True
2026-07-26,pre_dam,2026-10-03T03:09:28.180285+00:00,2025-07-20,2026-07-12,24,5.02,-15.02,24.25,14.92,13.37,,True
2026-07-27,pre_dam,2026-10-03T03:11:58.651241+00:00,2025-06-18,2025-08-07,1,9.39,-8.19,28.45,6.94,26.47,,True
2026-07-27,pre_dam,2026-10-03T03:11:58.651241+00:00,2025-06-18,2025-08-07,2,11.6,-0.98,22.99,10.05,19.82,,True
2026-07-27,pre_dam,2026-10-03T03:11:58.651241+00:00,2025-06-18,2025-08-07,3,11.78,-0.21,20.53,7.39,26.92,,True
2026-07-27,pre_dam,2026-10-03T03:11:58.651241+00:00,2025-06-18,2025-08-07,4,11.45,-2.55,20.6,3.83,10.18,,True
2026-07-27,pre_dam,2026-10-03T03:11:58.651241+00:00,2025-06-18,2025-08-07,5,10.58,-1.68,20.0,-1.34,16.14,,True
2026-07-27,pre_dam,2026-10-03T03:11:58.651241+00:00,2025-06-18,2025-08-07,6,11.3,2.63,19.41,6.37,9.31,,True
2026-07-27,pre_dam,2026-10-03T03:11:58.651241+00:00,2025-06-18,2025-08-07,7,6.83,-11.59,20.81,-7.2,1.45,,True
2026-07-27,pre_dam,2026-10-03T03:11:58.651241+00:00,2025-06-18,2025-08-07,8,4.58,-8.56,25.68,-4.89,-11.95,,True
2026-07-27,pre_dam,2026-10-03T03:11:58.651241+00:00,2025-06-18,2025-08-07,9,2.8,-16.1,26.62,-7.08,2.31,,True
2026-07-27,pre_dam,2026-10-03T03:11:58.651241+00:00,2025-06-18,2025-08-07,10,3.45,-28.17,27.18,-88.9,-16.05,,True
2026-07-27,pre_dam,2026-10-03T03:11:58.651241+00:00,2025-06-18,2025-08-07,11,14.94,-20.2,34.19,-142.65,5.72,,True
2026-07-27,pre_dam,2026-10-03T03:11:58.651241+00:00,2025-06-18,2025-08-07,12,9.32,-22.99,33.0,15.74,2.83,,True
2026-07-27,pre_dam,2026-10-03T03:11:58.651241+00:00,2025-06-18,2025-08-07,13,7.31,-19.62,38.19,45.33,0.27,,True
2026-07-27,pre_dam,2026-10-03T03:11:58.651241+00:00,2025-06-18,2025-08-07,14,14.62,-27.8,45.76,50.72,22.47,,True
2026-07-27,pre_dam,2026-10-03T03:11:58.651241+00:00,2025-06-18,2025-08-07,15,15.13,-21.64,47.11,49.98,51.47,,True
2026-07-27,pre_dam,2026-10-03T03:11:58.651241+00:00,2025-06-18,2025-08-07,16,22.3,-19.59,46.28,75.2,69.96,,True
2026-07-27,pre_dam,2026-10-03T03:11:58.651241+00:00,2025-06-18,2025-08-07,17,24.12,-13.68,56.83,57.35,83.8,,True
2026-07-27,pre_dam,2026-10-03T03:11:58.651241+00:00,2025-06-18,2025-08-07,18,28.81,-7.79,62.36,98.66,64.11,,True
2026-07-27,pre_dam,2026-10-03T03:11:58.651241+00:00,2025-06-18,2025-08-07,19,37.09,2.15,70.38,58.02,15.6,,True
2026-07-27,pre_dam,2026-10-03T03:11:58.651241+00:00,2025-06-18,2025-08-07,20,27.55,-16.32,57.65,37.09,-2.01,,True
2026-07-27,pre_dam,2026-10-03T03:11:58.651241+00:00,2025-06-18,2025-08-07,21,18.51,-8.34,54.12,-47.6,10.15,,True
2026-07-27,pre_dam,2026-10-03T03:11:58.651241+00:00,2025-06-18,2025-08-07,22,9.54,-36.22,25.1,3.26,-39.0,,True
2026-07-27,pre_dam,2026-10-03T03:11:58.651241+00:00,2025-06-18,2025-08-07,23,7.1,-10.1,32.52,3.32,-40.43,,True
2026-07-27,pre_dam,2026-10-03T03:11:58.651241+00:00,2025-06-18,2025-08-07,24,5.72,-11.59,29.27,20.6,-190.94,,True
2026-07-30,pre_dam,2026-10-03T03:13:46.033806+00:00,2026-07-27,2026-06-10,1,7.47,-0.47,20.39,-28.19,-1.13,,True
2026-07-30,pre_dam,2026-10-03T03:13:46.033806+00:00,2026-07-27,2026-06-10,2,8.47,-0.86,19.82,-97.6,23.5,,True
2026-07-30,pre_dam,2026-10-03T03:13:46.033806+00:00,2026-07-27,2026-06-10,3,6.93,-9.88,16.26,-4.12,22.29,,True
2026-07-30,pre_dam,2026-10-03T03:13:46.033806+00:00,2026-07-27,2026-06-10,4,8.4,-0.83,19.26,-91.51,8.82,,True
2026-07-30,pre_dam,2026-10-03T03:13:46.033806+00:00,2026-07-27,2026-06-10,5,6.84,-1.9,18.31,39.46,10.28,,True
2026-07-30,pre_dam,2026-10-03T03:13:46.033806+00:00,2026-07-27,2026-06-10,6,6.57,0.42,17.04,-7.22,-9.46,,True
2026-07-30,pre_dam,2026-10-03T03:13:46.033806+00:00,2026-07-27,2026-06-10,7,-7.36,-11.26,20.24,12.4,-6.45,,True
2026-07-30,pre_dam,2026-10-03T03:13:46.033806+00:00,2026-07-27,2026-06-10,8,-14.81,-14.81,15.41,-19.17,9.22,,True
2026-07-30,pre_dam,2026-10-03T03:13:46.033806+00:00,2026-07-27,2026-06-10,9,-0.95,-17.23,12.37,1.59,12.53,,True
2026-07-30,pre_dam,2026-10-03T03:13:46.033806+00:00,2026-07-27,2026-06-10,10,-18.17,-21.51,12.56,-65.12,11.41,,True
2026-07-30,pre_dam,2026-10-03T03:13:46.033806+00:00,2026-07-27,2026-06-10,11,-21.9,-37.19,11.3,-32.49,12.92,,True
2026-07-30,pre_dam,2026-10-03T03:13:46.033806+00:00,2026-07-27,2026-06-10,12,-29.39,-43.36,16.46,-19.66,18.12,,True
2026-07-30,pre_dam,2026-10-03T03:13:46.033806+00:00,2026-07-27,2026-06-10,13,-10.57,-42.45,12.93,-9.17,11.34,,True
2026-07-30,pre_dam,2026-10-03T03:13:46.033806+00:00,2026-07-27,2026-06-10,14,-25.9,-32.41,20.0,37.55,-13.32,,True
2026-07-30,pre_dam,2026-10-03T03:13:46.033806+00:00,2026-07-27,2026-06-10,15,-26.47,-41.69,22.4,32.87,-27.85,,True
2026-07-30,pre_dam,2026-10-03T03:13:46.033806+00:00,2026-07-27,2026-06-10,16,-32.37,-40.33,13.58,-7.13,13.05,,True
2026-07-30,pre_dam,2026-10-03T03:13:46.033806+00:00,2026-07-27,2026-06-10,17,-41.51,-41.51,18.07,-308.07,-63.17,,True
2026-07-30,pre_dam,2026-10-03T03:13:46.033806+00:00,2026-07-27,2026-06-10,18,-40.58,-40.58,15.18,-704.32,-99.86,,True
2026-07-30,pre_dam,2026-10-03T03:13:46.033806+00:00,2026-07-27,2026-06-10,19,-41.36,-41.36,21.29,-383.65,-105.22,,True
2026-07-30,pre_dam,2026-10-03T03:13:46.033806+00:00,2026-07-27,2026-06-10,20,-4.84,-21.98,13.93,-174.7,-21.45,,True
2026-07-30,pre_dam,2026-10-03T03:13:46.033806+00:00,2026-07-27,2026-06-10,21,-0.22,-16.9,17.51,-18.46,-7.95,,True
2026-07-30,pre_dam,2026-10-03T03:13:46.033806+00:00,2026-07-27,2026-06-10,22,-0.36,-8.62,16.53,-52.84,-14.57,,True
2026-07-30,pre_dam,2026-10-03T03:13:46.033806+00:00,2026-07-27,2026-06-10,23,-19.84,-20.69,14.09,-75.93,6.52,,True
2026-07-30,pre_dam,2026-10-03T03:13:46.033806+00:00,2026-07-27,2026-06-10,24,-12.55,-12.55,17.56,-8.87,19.44,,True
2026-07-31,pre_dam,2026-10-03T03:15:33.221208+00:00,2026-07-07,2026-07-10,1,4.8,-13.98,21.73,66.86,-24.67,,True
2026-07-31,pre_dam,2026-10-03T03:15:33.221208+00:00,2026-07-07,2026-07-10,2,4.2,-11.94,23.33,25.76,-6.23,,True
2026-07-31,pre_dam,2026-10-03T03:15:33.221208+00:00,2026-07-07,2026-07-10,3,4.46,-11.34,27.47,12.31,-0.38,,True
2026-07-31,pre_dam,2026-10-03T03:15:33.221208+00:00,2026-07-07,2026-07-10,4,4.14,-12.26,25.1,-3.47,3.26,,True
2026-07-31,pre_dam,2026-10-03T03:15:33.221208+00:00,2026-07-07,2026-07-10,5,5.2,-10.35,28.22,-4.72,6.62,,True
2026-07-31,pre_dam,2026-10-03T03:15:33.221208+00:00,2026-07-07,2026-07-10,6,5.06,-9.92,23.1,7.1,14.16,,True
2026-07-31,pre_dam,2026-10-03T03:15:33.221208+00:00,2026-07-07,2026-07-10,7,1.4,-10.08,18.51,-5.55,19.56,,True
2026-07-31,pre_dam,2026-10-03T03:15:33.221208+00:00,2026-07-07,2026-07-10,8,-9.75,-16.25,18.2,17.49,22.77,,True
2026-07-31,pre_dam,2026-10-03T03:15:33.221208+00:00,2026-07-07,2026-07-10,9,-1.86,-21.73,15.85,17.92,34.22,,True
2026-07-31,pre_dam,2026-10-03T03:15:33.221208+00:00,2026-07-07,2026-07-10,10,-0.99,-26.35,13.54,4.12,35.96,,True
2026-07-31,pre_dam,2026-10-03T03:15:33.221208+00:00,2026-07-07,2026-07-10,11,-6.55,-31.4,13.43,20.88,31.93,,True
2026-07-31,pre_dam,2026-10-03T03:15:33.221208+00:00,2026-07-07,2026-07-10,12,-3.9,-27.34,20.25,41.41,37.52,,True
2026-07-31,pre_dam,2026-10-03T03:15:33.221208+00:00,2026-07-07,2026-07-10,13,0.77,-28.04,27.88,30.97,-36.85,,True
2026-07-31,pre_dam,2026-10-03T03:15:33.221208+00:00,2026-07-07,2026-07-10,14,-15.78,-25.54,27.71,8.78,-4.89,,True
2026-07-31,pre_dam,2026-10-03T03:15:33.221208+00:00,2026-07-07,2026-07-10,15,-3.93,-22.41,25.28,19.67,5.86,,True
2026-07-31,pre_dam,2026-10-03T03:15:33.221208+00:00,2026-07-07,2026-07-10,16,-15.3,-27.89,34.7,22.09,-1.85,,True
2026-07-31,pre_dam,2026-10-03T03:15:33.221208+00:00,2026-07-07,2026-07-10,17,-8.22,-28.03,36.86,17.26,29.88,,True
2026-07-31,pre_dam,2026-10-03T03:15:33.221208+00:00,2026-07-07,2026-07-10,18,-32.64,-46.85,40.49,0.44,52.44,,True
2026-07-31,pre_dam,2026-10-03T03:15:33.221208+00:00,2026-07-07,2026-07-10,19,-28.76,-38.73,45.72,32.05,55.92,,True
2026-07-31,pre_dam,2026-10-03T03:15:33.221208+00:00,2026-07-07,2026-07-10,20,-15.83,-45.27,39.15,-11.08,55.32,,True
2026-07-31,pre_dam,2026-10-03T03:15:33.221208+00:00,2026-07-07,2026-07-10,21,-17.66,-49.7,29.75,12.91,30.01,,True
2026-07-31,pre_dam,2026-10-03T03:15:33.221208+00:00,2026-07-07,2026-07-10,22,-20.47,-37.82,16.53,-22.54,1.19,,True
2026-07-31,pre_dam,2026-10-03T03:15:33.221208+00:00,2026-07-07,2026-07-10,23,-7.94,-31.34,14.51,-8.56,-45.8,,True
2026-07-31,pre_dam,2026-10-03T03:15:33.221208+00:00,2026-07-07,2026-07-10,24,-6.73,-21.26,18.02,4.44,-14.7,,True
2026-08-01,pre_dam,2026-10-03T03:17:25.393816+00:00,2026-07-26,2025-07-05,1,-0.12,-22.83,18.96,-2.87,23.42,,True
2026-08-01,pre_dam,2026-10-03T03:17:25.393816+00:00,2026-07-26,2025-07-05,2,3.63,-11.9,15.56,3.7,-135.21,,True
2026-08-01,pre_dam,2026-10-03T03:17:25.393816+00:00,2026-07-26,2025-07-05,3,4.57,-11.71,18.62,1.22,26.94,,True
2026-08-01,pre_dam,2026-10-03T03:17:25.393816+00:00,2026-07-26,2025-07-05,4,5.3,-12.47,18.38,-8.32,18.2,,True
2026-08-01,pre_dam,2026-10-03T03:17:25.393816+00:00,2026-07-26,2025-07-05,5,4.89,-12.88,18.41,-11.31,23.3,,True
2026-08-01,pre_dam,2026-10-03T03:17:25.393816+00:00,2026-07-26,2025-07-05,6,4.35,-15.04,17.62,14.18,66.29,,True
2026-08-01,pre_dam,2026-10-03T03:17:25.393816+00:00,2026-07-26,2025-07-05,7,2.86,-12.47,17.42,-6.73,75.71,,True
2026-08-01,pre_dam,2026-10-03T03:17:25.393816+00:00,2026-07-26,2025-07-05,8,0.43,-16.64,16.74,-0.53,47.02,,True
2026-08-01,pre_dam,2026-10-03T03:17:25.393816+00:00,2026-07-26,2025-07-05,9,1.09,-20.69,14.04,12.12,23.15,,True
2026-08-01,pre_dam,2026-10-03T03:17:25.393816+00:00,2026-07-26,2025-07-05,10,-8.37,-42.44,10.5,5.24,14.55,,True
2026-08-01,pre_dam,2026-10-03T03:17:25.393816+00:00,2026-07-26,2025-07-05,11,-9.21,-45.37,6.83,-21.36,-11.73,,True
2026-08-01,pre_dam,2026-10-03T03:17:25.393816+00:00,2026-07-26,2025-07-05,12,-7.49,-42.03,15.06,-30.84,-42.67,,True
2026-08-01,pre_dam,2026-10-03T03:17:25.393816+00:00,2026-07-26,2025-07-05,13,-9.69,-43.26,19.63,-11.63,3.13,,True
2026-08-01,pre_dam,2026-10-03T03:17:25.393816+00:00,2026-07-26,2025-07-05,14,-9.51,-32.55,24.46,-25.73,19.38,,True
2026-08-01,pre_dam,2026-10-03T03:17:25.393816+00:00,2026-07-26,2025-07-05,15,-12.76,-32.08,23.11,-16.3,34.44,,True
2026-08-01,pre_dam,2026-10-03T03:17:25.393816+00:00,2026-07-26,2025-07-05,16,1.64,-36.15,37.11,-13.75,41.46,,True
2026-08-01,pre_dam,2026-10-03T03:17:25.393816+00:00,2026-07-26,2025-07-05,17,-30.95,-43.1,38.7,7.3,54.99,,True
2026-08-01,pre_dam,2026-10-03T03:17:25.393816+00:00,2026-07-26,2025-07-05,18,-16.5,-41.18,44.76,7.8,-7.48,,True
2026-08-01,pre_dam,2026-10-03T03:17:25.393816+00:00,2026-07-26,2025-07-05,19,-9.92,-44.21,43.77,-3.27,31.42,,True
2026-08-01,pre_dam,2026-10-03T03:17:25.393816+00:00,2026-07-26,2025-07-05,20,-10.49,-43.57,30.27,-7.27,27.64,,True
2026-08-01,pre_dam,2026-10-03T03:17:25.393816+00:00,2026-07-26,2025-07-05,21,1.02,-41.55,28.99,-7.34,-24.26,,True
2026-08-01,pre_dam,2026-10-03T03:17:25.393816+00:00,2026-07-26,2025-07-05,22,3.09,-22.69,22.46,-36.44,2.59,,True
2026-08-01,pre_dam,2026-10-03T03:17:25.393816+00:00,2026-07-26,2025-07-05,23,3.7,-14.06,18.06,-64.11,7.53,,True
2026-08-01,pre_dam,2026-10-03T03:17:25.393816+00:00,2026-07-26,2025-07-05,24,3.1,-11.03,20.2,-94.53,20.1,,True
2026-08-02,pre_dam,2026-10-03T03:19:04.169786+00:00,2026-06-14,2026-07-18,1,5.44,-7.16,21.75,9.62,10.39,,True
2026-08-02,pre_dam,2026-10-03T03:19:04.169786+00:00,2026-06-14,2026-07-18,2,6.46,-8.33,22.78,4.25,15.46,,True
2026-08-02,pre_dam,2026-10-03T03:19:04.169786+00:00,2026-06-14,2026-07-18,3,5.71,-6.15,23.47,5.38,16.88,,True
2026-08-02,pre_dam,2026-10-03T03:19:04.169786+00:00,2026-06-14,2026-07-18,4,3.04,-8.41,19.77,6.64,9.0,,True
2026-08-02,pre_dam,2026-10-03T03:19:04.169786+00:00,2026-06-14,2026-07-18,5,2.05,-9.91,19.86,12.57,1.89,,True
2026-08-02,pre_dam,2026-10-03T03:19:04.169786+00:00,2026-06-14,2026-07-18,6,1.38,-9.08,19.26,6.27,2.21,,True
2026-08-02,pre_dam,2026-10-03T03:19:04.169786+00:00,2026-06-14,2026-07-18,7,2.82,-9.14,22.3,20.6,9.95,,True
2026-08-02,pre_dam,2026-10-03T03:19:04.169786+00:00,2026-06-14,2026-07-18,8,1.87,-11.74,21.94,24.28,-5.04,,True
2026-08-02,pre_dam,2026-10-03T03:19:04.169786+00:00,2026-06-14,2026-07-18,9,0.23,-14.64,20.48,22.91,-9.45,,True
2026-08-02,pre_dam,2026-10-03T03:19:04.169786+00:00,2026-06-14,2026-07-18,10,-4.57,-38.51,25.54,17.42,-0.76,,True
2026-08-02,pre_dam,2026-10-03T03:19:04.169786+00:00,2026-06-14,2026-07-18,11,-0.84,-27.37,27.32,0.13,9.89,,True
2026-08-02,pre_dam,2026-10-03T03:19:04.169786+00:00,2026-06-14,2026-07-18,12,-4.73,-37.33,28.8,22.85,20.49,,True
2026-08-02,pre_dam,2026-10-03T03:19:04.169786+00:00,2026-06-14,2026-07-18,13,-5.8,-37.64,26.18,15.98,9.35,,True
2026-08-02,pre_dam,2026-10-03T03:19:04.169786+00:00,2026-06-14,2026-07-18,14,-4.98,-33.62,26.84,16.21,1.28,,True
2026-08-02,pre_dam,2026-10-03T03:19:04.169786+00:00,2026-06-14,2026-07-18,15,-1.79,-33.0,28.89,13.4,-2.98,,True
2026-08-02,pre_dam,2026-10-03T03:19:04.169786+00:00,2026-06-14,2026-07-18,16,-1.61,-28.87,28.01,2.54,7.05,,True
2026-08-02,pre_dam,2026-10-03T03:19:04.169786+00:00,2026-06-14,2026-07-18,17,-7.9,-40.65,28.22,-4.9,9.18,,True
2026-08-02,pre_dam,2026-10-03T03:19:04.169786+00:00,2026-06-14,2026-07-18,18,-0.9,-22.91,31.17,15.33,-23.12,,True
2026-08-02,pre_dam,2026-10-03T03:19:04.169786+00:00,2026-06-14,2026-07-18,19,-0.81,-22.72,29.55,3.76,-39.15,,True
2026-08-02,pre_dam,2026-10-03T03:19:04.169786+00:00,2026-06-14,2026-07-18,20,0.82,-16.24,30.57,19.38,-28.58,,True
2026-08-02,pre_dam,2026-10-03T03:19:04.169786+00:00,2026-06-14,2026-07-18,21,1.85,-8.92,23.06,16.94,2.75,,True
2026-08-02,pre_dam,2026-10-03T03:19:04.169786+00:00,2026-06-14,2026-07-18,22,-1.97,-20.68,26.16,0.22,4.23,,True
2026-08-02,pre_dam,2026-10-03T03:19:04.169786+00:00,2026-06-14,2026-07-18,23,3.34,-16.37,21.77,14.83,5.44,,True
2026-08-02,pre_dam,2026-10-03T03:19:04.169786+00:00,2026-06-14,2026-07-18,24,1.96,-10.6,21.76,15.7,11.42,,True
2026-08-03,pre_dam,2026-10-03T03:20:56.565033+00:00,2025-06-17,2025-06-27,1,10.48,-8.04,16.73,5.22,31.12,,True
2026-08-03,pre_dam,2026-10-03T03:20:56.565033+00:00,2025-06-17,2025-06-27,2,12.55,-5.55,18.94,0.93,28.15,,True
2026-08-03,pre_dam,2026-10-03T03:20:56.565033+00:00,2025-06-17,2025-06-27,3,11.02,-8.35,18.04,7.07,22.54,,True
2026-08-03,pre_dam,2026-10-03T03:20:56.565033+00:00,2025-06-17,2025-06-27,4,9.46,-9.03,17.67,10.01,20.52,,True
2026-08-03,pre_dam,2026-10-03T03:20:56.565033+00:00,2025-06-17,2025-06-27,5,10.89,-9.28,16.58,13.55,11.14,,True
2026-08-03,pre_dam,2026-10-03T03:20:56.565033+00:00,2025-06-17,2025-06-27,6,8.66,-9.79,15.93,22.69,25.67,,True
2026-08-03,pre_dam,2026-10-03T03:20:56.565033+00:00,2025-06-17,2025-06-27,7,9.9,-8.91,20.77,11.78,23.07,,True
2026-08-03,pre_dam,2026-10-03T03:20:56.565033+00:00,2025-06-17,2025-06-27,8,3.83,-13.74,17.16,21.04,22.18,,True
2026-08-03,pre_dam,2026-10-03T03:20:56.565033+00:00,2025-06-17,2025-06-27,9,1.04,-13.75,21.45,25.9,15.47,,True
2026-08-03,pre_dam,2026-10-03T03:20:56.565033+00:00,2025-06-17,2025-06-27,10,3.79,-12.34,19.26,24.94,23.0,,True
2026-08-03,pre_dam,2026-10-03T03:20:56.565033+00:00,2025-06-17,2025-06-27,11,5.44,-13.01,17.23,16.68,10.15,,True
2026-08-03,pre_dam,2026-10-03T03:20:56.565033+00:00,2025-06-17,2025-06-27,12,3.04,-21.07,19.12,26.03,-0.47,,True
2026-08-03,pre_dam,2026-10-03T03:20:56.565033+00:00,2025-06-17,2025-06-27,13,-1.34,-23.1,21.51,30.83,12.56,,True
2026-08-03,pre_dam,2026-10-03T03:20:56.565033+00:00,2025-06-17,2025-06-27,14,0.35,-22.28,18.33,11.01,20.41,,True
2026-08-03,pre_dam,2026-10-03T03:20:56.565033+00:00,2025-06-17,2025-06-27,15,1.95,-23.14,17.05,8.0,22.84,,True
2026-08-03,pre_dam,2026-10-03T03:20:56.565033+00:00,2025-06-17,2025-06-27,16,8.63,-28.63,18.63,-6.77,41.8,,True
2026-08-03,pre_dam,2026-10-03T03:20:56.565033+00:00,2025-06-17,2025-06-27,17,25.17,-29.98,25.17,-1.19,39.91,,True
2026-08-03,pre_dam,2026-10-03T03:20:56.565033+00:00,2025-06-17,2025-06-27,18,12.75,-32.72,18.63,20.74,-72.49,,True
2026-08-03,pre_dam,2026-10-03T03:20:56.565033+00:00,2025-06-17,2025-06-27,19,17.21,-38.35,21.72,0.93,-658.91,,True
2026-08-03,pre_dam,2026-10-03T03:20:56.565033+00:00,2025-06-17,2025-06-27,20,4.61,-32.83,21.15,17.49,-11.22,,True
2026-08-03,pre_dam,2026-10-03T03:20:56.565033+00:00,2025-06-17,2025-06-27,21,1.29,-31.39,16.13,10.5,-111.2,,True
2026-08-03,pre_dam,2026-10-03T03:20:56.565033+00:00,2025-06-17,2025-06-27,22,-0.36,-31.89,15.02,9.55,-21.27,,True
2026-08-03,pre_dam,2026-10-03T03:20:56.565033+00:00,2025-06-17,2025-06-27,23,1.62,-25.13,12.25,13.16,13.97,,True
2026-08-03,pre_dam,2026-10-03T03:20:56.565033+00:00,2025-06-17,2025-06-27,24,4.01,-15.74,14.4,11.28,-5.76,,True
2026-08-04,pre_dam,2026-10-03T03:22:58.201407+00:00,2025-07-03,2026-07-20,1,5.22,-12.61,22.45,46.28,15.53,,True
2026-08-04,pre_dam,2026-10-03T03:22:58.201407+00:00,2025-07-03,2026-07-20,2,2.19,-15.52,21.69,14.74,13.26,,True
2026-08-04,pre_dam,2026-10-03T03:22:58.201407+00:00,2025-07-03,2026-07-20,3,3.53,-15.93,23.98,15.23,10.49,,True
2026-08-04,pre_dam,2026-10-03T03:22:58.201407+00:00,2025-07-03,2026-07-20,4,1.36,-18.16,22.51,16.12,9.84,,True
2026-08-04,pre_dam,2026-10-03T03:22:58.201407+00:00,2025-07-03,2026-07-20,5,-0.82,-16.76,20.47,25.57,6.03,,True
2026-08-04,pre_dam,2026-10-03T03:22:58.201407+00:00,2025-07-03,2026-07-20,6,3.81,-8.28,19.68,8.44,15.83,,True
2026-08-04,pre_dam,2026-10-03T03:22:58.201407+00:00,2025-07-03,2026-07-20,7,4.56,-9.75,21.41,17.23,21.95,,True
2026-08-04,pre_dam,2026-10-03T03:22:58.201407+00:00,2025-07-03,2026-07-20,8,10.58,-9.32,19.62,8.77,13.79,,True
2026-08-04,pre_dam,2026-10-03T03:22:58.201407+00:00,2025-07-03,2026-07-20,9,5.71,-8.89,24.83,14.57,16.98,,True
2026-08-04,pre_dam,2026-10-03T03:22:58.201407+00:00,2025-07-03,2026-07-20,10,6.04,-7.52,24.89,6.61,20.62,,True
2026-08-04,pre_dam,2026-10-03T03:22:58.201407+00:00,2025-07-03,2026-07-20,11,3.08,-10.42,19.88,9.82,18.63,,True
2026-08-04,pre_dam,2026-10-03T03:22:58.201407+00:00,2025-07-03,2026-07-20,12,3.29,-15.4,21.45,15.84,21.85,,True
2026-08-04,pre_dam,2026-10-03T03:22:58.201407+00:00,2025-07-03,2026-07-20,13,1.19,-27.74,25.17,8.44,18.93,,True
2026-08-04,pre_dam,2026-10-03T03:22:58.201407+00:00,2025-07-03,2026-07-20,14,3.77,-25.92,22.71,43.59,19.62,,True
2026-08-04,pre_dam,2026-10-03T03:22:58.201407+00:00,2025-07-03,2026-07-20,15,-3.32,-41.96,24.7,58.76,21.64,,True
2026-08-04,pre_dam,2026-10-03T03:22:58.201407+00:00,2025-07-03,2026-07-20,16,-3.43,-37.46,31.84,53.23,17.46,,True
2026-08-04,pre_dam,2026-10-03T03:22:58.201407+00:00,2025-07-03,2026-07-20,17,4.55,-37.12,36.83,29.88,34.33,,True
2026-08-04,pre_dam,2026-10-03T03:22:58.201407+00:00,2025-07-03,2026-07-20,18,-9.93,-58.21,45.7,37.44,54.27,,True
2026-08-04,pre_dam,2026-10-03T03:22:58.201407+00:00,2025-07-03,2026-07-20,19,-3.69,-55.97,52.47,47.78,52.13,,True
2026-08-04,pre_dam,2026-10-03T03:22:58.201407+00:00,2025-07-03,2026-07-20,20,-6.23,-57.59,42.65,48.93,29.5,,True
2026-08-04,pre_dam,2026-10-03T03:22:58.201407+00:00,2025-07-03,2026-07-20,21,-9.96,-53.28,34.17,57.13,5.28,,True
2026-08-04,pre_dam,2026-10-03T03:22:58.201407+00:00,2025-07-03,2026-07-20,22,-2.59,-38.32,29.97,27.08,3.8,,True
2026-08-04,pre_dam,2026-10-03T03:22:58.201407+00:00,2025-07-03,2026-07-20,23,-2.77,-21.01,23.35,19.14,20.8,,True
2026-08-04,pre_dam,2026-10-03T03:22:58.201407+00:00,2025-07-03,2026-07-20,24,4.82,-15.59,28.76,29.21,23.56,,True
2026-08-05,pre_dam,2026-10-03T03:24:51.983615+00:00,2026-07-10,2025-07-11,1,6.42,-14.44,20.08,-24.67,40.68,,True
2026-08-05,pre_dam,2026-10-03T03:24:51.983615+00:00,2026-07-10,2025-07-11,2,5.35,-26.86,19.42,-6.23,23.27,,True
2026-08-05,pre_dam,2026-10-03T03:24:51.983615+00:00,2026-07-10,2025-07-11,3,1.8,-30.07,15.68,-0.38,22.95,,True
2026-08-05,pre_dam,2026-10-03T03:24:51.983615+00:00,2026-07-10,2025-07-11,4,0.17,-22.53,13.79,3.26,20.67,,True
2026-08-05,pre_dam,2026-10-03T03:24:51.983615+00:00,2026-07-10,2025-07-11,5,0.9,-21.06,14.23,6.62,23.13,,True
2026-08-05,pre_dam,2026-10-03T03:24:51.983615+00:00,2026-07-10,2025-07-11,6,2.74,-19.14,15.76,14.16,17.43,,True
2026-08-05,pre_dam,2026-10-03T03:24:51.983615+00:00,2026-07-10,2025-07-11,7,4.5,-19.19,17.44,19.56,34.76,,True
2026-08-05,pre_dam,2026-10-03T03:24:51.983615+00:00,2026-07-10,2025-07-11,8,-2.15,-29.55,15.94,22.77,38.02,,True
2026-08-05,pre_dam,2026-10-03T03:24:51.983615+00:00,2026-07-10,2025-07-11,9,-7.91,-28.01,17.48,34.22,31.59,,True
2026-08-05,pre_dam,2026-10-03T03:24:51.983615+00:00,2026-07-10,2025-07-11,10,-8.36,-31.6,20.29,35.96,46.57,,True
2026-08-05,pre_dam,2026-10-03T03:24:51.983615+00:00,2026-07-10,2025-07-11,11,-17.33,-45.5,18.1,31.93,50.09,,True
2026-08-05,pre_dam,2026-10-03T03:24:51.983615+00:00,2026-07-10,2025-07-11,12,-16.84,-48.95,26.26,37.52,51.02,,True
2026-08-05,pre_dam,2026-10-03T03:24:51.983615+00:00,2026-07-10,2025-07-11,13,-13.66,-46.59,30.78,-36.85,22.41,,True
2026-08-05,pre_dam,2026-10-03T03:24:51.983615+00:00,2026-07-10,2025-07-11,14,-4.51,-35.26,39.56,-4.89,44.08,,True
2026-08-05,pre_dam,2026-10-03T03:24:51.983615+00:00,2026-07-10,2025-07-11,15,-12.08,-25.5,51.99,5.86,84.99,,True
2026-08-05,pre_dam,2026-10-03T03:24:51.983615+00:00,2026-07-10,2025-07-11,16,23.95,-25.78,51.85,-1.85,111.53,,True
2026-08-05,pre_dam,2026-10-03T03:24:51.983615+00:00,2026-07-10,2025-07-11,17,40.43,-16.55,83.19,29.88,93.02,,True
2026-08-05,pre_dam,2026-10-03T03:24:51.983615+00:00,2026-07-10,2025-07-11,18,26.37,-20.35,99.4,52.44,44.48,,True
2026-08-05,pre_dam,2026-10-03T03:24:51.983615+00:00,2026-07-10,2025-07-11,19,32.98,-33.35,113.3,55.92,124.54,,True
2026-08-05,pre_dam,2026-10-03T03:24:51.983615+00:00,2026-07-10,2025-07-11,20,31.55,-20.65,102.71,55.32,74.82,,True
2026-08-05,pre_dam,2026-10-03T03:24:51.983615+00:00,2026-07-10,2025-07-11,21,30.74,-22.94,81.05,30.01,-21.27,,True
2026-08-05,pre_dam,2026-10-03T03:24:51.983615+00:00,2026-07-10,2025-07-11,22,-10.79,-37.57,61.45,1.19,18.74,,True
2026-08-05,pre_dam,2026-10-03T03:24:51.983615+00:00,2026-07-10,2025-07-11,23,-9.81,-39.15,19.42,-45.8,33.37,,True
2026-08-05,pre_dam,2026-10-03T03:24:51.983615+00:00,2026-07-10,2025-07-11,24,4.23,-17.31,17.77,-14.7,57.39,,True
2026-08-06,pre_dam,2026-10-03T03:07:15.223353+00:00,2026-08-05,2025-07-10,1,-0.23,-28.12,25.74,21.82,45.12,,True
2026-08-06,pre_dam,2026-10-03T03:07:15.223353+00:00,2026-08-05,2025-07-10,2,6.19,-34.5,25.54,8.63,19.6,,True
2026-08-06,pre_dam,2026-10-03T03:07:15.223353+00:00,2026-08-05,2025-07-10,3,-2.74,-35.07,23.5,8.68,2.16,,True
2026-08-06,pre_dam,2026-10-03T03:07:15.223353+00:00,2026-08-05,2025-07-10,4,-1.35,-27.53,20.95,4.91,-2.78,,True
2026-08-06,pre_dam,2026-10-03T03:07:15.223353+00:00,2026-08-05,2025-07-10,5,-1.35,-21.15,21.9,7.69,-0.01,,True
2026-08-06,pre_dam,2026-10-03T03:07:15.223353+00:00,2026-08-05,2025-07-10,6,1.67,-27.74,24.48,10.25,-0.44,,True
2026-08-06,pre_dam,2026-10-03T03:07:15.223353+00:00,2026-08-05,2025-07-10,7,1.57,-25.72,29.35,13.42,27.28,,True
2026-08-06,pre_dam,2026-10-03T03:07:15.223353+00:00,2026-08-05,2025-07-10,8,3.61,-23.69,38.0,28.38,22.23,,True
2026-08-06,pre_dam,2026-10-03T03:07:15.223353+00:00,2026-08-05,2025-07-10,9,4.63,-34.41,42.59,-33.69,24.71,,True
2026-08-06,pre_dam,2026-10-03T03:07:15.223353+00:00,2026-08-05,2025-07-10,10,7.0,-39.61,49.34,-180.99,-5.88,,True
2026-08-06,pre_dam,2026-10-03T03:07:15.223353+00:00,2026-08-05,2025-07-10,11,24.72,-17.54,65.7,-37.53,19.7,,True
2026-08-06,pre_dam,2026-10-03T03:07:15.223353+00:00,2026-08-05,2025-07-10,12,38.32,-9.7,79.94,-149.53,48.46,,True
2026-08-06,pre_dam,2026-10-03T03:07:15.223353+00:00,2026-08-05,2025-07-10,13,26.41,-25.15,68.97,-168.94,57.62,,True
2026-08-06,pre_dam,2026-10-03T03:07:15.223353+00:00,2026-08-05,2025-07-10,14,66.09,-4.69,104.53,-128.4,47.81,,True
2026-08-06,pre_dam,2026-10-03T03:07:15.223353+00:00,2026-08-05,2025-07-10,15,71.63,-8.77,126.49,-202.04,56.13,,True
2026-08-06,pre_dam,2026-10-03T03:07:15.223353+00:00,2026-08-05,2025-07-10,16,109.9,14.7,150.26,-78.71,30.51,,True
2026-08-06,pre_dam,2026-10-03T03:07:15.223353+00:00,2026-08-05,2025-07-10,17,87.84,-8.2,138.63,5.43,49.45,,True
2026-08-06,pre_dam,2026-10-03T03:07:15.223353+00:00,2026-08-05,2025-07-10,18,55.84,-17.57,120.46,31.8,105.91,,True
2026-08-06,pre_dam,2026-10-03T03:07:15.223353+00:00,2026-08-05,2025-07-10,19,89.43,-21.62,173.47,-87.03,88.14,,True
2026-08-06,pre_dam,2026-10-03T03:07:15.223353+00:00,2026-08-05,2025-07-10,20,38.48,-28.82,124.16,-26.77,28.92,,True
2026-08-06,pre_dam,2026-10-03T03:07:15.223353+00:00,2026-08-05,2025-07-10,21,14.87,-30.19,72.08,53.29,36.79,,True
2026-08-06,pre_dam,2026-10-03T03:07:15.223353+00:00,2026-08-05,2025-07-10,22,13.31,-46.6,90.58,4.94,19.73,,True
2026-08-06,pre_dam,2026-10-03T03:07:15.223353+00:00,2026-08-05,2025-07-10,23,7.23,-38.5,43.07,19.52,-23.22,,True
2026-08-06,pre_dam,2026-10-03T03:07:15.223353+00:00,2026-08-05,2025-07-10,24,11.43,-23.08,35.5,7.14,4.84,,True
2026-08-07,pre_dam,2026-10-03T03:09:28.400798+00:00,2025-07-10,2026-08-06,1,7.53,-11.3,26.38,45.12,4.28,,True
2026-08-07,pre_dam,2026-10-03T03:09:28.400798+00:00,2025-07-10,2026-08-06,2,7.83,-3.79,27.22,19.6,5.29,,True
2026-08-07,pre_dam,2026-10-03T03:09:28.400798+00:00,2025-07-10,2026-08-06,3,8.1,-3.73,27.16,2.16,-1.02,,True
2026-08-07,pre_dam,2026-10-03T03:09:28.400798+00:00,2025-07-10,2026-08-06,4,7.37,-7.16,25.52,-2.78,10.61,,True
2026-08-07,pre_dam,2026-10-03T03:09:28.400798+00:00,2025-07-10,2026-08-06,5,3.89,-11.83,21.33,-0.01,2.31,,True
2026-08-07,pre_dam,2026-10-03T03:09:28.400798+00:00,2025-07-10,2026-08-06,6,16.5,-9.09,24.9,-0.44,30.25,,True
2026-08-07,pre_dam,2026-10-03T03:09:28.400798+00:00,2025-07-10,2026-08-06,7,15.34,-19.07,27.98,27.28,40.3,,True
2026-08-07,pre_dam,2026-10-03T03:09:28.400798+00:00,2025-07-10,2026-08-06,8,16.21,-26.35,42.2,22.23,29.06,,True
2026-08-07,pre_dam,2026-10-03T03:09:28.400798+00:00,2025-07-10,2026-08-06,9,9.15,-31.57,26.93,24.71,27.36,,True
2026-08-07,pre_dam,2026-10-03T03:09:28.400798+00:00,2025-07-10,2026-08-06,10,13.34,-44.33,32.53,-5.88,-0.65,,True
2026-08-07,pre_dam,2026-10-03T03:09:28.400798+00:00,2025-07-10,2026-08-06,11,-3.31,-37.66,37.4,19.7,18.06,,True
2026-08-07,pre_dam,2026-10-03T03:09:28.400798+00:00,2025-07-10,2026-08-06,12,7.02,-43.66,48.36,48.46,-15.13,,True
2026-08-07,pre_dam,2026-10-03T03:09:28.400798+00:00,2025-07-10,2026-08-06,13,0.75,-58.38,48.06,57.62,13.2,,True
2026-08-07,pre_dam,2026-10-03T03:09:28.400798+00:00,2025-07-10,2026-08-06,14,0.91,-43.35,45.16,47.81,6.83,,True
2026-08-07,pre_dam,2026-10-03T03:09:28.400798+00:00,2025-07-10,2026-08-06,15,0.38,-60.69,46.9,56.13,-11.43,,True
2026-08-07,pre_dam,2026-10-03T03:09:28.400798+00:00,2025-07-10,2026-08-06,16,6.23,-54.31,50.7,30.51,18.66,,True
2026-08-07,pre_dam,2026-10-03T03:09:28.400798+00:00,2025-07-10,2026-08-06,17,0.51,-52.35,51.23,49.45,33.65,,True
2026-08-07,pre_dam,2026-10-03T03:09:28.400798+00:00,2025-07-10,2026-08-06,18,-5.89,-36.8,60.95,105.91,23.62,,True
2026-08-07,pre_dam,2026-10-03T03:09:28.400798+00:00,2025-07-10,2026-08-06,19,4.91,-48.56,54.66,88.14,11.45,,True
2026-08-07,pre_dam,2026-10-03T03:09:28.400798+00:00,2025-07-10,2026-08-06,20,8.93,-41.38,50.18,28.92,-16.32,,True
2026-08-07,pre_dam,2026-10-03T03:09:28.400798+00:00,2025-07-10,2026-08-06,21,6.27,-44.22,55.33,36.79,-15.96,,True
2026-08-07,pre_dam,2026-10-03T03:09:28.400798+00:00,2025-07-10,2026-08-06,22,3.0,-49.98,39.49,19.73,-28.79,,True
2026-08-07,pre_dam,2026-10-03T03:09:28.400798+00:00,2025-07-10,2026-08-06,23,4.56,-23.47,20.47,-23.22,-40.88,,True
2026-08-07,pre_dam,2026-10-03T03:09:28.400798+00:00,2025-07-10,2026-08-06,24,6.46,-15.83,19.66,4.84,-18.97,,True
2026-08-08,pre_dam,2026-10-03T03:12:06.683504+00:00,2026-08-01,2025-07-06,1,5.37,-6.74,17.02,-9.8,12.63,,True
2026-08-08,pre_dam,2026-10-03T03:12:06.683504+00:00,2026-08-01,2025-07-06,2,7.44,-10.26,21.87,-0.27,6.22,,True
2026-08-08,pre_dam,2026-10-03T03:12:06.683504+00:00,2026-08-01,2025-07-06,3,8.85,-9.63,21.77,1.32,2.11,,True
2026-08-08,pre_dam,2026-10-03T03:12:06.683504+00:00,2026-08-01,2025-07-06,4,8.57,-6.38,19.8,5.73,1.53,,True
2026-08-08,pre_dam,2026-10-03T03:12:06.683504+00:00,2026-08-01,2025-07-06,5,3.36,-8.74,13.79,4.33,7.4,,True
2026-08-08,pre_dam,2026-10-03T03:12:06.683504+00:00,2026-08-01,2025-07-06,6,7.21,-3.32,16.14,-3.35,13.12,,True
2026-08-08,pre_dam,2026-10-03T03:12:06.683504+00:00,2026-08-01,2025-07-06,7,4.38,-11.49,19.24,17.5,7.09,,True
2026-08-08,pre_dam,2026-10-03T03:12:06.683504+00:00,2026-08-01,2025-07-06,8,0.21,-24.29,17.88,1.16,1.63,,True
2026-08-08,pre_dam,2026-10-03T03:12:06.683504+00:00,2026-08-01,2025-07-06,9,0.2,-21.7,21.59,-11.93,13.83,,True
2026-08-08,pre_dam,2026-10-03T03:12:06.683504+00:00,2026-08-01,2025-07-06,10,-1.72,-37.95,27.73,1.68,14.87,,True
2026-08-08,pre_dam,2026-10-03T03:12:06.683504+00:00,2026-08-01,2025-07-06,11,4.31,-40.5,32.81,1.96,7.61,,True
2026-08-08,pre_dam,2026-10-03T03:12:06.683504+00:00,2026-08-01,2025-07-06,12,10.47,-39.14,52.62,15.79,13.42,,True
2026-08-08,pre_dam,2026-10-03T03:12:06.683504+00:00,2026-08-01,2025-07-06,13,0.69,-43.75,32.68,0.05,1.45,,True
2026-08-08,pre_dam,2026-10-03T03:12:06.683504+00:00,2026-08-01,2025-07-06,14,-7.17,-61.35,38.16,10.51,34.56,,True
2026-08-08,pre_dam,2026-10-03T03:12:06.683504+00:00,2026-08-01,2025-07-06,15,13.7,-42.68,57.7,-15.31,51.3,,True
2026-08-08,pre_dam,2026-10-03T03:12:06.683504+00:00,2026-08-01,2025-07-06,16,8.18,-43.43,52.79,-11.68,59.25,,True
2026-08-08,pre_dam,2026-10-03T03:12:06.683504+00:00,2026-08-01,2025-07-06,17,4.2,-51.76,45.82,-16.74,77.48,,True
2026-08-08,pre_dam,2026-10-03T03:12:06.683504+00:00,2026-08-01,2025-07-06,18,-19.89,-57.46,47.11,-5.68,71.54,,True
2026-08-08,pre_dam,2026-10-03T03:12:06.683504+00:00,2026-08-01,2025-07-06,19,-7.14,-45.22,56.4,47.79,73.9,,True
2026-08-08,pre_dam,2026-10-03T03:12:06.683504+00:00,2026-08-01,2025-07-06,20,-12.93,-50.26,39.42,37.39,86.22,,True
2026-08-08,pre_dam,2026-10-03T03:12:06.683504+00:00,2026-08-01,2025-07-06,21,-8.15,-41.73,37.24,-64.89,64.19,,True
2026-08-08,pre_dam,2026-10-03T03:12:06.683504+00:00,2026-08-01,2025-07-06,22,-6.48,-23.3,24.64,-19.76,23.58,,True
2026-08-08,pre_dam,2026-10-03T03:12:06.683504+00:00,2026-08-01,2025-07-06,23,-4.46,-27.57,16.5,-25.58,-0.67,,True
2026-08-08,pre_dam,2026-10-03T03:12:06.683504+00:00,2026-08-01,2025-07-06,24,4.73,-14.39,16.47,0.06,15.47,,True
2026-08-09,pre_dam,2026-10-03T03:13:51.071223+00:00,2025-07-05,2025-08-23,1,4.03,-13.27,19.85,23.42,-0.11,,True
2026-08-09,pre_dam,2026-10-03T03:13:51.071223+00:00,2025-07-05,2025-08-23,2,5.76,-13.11,19.13,-135.21,-17.89,,True
2026-08-09,pre_dam,2026-10-03T03:13:51.071223+00:00,2025-07-05,2025-08-23,3,7.35,-13.17,18.62,26.94,-45.23,,True
2026-08-09,pre_dam,2026-10-03T03:13:51.071223+00:00,2025-07-05,2025-08-23,4,5.54,-7.99,17.98,18.2,-23.67,,True
2026-08-09,pre_dam,2026-10-03T03:13:51.071223+00:00,2025-07-05,2025-08-23,5,6.09,-2.93,19.02,23.3,25.36,,True
2026-08-09,pre_dam,2026-10-03T03:13:51.071223+00:00,2025-07-05,2025-08-23,6,5.17,-4.13,18.11,66.29,23.56,,True
2026-08-09,pre_dam,2026-10-03T03:13:51.071223+00:00,2025-07-05,2025-08-23,7,7.8,-3.53,19.99,75.71,23.03,,True
2026-08-09,pre_dam,2026-10-03T03:13:51.071223+00:00,2025-07-05,2025-08-23,8,10.7,-12.36,15.35,47.02,10.49,,True
2026-08-09,pre_dam,2026-10-03T03:13:51.071223+00:00,2025-07-05,2025-08-23,9,6.56,-15.24,17.04,23.15,10.32,,True
2026-08-09,pre_dam,2026-10-03T03:13:51.071223+00:00,2025-07-05,2025-08-23,10,3.23,-17.53,20.81,14.55,17.77,,True
2026-08-09,pre_dam,2026-10-03T03:13:51.071223+00:00,2025-07-05,2025-08-23,11,10.04,-25.0,32.2,-11.73,24.32,,True
2026-08-09,pre_dam,2026-10-03T03:13:51.071223+00:00,2025-07-05,2025-08-23,12,5.93,-35.59,34.95,-42.67,18.91,,True
2026-08-09,pre_dam,2026-10-03T03:13:51.071223+00:00,2025-07-05,2025-08-23,13,9.21,-45.52,40.11,3.13,30.93,,True
2026-08-09,pre_dam,2026-10-03T03:13:51.071223+00:00,2025-07-05,2025-08-23,14,9.9,-40.94,49.24,19.38,34.08,,True
2026-08-09,pre_dam,2026-10-03T03:13:51.071223+00:00,2025-07-05,2025-08-23,15,10.54,-30.72,52.61,34.44,33.36,,True
2026-08-09,pre_dam,2026-10-03T03:13:51.071223+00:00,2025-07-05,2025-08-23,16,15.71,-34.75,56.33,41.46,30.79,,True
2026-08-09,pre_dam,2026-10-03T03:13:51.071223+00:00,2025-07-05,2025-08-23,17,19.64,-49.09,56.23,54.99,45.7,,True
2026-08-09,pre_dam,2026-10-03T03:13:51.071223+00:00,2025-07-05,2025-08-23,18,10.15,-56.47,76.84,-7.48,36.17,,True
2026-08-09,pre_dam,2026-10-03T03:13:51.071223+00:00,2025-07-05,2025-08-23,19,12.05,-75.88,76.28,31.42,26.83,,True
2026-08-09,pre_dam,2026-10-03T03:13:51.071223+00:00,2025-07-05,2025-08-23,20,34.48,-36.49,74.96,27.64,13.58,,True
2026-08-09,pre_dam,2026-10-03T03:13:51.071223+00:00,2025-07-05,2025-08-23,21,14.3,-37.3,52.73,-24.26,7.29,,True
2026-08-09,pre_dam,2026-10-03T03:13:51.071223+00:00,2025-07-05,2025-08-23,22,3.18,-55.49,40.51,2.59,0.83,,True
2026-08-09,pre_dam,2026-10-03T03:13:51.071223+00:00,2025-07-05,2025-08-23,23,2.7,-30.68,28.33,7.53,7.95,,True
2026-08-09,pre_dam,2026-10-03T03:13:51.071223+00:00,2025-07-05,2025-08-23,24,-0.22,-28.13,23.78,20.1,11.34,,True
2026-08-10,pre_dam,2026-10-03T03:15:41.008776+00:00,2025-09-22,2025-06-22,1,2.67,-22.98,19.24,5.27,8.25,,True
2026-08-10,pre_dam,2026-10-03T03:15:41.008776+00:00,2025-09-22,2025-06-22,2,1.38,-16.58,16.98,10.35,-33.91,,True
2026-08-10,pre_dam,2026-10-03T03:15:41.008776+00:00,2025-09-22,2025-06-22,3,2.34,-12.71,16.12,9.83,-9.63,,True
2026-08-10,pre_dam,2026-10-03T03:15:41.008776+00:00,2025-09-22,2025-06-22,4,2.09,-10.82,16.75,-10.57,-15.21,,True
2026-08-10,pre_dam,2026-10-03T03:15:41.008776+00:00,2025-09-22,2025-06-22,5,3.68,-11.68,17.96,-2.94,-22.26,,True
2026-08-10,pre_dam,2026-10-03T03:15:41.008776+00:00,2025-09-22,2025-06-22,6,0.92,-14.64,17.44,-8.89,-15.05,,True
2026-08-10,pre_dam,2026-10-03T03:15:41.008776+00:00,2025-09-22,2025-06-22,7,-4.54,-20.98,18.81,-23.6,-2.31,,True
2026-08-10,pre_dam,2026-10-03T03:15:41.008776+00:00,2025-09-22,2025-06-22,8,-5.42,-34.31,17.84,9.18,-94.29,,True
2026-08-10,pre_dam,2026-10-03T03:15:41.008776+00:00,2025-09-22,2025-06-22,9,-0.58,-34.53,27.23,7.97,-2.94,,True
2026-08-10,pre_dam,2026-10-03T03:15:41.008776+00:00,2025-09-22,2025-06-22,10,-6.43,-56.05,30.68,-22.08,-3.41,,True
2026-08-10,pre_dam,2026-10-03T03:15:41.008776+00:00,2025-09-22,2025-06-22,11,3.01,-48.56,42.44,20.78,-63.81,,True
2026-08-10,pre_dam,2026-10-03T03:15:41.008776+00:00,2025-09-22,2025-06-22,12,11.94,-50.14,56.06,28.18,-57.63,,True
2026-08-10,pre_dam,2026-10-03T03:15:41.008776+00:00,2025-09-22,2025-06-22,13,15.25,-49.84,62.05,-0.78,19.66,,True
2026-08-10,pre_dam,2026-10-03T03:15:41.008776+00:00,2025-09-22,2025-06-22,14,16.41,-42.59,60.63,-37.44,18.71,,True
2026-08-10,pre_dam,2026-10-03T03:15:41.008776+00:00,2025-09-22,2025-06-22,15,23.48,-39.52,70.38,0.41,26.59,,True
2026-08-10,pre_dam,2026-10-03T03:15:41.008776+00:00,2025-09-22,2025-06-22,16,27.91,-46.47,80.33,-15.81,39.51,,True
2026-08-10,pre_dam,2026-10-03T03:15:41.008776+00:00,2025-09-22,2025-06-22,17,37.65,-41.05,93.99,0.58,40.29,,True
2026-08-10,pre_dam,2026-10-03T03:15:41.008776+00:00,2025-09-22,2025-06-22,18,17.32,-52.66,82.39,64.51,-74.41,,True
2026-08-10,pre_dam,2026-10-03T03:15:41.008776+00:00,2025-09-22,2025-06-22,19,28.57,-69.43,97.13,73.57,31.87,,True
2026-08-10,pre_dam,2026-10-03T03:15:41.008776+00:00,2025-09-22,2025-06-22,20,20.02,-56.81,76.83,44.65,17.82,,True
2026-08-10,pre_dam,2026-10-03T03:15:41.008776+00:00,2025-09-22,2025-06-22,21,17.71,-58.35,76.28,43.86,16.42,,True
2026-08-10,pre_dam,2026-10-03T03:15:41.008776+00:00,2025-09-22,2025-06-22,22,20.39,-31.49,57.16,-0.21,19.37,,True
2026-08-10,pre_dam,2026-10-03T03:15:41.008776+00:00,2025-09-22,2025-06-22,23,-29.65,-95.21,51.86,-7.46,-40.64,,True
2026-08-10,pre_dam,2026-10-03T03:15:41.008776+00:00,2025-09-22,2025-06-22,24,1.59,-34.13,25.92,-0.27,-33.56,,True
2026-08-11,pre_dam,2026-10-03T03:17:26.803699+00:00,2025-07-10,2026-08-07,1,0.36,-29.92,20.38,45.12,0.95,,True
2026-08-11,pre_dam,2026-10-03T03:17:26.803699+00:00,2025-07-10,2026-08-07,2,3.5,-30.74,19.03,19.6,39.4,,True
2026-08-11,pre_dam,2026-10-03T03:17:26.803699+00:00,2025-07-10,2026-08-07,3,0.83,-15.11,14.05,2.16,28.01,,True
2026-08-11,pre_dam,2026-10-03T03:17:26.803699+00:00,2025-07-10,2026-08-07,4,1.36,-16.74,17.1,-2.78,23.74,,True
2026-08-11,pre_dam,2026-10-03T03:17:26.803699+00:00,2025-07-10,2026-08-07,5,-0.85,-22.27,14.91,-0.01,4.09,,True
2026-08-11,pre_dam,2026-10-03T03:17:26.803699+00:00,2025-07-10,2026-08-07,6,0.93,-8.92,25.37,-0.44,19.73,,True
2026-08-11,pre_dam,2026-10-03T03:17:26.803699+00:00,2025-07-10,2026-08-07,7,4.67,-33.67,31.91,27.28,46.58,,True
2026-08-11,pre_dam,2026-10-03T03:17:26.803699+00:00,2025-07-10,2026-08-07,8,6.89,-44.88,38.88,22.23,41.84,,True
2026-08-11,pre_dam,2026-10-03T03:17:26.803699+00:00,2025-07-10,2026-08-07,9,11.24,-42.71,41.23,24.71,59.24,,True
2026-08-11,pre_dam,2026-10-03T03:17:26.803699+00:00,2025-07-10,2026-08-07,10,10.0,-44.64,47.82,-5.88,66.83,,True
2026-08-11,pre_dam,2026-10-03T03:17:26.803699+00:00,2025-07-10,2026-08-07,11,15.0,-36.83,56.49,19.7,64.4,,True
2026-08-11,pre_dam,2026-10-03T03:17:26.803699+00:00,2025-07-10,2026-08-07,12,21.07,-26.58,66.46,48.46,127.56,,True
2026-08-11,pre_dam,2026-10-03T03:17:26.803699+00:00,2025-07-10,2026-08-07,13,28.45,-17.4,67.68,57.62,20.79,,True
2026-08-11,pre_dam,2026-10-03T03:17:26.803699+00:00,2025-07-10,2026-08-07,14,25.16,-45.92,80.69,47.81,72.34,,True
2026-08-11,pre_dam,2026-10-03T03:17:26.803699+00:00,2025-07-10,2026-08-07,15,15.32,-60.83,76.68,56.13,101.26,,True
2026-08-11,pre_dam,2026-10-03T03:17:26.803699+00:00,2025-07-10,2026-08-07,16,66.78,-13.17,125.94,30.51,-60.34,,True
2026-08-11,pre_dam,2026-10-03T03:17:26.803699+00:00,2025-07-10,2026-08-07,17,61.55,-8.53,136.05,49.45,-92.0,,True
2026-08-11,pre_dam,2026-10-03T03:17:26.803699+00:00,2025-07-10,2026-08-07,18,21.14,-36.97,133.53,105.91,-105.84,,True
2026-08-11,pre_dam,2026-10-03T03:17:26.803699+00:00,2025-07-10,2026-08-07,19,31.53,-44.88,113.59,88.14,-66.64,,True
2026-08-11,pre_dam,2026-10-03T03:17:26.803699+00:00,2025-07-10,2026-08-07,20,13.81,-46.61,96.23,28.92,-84.64,,True
2026-08-11,pre_dam,2026-10-03T03:17:26.803699+00:00,2025-07-10,2026-08-07,21,26.61,-56.09,86.13,36.79,21.29,,True
2026-08-11,pre_dam,2026-10-03T03:17:26.803699+00:00,2025-07-10,2026-08-07,22,3.99,-49.13,45.26,19.73,-25.14,,True
2026-08-11,pre_dam,2026-10-03T03:17:26.803699+00:00,2025-07-10,2026-08-07,23,0.99,-49.17,27.94,-23.22,3.31,,True
2026-08-11,pre_dam,2026-10-03T03:17:26.803699+00:00,2025-07-10,2026-08-07,24,2.99,-29.8,25.19,4.84,-46.5,,True
2026-08-12,pre_dam,2026-10-03T03:19:03.607094+00:00,2026-08-11,2025-07-09,1,1.25,-22.12,18.75,-5.0,25.31,,True
2026-08-12,pre_dam,2026-10-03T03:19:03.607094+00:00,2026-08-11,2025-07-09,2,1.62,-19.81,17.58,-2.43,16.32,,True
2026-08-12,pre_dam,2026-10-03T03:19:03.607094+00:00,2026-08-11,2025-07-09,3,2.99,-17.73,15.66,-26.07,7.8,,True
2026-08-12,pre_dam,2026-10-03T03:19:03.607094+00:00,2026-08-11,2025-07-09,4,2.69,-19.84,15.4,-12.03,7.59,,True
2026-08-12,pre_dam,2026-10-03T03:19:03.607094+00:00,2026-08-11,2025-07-09,5,-1.44,-23.84,17.11,1.48,16.03,,True
2026-08-12,pre_dam,2026-10-03T03:19:03.607094+00:00,2026-08-11,2025-07-09,6,-3.69,-20.59,20.58,-0.3,16.22,,True
2026-08-12,pre_dam,2026-10-03T03:19:03.607094+00:00,2026-08-11,2025-07-09,7,-3.14,-40.11,25.67,-15.65,27.65,,True
2026-08-12,pre_dam,2026-10-03T03:19:03.607094+00:00,2026-08-11,2025-07-09,8,0.55,-57.04,37.91,32.33,58.63,,True
2026-08-12,pre_dam,2026-10-03T03:19:03.607094+00:00,2026-08-11,2025-07-09,9,-2.15,-43.58,34.26,35.84,17.1,,True
2026-08-12,pre_dam,2026-10-03T03:19:03.607094+00:00,2026-08-11,2025-07-09,10,1.0,-54.3,35.92,1.9,22.56,,True
2026-08-12,pre_dam,2026-10-03T03:19:03.607094+00:00,2026-08-11,2025-07-09,11,7.12,-44.63,45.51,1.17,64.42,,True
2026-08-12,pre_dam,2026-10-03T03:19:03.607094+00:00,2026-08-11,2025-07-09,12,9.92,-51.64,54.35,-1.76,62.56,,True
2026-08-12,pre_dam,2026-10-03T03:19:03.607094+00:00,2026-08-11,2025-07-09,13,17.63,-48.9,62.99,-6.0,63.19,,True
2026-08-12,pre_dam,2026-10-03T03:19:03.607094+00:00,2026-08-11,2025-07-09,14,16.05,-57.0,61.43,-44.56,65.17,,True
2026-08-12,pre_dam,2026-10-03T03:19:03.607094+00:00,2026-08-11,2025-07-09,15,27.04,-45.15,71.71,-45.45,97.16,,True
2026-08-12,pre_dam,2026-10-03T03:19:03.607094+00:00,2026-08-11,2025-07-09,16,16.29,-57.99,62.9,11.77,73.14,,True
2026-08-12,pre_dam,2026-10-03T03:19:03.607094+00:00,2026-08-11,2025-07-09,17,12.19,-56.62,46.66,32.69,28.33,,True
2026-08-12,pre_dam,2026-10-03T03:19:03.607094+00:00,2026-08-11,2025-07-09,18,7.56,-66.14,88.57,26.93,40.07,,True
2026-08-12,pre_dam,2026-10-03T03:19:03.607094+00:00,2026-08-11,2025-07-09,19,4.03,-68.66,53.53,43.94,67.94,,True
2026-08-12,pre_dam,2026-10-03T03:19:03.607094+00:00,2026-08-11,2025-07-09,20,7.1,-63.36,53.06,50.91,76.22,,True
2026-08-12,pre_dam,2026-10-03T03:19:03.607094+00:00,2026-08-11,2025-07-09,21,1.95,-55.45,48.98,49.64,48.62,,True
2026-08-12,pre_dam,2026-10-03T03:19:03.607094+00:00,2026-08-11,2025-07-09,22,3.24,-41.23,39.66,32.56,10.68,,True
2026-08-12,pre_dam,2026-10-03T03:19:03.607094+00:00,2026-08-11,2025-07-09,23,2.08,-35.26,32.11,-36.06,-19.28,,True
2026-08-12,pre_dam,2026-10-03T03:19:03.607094+00:00,2026-08-11,2025-07-09,24,-2.79,-36.9,14.97,-66.18,-11.29,,True
2026-08-13,pre_dam,2026-10-03T03:20:57.484765+00:00,2026-08-12,2026-08-11,1,5.22,-11.4,15.02,0.13,-5.0,,True
2026-08-13,pre_dam,2026-10-03T03:20:57.484765+00:00,2026-08-12,2026-08-11,2,4.51,-13.76,10.77,-12.38,-2.43,,True
2026-08-13,pre_dam,2026-10-03T03:20:57.484765+00:00,2026-08-12,2026-08-11,3,2.72,-16.92,11.76,7.51,-26.07,,True
2026-08-13,pre_dam,2026-10-03T03:20:57.484765+00:00,2026-08-12,2026-08-11,4,1.79,-14.63,10.39,4.27,-12.03,,True
2026-08-13,pre_dam,2026-10-03T03:20:57.484765+00:00,2026-08-12,2026-08-11,5,7.96,-9.52,11.77,16.52,1.48,,True
2026-08-13,pre_dam,2026-10-03T03:20:57.484765+00:00,2026-08-12,2026-08-11,6,2.65,-18.96,13.94,13.66,-0.3,,True
2026-08-13,pre_dam,2026-10-03T03:20:57.484765+00:00,2026-08-12,2026-08-11,7,3.12,-18.29,18.55,19.14,-15.65,,True
2026-08-13,pre_dam,2026-10-03T03:20:57.484765+00:00,2026-08-12,2026-08-11,8,4.96,-45.2,28.76,34.24,32.33,,True
2026-08-13,pre_dam,2026-10-03T03:20:57.484765+00:00,2026-08-12,2026-08-11,9,9.32,-42.85,32.4,23.31,35.84,,True
2026-08-13,pre_dam,2026-10-03T03:20:57.484765+00:00,2026-08-12,2026-08-11,10,5.35,-44.91,29.79,48.98,1.9,,True
2026-08-13,pre_dam,2026-10-03T03:20:57.484765+00:00,2026-08-12,2026-08-11,11,13.04,-48.88,44.86,40.72,1.17,,True
2026-08-13,pre_dam,2026-10-03T03:20:57.484765+00:00,2026-08-12,2026-08-11,12,14.89,-36.62,48.11,38.66,-1.76,,True
2026-08-13,pre_dam,2026-10-03T03:20:57.484765+00:00,2026-08-12,2026-08-11,13,10.63,-40.67,47.28,45.25,-6.0,,True
2026-08-13,pre_dam,2026-10-03T03:20:57.484765+00:00,2026-08-12,2026-08-11,14,20.58,-27.69,59.77,75.37,-44.56,,True
2026-08-13,pre_dam,2026-10-03T03:20:57.484765+00:00,2026-08-12,2026-08-11,15,22.63,-38.08,58.41,70.16,-45.45,,True
2026-08-13,pre_dam,2026-10-03T03:20:57.484765+00:00,2026-08-12,2026-08-11,16,9.84,-34.77,64.88,73.83,11.77,,True
2026-08-13,pre_dam,2026-10-03T03:20:57.484765+00:00,2026-08-12,2026-08-11,17,2.22,-45.58,63.55,57.18,32.69,,True
2026-08-13,pre_dam,2026-10-03T03:20:57.484765+00:00,2026-08-12,2026-08-11,18,-6.25,-56.77,79.22,60.67,26.93,,True
2026-08-13,pre_dam,2026-10-03T03:20:57.484765+00:00,2026-08-12,2026-08-11,19,-7.54,-86.77,78.66,45.68,43.94,,True
2026-08-13,pre_dam,2026-10-03T03:20:57.484765+00:00,2026-08-12,2026-08-11,20,3.68,-51.94,68.77,47.42,50.91,,True
2026-08-13,pre_dam,2026-10-03T03:20:57.484765+00:00,2026-08-12,2026-08-11,21,10.44,-45.64,49.26,8.91,49.64,,True
2026-08-13,pre_dam,2026-10-03T03:20:57.484765+00:00,2026-08-12,2026-08-11,22,15.16,-31.57,44.19,47.81,32.56,,True
2026-08-13,pre_dam,2026-10-03T03:20:57.484765+00:00,2026-08-12,2026-08-11,23,3.46,-34.43,32.3,36.4,-36.06,,True
2026-08-13,pre_dam,2026-10-03T03:20:57.484765+00:00,2026-08-12,2026-08-11,24,3.78,-35.14,23.77,20.58,-66.18,,True
2026-08-14,pre_dam,2026-10-03T03:22:58.347243+00:00,2026-08-12,2026-08-13,1,3.48,-5.24,19.33,0.13,8.19,,True
2026-08-14,pre_dam,2026-10-03T03:22:58.347243+00:00,2026-08-12,2026-08-13,2,1.58,-5.66,19.4,-12.38,8.43,,True
2026-08-14,pre_dam,2026-10-03T03:22:58.347243+00:00,2026-08-12,2026-08-13,3,2.3,-7.99,17.49,7.51,0.42,,True
2026-08-14,pre_dam,2026-10-03T03:22:58.347243+00:00,2026-08-12,2026-08-13,4,1.42,-16.35,16.93,4.27,1.92,,True
2026-08-14,pre_dam,2026-10-03T03:22:58.347243+00:00,2026-08-12,2026-08-13,5,0.74,-15.35,17.13,16.52,1.55,,True
2026-08-14,pre_dam,2026-10-03T03:22:58.347243+00:00,2026-08-12,2026-08-13,6,1.23,-12.49,19.26,13.66,8.51,,True
2026-08-14,pre_dam,2026-10-03T03:22:58.347243+00:00,2026-08-12,2026-08-13,7,5.22,-27.64,30.87,19.14,8.25,,True
2026-08-14,pre_dam,2026-10-03T03:22:58.347243+00:00,2026-08-12,2026-08-13,8,0.73,-38.9,29.72,34.24,16.67,,True
2026-08-14,pre_dam,2026-10-03T03:22:58.347243+00:00,2026-08-12,2026-08-13,9,6.41,-23.43,36.47,23.31,18.07,,True
2026-08-14,pre_dam,2026-10-03T03:22:58.347243+00:00,2026-08-12,2026-08-13,10,6.93,-21.91,34.45,48.98,23.28,,True
2026-08-14,pre_dam,2026-10-03T03:22:58.347243+00:00,2026-08-12,2026-08-13,11,6.49,-18.75,43.74,40.72,47.72,,True
2026-08-14,pre_dam,2026-10-03T03:22:58.347243+00:00,2026-08-12,2026-08-13,12,5.77,-23.75,48.57,38.66,23.15,,True
2026-08-14,pre_dam,2026-10-03T03:22:58.347243+00:00,2026-08-12,2026-08-13,13,8.5,-23.6,51.61,45.25,3.13,,True
2026-08-14,pre_dam,2026-10-03T03:22:58.347243+00:00,2026-08-12,2026-08-13,14,10.15,-23.59,47.9,75.37,4.41,,True
2026-08-14,pre_dam,2026-10-03T03:22:58.347243+00:00,2026-08-12,2026-08-13,15,16.89,-25.12,58.11,70.16,16.47,,True
2026-08-14,pre_dam,2026-10-03T03:22:58.347243+00:00,2026-08-12,2026-08-13,16,22.11,-28.95,63.3,73.83,3.78,,True
2026-08-14,pre_dam,2026-10-03T03:22:58.347243+00:00,2026-08-12,2026-08-13,17,23.56,-26.17,68.91,57.18,14.02,,True
2026-08-14,pre_dam,2026-10-03T03:22:58.347243+00:00,2026-08-12,2026-08-13,18,40.87,-69.84,92.64,60.67,28.43,,True
2026-08-14,pre_dam,2026-10-03T03:22:58.347243+00:00,2026-08-12,2026-08-13,19,16.97,-53.91,65.12,45.68,28.9,,True
2026-08-14,pre_dam,2026-10-03T03:22:58.347243+00:00,2026-08-12,2026-08-13,20,17.16,-34.13,60.71,47.42,54.22,,True
2026-08-14,pre_dam,2026-10-03T03:22:58.347243+00:00,2026-08-12,2026-08-13,21,9.58,-37.79,47.11,8.91,20.95,,True
2026-08-14,pre_dam,2026-10-03T03:22:58.347243+00:00,2026-08-12,2026-08-13,22,9.49,-27.65,42.96,47.81,11.56,,True
2026-08-14,pre_dam,2026-10-03T03:22:58.347243+00:00,2026-08-12,2026-08-13,23,7.68,-23.59,37.79,36.4,23.2,,True
2026-08-14,pre_dam,2026-10-03T03:22:58.347243+00:00,2026-08-12,2026-08-13,24,6.63,-11.81,25.7,20.58,-60.38,,True
2026-08-15,pre_dam,2026-10-03T03:24:57.606025+00:00,2026-07-26,2025-07-19,1,1.72,-11.42,11.51,-2.87,14.69,,True
2026-08-15,pre_dam,2026-10-03T03:24:57.606025+00:00,2026-07-26,2025-07-19,2,2.6,-10.61,9.11,3.7,4.0,,True
2026-08-15,pre_dam,2026-10-03T03:24:57.606025+00:00,2026-07-26,2025-07-19,3,3.48,-8.76,7.56,1.22,-10.89,,True
2026-08-15,pre_dam,2026-10-03T03:24:57.606025+00:00,2026-07-26,2025-07-19,4,2.59,-3.08,7.96,-8.32,-10.54,,True
2026-08-15,pre_dam,2026-10-03T03:24:57.606025+00:00,2026-07-26,2025-07-19,5,4.18,-2.58,9.98,-11.31,-3.75,,True
2026-08-15,pre_dam,2026-10-03T03:24:57.606025+00:00,2026-07-26,2025-07-19,6,2.83,-6.63,8.78,14.18,-4.03,,True
2026-08-15,pre_dam,2026-10-03T03:24:57.606025+00:00,2026-07-26,2025-07-19,7,4.23,-17.7,8.75,-6.73,-1.71,,True
2026-08-15,pre_dam,2026-10-03T03:24:57.606025+00:00,2026-07-26,2025-07-19,8,0.94,-17.77,11.39,-0.53,5.1,,True
2026-08-15,pre_dam,2026-10-03T03:24:57.606025+00:00,2026-07-26,2025-07-19,9,0.28,-20.88,12.35,12.12,9.32,,True
2026-08-15,pre_dam,2026-10-03T03:24:57.606025+00:00,2026-07-26,2025-07-19,10,2.71,-14.34,15.88,5.24,9.15,,True
2026-08-15,pre_dam,2026-10-03T03:24:57.606025+00:00,2026-07-26,2025-07-19,11,8.22,-14.97,22.64,-21.36,11.73,,True
2026-08-15,pre_dam,2026-10-03T03:24:57.606025+00:00,2026-07-26,2025-07-19,12,2.73,-24.32,26.25,-30.84,12.02,,True
2026-08-15,pre_dam,2026-10-03T03:24:57.606025+00:00,2026-07-26,2025-07-19,13,5.44,-23.83,32.8,-11.63,13.78,,True
2026-08-15,pre_dam,2026-10-03T03:24:57.606025+00:00,2026-07-26,2025-07-19,14,8.24,-24.43,33.71,-25.73,17.13,,True
2026-08-15,pre_dam,2026-10-03T03:24:57.606025+00:00,2026-07-26,2025-07-19,15,6.74,-21.32,34.18,-16.3,20.06,,True
2026-08-15,pre_dam,2026-10-03T03:24:57.606025+00:00,2026-07-26,2025-07-19,16,7.45,-20.09,33.91,-13.75,10.98,,True
2026-08-15,pre_dam,2026-10-03T03:24:57.606025+00:00,2026-07-26,2025-07-19,17,10.62,-27.62,36.23,7.3,-10.94,,True
2026-08-15,pre_dam,2026-10-03T03:24:57.606025+00:00,2026-07-26,2025-07-19,18,-2.07,-52.34,41.69,7.8,-21.15,,True
2026-08-15,pre_dam,2026-10-03T03:24:57.606025+00:00,2026-07-26,2025-07-19,19,11.87,-42.28,43.0,-3.27,32.3,,True
2026-08-15,pre_dam,2026-10-03T03:24:57.606025+00:00,2026-07-26,2025-07-19,20,12.56,-39.31,44.21,-7.27,36.09,,True
2026-08-15,pre_dam,2026-10-03T03:24:57.606025+00:00,2026-07-26,2025-07-19,21,5.12,-34.23,29.33,-7.34,5.46,,True
2026-08-15,pre_dam,2026-10-03T03:24:57.606025+00:00,2026-07-26,2025-07-19,22,4.6,-23.34,20.86,-36.44,-12.43,,True
2026-08-15,pre_dam,2026-10-03T03:24:57.606025+00:00,2026-07-26,2025-07-19,23,3.59,-16.32,16.32,-64.11,-5.03,,True
2026-08-15,pre_dam,2026-10-03T03:24:57.606025+00:00,2026-07-26,2025-07-19,24,4.75,-18.78,14.85,-94.53,7.75,,True
2026-08-16,pre_dam,2026-10-03T03:07:05.430767+00:00,2025-07-20,2026-07-18,1,0.91,-17.22,17.93,8.69,10.39,,True
2026-08-16,pre_dam,2026-10-03T03:07:05.430767+00:00,2025-07-20,2026-07-18,2,2.48,-16.97,17.44,2.28,15.46,,True
2026-08-16,pre_dam,2026-10-03T03:07:05.430767+00:00,2025-07-20,2026-07-18,3,3.91,-11.48,15.56,2.98,16.88,,True
2026-08-16,pre_dam,2026-10-03T03:07:05.430767+00:00,2025-07-20,2026-07-18,4,1.2,-12.32,15.62,0.58,9.0,,True
2026-08-16,pre_dam,2026-10-03T03:07:05.430767+00:00,2025-07-20,2026-07-18,5,3.65,-10.9,15.77,0.66,1.89,,True
2026-08-16,pre_dam,2026-10-03T03:07:05.430767+00:00,2025-07-20,2026-07-18,6,1.68,-12.38,15.52,5.57,2.21,,True
2026-08-16,pre_dam,2026-10-03T03:07:05.430767+00:00,2025-07-20,2026-07-18,7,2.65,-12.21,14.55,-0.27,9.95,,True
2026-08-16,pre_dam,2026-10-03T03:07:05.430767+00:00,2025-07-20,2026-07-18,8,0.46,-14.78,11.78,-11.8,-5.04,,True
2026-08-16,pre_dam,2026-10-03T03:07:05.430767+00:00,2025-07-20,2026-07-18,9,0.12,-29.84,10.67,-72.07,-9.45,,True
2026-08-16,pre_dam,2026-10-03T03:07:05.430767+00:00,2025-07-20,2026-07-18,10,-0.36,-24.33,12.72,-11.49,-0.76,,True
2026-08-16,pre_dam,2026-10-03T03:07:05.430767+00:00,2025-07-20,2026-07-18,11,-0.39,-21.12,13.37,-36.75,9.89,,True
2026-08-16,pre_dam,2026-10-03T03:07:05.430767+00:00,2025-07-20,2026-07-18,12,1.34,-45.01,21.08,1.93,20.49,,True
2026-08-16,pre_dam,2026-10-03T03:07:05.430767+00:00,2025-07-20,2026-07-18,13,1.53,-43.52,20.79,-42.76,9.35,,True
2026-08-16,pre_dam,2026-10-03T03:07:05.430767+00:00,2025-07-20,2026-07-18,14,0.01,-40.15,23.3,0.73,1.28,,True
2026-08-16,pre_dam,2026-10-03T03:07:05.430767+00:00,2025-07-20,2026-07-18,15,6.95,-35.46,31.05,14.89,-2.98,,True
2026-08-16,pre_dam,2026-10-03T03:07:05.430767+00:00,2025-07-20,2026-07-18,16,8.56,-40.87,40.41,-2.56,7.05,,True
2026-08-16,pre_dam,2026-10-03T03:07:05.430767+00:00,2025-07-20,2026-07-18,17,7.2,-45.96,39.81,13.43,9.18,,True
2026-08-16,pre_dam,2026-10-03T03:07:05.430767+00:00,2025-07-20,2026-07-18,18,10.09,-43.18,46.48,56.58,-23.12,,True
2026-08-16,pre_dam,2026-10-03T03:07:05.430767+00:00,2025-07-20,2026-07-18,19,21.31,-39.47,57.58,22.92,-39.15,,True
2026-08-16,pre_dam,2026-10-03T03:07:05.430767+00:00,2025-07-20,2026-07-18,20,15.59,-37.41,51.75,-1.78,-28.58,,True
2026-08-16,pre_dam,2026-10-03T03:07:05.430767+00:00,2025-07-20,2026-07-18,21,11.88,-45.22,40.05,-0.65,2.75,,True
2026-08-16,pre_dam,2026-10-03T03:07:05.430767+00:00,2025-07-20,2026-07-18,22,-0.47,-50.94,25.12,-13.52,4.23,,True
2026-08-16,pre_dam,2026-10-03T03:07:05.430767+00:00,2025-07-20,2026-07-18,23,-3.66,-39.62,13.28,11.76,5.44,,True
2026-08-16,pre_dam,2026-10-03T03:07:05.430767+00:00,2025-07-20,2026-07-18,24,0.17,-32.24,12.69,14.92,11.42,,True
2026-08-17,pre_dam,2026-10-03T03:09:21.240207+00:00,2026-08-12,2026-08-13,1,2.72,-13.52,16.98,0.13,8.19,,True
2026-08-17,pre_dam,2026-10-03T03:09:21.240207+00:00,2026-08-12,2026-08-13,2,9.57,-15.99,13.77,-12.38,8.43,,True
2026-08-17,pre_dam,2026-10-03T03:09:21.240207+00:00,2026-08-12,2026-08-13,3,7.76,-11.4,10.48,7.51,0.42,,True
2026-08-17,pre_dam,2026-10-03T03:09:21.240207+00:00,2026-08-12,2026-08-13,4,9.23,-12.9,10.91,4.27,1.92,,True
2026-08-17,pre_dam,2026-10-03T03:09:21.240207+00:00,2026-08-12,2026-08-13,5,10.99,-3.37,11.72,16.52,1.55,,True
2026-08-17,pre_dam,2026-10-03T03:09:21.240207+00:00,2026-08-12,2026-08-13,6,6.37,-13.84,14.7,13.66,8.51,,True
2026-08-17,pre_dam,2026-10-03T03:09:21.240207+00:00,2026-08-12,2026-08-13,7,6.87,-23.37,15.6,19.14,8.25,,True
2026-08-17,pre_dam,2026-10-03T03:09:21.240207+00:00,2026-08-12,2026-08-13,8,4.2,-25.95,16.06,34.24,16.67,,True
2026-08-17,pre_dam,2026-10-03T03:09:21.240207+00:00,2026-08-12,2026-08-13,9,13.67,-44.66,26.89,23.31,18.07,,True
2026-08-17,pre_dam,2026-10-03T03:09:21.240207+00:00,2026-08-12,2026-08-13,10,9.96,-48.42,33.89,48.98,23.28,,True
2026-08-17,pre_dam,2026-10-03T03:09:21.240207+00:00,2026-08-12,2026-08-13,11,7.48,-47.53,38.91,40.72,47.72,,True
2026-08-17,pre_dam,2026-10-03T03:09:21.240207+00:00,2026-08-12,2026-08-13,12,15.18,-38.16,51.92,38.66,23.15,,True
2026-08-17,pre_dam,2026-10-03T03:09:21.240207+00:00,2026-08-12,2026-08-13,13,20.85,-31.79,59.71,45.25,3.13,,True
2026-08-17,pre_dam,2026-10-03T03:09:21.240207+00:00,2026-08-12,2026-08-13,14,26.51,-28.49,53.69,75.37,4.41,,True
2026-08-17,pre_dam,2026-10-03T03:09:21.240207+00:00,2026-08-12,2026-08-13,15,26.94,-31.65,53.22,70.16,16.47,,True
2026-08-17,pre_dam,2026-10-03T03:09:21.240207+00:00,2026-08-12,2026-08-13,16,35.52,-21.82,63.61,73.83,3.78,,True
2026-08-17,pre_dam,2026-10-03T03:09:21.240207+00:00,2026-08-12,2026-08-13,17,15.45,-46.37,72.36,57.18,14.02,,True
2026-08-17,pre_dam,2026-10-03T03:09:21.240207+00:00,2026-08-12,2026-08-13,18,0.27,-54.55,73.25,60.67,28.43,,True
2026-08-17,pre_dam,2026-10-03T03:09:21.240207+00:00,2026-08-12,2026-08-13,19,7.31,-56.37,80.05,45.68,28.9,,True
2026-08-17,pre_dam,2026-10-03T03:09:21.240207+00:00,2026-08-12,2026-08-13,20,12.72,-44.68,74.53,47.42,54.22,,True
2026-08-17,pre_dam,2026-10-03T03:09:21.240207+00:00,2026-08-12,2026-08-13,21,31.12,-19.08,73.42,8.91,20.95,,True
2026-08-17,pre_dam,2026-10-03T03:09:21.240207+00:00,2026-08-12,2026-08-13,22,13.74,-42.56,36.62,47.81,11.56,,True
2026-08-17,pre_dam,2026-10-03T03:09:21.240207+00:00,2026-08-12,2026-08-13,23,9.52,-31.46,29.71,36.4,23.2,,True
2026-08-17,pre_dam,2026-10-03T03:09:21.240207+00:00,2026-08-12,2026-08-13,24,3.93,-22.5,15.49,20.58,-60.38,,True
2026-08-18,pre_dam,2026-10-03T03:11:55.302531+00:00,2026-08-12,2026-08-13,1,3.66,-18.16,10.21,0.13,8.19,,True
2026-08-18,pre_dam,2026-10-03T03:11:55.302531+00:00,2026-08-12,2026-08-13,2,6.19,-11.32,10.77,-12.38,8.43,,True
2026-08-18,pre_dam,2026-10-03T03:11:55.302531+00:00,2026-08-12,2026-08-13,3,8.55,-12.2,8.77,7.51,0.42,,True
2026-08-18,pre_dam,2026-10-03T03:11:55.302531+00:00,2026-08-12,2026-08-13,4,7.96,-13.84,10.91,4.27,1.92,,True
2026-08-18,pre_dam,2026-10-03T03:11:55.302531+00:00,2026-08-12,2026-08-13,5,6.86,-14.84,11.9,16.52,1.55,,True
2026-08-18,pre_dam,2026-10-03T03:11:55.302531+00:00,2026-08-12,2026-08-13,6,3.25,-14.03,18.05,13.66,8.51,,True
2026-08-18,pre_dam,2026-10-03T03:11:55.302531+00:00,2026-08-12,2026-08-13,7,5.88,-14.3,19.2,19.14,8.25,,True
2026-08-18,pre_dam,2026-10-03T03:11:55.302531+00:00,2026-08-12,2026-08-13,8,1.87,-43.98,24.79,34.24,16.67,,True
2026-08-18,pre_dam,2026-10-03T03:11:55.302531+00:00,2026-08-12,2026-08-13,9,1.9,-48.25,27.77,23.31,18.07,,True
2026-08-18,pre_dam,2026-10-03T03:11:55.302531+00:00,2026-08-12,2026-08-13,10,13.24,-39.08,32.26,48.98,23.28,,True
2026-08-18,pre_dam,2026-10-03T03:11:55.302531+00:00,2026-08-12,2026-08-13,11,15.49,-36.05,36.83,40.72,47.72,,True
2026-08-18,pre_dam,2026-10-03T03:11:55.302531+00:00,2026-08-12,2026-08-13,12,15.15,-35.17,43.67,38.66,23.15,,True
2026-08-18,pre_dam,2026-10-03T03:11:55.302531+00:00,2026-08-12,2026-08-13,13,29.27,-32.52,54.66,45.25,3.13,,True
2026-08-18,pre_dam,2026-10-03T03:11:55.302531+00:00,2026-08-12,2026-08-13,14,22.93,-28.84,58.58,75.37,4.41,,True
2026-08-18,pre_dam,2026-10-03T03:11:55.302531+00:00,2026-08-12,2026-08-13,15,25.91,-29.59,60.42,70.16,16.47,,True
2026-08-18,pre_dam,2026-10-03T03:11:55.302531+00:00,2026-08-12,2026-08-13,16,27.74,-34.31,53.46,73.83,3.78,,True
2026-08-18,pre_dam,2026-10-03T03:11:55.302531+00:00,2026-08-12,2026-08-13,17,26.77,-47.54,54.51,57.18,14.02,,True
2026-08-18,pre_dam,2026-10-03T03:11:55.302531+00:00,2026-08-12,2026-08-13,18,11.28,-43.77,55.27,60.67,28.43,,True
2026-08-18,pre_dam,2026-10-03T03:11:55.302531+00:00,2026-08-12,2026-08-13,19,23.7,-36.74,64.4,45.68,28.9,,True
2026-08-18,pre_dam,2026-10-03T03:11:55.302531+00:00,2026-08-12,2026-08-13,20,15.21,-43.86,53.19,47.42,54.22,,True
2026-08-18,pre_dam,2026-10-03T03:11:55.302531+00:00,2026-08-12,2026-08-13,21,1.84,-62.85,48.35,8.91,20.95,,True
2026-08-18,pre_dam,2026-10-03T03:11:55.302531+00:00,2026-08-12,2026-08-13,22,4.14,-53.51,30.9,47.81,11.56,,True
2026-08-18,pre_dam,2026-10-03T03:11:55.302531+00:00,2026-08-12,2026-08-13,23,8.12,-34.13,23.85,36.4,23.2,,True
2026-08-18,pre_dam,2026-10-03T03:11:55.302531+00:00,2026-08-12,2026-08-13,24,5.43,-16.34,17.78,20.58,-60.38,,True
2026-08-19,pre_dam,2026-10-03T03:13:43.507775+00:00,2026-07-30,2026-08-12,1,6.56,-14.25,18.08,-9.85,0.13,,True
2026-08-19,pre_dam,2026-10-03T03:13:43.507775+00:00,2026-07-30,2026-08-12,2,8.26,-9.58,18.91,5.01,-12.38,,True
2026-08-19,pre_dam,2026-10-03T03:13:43.507775+00:00,2026-07-30,2026-08-12,3,13.23,0.49,17.32,7.08,7.51,,True
2026-08-19,pre_dam,2026-10-03T03:13:43.507775+00:00,2026-07-30,2026-08-12,4,10.01,-5.25,17.13,8.16,4.27,,True
2026-08-19,pre_dam,2026-10-03T03:13:43.507775+00:00,2026-07-30,2026-08-12,5,6.51,-14.74,18.48,8.96,16.52,,True
2026-08-19,pre_dam,2026-10-03T03:13:43.507775+00:00,2026-07-30,2026-08-12,6,0.99,-14.73,19.41,9.21,13.66,,True
2026-08-19,pre_dam,2026-10-03T03:13:43.507775+00:00,2026-07-30,2026-08-12,7,3.9,-17.55,26.43,7.81,19.14,,True
2026-08-19,pre_dam,2026-10-03T03:13:43.507775+00:00,2026-07-30,2026-08-12,8,9.15,-24.46,27.73,1.09,34.24,,True
2026-08-19,pre_dam,2026-10-03T03:13:43.507775+00:00,2026-07-30,2026-08-12,9,3.71,-68.01,34.55,1.0,23.31,,True
2026-08-19,pre_dam,2026-10-03T03:13:43.507775+00:00,2026-07-30,2026-08-12,10,11.5,-64.53,37.86,0.08,48.98,,True
2026-08-19,pre_dam,2026-10-03T03:13:43.507775+00:00,2026-07-30,2026-08-12,11,13.6,-64.04,44.96,7.82,40.72,,True
2026-08-19,pre_dam,2026-10-03T03:13:43.507775+00:00,2026-07-30,2026-08-12,12,10.39,-55.13,46.62,-8.36,38.66,,True
2026-08-19,pre_dam,2026-10-03T03:13:43.507775+00:00,2026-07-30,2026-08-12,13,23.6,-26.97,51.41,8.31,45.25,,True
2026-08-19,pre_dam,2026-10-03T03:13:43.507775+00:00,2026-07-30,2026-08-12,14,25.99,-22.98,48.52,4.57,75.37,,True
2026-08-19,pre_dam,2026-10-03T03:13:43.507775+00:00,2026-07-30,2026-08-12,15,27.95,-32.5,44.09,-8.5,70.16,,True
2026-08-19,pre_dam,2026-10-03T03:13:43.507775+00:00,2026-07-30,2026-08-12,16,30.0,-33.08,49.77,5.95,73.83,,True
2026-08-19,pre_dam,2026-10-03T03:13:43.507775+00:00,2026-07-30,2026-08-12,17,26.95,-31.51,51.97,2.68,57.18,,True
2026-08-19,pre_dam,2026-10-03T03:13:43.507775+00:00,2026-07-30,2026-08-12,18,29.81,-41.05,55.21,-9.06,60.67,,True
2026-08-19,pre_dam,2026-10-03T03:13:43.507775+00:00,2026-07-30,2026-08-12,19,32.8,-39.65,62.75,5.0,45.68,,True
2026-08-19,pre_dam,2026-10-03T03:13:43.507775+00:00,2026-07-30,2026-08-12,20,34.76,-49.39,64.82,7.66,47.42,,True
2026-08-19,pre_dam,2026-10-03T03:13:43.507775+00:00,2026-07-30,2026-08-12,21,22.74,-40.1,50.38,22.92,8.91,,True
2026-08-19,pre_dam,2026-10-03T03:13:43.507775+00:00,2026-07-30,2026-08-12,22,18.5,-43.72,45.0,9.81,47.81,,True
2026-08-19,pre_dam,2026-10-03T03:13:43.507775+00:00,2026-07-30,2026-08-12,23,5.07,-17.27,26.04,0.77,36.4,,True
2026-08-19,pre_dam,2026-10-03T03:13:43.507775+00:00,2026-07-30,2026-08-12,24,8.22,-16.86,19.56,2.19,20.58,,True
2026-08-20,pre_dam,2026-10-03T03:15:36.196646+00:00,2025-08-04,2025-08-22,1,8.52,-11.74,19.52,23.66,41.07,,True
2026-08-20,pre_dam,2026-10-03T03:15:36.196646+00:00,2025-08-04,2025-08-22,2,6.79,-11.67,18.92,8.59,33.47,,True
2026-08-20,pre_dam,2026-10-03T03:15:36.196646+00:00,2025-08-04,2025-08-22,3,10.12,-1.17,16.71,4.79,5.49,,True
2026-08-20,pre_dam,2026-10-03T03:15:36.196646+00:00,2025-08-04,2025-08-22,4,5.99,-4.73,15.2,2.52,22.7,,True
2026-08-20,pre_dam,2026-10-03T03:15:36.196646+00:00,2025-08-04,2025-08-22,5,6.68,-4.49,14.62,4.68,20.56,,True
2026-08-20,pre_dam,2026-10-03T03:15:36.196646+00:00,2025-08-04,2025-08-22,6,4.83,-9.76,15.33,-11.9,17.03,,True
2026-08-20,pre_dam,2026-10-03T03:15:36.196646+00:00,2025-08-04,2025-08-22,7,5.47,-14.8,18.1,-90.74,5.87,,True
2026-08-20,pre_dam,2026-10-03T03:15:36.196646+00:00,2025-08-04,2025-08-22,8,6.45,-22.27,19.75,-19.86,1.64,,True
2026-08-20,pre_dam,2026-10-03T03:15:36.196646+00:00,2025-08-04,2025-08-22,9,6.66,-22.54,18.01,-12.41,3.34,,True
2026-08-20,pre_dam,2026-10-03T03:15:36.196646+00:00,2025-08-04,2025-08-22,10,8.09,-21.27,23.98,9.73,8.27,,True
2026-08-20,pre_dam,2026-10-03T03:15:36.196646+00:00,2025-08-04,2025-08-22,11,12.01,-24.66,27.82,-5.84,12.81,,True
2026-08-20,pre_dam,2026-10-03T03:15:36.196646+00:00,2025-08-04,2025-08-22,12,13.28,-20.72,30.11,5.74,20.75,,True
2026-08-20,pre_dam,2026-10-03T03:15:36.196646+00:00,2025-08-04,2025-08-22,13,16.29,-20.0,29.33,-19.12,18.57,,True
2026-08-20,pre_dam,2026-10-03T03:15:36.196646+00:00,2025-08-04,2025-08-22,14,17.19,-28.45,31.61,26.32,21.76,,True
2026-08-20,pre_dam,2026-10-03T03:15:36.196646+00:00,2025-08-04,2025-08-22,15,22.31,-38.92,42.12,21.95,38.77,,True
2026-08-20,pre_dam,2026-10-03T03:15:36.196646+00:00,2025-08-04,2025-08-22,16,29.05,-35.63,44.41,32.5,50.46,,True
2026-08-20,pre_dam,2026-10-03T03:15:36.196646+00:00,2025-08-04,2025-08-22,17,32.14,-32.58,47.18,22.78,41.28,,True
2026-08-20,pre_dam,2026-10-03T03:15:36.196646+00:00,2025-08-04,2025-08-22,18,25.31,-34.44,55.23,59.88,55.87,,True
2026-08-20,pre_dam,2026-10-03T03:15:36.196646+00:00,2025-08-04,2025-08-22,19,11.35,-40.05,56.05,74.79,43.46,,True
2026-08-20,pre_dam,2026-10-03T03:15:36.196646+00:00,2025-08-04,2025-08-22,20,13.13,-36.2,54.18,86.57,42.98,,True
2026-08-20,pre_dam,2026-10-03T03:15:36.196646+00:00,2025-08-04,2025-08-22,21,9.76,-37.62,40.68,40.09,67.54,,True
2026-08-20,pre_dam,2026-10-03T03:15:36.196646+00:00,2025-08-04,2025-08-22,22,4.41,-30.52,29.5,23.4,25.87,,True
2026-08-20,pre_dam,2026-10-03T03:15:36.196646+00:00,2025-08-04,2025-08-22,23,4.07,-38.62,24.08,4.3,-12.26,,True
2026-08-20,pre_dam,2026-10-03T03:15:36.196646+00:00,2025-08-04,2025-08-22,24,6.75,-21.19,15.91,8.33,-1.36,,True
2026-08-21,pre_dam,2026-10-03T03:17:30.031461+00:00,2026-08-20,2025-08-22,1,7.74,-16.29,20.54,5.22,41.07,,True
2026-08-21,pre_dam,2026-10-03T03:17:30.031461+00:00,2026-08-20,2025-08-22,2,8.04,-9.81,16.72,3.74,33.47,,True
2026-08-21,pre_dam,2026-10-03T03:17:30.031461+00:00,2026-08-20,2025-08-22,3,6.44,-11.89,15.63,1.57,5.49,,True
2026-08-21,pre_dam,2026-10-03T03:17:30.031461+00:00,2026-08-20,2025-08-22,4,7.33,-12.45,15.33,1.79,22.7,,True
2026-08-21,pre_dam,2026-10-03T03:17:30.031461+00:00,2026-08-20,2025-08-22,5,7.55,-10.67,14.52,4.51,20.56,,True
2026-08-21,pre_dam,2026-10-03T03:17:30.031461+00:00,2026-08-20,2025-08-22,6,6.32,-18.08,17.01,13.46,17.03,,True
2026-08-21,pre_dam,2026-10-03T03:17:30.031461+00:00,2026-08-20,2025-08-22,7,5.02,-22.54,19.62,10.63,5.87,,True
2026-08-21,pre_dam,2026-10-03T03:17:30.031461+00:00,2026-08-20,2025-08-22,8,3.8,-23.42,18.75,4.47,1.64,,True
2026-08-21,pre_dam,2026-10-03T03:17:30.031461+00:00,2026-08-20,2025-08-22,9,2.54,-25.4,18.56,1.05,3.34,,True
2026-08-21,pre_dam,2026-10-03T03:17:30.031461+00:00,2026-08-20,2025-08-22,10,7.18,-21.85,22.76,12.9,8.27,,True
2026-08-21,pre_dam,2026-10-03T03:17:30.031461+00:00,2026-08-20,2025-08-22,11,8.08,-19.81,19.55,8.91,12.81,,True
2026-08-21,pre_dam,2026-10-03T03:17:30.031461+00:00,2026-08-20,2025-08-22,12,12.31,-21.19,21.12,5.62,20.75,,True
2026-08-21,pre_dam,2026-10-03T03:17:30.031461+00:00,2026-08-20,2025-08-22,13,12.12,-29.64,28.44,-10.32,18.57,,True
2026-08-21,pre_dam,2026-10-03T03:17:30.031461+00:00,2026-08-20,2025-08-22,14,15.09,-29.29,30.74,-13.59,21.76,,True
2026-08-21,pre_dam,2026-10-03T03:17:30.031461+00:00,2026-08-20,2025-08-22,15,15.25,-31.8,32.53,1.55,38.77,,True
2026-08-21,pre_dam,2026-10-03T03:17:30.031461+00:00,2026-08-20,2025-08-22,16,11.95,-44.63,39.33,41.47,50.46,,True
2026-08-21,pre_dam,2026-10-03T03:17:30.031461+00:00,2026-08-20,2025-08-22,17,27.4,-37.19,46.18,44.36,41.28,,True
2026-08-21,pre_dam,2026-10-03T03:17:30.031461+00:00,2026-08-20,2025-08-22,18,1.89,-55.34,37.08,-0.59,55.87,,True
2026-08-21,pre_dam,2026-10-03T03:17:30.031461+00:00,2026-08-20,2025-08-22,19,17.92,-56.15,59.36,19.8,43.46,,True
2026-08-21,pre_dam,2026-10-03T03:17:30.031461+00:00,2026-08-20,2025-08-22,20,20.81,-34.08,54.66,37.72,42.98,,True
2026-08-21,pre_dam,2026-10-03T03:17:30.031461+00:00,2026-08-20,2025-08-22,21,16.2,-39.02,43.89,44.84,67.54,,True
2026-08-21,pre_dam,2026-10-03T03:17:30.031461+00:00,2026-08-20,2025-08-22,22,6.89,-35.63,29.72,24.4,25.87,,True
2026-08-21,pre_dam,2026-10-03T03:17:30.031461+00:00,2026-08-20,2025-08-22,23,8.57,-32.44,26.02,7.0,-12.26,,True
2026-08-21,pre_dam,2026-10-03T03:17:30.031461+00:00,2026-08-20,2025-08-22,24,6.2,-14.89,19.26,4.81,-1.36,,True
2026-08-22,pre_dam,2026-10-03T03:19:14.675760+00:00,2025-08-23,2025-06-29,1,4.43,-14.65,11.3,-0.11,1.81,,True
2026-08-22,pre_dam,2026-10-03T03:19:14.675760+00:00,2025-08-23,2025-06-29,2,5.61,-16.08,12.26,-17.89,0.38,,True
2026-08-22,pre_dam,2026-10-03T03:19:14.675760+00:00,2025-08-23,2025-06-29,3,5.08,-16.79,12.83,-45.23,-6.22,,True
2026-08-22,pre_dam,2026-10-03T03:19:14.675760+00:00,2025-08-23,2025-06-29,4,4.41,-17.1,12.01,-23.67,-7.46,,True
2026-08-22,pre_dam,2026-10-03T03:19:14.675760+00:00,2025-08-23,2025-06-29,5,6.49,-13.25,13.92,25.36,-9.94,,True
2026-08-22,pre_dam,2026-10-03T03:19:14.675760+00:00,2025-08-23,2025-06-29,6,6.83,-14.95,15.55,23.56,-0.62,,True
2026-08-22,pre_dam,2026-10-03T03:19:14.675760+00:00,2025-08-23,2025-06-29,7,5.19,-17.14,10.58,23.03,-8.73,,True
2026-08-22,pre_dam,2026-10-03T03:19:14.675760+00:00,2025-08-23,2025-06-29,8,5.15,-17.99,9.34,10.49,-2.0,,True
2026-08-22,pre_dam,2026-10-03T03:19:14.675760+00:00,2025-08-23,2025-06-29,9,4.47,-23.98,9.62,10.32,5.6,,True
2026-08-22,pre_dam,2026-10-03T03:19:14.675760+00:00,2025-08-23,2025-06-29,10,-3.01,-28.46,14.88,17.77,2.49,,True
2026-08-22,pre_dam,2026-10-03T03:19:14.675760+00:00,2025-08-23,2025-06-29,11,-1.65,-29.35,17.19,24.32,15.59,,True
2026-08-22,pre_dam,2026-10-03T03:19:14.675760+00:00,2025-08-23,2025-06-29,12,-0.21,-19.07,18.57,18.91,17.94,,True
2026-08-22,pre_dam,2026-10-03T03:19:14.675760+00:00,2025-08-23,2025-06-29,13,5.11,-25.16,22.01,30.93,31.6,,True
2026-08-22,pre_dam,2026-10-03T03:19:14.675760+00:00,2025-08-23,2025-06-29,14,7.13,-22.83,25.69,34.08,37.65,,True
2026-08-22,pre_dam,2026-10-03T03:19:14.675760+00:00,2025-08-23,2025-06-29,15,9.07,-23.48,26.27,33.36,56.65,,True
2026-08-22,pre_dam,2026-10-03T03:19:14.675760+00:00,2025-08-23,2025-06-29,16,5.86,-33.28,32.01,30.79,53.75,,True
2026-08-22,pre_dam,2026-10-03T03:19:14.675760+00:00,2025-08-23,2025-06-29,17,-9.54,-35.18,32.14,45.7,64.22,,True
2026-08-22,pre_dam,2026-10-03T03:19:14.675760+00:00,2025-08-23,2025-06-29,18,5.43,-36.73,34.53,36.17,45.63,,True
2026-08-22,pre_dam,2026-10-03T03:19:14.675760+00:00,2025-08-23,2025-06-29,19,-2.9,-41.37,35.48,26.83,38.88,,True
2026-08-22,pre_dam,2026-10-03T03:19:14.675760+00:00,2025-08-23,2025-06-29,20,4.36,-35.92,36.52,13.58,15.46,,True
2026-08-22,pre_dam,2026-10-03T03:19:14.675760+00:00,2025-08-23,2025-06-29,21,3.6,-42.87,26.39,7.29,81.08,,True
2026-08-22,pre_dam,2026-10-03T03:19:14.675760+00:00,2025-08-23,2025-06-29,22,4.78,-22.38,15.1,0.83,29.9,,True
2026-08-22,pre_dam,2026-10-03T03:19:14.675760+00:00,2025-08-23,2025-06-29,23,3.18,-18.28,13.9,7.95,13.79,,True
2026-08-22,pre_dam,2026-10-03T03:19:14.675760+00:00,2025-08-23,2025-06-29,24,1.5,-10.13,11.26,11.34,13.07,,True
2026-08-23,pre_dam,2026-10-03T03:20:59.022983+00:00,2026-06-07,2026-06-14,1,1.49,-14.08,19.9,9.35,9.62,,True
2026-08-23,pre_dam,2026-10-03T03:20:59.022983+00:00,2026-06-07,2026-06-14,2,7.82,-5.76,19.09,7.19,4.25,,True
2026-08-23,pre_dam,2026-10-03T03:20:59.022983+00:00,2026-06-07,2026-06-14,3,3.44,-9.14,18.7,4.65,5.38,,True
2026-08-23,pre_dam,2026-10-03T03:20:59.022983+00:00,2026-06-07,2026-06-14,4,3.15,-9.4,21.65,4.21,6.64,,True
2026-08-23,pre_dam,2026-10-03T03:20:59.022983+00:00,2026-06-07,2026-06-14,5,1.7,-10.17,20.41,1.19,12.57,,True
2026-08-23,pre_dam,2026-10-03T03:20:59.022983+00:00,2026-06-07,2026-06-14,6,0.21,-12.17,18.26,3.08,6.27,,True
2026-08-23,pre_dam,2026-10-03T03:20:59.022983+00:00,2026-06-07,2026-06-14,7,-1.88,-14.68,16.27,13.01,20.6,,True
2026-08-23,pre_dam,2026-10-03T03:20:59.022983+00:00,2026-06-07,2026-06-14,8,-1.09,-12.06,17.93,5.09,24.28,,True
2026-08-23,pre_dam,2026-10-03T03:20:59.022983+00:00,2026-06-07,2026-06-14,9,3.01,-8.84,22.38,13.72,22.91,,True
2026-08-23,pre_dam,2026-10-03T03:20:59.022983+00:00,2026-06-07,2026-06-14,10,1.65,-8.47,21.1,2.61,17.42,,True
2026-08-23,pre_dam,2026-10-03T03:20:59.022983+00:00,2026-06-07,2026-06-14,11,-2.75,-16.21,21.42,6.96,0.13,,True
2026-08-23,pre_dam,2026-10-03T03:20:59.022983+00:00,2026-06-07,2026-06-14,12,-11.44,-20.91,19.69,2.15,22.85,,True
2026-08-23,pre_dam,2026-10-03T03:20:59.022983+00:00,2026-06-07,2026-06-14,13,-2.76,-18.56,26.06,6.26,15.98,,True
2026-08-23,pre_dam,2026-10-03T03:20:59.022983+00:00,2026-06-07,2026-06-14,14,-2.68,-15.71,26.09,18.41,16.21,,True
2026-08-23,pre_dam,2026-10-03T03:20:59.022983+00:00,2026-06-07,2026-06-14,15,-0.54,-17.26,24.14,8.24,13.4,,True
2026-08-23,pre_dam,2026-10-03T03:20:59.022983+00:00,2026-06-07,2026-06-14,16,1.29,-17.08,25.57,14.51,2.54,,True
2026-08-23,pre_dam,2026-10-03T03:20:59.022983+00:00,2026-06-07,2026-06-14,17,1.49,-17.91,25.71,22.77,-4.9,,True
2026-08-23,pre_dam,2026-10-03T03:20:59.022983+00:00,2026-06-07,2026-06-14,18,4.84,-19.17,27.42,21.49,15.33,,True
2026-08-23,pre_dam,2026-10-03T03:20:59.022983+00:00,2026-06-07,2026-06-14,19,5.69,-17.16,27.52,19.74,3.76,,True
2026-08-23,pre_dam,2026-10-03T03:20:59.022983+00:00,2026-06-07,2026-06-14,20,0.39,-20.18,22.47,-1.5,19.38,,True
2026-08-23,pre_dam,2026-10-03T03:20:59.022983+00:00,2026-06-07,2026-06-14,21,-2.34,-32.19,30.84,16.78,16.94,,True
2026-08-23,pre_dam,2026-10-03T03:20:59.022983+00:00,2026-06-07,2026-06-14,22,-2.95,-21.65,20.93,8.01,0.22,,True
2026-08-23,pre_dam,2026-10-03T03:20:59.022983+00:00,2026-06-07,2026-06-14,23,-1.4,-19.13,19.27,11.18,14.83,,True
2026-08-23,pre_dam,2026-10-03T03:20:59.022983+00:00,2026-06-07,2026-06-14,24,0.72,-14.43,17.52,11.3,15.7,,True
2026-08-24,pre_dam,2026-10-03T03:23:04.309956+00:00,2025-09-04,2025-06-05,1,7.53,-7.88,19.28,-2.83,3.27,,True
2026-08-24,pre_dam,2026-10-03T03:23:04.309956+00:00,2025-09-04,2025-06-05,2,7.88,-3.8,22.91,-1.86,-4.23,,True
2026-08-24,pre_dam,2026-10-03T03:23:04.309956+00:00,2025-09-04,2025-06-05,3,5.59,-7.64,22.05,-8.13,-8.72,,True
2026-08-24,pre_dam,2026-10-03T03:23:04.309956+00:00,2025-09-04,2025-06-05,4,5.1,-9.89,21.07,-9.09,-4.72,,True
2026-08-24,pre_dam,2026-10-03T03:23:04.309956+00:00,2025-09-04,2025-06-05,5,6.43,-6.98,20.45,-5.35,19.27,,True
2026-08-24,pre_dam,2026-10-03T03:23:04.309956+00:00,2025-09-04,2025-06-05,6,8.71,-4.64,23.64,2.69,19.08,,True
2026-08-24,pre_dam,2026-10-03T03:23:04.309956+00:00,2025-09-04,2025-06-05,7,7.48,-8.2,22.68,-132.88,7.93,,True
2026-08-24,pre_dam,2026-10-03T03:23:04.309956+00:00,2025-09-04,2025-06-05,8,1.95,-13.66,17.53,-100.07,4.14,,True
2026-08-24,pre_dam,2026-10-03T03:23:04.309956+00:00,2025-09-04,2025-06-05,9,-2.2,-24.82,17.55,-12.26,12.68,,True
2026-08-24,pre_dam,2026-10-03T03:23:04.309956+00:00,2025-09-04,2025-06-05,10,7.74,-18.92,18.02,0.06,1.78,,True
2026-08-24,pre_dam,2026-10-03T03:23:04.309956+00:00,2025-09-04,2025-06-05,11,8.6,-18.98,18.88,2.47,-20.12,,True
2026-08-24,pre_dam,2026-10-03T03:23:04.309956+00:00,2025-09-04,2025-06-05,12,8.4,-14.9,20.52,-1.32,-25.27,,True
2026-08-24,pre_dam,2026-10-03T03:23:04.309956+00:00,2025-09-04,2025-06-05,13,8.08,-19.36,19.7,-8.03,-37.25,,True
2026-08-24,pre_dam,2026-10-03T03:23:04.309956+00:00,2025-09-04,2025-06-05,14,6.92,-19.37,21.34,-25.44,-104.23,,True
2026-08-24,pre_dam,2026-10-03T03:23:04.309956+00:00,2025-09-04,2025-06-05,15,7.18,-18.11,21.3,-9.49,-30.52,,True
2026-08-24,pre_dam,2026-10-03T03:23:04.309956+00:00,2025-09-04,2025-06-05,16,2.97,-19.14,21.95,-17.71,-0.7,,True
2026-08-24,pre_dam,2026-10-03T03:23:04.309956+00:00,2025-09-04,2025-06-05,17,4.26,-20.75,29.7,-29.55,10.35,,True
2026-08-24,pre_dam,2026-10-03T03:23:04.309956+00:00,2025-09-04,2025-06-05,18,2.08,-22.02,29.05,-47.76,32.54,,True
2026-08-24,pre_dam,2026-10-03T03:23:04.309956+00:00,2025-09-04,2025-06-05,19,3.0,-43.69,40.66,-83.52,38.4,,True
2026-08-24,pre_dam,2026-10-03T03:23:04.309956+00:00,2025-09-04,2025-06-05,20,6.16,-50.13,37.42,-14.71,29.15,,True
2026-08-24,pre_dam,2026-10-03T03:23:04.309956+00:00,2025-09-04,2025-06-05,21,8.06,-46.28,36.33,8.54,23.3,,True
2026-08-24,pre_dam,2026-10-03T03:23:04.309956+00:00,2025-09-04,2025-06-05,22,3.58,-21.76,25.69,6.85,-2.99,,True
2026-08-24,pre_dam,2026-10-03T03:23:04.309956+00:00,2025-09-04,2025-06-05,23,1.57,-27.78,21.05,12.52,7.27,,True
2026-08-24,pre_dam,2026-10-03T03:23:04.309956+00:00,2025-09-04,2025-06-05,24,5.21,-27.09,22.73,11.33,13.52,,True
2026-08-25,pre_dam,2026-10-03T03:24:56.167848+00:00,2025-09-26,2025-09-24,1,9.84,-13.79,18.7,12.6,8.76,,True
2026-08-25,pre_dam,2026-10-03T03:24:56.167848+00:00,2025-09-26,2025-09-24,2,7.71,-6.34,21.46,11.11,10.64,,True
2026-08-25,pre_dam,2026-10-03T03:24:56.167848+00:00,2025-09-26,2025-09-24,3,8.86,-1.26,22.01,6.86,8.88,,True
2026-08-25,pre_dam,2026-10-03T03:24:56.167848+00:00,2025-09-26,2025-09-24,4,8.21,-4.42,21.63,13.17,3.28,,True
2026-08-25,pre_dam,2026-10-03T03:24:56.167848+00:00,2025-09-26,2025-09-24,5,7.72,-11.54,21.15,7.45,7.49,,True
2026-08-25,pre_dam,2026-10-03T03:24:56.167848+00:00,2025-09-26,2025-09-24,6,5.67,-16.78,24.62,14.37,25.29,,True
2026-08-25,pre_dam,2026-10-03T03:24:56.167848+00:00,2025-09-26,2025-09-24,7,1.17,-23.42,25.81,-9.25,-5.58,,True
2026-08-25,pre_dam,2026-10-03T03:24:56.167848+00:00,2025-09-26,2025-09-24,8,5.62,-18.62,26.56,1.92,35.6,,True
2026-08-25,pre_dam,2026-10-03T03:24:56.167848+00:00,2025-09-26,2025-09-24,9,4.11,-23.36,26.08,47.33,7.04,,True
2026-08-25,pre_dam,2026-10-03T03:24:56.167848+00:00,2025-09-26,2025-09-24,10,0.39,-24.28,25.21,31.05,57.15,,True
2026-08-25,pre_dam,2026-10-03T03:24:56.167848+00:00,2025-09-26,2025-09-24,11,5.51,-11.0,25.82,26.45,55.7,,True
2026-08-25,pre_dam,2026-10-03T03:24:56.167848+00:00,2025-09-26,2025-09-24,12,11.87,-12.03,32.34,45.78,64.18,,True
2026-08-25,pre_dam,2026-10-03T03:24:56.167848+00:00,2025-09-26,2025-09-24,13,4.24,-31.22,33.13,56.49,69.44,,True
2026-08-25,pre_dam,2026-10-03T03:24:56.167848+00:00,2025-09-26,2025-09-24,14,9.81,-29.0,37.78,65.16,73.12,,True
2026-08-25,pre_dam,2026-10-03T03:24:56.167848+00:00,2025-09-26,2025-09-24,15,5.04,-45.17,46.64,64.77,73.31,,True
2026-08-25,pre_dam,2026-10-03T03:24:56.167848+00:00,2025-09-26,2025-09-24,16,18.86,-36.94,55.79,47.96,77.9,,True
2026-08-25,pre_dam,2026-10-03T03:24:56.167848+00:00,2025-09-26,2025-09-24,17,19.74,-44.38,58.22,63.05,87.78,,True
2026-08-25,pre_dam,2026-10-03T03:24:56.167848+00:00,2025-09-26,2025-09-24,18,3.96,-46.58,61.15,46.63,69.66,,True
2026-08-25,pre_dam,2026-10-03T03:24:56.167848+00:00,2025-09-26,2025-09-24,19,21.04,-38.89,69.97,70.49,75.42,,True
2026-08-25,pre_dam,2026-10-03T03:24:56.167848+00:00,2025-09-26,2025-09-24,20,31.41,-23.86,73.24,53.04,85.48,,True
2026-08-25,pre_dam,2026-10-03T03:24:56.167848+00:00,2025-09-26,2025-09-24,21,17.22,-41.3,51.23,36.31,42.6,,True
2026-08-25,pre_dam,2026-10-03T03:24:56.167848+00:00,2025-09-26,2025-09-24,22,2.36,-42.53,36.93,-4.96,-46.04,,True
2026-08-25,pre_dam,2026-10-03T03:24:56.167848+00:00,2025-09-26,2025-09-24,23,4.79,-21.08,25.54,6.29,-43.18,,True
2026-08-25,pre_dam,2026-10-03T03:24:56.167848+00:00,2025-09-26,2025-09-24,24,6.25,-21.19,22.9,14.66,3.69,,True
2026-08-26,pre_dam,2026-10-03T03:07:23.872264+00:00,2025-07-01,2026-08-14,1,16.0,1.74,24.98,41.11,-18.75,,True
2026-08-26,pre_dam,2026-10-03T03:07:23.872264+00:00,2025-07-01,2026-08-14,2,11.74,-3.95,19.94,12.04,-4.19,,True
2026-08-26,pre_dam,2026-10-03T03:07:23.872264+00:00,2025-07-01,2026-08-14,3,10.73,-2.09,18.32,9.85,-14.82,,True
2026-08-26,pre_dam,2026-10-03T03:07:23.872264+00:00,2025-07-01,2026-08-14,4,11.76,-2.76,18.53,-1.66,-11.06,,True
2026-08-26,pre_dam,2026-10-03T03:07:23.872264+00:00,2025-07-01,2026-08-14,5,11.59,-1.03,21.62,-7.24,-11.28,,True
2026-08-26,pre_dam,2026-10-03T03:07:23.872264+00:00,2025-07-01,2026-08-14,6,10.9,-3.29,19.41,-6.68,3.65,,True
2026-08-26,pre_dam,2026-10-03T03:07:23.872264+00:00,2025-07-01,2026-08-14,7,10.66,-5.35,23.61,-8.23,9.67,,True
2026-08-26,pre_dam,2026-10-03T03:07:23.872264+00:00,2025-07-01,2026-08-14,8,6.04,-11.72,22.43,-71.59,7.38,,True
2026-08-26,pre_dam,2026-10-03T03:07:23.872264+00:00,2025-07-01,2026-08-14,9,7.45,-15.75,21.27,-351.1,15.78,,True
2026-08-26,pre_dam,2026-10-03T03:07:23.872264+00:00,2025-07-01,2026-08-14,10,10.32,-12.5,22.62,-215.88,-28.33,,True
2026-08-26,pre_dam,2026-10-03T03:07:23.872264+00:00,2025-07-01,2026-08-14,11,8.26,-25.36,23.03,-72.7,-8.49,,True
2026-08-26,pre_dam,2026-10-03T03:07:23.872264+00:00,2025-07-01,2026-08-14,12,12.07,-23.76,29.73,8.25,-59.42,,True
2026-08-26,pre_dam,2026-10-03T03:07:23.872264+00:00,2025-07-01,2026-08-14,13,21.63,-16.41,31.93,-28.73,-11.63,,True
2026-08-26,pre_dam,2026-10-03T03:07:23.872264+00:00,2025-07-01,2026-08-14,14,24.39,-37.57,38.6,23.87,-8.46,,True
2026-08-26,pre_dam,2026-10-03T03:07:23.872264+00:00,2025-07-01,2026-08-14,15,21.25,-30.95,40.26,54.94,29.62,,True
2026-08-26,pre_dam,2026-10-03T03:07:23.872264+00:00,2025-07-01,2026-08-14,16,29.39,-21.95,57.77,47.78,37.15,,True
2026-08-26,pre_dam,2026-10-03T03:07:23.872264+00:00,2025-07-01,2026-08-14,17,44.28,-17.03,70.56,32.95,27.74,,True
2026-08-26,pre_dam,2026-10-03T03:07:23.872264+00:00,2025-07-01,2026-08-14,18,37.92,-12.49,73.95,32.73,31.96,,True
2026-08-26,pre_dam,2026-10-03T03:07:23.872264+00:00,2025-07-01,2026-08-14,19,24.03,-28.22,59.07,-0.05,29.01,,True
2026-08-26,pre_dam,2026-10-03T03:07:23.872264+00:00,2025-07-01,2026-08-14,20,33.03,-22.18,65.02,12.82,9.32,,True
2026-08-26,pre_dam,2026-10-03T03:07:23.872264+00:00,2025-07-01,2026-08-14,21,30.25,-13.73,62.46,22.16,22.13,,True
2026-08-26,pre_dam,2026-10-03T03:07:23.872264+00:00,2025-07-01,2026-08-14,22,12.08,-33.72,35.34,24.2,-14.04,,True
2026-08-26,pre_dam,2026-10-03T03:07:23.872264+00:00,2025-07-01,2026-08-14,23,7.78,-22.48,26.83,15.31,-22.86,,True
2026-08-26,pre_dam,2026-10-03T03:07:23.872264+00:00,2025-07-01,2026-08-14,24,12.73,-4.8,23.74,19.93,-7.48,,True
2026-08-27,pre_dam,2026-10-03T03:09:53.866814+00:00,2026-08-19,2026-06-22,1,8.86,-0.86,18.29,-1.79,3.22,,True
2026-08-27,pre_dam,2026-10-03T03:09:53.866814+00:00,2026-08-19,2026-06-22,2,10.54,2.16,20.9,-6.15,5.62,,True
2026-08-27,pre_dam,2026-10-03T03:09:53.866814+00:00,2026-08-19,2026-06-22,3,9.89,0.95,21.1,-22.76,8.4,,True
2026-08-27,pre_dam,2026-10-03T03:09:53.866814+00:00,2026-08-19,2026-06-22,4,8.71,-0.33,21.29,-2.94,16.78,,True
2026-08-27,pre_dam,2026-10-03T03:09:53.866814+00:00,2026-08-19,2026-06-22,5,9.11,-0.59,22.85,6.89,14.23,,True
2026-08-27,pre_dam,2026-10-03T03:09:53.866814+00:00,2026-08-19,2026-06-22,6,4.34,-11.31,17.26,12.4,12.33,,True
2026-08-27,pre_dam,2026-10-03T03:09:53.866814+00:00,2026-08-19,2026-06-22,7,7.2,-12.91,16.64,22.83,-13.93,,True
2026-08-27,pre_dam,2026-10-03T03:09:53.866814+00:00,2026-08-19,2026-06-22,8,4.0,-14.69,17.21,6.96,-43.89,,True
2026-08-27,pre_dam,2026-10-03T03:09:53.866814+00:00,2026-08-19,2026-06-22,9,-5.49,-21.77,14.97,-16.22,-26.85,,True
2026-08-27,pre_dam,2026-10-03T03:09:53.866814+00:00,2026-08-19,2026-06-22,10,-2.79,-28.72,14.57,-8.24,-16.08,,True
2026-08-27,pre_dam,2026-10-03T03:09:53.866814+00:00,2026-08-19,2026-06-22,11,-5.54,-29.4,17.39,-2.48,-16.01,,True
2026-08-27,pre_dam,2026-10-03T03:09:53.866814+00:00,2026-08-19,2026-06-22,12,-8.82,-33.13,17.28,5.05,-22.59,,True
2026-08-27,pre_dam,2026-10-03T03:09:53.866814+00:00,2026-08-19,2026-06-22,13,-0.4,-31.84,20.18,-8.06,-16.31,,True
2026-08-27,pre_dam,2026-10-03T03:09:53.866814+00:00,2026-08-19,2026-06-22,14,-5.22,-37.17,25.06,-27.0,-23.56,,True
2026-08-27,pre_dam,2026-10-03T03:09:53.866814+00:00,2026-08-19,2026-06-22,15,-4.48,-36.09,24.88,7.22,-0.88,,True
2026-08-27,pre_dam,2026-10-03T03:09:53.866814+00:00,2026-08-19,2026-06-22,16,-19.31,-52.41,30.82,-18.98,2.59,,True
2026-08-27,pre_dam,2026-10-03T03:09:53.866814+00:00,2026-08-19,2026-06-22,17,-10.07,-81.66,40.03,1.41,-39.26,,True
2026-08-27,pre_dam,2026-10-03T03:09:53.866814+00:00,2026-08-19,2026-06-22,18,-9.56,-66.91,39.81,5.98,-13.33,,True
2026-08-27,pre_dam,2026-10-03T03:09:53.866814+00:00,2026-08-19,2026-06-22,19,5.83,-63.62,52.37,24.75,1.06,,True
2026-08-27,pre_dam,2026-10-03T03:09:53.866814+00:00,2026-08-19,2026-06-22,20,3.17,-64.3,46.4,32.25,14.44,,True
2026-08-27,pre_dam,2026-10-03T03:09:53.866814+00:00,2026-08-19,2026-06-22,21,3.79,-46.5,34.09,34.59,8.49,,True
2026-08-27,pre_dam,2026-10-03T03:09:53.866814+00:00,2026-08-19,2026-06-22,22,3.16,-36.54,27.15,33.49,-2.81,,True
2026-08-27,pre_dam,2026-10-03T03:09:53.866814+00:00,2026-08-19,2026-06-22,23,2.73,-19.89,20.01,17.62,15.98,,True
2026-08-27,pre_dam,2026-10-03T03:09:53.866814+00:00,2026-08-19,2026-06-22,24,4.94,-13.74,17.49,9.35,19.2,,True
2026-08-28,pre_dam,2026-10-03T03:12:14.402888+00:00,2026-07-23,2025-09-18,1,4.11,-13.11,19.87,7.92,18.46,,True
2026-08-28,pre_dam,2026-10-03T03:12:14.402888+00:00,2026-07-23,2025-09-18,2,5.17,-10.26,15.1,5.37,14.74,,True
2026-08-28,pre_dam,2026-10-03T03:12:14.402888+00:00,2026-07-23,2025-09-18,3,5.72,-4.1,15.31,-3.67,13.87,,True
2026-08-28,pre_dam,2026-10-03T03:12:14.402888+00:00,2026-07-23,2025-09-18,4,6.37,-3.61,21.55,-0.13,14.56,,True
2026-08-28,pre_dam,2026-10-03T03:12:14.402888+00:00,2026-07-23,2025-09-18,5,8.95,-2.72,20.1,16.74,9.79,,True
2026-08-28,pre_dam,2026-10-03T03:12:14.402888+00:00,2026-07-23,2025-09-18,6,5.97,-9.26,21.56,-28.4,-3.98,,True
2026-08-28,pre_dam,2026-10-03T03:12:14.402888+00:00,2026-07-23,2025-09-18,7,0.68,-21.08,13.53,22.04,3.37,,True
2026-08-28,pre_dam,2026-10-03T03:12:14.402888+00:00,2026-07-23,2025-09-18,8,0.76,-21.63,16.05,8.39,6.5,,True
2026-08-28,pre_dam,2026-10-03T03:12:14.402888+00:00,2026-07-23,2025-09-18,9,0.25,-23.62,18.36,5.49,3.51,,True
2026-08-28,pre_dam,2026-10-03T03:12:14.402888+00:00,2026-07-23,2025-09-18,10,1.45,-23.12,18.72,10.79,-10.99,,True
2026-08-28,pre_dam,2026-10-03T03:12:14.402888+00:00,2026-07-23,2025-09-18,11,6.74,-19.25,24.37,15.66,-13.48,,True
2026-08-28,pre_dam,2026-10-03T03:12:14.402888+00:00,2026-07-23,2025-09-18,12,10.03,-17.15,28.81,10.4,-10.49,,True
2026-08-28,pre_dam,2026-10-03T03:12:14.402888+00:00,2026-07-23,2025-09-18,13,11.83,-14.66,35.87,12.34,-48.13,,True
2026-08-28,pre_dam,2026-10-03T03:12:14.402888+00:00,2026-07-23,2025-09-18,14,9.0,-26.49,37.14,17.94,6.75,,True
2026-08-28,pre_dam,2026-10-03T03:12:14.402888+00:00,2026-07-23,2025-09-18,15,8.08,-16.01,32.8,18.68,14.35,,True
2026-08-28,pre_dam,2026-10-03T03:12:14.402888+00:00,2026-07-23,2025-09-18,16,12.87,-14.68,37.26,19.23,-11.53,,True
2026-08-28,pre_dam,2026-10-03T03:12:14.402888+00:00,2026-07-23,2025-09-18,17,10.86,-30.42,43.24,27.0,54.86,,True
2026-08-28,pre_dam,2026-10-03T03:12:14.402888+00:00,2026-07-23,2025-09-18,18,10.53,-27.93,49.62,-24.14,60.86,,True
2026-08-28,pre_dam,2026-10-03T03:12:14.402888+00:00,2026-07-23,2025-09-18,19,18.54,-24.56,52.08,24.43,30.72,,True
2026-08-28,pre_dam,2026-10-03T03:12:14.402888+00:00,2026-07-23,2025-09-18,20,11.57,-30.71,50.05,23.93,60.03,,True
2026-08-28,pre_dam,2026-10-03T03:12:14.402888+00:00,2026-07-23,2025-09-18,21,9.25,-29.18,43.96,20.71,29.59,,True
2026-08-28,pre_dam,2026-10-03T03:12:14.402888+00:00,2026-07-23,2025-09-18,22,9.31,-25.45,39.85,14.93,7.03,,True
2026-08-28,pre_dam,2026-10-03T03:12:14.402888+00:00,2026-07-23,2025-09-18,23,3.09,-18.8,25.84,19.48,7.38,,True
2026-08-28,pre_dam,2026-10-03T03:12:14.402888+00:00,2026-07-23,2025-09-18,24,4.52,-12.04,23.52,19.26,7.59,,True
2026-08-29,pre_dam,2026-10-03T03:13:57.583146+00:00,2026-06-07,2025-09-14,1,3.78,-8.33,15.43,9.35,4.84,,True
2026-08-29,pre_dam,2026-10-03T03:13:57.583146+00:00,2026-06-07,2025-09-14,2,2.59,-7.13,15.77,7.19,-2.08,,True
2026-08-29,pre_dam,2026-10-03T03:13:57.583146+00:00,2026-06-07,2025-09-14,3,6.18,-1.84,16.08,4.65,-5.95,,True
2026-08-29,pre_dam,2026-10-03T03:13:57.583146+00:00,2026-06-07,2025-09-14,4,5.28,-3.43,16.85,4.21,-0.35,,True
2026-08-29,pre_dam,2026-10-03T03:13:57.583146+00:00,2026-06-07,2025-09-14,5,5.23,-4.48,18.06,1.19,5.89,,True
2026-08-29,pre_dam,2026-10-03T03:13:57.583146+00:00,2026-06-07,2025-09-14,6,4.94,-9.98,17.8,3.08,-0.54,,True
2026-08-29,pre_dam,2026-10-03T03:13:57.583146+00:00,2026-06-07,2025-09-14,7,5.3,-10.44,16.67,13.01,-5.83,,True
2026-08-29,pre_dam,2026-10-03T03:13:57.583146+00:00,2026-06-07,2025-09-14,8,2.19,-16.17,16.5,5.09,7.02,,True
2026-08-29,pre_dam,2026-10-03T03:13:57.583146+00:00,2026-06-07,2025-09-14,9,2.62,-23.68,14.09,13.72,14.24,,True
2026-08-29,pre_dam,2026-10-03T03:13:57.583146+00:00,2026-06-07,2025-09-14,10,-2.73,-26.45,13.79,2.61,5.62,,True
2026-08-29,pre_dam,2026-10-03T03:13:57.583146+00:00,2026-06-07,2025-09-14,11,-1.52,-27.93,14.74,6.96,3.26,,True
2026-08-29,pre_dam,2026-10-03T03:13:57.583146+00:00,2026-06-07,2025-09-14,12,-2.81,-25.94,18.79,2.15,-37.78,,True
2026-08-29,pre_dam,2026-10-03T03:13:57.583146+00:00,2026-06-07,2025-09-14,13,-0.19,-22.93,23.76,6.26,-38.92,,True
2026-08-29,pre_dam,2026-10-03T03:13:57.583146+00:00,2026-06-07,2025-09-14,14,-0.93,-23.35,22.5,18.41,-32.05,,True
2026-08-29,pre_dam,2026-10-03T03:13:57.583146+00:00,2026-06-07,2025-09-14,15,1.49,-24.93,23.08,8.24,9.58,,True
2026-08-29,pre_dam,2026-10-03T03:13:57.583146+00:00,2026-06-07,2025-09-14,16,1.84,-31.3,26.23,14.51,9.18,,True
2026-08-29,pre_dam,2026-10-03T03:13:57.583146+00:00,2026-06-07,2025-09-14,17,7.31,-32.36,33.05,22.77,-54.9,,True
2026-08-29,pre_dam,2026-10-03T03:13:57.583146+00:00,2026-06-07,2025-09-14,18,8.95,-29.19,38.87,21.49,40.32,,True
2026-08-29,pre_dam,2026-10-03T03:13:57.583146+00:00,2026-06-07,2025-09-14,19,13.21,-29.0,43.61,19.74,31.64,,True
2026-08-29,pre_dam,2026-10-03T03:13:57.583146+00:00,2026-06-07,2025-09-14,20,7.54,-31.5,33.1,-1.5,-15.1,,True
2026-08-29,pre_dam,2026-10-03T03:13:57.583146+00:00,2026-06-07,2025-09-14,21,2.47,-22.36,22.7,16.78,-32.34,,True
2026-08-29,pre_dam,2026-10-03T03:13:57.583146+00:00,2026-06-07,2025-09-14,22,3.54,-19.37,17.81,8.01,17.29,,True
2026-08-29,pre_dam,2026-10-03T03:13:57.583146+00:00,2026-06-07,2025-09-14,23,-0.02,-17.2,14.47,11.18,-15.8,,True
2026-08-29,pre_dam,2026-10-03T03:13:57.583146+00:00,2026-06-07,2025-09-14,24,1.54,-12.81,17.92,11.3,14.06,,True
2026-08-30,pre_dam,2026-10-03T03:15:51.595811+00:00,2025-07-20,2025-06-29,1,4.78,-12.44,17.26,8.69,1.81,,True
2026-08-30,pre_dam,2026-10-03T03:15:51.595811+00:00,2025-07-20,2025-06-29,2,6.76,-5.77,20.59,2.28,0.38,,True
2026-08-30,pre_dam,2026-10-03T03:15:51.595811+00:00,2025-07-20,2025-06-29,3,4.5,-10.19,21.03,2.98,-6.22,,True
2026-08-30,pre_dam,2026-10-03T03:15:51.595811+00:00,2025-07-20,2025-06-29,4,3.16,-12.56,19.55,0.58,-7.46,,True
2026-08-30,pre_dam,2026-10-03T03:15:51.595811+00:00,2025-07-20,2025-06-29,5,3.03,-13.08,19.67,0.66,-9.94,,True
2026-08-30,pre_dam,2026-10-03T03:15:51.595811+00:00,2025-07-20,2025-06-29,6,4.17,-14.49,19.27,5.57,-0.62,,True
2026-08-30,pre_dam,2026-10-03T03:15:51.595811+00:00,2025-07-20,2025-06-29,7,5.01,-14.33,21.4,-0.27,-8.73,,True
2026-08-30,pre_dam,2026-10-03T03:15:51.595811+00:00,2025-07-20,2025-06-29,8,1.13,-20.03,19.54,-11.8,-2.0,,True
2026-08-30,pre_dam,2026-10-03T03:15:51.595811+00:00,2025-07-20,2025-06-29,9,1.08,-18.52,19.87,-72.07,5.6,,True
2026-08-30,pre_dam,2026-10-03T03:15:51.595811+00:00,2025-07-20,2025-06-29,10,1.07,-24.0,18.17,-11.49,2.49,,True
2026-08-30,pre_dam,2026-10-03T03:15:51.595811+00:00,2025-07-20,2025-06-29,11,-1.38,-26.03,18.65,-36.75,15.59,,True
2026-08-30,pre_dam,2026-10-03T03:15:51.595811+00:00,2025-07-20,2025-06-29,12,2.51,-24.24,16.65,1.93,17.94,,True
2026-08-30,pre_dam,2026-10-03T03:15:51.595811+00:00,2025-07-20,2025-06-29,13,0.98,-24.05,15.67,-42.76,31.6,,True
2026-08-30,pre_dam,2026-10-03T03:15:51.595811+00:00,2025-07-20,2025-06-29,14,3.19,-22.62,16.66,0.73,37.65,,True
2026-08-30,pre_dam,2026-10-03T03:15:51.595811+00:00,2025-07-20,2025-06-29,15,5.9,-28.17,22.11,14.89,56.65,,True
2026-08-30,pre_dam,2026-10-03T03:15:51.595811+00:00,2025-07-20,2025-06-29,16,4.44,-29.36,26.56,-2.56,53.75,,True
2026-08-30,pre_dam,2026-10-03T03:15:51.595811+00:00,2025-07-20,2025-06-29,17,0.22,-38.25,34.63,13.43,64.22,,True
2026-08-30,pre_dam,2026-10-03T03:15:51.595811+00:00,2025-07-20,2025-06-29,18,2.12,-40.81,38.39,56.58,45.63,,True
2026-08-30,pre_dam,2026-10-03T03:15:51.595811+00:00,2025-07-20,2025-06-29,19,-1.39,-37.67,41.21,22.92,38.88,,True
2026-08-30,pre_dam,2026-10-03T03:15:51.595811+00:00,2025-07-20,2025-06-29,20,6.04,-15.09,31.85,-1.78,15.46,,True
2026-08-30,pre_dam,2026-10-03T03:15:51.595811+00:00,2025-07-20,2025-06-29,21,6.21,-19.24,28.01,-0.65,81.08,,True
2026-08-30,pre_dam,2026-10-03T03:15:51.595811+00:00,2025-07-20,2025-06-29,22,4.98,-19.38,21.14,-13.52,29.9,,True
2026-08-30,pre_dam,2026-10-03T03:15:51.595811+00:00,2025-07-20,2025-06-29,23,4.12,-9.03,18.12,11.76,13.79,,True
2026-08-30,pre_dam,2026-10-03T03:15:51.595811+00:00,2025-07-20,2025-06-29,24,6.86,-2.69,19.05,14.92,13.07,,True
2026-08-31,pre_dam,2026-10-03T03:17:47.806954+00:00,2026-08-26,2025-06-17,1,7.81,-4.07,18.01,26.0,5.22,,True
2026-08-31,pre_dam,2026-10-03T03:17:47.806954+00:00,2026-08-26,2025-06-17,2,9.56,-3.84,19.96,20.15,0.93,,True
2026-08-31,pre_dam,2026-10-03T03:17:47.806954+00:00,2026-08-26,2025-06-17,3,10.43,-3.15,21.0,21.01,7.07,,True
2026-08-31,pre_dam,2026-10-03T03:17:47.806954+00:00,2026-08-26,2025-06-17,4,10.57,-3.0,21.34,18.79,10.01,,True
2026-08-31,pre_dam,2026-10-03T03:17:47.806954+00:00,2026-08-26,2025-06-17,5,10.15,-4.44,21.75,18.96,13.55,,True
2026-08-31,pre_dam,2026-10-03T03:17:47.806954+00:00,2026-08-26,2025-06-17,6,8.89,-6.93,18.62,14.53,22.69,,True
2026-08-31,pre_dam,2026-10-03T03:17:47.806954+00:00,2026-08-26,2025-06-17,7,6.45,-13.32,15.51,6.29,11.78,,True
2026-08-31,pre_dam,2026-10-03T03:17:47.806954+00:00,2026-08-26,2025-06-17,8,2.55,-20.91,14.55,5.25,21.04,,True
2026-08-31,pre_dam,2026-10-03T03:17:47.806954+00:00,2026-08-26,2025-06-17,9,-1.22,-21.7,15.68,-6.74,25.9,,True
2026-08-31,pre_dam,2026-10-03T03:17:47.806954+00:00,2026-08-26,2025-06-17,10,-1.33,-27.93,18.53,-8.99,24.94,,True
2026-08-31,pre_dam,2026-10-03T03:17:47.806954+00:00,2026-08-26,2025-06-17,11,1.08,-30.77,23.12,-7.02,16.68,,True
2026-08-31,pre_dam,2026-10-03T03:17:47.806954+00:00,2026-08-26,2025-06-17,12,4.46,-27.39,24.6,2.26,26.03,,True
2026-08-31,pre_dam,2026-10-03T03:17:47.806954+00:00,2026-08-26,2025-06-17,13,-0.72,-31.31,24.49,1.55,30.83,,True
2026-08-31,pre_dam,2026-10-03T03:17:47.806954+00:00,2026-08-26,2025-06-17,14,3.96,-26.4,27.14,7.98,11.01,,True
2026-08-31,pre_dam,2026-10-03T03:17:47.806954+00:00,2026-08-26,2025-06-17,15,5.31,-39.15,32.71,6.27,8.0,,True
2026-08-31,pre_dam,2026-10-03T03:17:47.806954+00:00,2026-08-26,2025-06-17,16,-8.09,-33.37,28.12,22.51,-6.77,,True
2026-08-31,pre_dam,2026-10-03T03:17:47.806954+00:00,2026-08-26,2025-06-17,17,-8.32,-44.04,36.82,28.82,-1.19,,True
2026-08-31,pre_dam,2026-10-03T03:17:47.806954+00:00,2026-08-26,2025-06-17,18,-11.11,-40.41,36.71,9.1,20.74,,True
2026-08-31,pre_dam,2026-10-03T03:17:47.806954+00:00,2026-08-26,2025-06-17,19,6.96,-46.32,46.22,27.4,0.93,,True
2026-08-31,pre_dam,2026-10-03T03:17:47.806954+00:00,2026-08-26,2025-06-17,20,6.46,-33.06,47.88,12.42,17.49,,True
2026-08-31,pre_dam,2026-10-03T03:17:47.806954+00:00,2026-08-26,2025-06-17,21,2.07,-26.29,31.69,9.7,10.5,,True
2026-08-31,pre_dam,2026-10-03T03:17:47.806954+00:00,2026-08-26,2025-06-17,22,2.67,-22.72,25.27,4.34,9.55,,True
2026-08-31,pre_dam,2026-10-03T03:17:47.806954+00:00,2026-08-26,2025-06-17,23,5.36,-13.71,16.31,4.98,13.16,,True
2026-08-31,pre_dam,2026-10-03T03:17:47.806954+00:00,2026-08-26,2025-06-17,24,8.72,-10.01,18.17,11.08,11.28,,True
2026-09-01,pre_dam,2026-10-03T03:19:28.554830+00:00,2025-07-03,2026-08-17,1,7.44,-13.94,21.93,46.28,-13.52,,True
2026-09-01,pre_dam,2026-10-03T03:19:28.554830+00:00,2025-07-03,2026-08-17,2,5.31,-10.7,20.8,14.74,-2.92,,True
2026-09-01,pre_dam,2026-10-03T03:19:28.554830+00:00,2025-07-03,2026-08-17,3,6.41,-5.32,19.23,15.23,3.54,,True
2026-09-01,pre_dam,2026-10-03T03:19:28.554830+00:00,2025-07-03,2026-08-17,4,4.7,-6.72,20.25,16.12,3.87,,True
2026-09-01,pre_dam,2026-10-03T03:19:28.554830+00:00,2025-07-03,2026-08-17,5,4.02,-6.65,20.84,25.57,2.71,,True
2026-09-01,pre_dam,2026-10-03T03:19:28.554830+00:00,2025-07-03,2026-08-17,6,4.11,-12.91,16.81,8.44,-21.86,,True
2026-09-01,pre_dam,2026-10-03T03:19:28.554830+00:00,2025-07-03,2026-08-17,7,0.49,-19.6,22.36,17.23,-43.79,,True
2026-09-01,pre_dam,2026-10-03T03:19:28.554830+00:00,2025-07-03,2026-08-17,8,5.54,-19.02,27.74,8.77,-76.47,,True
2026-09-01,pre_dam,2026-10-03T03:19:28.554830+00:00,2025-07-03,2026-08-17,9,0.79,-25.68,24.67,14.57,-23.37,,True
2026-09-01,pre_dam,2026-10-03T03:19:28.554830+00:00,2025-07-03,2026-08-17,10,-6.71,-45.93,28.25,6.61,-87.08,,True
2026-09-01,pre_dam,2026-10-03T03:19:28.554830+00:00,2025-07-03,2026-08-17,11,-2.87,-49.75,34.13,9.82,-74.13,,True
2026-09-01,pre_dam,2026-10-03T03:19:28.554830+00:00,2025-07-03,2026-08-17,12,-1.55,-41.87,46.05,15.84,-26.38,,True
2026-09-01,pre_dam,2026-10-03T03:19:28.554830+00:00,2025-07-03,2026-08-17,13,6.85,-42.04,54.36,8.44,35.7,,True
2026-09-01,pre_dam,2026-10-03T03:19:28.554830+00:00,2025-07-03,2026-08-17,14,3.89,-54.56,54.37,43.59,61.64,,True
2026-09-01,pre_dam,2026-10-03T03:19:28.554830+00:00,2025-07-03,2026-08-17,15,17.22,-37.64,68.29,58.76,65.2,,True
2026-09-01,pre_dam,2026-10-03T03:19:28.554830+00:00,2025-07-03,2026-08-17,16,28.15,-45.46,89.8,53.23,33.21,,True
2026-09-01,pre_dam,2026-10-03T03:19:28.554830+00:00,2025-07-03,2026-08-17,17,49.49,-43.75,102.08,29.88,24.45,,True
2026-09-01,pre_dam,2026-10-03T03:19:28.554830+00:00,2025-07-03,2026-08-17,18,52.11,-22.81,101.85,37.44,51.96,,True
2026-09-01,pre_dam,2026-10-03T03:19:28.554830+00:00,2025-07-03,2026-08-17,19,54.21,-29.39,113.45,47.78,68.64,,True
2026-09-01,pre_dam,2026-10-03T03:19:28.554830+00:00,2025-07-03,2026-08-17,20,34.99,-30.86,82.92,48.93,43.69,,True
2026-09-01,pre_dam,2026-10-03T03:19:28.554830+00:00,2025-07-03,2026-08-17,21,19.82,-10.38,65.1,57.13,64.45,,True
2026-09-01,pre_dam,2026-10-03T03:19:28.554830+00:00,2025-07-03,2026-08-17,22,8.51,-26.26,44.3,27.08,50.78,,True
2026-09-01,pre_dam,2026-10-03T03:19:28.554830+00:00,2025-07-03,2026-08-17,23,3.94,-20.27,28.76,19.14,39.28,,True
2026-09-01,pre_dam,2026-10-03T03:19:28.554830+00:00,2025-07-03,2026-08-17,24,2.42,-23.08,23.93,29.21,33.37,,True
2026-09-02,pre_dam,2026-10-03T03:21:23.703048+00:00,2026-08-10,2026-08-27,1,6.13,-11.58,20.23,-14.25,4.08,,True
2026-09-02,pre_dam,2026-10-03T03:21:23.703048+00:00,2026-08-10,2026-08-27,2,8.16,-11.38,19.17,3.44,-0.59,,True
2026-09-02,pre_dam,2026-10-03T03:21:23.703048+00:00,2026-08-10,2026-08-27,3,8.92,-13.62,18.28,-19.81,-0.59,,True
2026-09-02,pre_dam,2026-10-03T03:21:23.703048+00:00,2026-08-10,2026-08-27,4,7.42,-16.96,17.05,-12.29,-2.2,,True
2026-09-02,pre_dam,2026-10-03T03:21:23.703048+00:00,2026-08-10,2026-08-27,5,5.84,-17.6,17.37,-1.55,-3.71,,True
2026-09-02,pre_dam,2026-10-03T03:21:23.703048+00:00,2026-08-10,2026-08-27,6,7.88,-9.42,27.02,-2.9,-26.96,,True
2026-09-02,pre_dam,2026-10-03T03:21:23.703048+00:00,2026-08-10,2026-08-27,7,11.92,-20.45,33.12,10.79,-15.46,,True
2026-09-02,pre_dam,2026-10-03T03:21:23.703048+00:00,2026-08-10,2026-08-27,8,-3.98,-31.87,31.48,30.61,-35.02,,True
2026-09-02,pre_dam,2026-10-03T03:21:23.703048+00:00,2026-08-10,2026-08-27,9,-4.55,-31.55,30.73,-5.44,-10.33,,True
2026-09-02,pre_dam,2026-10-03T03:21:23.703048+00:00,2026-08-10,2026-08-27,10,4.4,-32.45,37.01,45.25,-5.86,,True
2026-09-02,pre_dam,2026-10-03T03:21:23.703048+00:00,2026-08-10,2026-08-27,11,3.74,-28.4,40.68,43.26,-19.66,,True
2026-09-02,pre_dam,2026-10-03T03:21:23.703048+00:00,2026-08-10,2026-08-27,12,22.07,-10.59,61.85,-7.7,-19.6,,True
2026-09-02,pre_dam,2026-10-03T03:21:23.703048+00:00,2026-08-10,2026-08-27,13,11.55,-18.41,53.0,-51.72,5.33,,True
2026-09-02,pre_dam,2026-10-03T03:21:23.703048+00:00,2026-08-10,2026-08-27,14,31.6,4.24,74.7,-85.15,3.49,,True
2026-09-02,pre_dam,2026-10-03T03:21:23.703048+00:00,2026-08-10,2026-08-27,15,35.26,-25.09,76.0,-53.31,3.45,,True
2026-09-02,pre_dam,2026-10-03T03:21:23.703048+00:00,2026-08-10,2026-08-27,16,32.72,-7.31,91.48,30.72,-2.24,,True
2026-09-02,pre_dam,2026-10-03T03:21:23.703048+00:00,2026-08-10,2026-08-27,17,31.04,-9.91,84.35,-36.36,15.9,,True
2026-09-02,pre_dam,2026-10-03T03:21:23.703048+00:00,2026-08-10,2026-08-27,18,35.31,-17.83,92.93,-4.57,31.05,,True
2026-09-02,pre_dam,2026-10-03T03:21:23.703048+00:00,2026-08-10,2026-08-27,19,28.19,-40.9,86.96,-94.24,53.91,,True
2026-09-02,pre_dam,2026-10-03T03:21:23.703048+00:00,2026-08-10,2026-08-27,20,21.04,-27.33,83.83,-39.87,35.58,,True
2026-09-02,pre_dam,2026-10-03T03:21:23.703048+00:00,2026-08-10,2026-08-27,21,-10.2,-22.45,58.85,-13.75,15.49,,True
2026-09-02,pre_dam,2026-10-03T03:21:23.703048+00:00,2026-08-10,2026-08-27,22,-10.8,-31.36,41.61,-9.74,25.25,,True
2026-09-02,pre_dam,2026-10-03T03:21:23.703048+00:00,2026-08-10,2026-08-27,23,6.9,-24.5,39.12,-1.86,1.85,,True
2026-09-02,pre_dam,2026-10-03T03:21:23.703048+00:00,2026-08-10,2026-08-27,24,-7.09,-20.25,25.08,14.2,2.19,,True
2026-09-03,pre_dam,2026-10-03T03:23:33.082929+00:00,2026-08-11,2026-08-17,1,4.4,-18.73,14.49,-5.0,-13.52,,True
2026-09-03,pre_dam,2026-10-03T03:23:33.082929+00:00,2026-08-11,2026-08-17,2,2.63,-20.55,15.09,-2.43,-2.92,,True
2026-09-03,pre_dam,2026-10-03T03:23:33.082929+00:00,2026-08-11,2026-08-17,3,2.83,-24.34,12.2,-26.07,3.54,,True
2026-09-03,pre_dam,2026-10-03T03:23:33.082929+00:00,2026-08-11,2026-08-17,4,1.08,-19.98,12.73,-12.03,3.87,,True
2026-09-03,pre_dam,2026-10-03T03:23:33.082929+00:00,2026-08-11,2026-08-17,5,-0.47,-22.21,12.28,1.48,2.71,,True
2026-09-03,pre_dam,2026-10-03T03:23:33.082929+00:00,2026-08-11,2026-08-17,6,-0.1,-21.03,17.99,-0.3,-21.86,,True
2026-09-03,pre_dam,2026-10-03T03:23:33.082929+00:00,2026-08-11,2026-08-17,7,-0.16,-38.8,25.63,-15.65,-43.79,,True
2026-09-03,pre_dam,2026-10-03T03:23:33.082929+00:00,2026-08-11,2026-08-17,8,-3.6,-49.85,30.26,32.33,-76.47,,True
2026-09-03,pre_dam,2026-10-03T03:23:33.082929+00:00,2026-08-11,2026-08-17,9,8.37,-34.72,42.36,35.84,-23.37,,True
2026-09-03,pre_dam,2026-10-03T03:23:33.082929+00:00,2026-08-11,2026-08-17,10,1.9,-49.95,36.0,1.9,-87.08,,True
2026-09-03,pre_dam,2026-10-03T03:23:33.082929+00:00,2026-08-11,2026-08-17,11,14.49,-32.97,48.31,1.17,-74.13,,True
2026-09-03,pre_dam,2026-10-03T03:23:33.082929+00:00,2026-08-11,2026-08-17,12,28.53,-20.8,63.75,-1.76,-26.38,,True
2026-09-03,pre_dam,2026-10-03T03:23:33.082929+00:00,2026-08-11,2026-08-17,13,20.26,-27.07,59.43,-6.0,35.7,,True
2026-09-03,pre_dam,2026-10-03T03:23:33.082929+00:00,2026-08-11,2026-08-17,14,36.1,-34.09,70.61,-44.56,61.64,,True
2026-09-03,pre_dam,2026-10-03T03:23:33.082929+00:00,2026-08-11,2026-08-17,15,48.11,-31.32,77.05,-45.45,65.2,,True
2026-09-03,pre_dam,2026-10-03T03:23:33.082929+00:00,2026-08-11,2026-08-17,16,52.46,-31.9,92.99,11.77,33.21,,True
2026-09-03,pre_dam,2026-10-03T03:23:33.082929+00:00,2026-08-11,2026-08-17,17,59.26,-5.2,103.79,32.69,24.45,,True
2026-09-03,pre_dam,2026-10-03T03:23:33.082929+00:00,2026-08-11,2026-08-17,18,51.23,-13.91,106.59,26.93,51.96,,True
2026-09-03,pre_dam,2026-10-03T03:23:33.082929+00:00,2026-08-11,2026-08-17,19,86.27,3.83,162.62,43.94,68.64,,True
2026-09-03,pre_dam,2026-10-03T03:23:33.082929+00:00,2026-08-11,2026-08-17,20,97.07,16.01,165.43,50.91,43.69,,True
2026-09-03,pre_dam,2026-10-03T03:23:33.082929+00:00,2026-08-11,2026-08-17,21,19.81,-7.21,64.55,49.64,64.45,,True
2026-09-03,pre_dam,2026-10-03T03:23:33.082929+00:00,2026-08-11,2026-08-17,22,10.96,-26.52,44.67,32.56,50.78,,True
2026-09-03,pre_dam,2026-10-03T03:23:33.082929+00:00,2026-08-11,2026-08-17,23,2.14,-36.69,23.37,-36.06,39.28,,True
2026-09-03,pre_dam,2026-10-03T03:23:33.082929+00:00,2026-08-11,2026-08-17,24,1.01,-22.28,13.95,-66.18,33.37,,True
2026-09-04,pre_dam,2026-10-03T03:25:18.569651+00:00,2026-08-14,2026-08-17,1,9.51,-13.56,15.74,-18.75,-13.52,,True
2026-09-04,pre_dam,2026-10-03T03:25:18.569651+00:00,2026-08-14,2026-08-17,2,6.19,-18.9,12.82,-4.19,-2.92,,True
2026-09-04,pre_dam,2026-10-03T03:25:18.569651+00:00,2026-08-14,2026-08-17,3,8.73,-16.51,12.52,-14.82,3.54,,True
2026-09-04,pre_dam,2026-10-03T03:25:18.569651+00:00,2026-08-14,2026-08-17,4,8.0,-17.57,11.73,-11.06,3.87,,True
2026-09-04,pre_dam,2026-10-03T03:25:18.569651+00:00,2026-08-14,2026-08-17,5,6.26,-18.73,12.9,-11.28,2.71,,True
2026-09-04,pre_dam,2026-10-03T03:25:18.569651+00:00,2026-08-14,2026-08-17,6,7.14,-15.09,16.92,3.65,-21.86,,True
2026-09-04,pre_dam,2026-10-03T03:25:18.569651+00:00,2026-08-14,2026-08-17,7,10.38,-27.27,26.38,9.67,-43.79,,True
2026-09-04,pre_dam,2026-10-03T03:25:18.569651+00:00,2026-08-14,2026-08-17,8,7.86,-28.46,26.97,7.38,-76.47,,True
2026-09-04,pre_dam,2026-10-03T03:25:18.569651+00:00,2026-08-14,2026-08-17,9,10.98,-33.23,36.27,15.78,-23.37,,True
2026-09-04,pre_dam,2026-10-03T03:25:18.569651+00:00,2026-08-14,2026-08-17,10,10.12,-33.21,37.75,-28.33,-87.08,,True
2026-09-04,pre_dam,2026-10-03T03:25:18.569651+00:00,2026-08-14,2026-08-17,11,6.29,-30.5,43.42,-8.49,-74.13,,True
2026-09-04,pre_dam,2026-10-03T03:25:18.569651+00:00,2026-08-14,2026-08-17,12,14.19,-24.35,48.69,-59.42,-26.38,,True
2026-09-04,pre_dam,2026-10-03T03:25:18.569651+00:00,2026-08-14,2026-08-17,13,13.09,-27.54,49.16,-11.63,35.7,,True
2026-09-04,pre_dam,2026-10-03T03:25:18.569651+00:00,2026-08-14,2026-08-17,14,18.3,-26.48,51.97,-8.46,61.64,,True
2026-09-04,pre_dam,2026-10-03T03:25:18.569651+00:00,2026-08-14,2026-08-17,15,17.89,-34.02,51.21,29.62,65.2,,True
2026-09-04,pre_dam,2026-10-03T03:25:18.569651+00:00,2026-08-14,2026-08-17,16,26.33,-14.08,59.15,37.15,33.21,,True
2026-09-04,pre_dam,2026-10-03T03:25:18.569651+00:00,2026-08-14,2026-08-17,17,10.28,-24.34,56.48,27.74,24.45,,True
2026-09-04,pre_dam,2026-10-03T03:25:18.569651+00:00,2026-08-14,2026-08-17,18,23.62,-16.98,66.0,31.96,51.96,,True
2026-09-04,pre_dam,2026-10-03T03:25:18.569651+00:00,2026-08-14,2026-08-17,19,21.57,-36.33,51.9,29.01,68.64,,True
2026-09-04,pre_dam,2026-10-03T03:25:18.569651+00:00,2026-08-14,2026-08-17,20,18.61,-22.21,55.56,9.32,43.69,,True
2026-09-04,pre_dam,2026-10-03T03:25:18.569651+00:00,2026-08-14,2026-08-17,21,15.89,-19.19,43.83,22.13,64.45,,True
2026-09-04,pre_dam,2026-10-03T03:25:18.569651+00:00,2026-08-14,2026-08-17,22,11.38,-24.63,36.73,-14.04,50.78,,True
2026-09-04,pre_dam,2026-10-03T03:25:18.569651+00:00,2026-08-14,2026-08-17,23,4.85,-25.84,22.44,-22.86,39.28,,True
2026-09-04,pre_dam,2026-10-03T03:25:18.569651+00:00,2026-08-14,2026-08-17,24,7.71,-22.1,17.07,-7.48,33.37,,True
2026-09-05,pre_dam,2026-10-03T03:07:12.847337+00:00,2026-08-30,2025-07-20,1,3.64,-21.39,17.38,7.57,8.69,,True
2026-09-05,pre_dam,2026-10-03T03:07:12.847337+00:00,2026-08-30,2025-07-20,2,2.56,-16.82,16.1,1.2,2.28,,True
2026-09-05,pre_dam,2026-10-03T03:07:12.847337+00:00,2026-08-30,2025-07-20,3,3.07,-14.45,13.89,7.07,2.98,,True
2026-09-05,pre_dam,2026-10-03T03:07:12.847337+00:00,2026-08-30,2025-07-20,4,2.73,-15.28,14.07,4.82,0.58,,True
2026-09-05,pre_dam,2026-10-03T03:07:12.847337+00:00,2026-08-30,2025-07-20,5,2.97,-12.71,15.01,4.22,0.66,,True
2026-09-05,pre_dam,2026-10-03T03:07:12.847337+00:00,2026-08-30,2025-07-20,6,2.24,-14.03,14.15,3.78,5.57,,True
2026-09-05,pre_dam,2026-10-03T03:07:12.847337+00:00,2026-08-30,2025-07-20,7,1.89,-14.82,14.1,3.14,-0.27,,True
2026-09-05,pre_dam,2026-10-03T03:07:12.847337+00:00,2026-08-30,2025-07-20,8,0.14,-24.84,15.83,-5.17,-11.8,,True
2026-09-05,pre_dam,2026-10-03T03:07:12.847337+00:00,2026-08-30,2025-07-20,9,1.55,-25.2,16.04,-12.95,-72.07,,True
2026-09-05,pre_dam,2026-10-03T03:07:12.847337+00:00,2026-08-30,2025-07-20,10,-0.94,-25.06,16.51,-3.48,-11.49,,True
2026-09-05,pre_dam,2026-10-03T03:07:12.847337+00:00,2026-08-30,2025-07-20,11,-2.47,-34.26,17.21,2.19,-36.75,,True
2026-09-05,pre_dam,2026-10-03T03:07:12.847337+00:00,2026-08-30,2025-07-20,12,-0.59,-34.87,19.35,0.15,1.93,,True
2026-09-05,pre_dam,2026-10-03T03:07:12.847337+00:00,2026-08-30,2025-07-20,13,3.39,-27.19,24.5,2.31,-42.76,,True
2026-09-05,pre_dam,2026-10-03T03:07:12.847337+00:00,2026-08-30,2025-07-20,14,6.43,-25.23,28.8,4.2,0.73,,True
2026-09-05,pre_dam,2026-10-03T03:07:12.847337+00:00,2026-08-30,2025-07-20,15,7.56,-29.71,30.64,-3.7,14.89,,True
2026-09-05,pre_dam,2026-10-03T03:07:12.847337+00:00,2026-08-30,2025-07-20,16,6.39,-30.52,34.42,0.27,-2.56,,True
2026-09-05,pre_dam,2026-10-03T03:07:12.847337+00:00,2026-08-30,2025-07-20,17,4.91,-35.53,36.14,21.93,13.43,,True
2026-09-05,pre_dam,2026-10-03T03:07:12.847337+00:00,2026-08-30,2025-07-20,18,5.75,-33.74,39.56,13.93,56.58,,True
2026-09-05,pre_dam,2026-10-03T03:07:12.847337+00:00,2026-08-30,2025-07-20,19,4.45,-30.89,38.34,10.75,22.92,,True
2026-09-05,pre_dam,2026-10-03T03:07:12.847337+00:00,2026-08-30,2025-07-20,20,4.98,-28.67,37.86,4.68,-1.78,,True
2026-09-05,pre_dam,2026-10-03T03:07:12.847337+00:00,2026-08-30,2025-07-20,21,8.44,-32.77,30.81,17.56,-0.65,,True
2026-09-05,pre_dam,2026-10-03T03:07:12.847337+00:00,2026-08-30,2025-07-20,22,0.85,-27.79,19.22,9.82,-13.52,,True
2026-09-05,pre_dam,2026-10-03T03:07:12.847337+00:00,2026-08-30,2025-07-20,23,6.59,-24.42,17.78,11.25,11.76,,True
2026-09-05,pre_dam,2026-10-03T03:07:12.847337+00:00,2026-08-30,2025-07-20,24,4.18,-22.03,17.26,7.38,14.92,,True
2026-09-06,pre_dam,2026-10-03T03:09:32.724066+00:00,2025-09-14,2025-09-27,1,7.91,-5.29,14.4,4.84,0.8,,True
2026-09-06,pre_dam,2026-10-03T03:09:32.724066+00:00,2025-09-14,2025-09-27,2,4.5,-8.2,14.71,-2.08,-4.02,,True
2026-09-06,pre_dam,2026-10-03T03:09:32.724066+00:00,2025-09-14,2025-09-27,3,7.13,-3.55,15.76,-5.95,4.1,,True
2026-09-06,pre_dam,2026-10-03T03:09:32.724066+00:00,2025-09-14,2025-09-27,4,5.28,-3.9,15.31,-0.35,-0.5,,True
2026-09-06,pre_dam,2026-10-03T03:09:32.724066+00:00,2025-09-14,2025-09-27,5,4.78,-3.66,16.58,5.89,-13.59,,True
2026-09-06,pre_dam,2026-10-03T03:09:32.724066+00:00,2025-09-14,2025-09-27,6,1.78,-2.15,15.04,-0.54,-68.0,,True
2026-09-06,pre_dam,2026-10-03T03:09:32.724066+00:00,2025-09-14,2025-09-27,7,2.02,-9.06,15.19,-5.83,22.98,,True
2026-09-06,pre_dam,2026-10-03T03:09:32.724066+00:00,2025-09-14,2025-09-27,8,0.62,-11.54,14.77,7.02,-51.15,,True
2026-09-06,pre_dam,2026-10-03T03:09:32.724066+00:00,2025-09-14,2025-09-27,9,-1.88,-11.81,13.35,14.24,-50.18,,True
2026-09-06,pre_dam,2026-10-03T03:09:32.724066+00:00,2025-09-14,2025-09-27,10,-0.2,-11.28,13.18,5.62,-9.76,,True
2026-09-06,pre_dam,2026-10-03T03:09:32.724066+00:00,2025-09-14,2025-09-27,11,0.78,-10.21,14.28,3.26,39.9,,True
2026-09-06,pre_dam,2026-10-03T03:09:32.724066+00:00,2025-09-14,2025-09-27,12,1.64,-10.69,14.49,-37.78,40.78,,True
2026-09-06,pre_dam,2026-10-03T03:09:32.724066+00:00,2025-09-14,2025-09-27,13,0.32,-12.54,14.09,-38.92,22.49,,True
2026-09-06,pre_dam,2026-10-03T03:09:32.724066+00:00,2025-09-14,2025-09-27,14,2.05,-18.1,14.23,-32.05,26.84,,True
2026-09-06,pre_dam,2026-10-03T03:09:32.724066+00:00,2025-09-14,2025-09-27,15,3.39,-19.74,20.21,9.58,-5.77,,True
2026-09-06,pre_dam,2026-10-03T03:09:32.724066+00:00,2025-09-14,2025-09-27,16,5.4,-20.39,23.07,9.18,16.45,,True
2026-09-06,pre_dam,2026-10-03T03:09:32.724066+00:00,2025-09-14,2025-09-27,17,4.74,-26.13,23.25,-54.9,-52.42,,True
2026-09-06,pre_dam,2026-10-03T03:09:32.724066+00:00,2025-09-14,2025-09-27,18,5.11,-34.98,30.52,40.32,-104.79,,True
2026-09-06,pre_dam,2026-10-03T03:09:32.724066+00:00,2025-09-14,2025-09-27,19,3.95,-32.97,30.2,31.64,62.93,,True
2026-09-06,pre_dam,2026-10-03T03:09:32.724066+00:00,2025-09-14,2025-09-27,20,1.12,-30.16,26.65,-15.1,73.09,,True
2026-09-06,pre_dam,2026-10-03T03:09:32.724066+00:00,2025-09-14,2025-09-27,21,-1.25,-24.06,20.62,-32.34,36.75,,True
2026-09-06,pre_dam,2026-10-03T03:09:32.724066+00:00,2025-09-14,2025-09-27,22,-2.5,-17.66,16.06,17.29,11.38,,True
2026-09-06,pre_dam,2026-10-03T03:09:32.724066+00:00,2025-09-14,2025-09-27,23,1.91,-15.07,14.83,-15.8,11.54,,True
2026-09-06,pre_dam,2026-10-03T03:09:32.724066+00:00,2025-09-14,2025-09-27,24,1.68,-11.87,14.73,14.06,14.83,,True
2026-09-07,pre_dam,2026-10-03T03:12:04.950884+00:00,2025-09-11,2025-06-05,1,4.37,-9.23,15.19,12.22,3.27,,True
2026-09-07,pre_dam,2026-10-03T03:12:04.950884+00:00,2025-09-11,2025-06-05,2,3.54,-9.31,14.47,26.08,-4.23,,True
2026-09-07,pre_dam,2026-10-03T03:12:04.950884+00:00,2025-09-11,2025-06-05,3,3.08,-8.89,14.03,15.18,-8.72,,True
2026-09-07,pre_dam,2026-10-03T03:12:04.950884+00:00,2025-09-11,2025-06-05,4,0.71,-10.95,18.18,13.74,-4.72,,True
2026-09-07,pre_dam,2026-10-03T03:12:04.950884+00:00,2025-09-11,2025-06-05,5,0.61,-11.05,18.13,8.84,19.27,,True
2026-09-07,pre_dam,2026-10-03T03:12:04.950884+00:00,2025-09-11,2025-06-05,6,1.3,-10.75,15.19,-1.78,19.08,,True
2026-09-07,pre_dam,2026-10-03T03:12:04.950884+00:00,2025-09-11,2025-06-05,7,-0.57,-11.67,17.48,-0.39,7.93,,True
2026-09-07,pre_dam,2026-10-03T03:12:04.950884+00:00,2025-09-11,2025-06-05,8,-1.54,-11.74,14.25,9.33,4.14,,True
2026-09-07,pre_dam,2026-10-03T03:12:04.950884+00:00,2025-09-11,2025-06-05,9,-0.82,-13.42,13.15,2.79,12.68,,True
2026-09-07,pre_dam,2026-10-03T03:12:04.950884+00:00,2025-09-11,2025-06-05,10,-0.47,-14.32,12.83,1.2,1.78,,True
2026-09-07,pre_dam,2026-10-03T03:12:04.950884+00:00,2025-09-11,2025-06-05,11,1.58,-13.97,15.52,1.32,-20.12,,True
2026-09-07,pre_dam,2026-10-03T03:12:04.950884+00:00,2025-09-11,2025-06-05,12,0.11,-23.52,14.31,1.35,-25.27,,True
2026-09-07,pre_dam,2026-10-03T03:12:04.950884+00:00,2025-09-11,2025-06-05,13,-1.25,-24.8,15.69,5.83,-37.25,,True
2026-09-07,pre_dam,2026-10-03T03:12:04.950884+00:00,2025-09-11,2025-06-05,14,2.44,-23.49,18.47,9.35,-104.23,,True
2026-09-07,pre_dam,2026-10-03T03:12:04.950884+00:00,2025-09-11,2025-06-05,15,4.52,-17.82,22.17,11.36,-30.52,,True
2026-09-07,pre_dam,2026-10-03T03:12:04.950884+00:00,2025-09-11,2025-06-05,16,5.25,-31.17,29.82,17.24,-0.7,,True
2026-09-07,pre_dam,2026-10-03T03:12:04.950884+00:00,2025-09-11,2025-06-05,17,4.43,-30.82,34.98,27.98,10.35,,True
2026-09-07,pre_dam,2026-10-03T03:12:04.950884+00:00,2025-09-11,2025-06-05,18,-0.05,-45.72,36.31,39.42,32.54,,True
2026-09-07,pre_dam,2026-10-03T03:12:04.950884+00:00,2025-09-11,2025-06-05,19,-2.55,-38.49,34.39,46.99,38.4,,True
2026-09-07,pre_dam,2026-10-03T03:12:04.950884+00:00,2025-09-11,2025-06-05,20,-1.47,-38.89,34.16,20.64,29.15,,True
2026-09-07,pre_dam,2026-10-03T03:12:04.950884+00:00,2025-09-11,2025-06-05,21,2.8,-36.24,27.89,9.44,23.3,,True
2026-09-07,pre_dam,2026-10-03T03:12:04.950884+00:00,2025-09-11,2025-06-05,22,-4.28,-32.26,17.29,11.01,-2.99,,True
2026-09-07,pre_dam,2026-10-03T03:12:04.950884+00:00,2025-09-11,2025-06-05,23,-3.28,-22.08,14.89,12.89,7.27,,True
2026-09-07,pre_dam,2026-10-03T03:12:04.950884+00:00,2025-09-11,2025-06-05,24,0.81,-22.53,15.99,16.64,13.52,,True
2026-09-08,pre_dam,2026-10-03T03:13:45.758625+00:00,2026-08-31,2026-08-25,1,6.47,-15.09,16.04,2.87,8.16,,True
2026-09-08,pre_dam,2026-10-03T03:13:45.758625+00:00,2026-08-31,2026-08-25,2,4.41,-14.62,14.13,9.22,9.54,,True
2026-09-08,pre_dam,2026-10-03T03:13:45.758625+00:00,2026-08-31,2026-08-25,3,5.66,-11.52,13.33,15.53,12.91,,True
2026-09-08,pre_dam,2026-10-03T03:13:45.758625+00:00,2026-08-31,2026-08-25,4,5.8,-10.98,13.47,14.65,12.76,,True
2026-09-08,pre_dam,2026-10-03T03:13:45.758625+00:00,2026-08-31,2026-08-25,5,5.47,-13.71,12.69,16.72,64.81,,True
2026-09-08,pre_dam,2026-10-03T03:13:45.758625+00:00,2026-08-31,2026-08-25,6,2.62,-16.99,13.23,4.26,11.08,,True
2026-09-08,pre_dam,2026-10-03T03:13:45.758625+00:00,2026-08-31,2026-08-25,7,1.11,-22.89,13.92,4.75,11.98,,True
2026-09-08,pre_dam,2026-10-03T03:13:45.758625+00:00,2026-08-31,2026-08-25,8,-2.14,-28.85,12.49,-18.06,16.75,,True
2026-09-08,pre_dam,2026-10-03T03:13:45.758625+00:00,2026-08-31,2026-08-25,9,-2.86,-25.83,12.67,-53.29,-127.55,,True
2026-09-08,pre_dam,2026-10-03T03:13:45.758625+00:00,2026-08-31,2026-08-25,10,-5.69,-34.13,11.02,-46.52,8.35,,True
2026-09-08,pre_dam,2026-10-03T03:13:45.758625+00:00,2026-08-31,2026-08-25,11,-6.28,-36.74,11.48,10.0,-121.29,,True
2026-09-08,pre_dam,2026-10-03T03:13:45.758625+00:00,2026-08-31,2026-08-25,12,-4.23,-28.25,13.26,19.06,13.83,,True
2026-09-08,pre_dam,2026-10-03T03:13:45.758625+00:00,2026-08-31,2026-08-25,13,-0.69,-28.21,17.99,19.55,20.82,,True
2026-09-08,pre_dam,2026-10-03T03:13:45.758625+00:00,2026-08-31,2026-08-25,14,1.64,-29.71,21.48,41.16,13.46,,True
2026-09-08,pre_dam,2026-10-03T03:13:45.758625+00:00,2026-08-31,2026-08-25,15,-10.19,-49.81,26.24,48.85,21.07,,True
2026-09-08,pre_dam,2026-10-03T03:13:45.758625+00:00,2026-08-31,2026-08-25,16,-11.36,-53.34,30.1,39.87,25.14,,True
2026-09-08,pre_dam,2026-10-03T03:13:45.758625+00:00,2026-08-31,2026-08-25,17,2.95,-51.83,37.13,51.42,33.52,,True
2026-09-08,pre_dam,2026-10-03T03:13:45.758625+00:00,2026-08-31,2026-08-25,18,12.29,-35.81,45.05,75.29,50.35,,True
2026-09-08,pre_dam,2026-10-03T03:13:45.758625+00:00,2026-08-31,2026-08-25,19,6.57,-42.15,42.3,31.36,52.69,,True
2026-09-08,pre_dam,2026-10-03T03:13:45.758625+00:00,2026-08-31,2026-08-25,20,11.61,-42.75,42.32,27.74,44.25,,True
2026-09-08,pre_dam,2026-10-03T03:13:45.758625+00:00,2026-08-31,2026-08-25,21,2.63,-35.04,27.14,24.88,30.91,,True
2026-09-08,pre_dam,2026-10-03T03:13:45.758625+00:00,2026-08-31,2026-08-25,22,-0.49,-26.53,14.69,-0.74,12.63,,True
2026-09-08,pre_dam,2026-10-03T03:13:45.758625+00:00,2026-08-31,2026-08-25,23,0.8,-27.42,16.45,-16.77,16.89,,True
2026-09-08,pre_dam,2026-10-03T03:13:45.758625+00:00,2026-08-31,2026-08-25,24,3.42,-25.13,16.52,-7.34,23.73,,True
2026-09-09,pre_dam,2026-10-03T03:15:38.155310+00:00,2026-07-29,2026-06-10,1,6.64,-22.58,11.46,-1.27,-1.13,,True
2026-09-09,pre_dam,2026-10-03T03:15:38.155310+00:00,2026-07-29,2026-06-10,2,3.22,-20.08,9.49,2.35,23.5,,True
2026-09-09,pre_dam,2026-10-03T03:15:38.155310+00:00,2026-07-29,2026-06-10,3,4.39,-16.69,10.4,0.93,22.29,,True
2026-09-09,pre_dam,2026-10-03T03:15:38.155310+00:00,2026-07-29,2026-06-10,4,3.12,-22.66,9.77,5.88,8.82,,True
2026-09-09,pre_dam,2026-10-03T03:15:38.155310+00:00,2026-07-29,2026-06-10,5,-0.63,-18.93,9.81,6.15,10.28,,True
2026-09-09,pre_dam,2026-10-03T03:15:38.155310+00:00,2026-07-29,2026-06-10,6,5.25,-19.54,10.16,1.83,-9.46,,True
2026-09-09,pre_dam,2026-10-03T03:15:38.155310+00:00,2026-07-29,2026-06-10,7,0.53,-30.73,11.97,12.64,-6.45,,True
2026-09-09,pre_dam,2026-10-03T03:15:38.155310+00:00,2026-07-29,2026-06-10,8,-8.02,-31.0,12.66,-16.46,9.22,,True
2026-09-09,pre_dam,2026-10-03T03:15:38.155310+00:00,2026-07-29,2026-06-10,9,-5.92,-31.57,13.24,-12.8,12.53,,True
2026-09-09,pre_dam,2026-10-03T03:15:38.155310+00:00,2026-07-29,2026-06-10,10,-2.18,-31.19,15.04,6.18,11.41,,True
2026-09-09,pre_dam,2026-10-03T03:15:38.155310+00:00,2026-07-29,2026-06-10,11,-1.21,-35.97,14.84,-6.35,12.92,,True
2026-09-09,pre_dam,2026-10-03T03:15:38.155310+00:00,2026-07-29,2026-06-10,12,-1.97,-35.82,16.1,6.79,18.12,,True
2026-09-09,pre_dam,2026-10-03T03:15:38.155310+00:00,2026-07-29,2026-06-10,13,4.49,-45.34,21.7,1.27,11.34,,True
2026-09-09,pre_dam,2026-10-03T03:15:38.155310+00:00,2026-07-29,2026-06-10,14,-1.22,-41.26,24.4,4.16,-13.32,,True
2026-09-09,pre_dam,2026-10-03T03:15:38.155310+00:00,2026-07-29,2026-06-10,15,-2.65,-41.26,24.83,5.29,-27.85,,True
2026-09-09,pre_dam,2026-10-03T03:15:38.155310+00:00,2026-07-29,2026-06-10,16,-22.88,-48.01,34.79,-24.06,13.05,,True
2026-09-09,pre_dam,2026-10-03T03:15:38.155310+00:00,2026-07-29,2026-06-10,17,-15.95,-44.74,47.86,-4.0,-63.17,,True
2026-09-09,pre_dam,2026-10-03T03:15:38.155310+00:00,2026-07-29,2026-06-10,18,-16.45,-36.54,36.73,-24.06,-99.86,,True
2026-09-09,pre_dam,2026-10-03T03:15:38.155310+00:00,2026-07-29,2026-06-10,19,2.32,-48.53,40.32,-62.59,-105.22,,True
2026-09-09,pre_dam,2026-10-03T03:15:38.155310+00:00,2026-07-29,2026-06-10,20,-4.62,-40.55,42.25,-219.09,-21.45,,True
2026-09-09,pre_dam,2026-10-03T03:15:38.155310+00:00,2026-07-29,2026-06-10,21,-4.28,-38.66,29.76,-9.45,-7.95,,True
2026-09-09,pre_dam,2026-10-03T03:15:38.155310+00:00,2026-07-29,2026-06-10,22,0.46,-27.21,15.3,-24.39,-14.57,,True
2026-09-09,pre_dam,2026-10-03T03:15:38.155310+00:00,2026-07-29,2026-06-10,23,0.42,-33.17,11.46,-6.6,6.52,,True
2026-09-09,pre_dam,2026-10-03T03:15:38.155310+00:00,2026-07-29,2026-06-10,24,0.55,-23.54,8.42,1.05,19.44,,True
2026-09-10,pre_dam,2026-10-03T03:17:35.521136+00:00,2026-07-22,2026-08-28,1,-2.25,-15.79,10.81,-3.03,-1.59,,True
2026-09-10,pre_dam,2026-10-03T03:17:35.521136+00:00,2026-07-22,2026-08-28,2,-3.9,-13.13,7.57,0.02,3.3,,True
2026-09-10,pre_dam,2026-10-03T03:17:35.521136+00:00,2026-07-22,2026-08-28,3,-3.62,-14.74,11.19,-76.59,3.25,,True
2026-09-10,pre_dam,2026-10-03T03:17:35.521136+00:00,2026-07-22,2026-08-28,4,-2.6,-19.93,12.02,0.84,3.12,,True
2026-09-10,pre_dam,2026-10-03T03:17:35.521136+00:00,2026-07-22,2026-08-28,5,-3.99,-17.65,9.14,8.02,3.57,,True
2026-09-10,pre_dam,2026-10-03T03:17:35.521136+00:00,2026-07-22,2026-08-28,6,-3.69,-26.05,9.52,-1.46,1.35,,True
2026-09-10,pre_dam,2026-10-03T03:17:35.521136+00:00,2026-07-22,2026-08-28,7,-5.49,-30.93,9.9,-14.91,8.18,,True
2026-09-10,pre_dam,2026-10-03T03:17:35.521136+00:00,2026-07-22,2026-08-28,8,-9.69,-34.76,10.36,-14.68,9.94,,True
2026-09-10,pre_dam,2026-10-03T03:17:35.521136+00:00,2026-07-22,2026-08-28,9,-9.47,-29.7,8.63,-8.75,11.11,,True
2026-09-10,pre_dam,2026-10-03T03:17:35.521136+00:00,2026-07-22,2026-08-28,10,-6.71,-21.28,7.1,-8.04,7.39,,True
2026-09-10,pre_dam,2026-10-03T03:17:35.521136+00:00,2026-07-22,2026-08-28,11,-7.63,-26.68,2.78,8.23,6.42,,True
2026-09-10,pre_dam,2026-10-03T03:17:35.521136+00:00,2026-07-22,2026-08-28,12,-4.84,-21.41,9.0,6.18,3.24,,True
2026-09-10,pre_dam,2026-10-03T03:17:35.521136+00:00,2026-07-22,2026-08-28,13,-9.32,-21.58,7.65,5.21,8.99,,True
2026-09-10,pre_dam,2026-10-03T03:17:35.521136+00:00,2026-07-22,2026-08-28,14,-0.83,-15.93,9.86,-0.75,8.74,,True
2026-09-10,pre_dam,2026-10-03T03:17:35.521136+00:00,2026-07-22,2026-08-28,15,0.93,-12.48,17.17,-8.93,4.01,,True
2026-09-10,pre_dam,2026-10-03T03:17:35.521136+00:00,2026-07-22,2026-08-28,16,3.85,-18.27,12.19,-11.88,-1.3,,True
2026-09-10,pre_dam,2026-10-03T03:17:35.521136+00:00,2026-07-22,2026-08-28,17,-2.37,-40.22,21.5,-12.38,3.22,,True
2026-09-10,pre_dam,2026-10-03T03:17:35.521136+00:00,2026-07-22,2026-08-28,18,0.56,-37.52,27.73,-12.91,-7.08,,True
2026-09-10,pre_dam,2026-10-03T03:17:35.521136+00:00,2026-07-22,2026-08-28,19,2.94,-36.71,30.93,-14.87,14.72,,True
2026-09-10,pre_dam,2026-10-03T03:17:35.521136+00:00,2026-07-22,2026-08-28,20,6.01,-36.47,32.07,-11.16,17.35,,True
2026-09-10,pre_dam,2026-10-03T03:17:35.521136+00:00,2026-07-22,2026-08-28,21,0.24,-36.92,25.33,-16.88,11.86,,True
2026-09-10,pre_dam,2026-10-03T03:17:35.521136+00:00,2026-07-22,2026-08-28,22,-2.21,-28.37,12.72,-13.96,14.98,,True
2026-09-10,pre_dam,2026-10-03T03:17:35.521136+00:00,2026-07-22,2026-08-28,23,-1.77,-30.28,9.58,-11.41,10.4,,True
2026-09-10,pre_dam,2026-10-03T03:17:35.521136+00:00,2026-07-22,2026-08-28,24,0.95,-26.66,9.97,-3.31,15.26,,True
2026-09-11,pre_dam,2026-10-03T03:19:23.185518+00:00,2025-09-11,2026-09-07,1,4.46,-12.95,12.68,12.22,6.54,,True
2026-09-11,pre_dam,2026-10-03T03:19:23.185518+00:00,2025-09-11,2026-09-07,2,3.34,-13.04,8.83,26.08,4.87,,True
2026-09-11,pre_dam,2026-10-03T03:19:23.185518+00:00,2025-09-11,2026-09-07,3,1.03,-10.85,7.2,15.18,8.58,,True
2026-09-11,pre_dam,2026-10-03T03:19:23.185518+00:00,2025-09-11,2026-09-07,4,1.22,-15.57,8.06,13.74,10.78,,True
2026-09-11,pre_dam,2026-10-03T03:19:23.185518+00:00,2025-09-11,2026-09-07,5,0.71,-10.25,6.62,8.84,9.99,,True
2026-09-11,pre_dam,2026-10-03T03:19:23.185518+00:00,2025-09-11,2026-09-07,6,1.55,-15.4,10.27,-1.78,8.94,,True
2026-09-11,pre_dam,2026-10-03T03:19:23.185518+00:00,2025-09-11,2026-09-07,7,1.83,-19.28,16.54,-0.39,2.6,,True
2026-09-11,pre_dam,2026-10-03T03:19:23.185518+00:00,2025-09-11,2026-09-07,8,-4.48,-26.63,12.53,9.33,2.63,,True
2026-09-11,pre_dam,2026-10-03T03:19:23.185518+00:00,2025-09-11,2026-09-07,9,-5.17,-26.35,11.58,2.79,0.42,,True
2026-09-11,pre_dam,2026-10-03T03:19:23.185518+00:00,2025-09-11,2026-09-07,10,-1.36,-25.69,12.12,1.2,0.17,,True
2026-09-11,pre_dam,2026-10-03T03:19:23.185518+00:00,2025-09-11,2026-09-07,11,-1.5,-29.19,11.5,1.32,-2.3,,True
2026-09-11,pre_dam,2026-10-03T03:19:23.185518+00:00,2025-09-11,2026-09-07,12,-0.08,-24.42,12.45,1.35,-4.2,,True
2026-09-11,pre_dam,2026-10-03T03:19:23.185518+00:00,2025-09-11,2026-09-07,13,2.1,-20.76,14.48,5.83,-5.78,,True
2026-09-11,pre_dam,2026-10-03T03:19:23.185518+00:00,2025-09-11,2026-09-07,14,5.2,-18.19,17.69,9.35,-10.13,,True
2026-09-11,pre_dam,2026-10-03T03:19:23.185518+00:00,2025-09-11,2026-09-07,15,3.96,-21.79,18.42,11.36,4.38,,True
2026-09-11,pre_dam,2026-10-03T03:19:23.185518+00:00,2025-09-11,2026-09-07,16,5.61,-37.95,23.74,17.24,-13.27,,True
2026-09-11,pre_dam,2026-10-03T03:19:23.185518+00:00,2025-09-11,2026-09-07,17,10.2,-24.83,27.88,27.98,-48.81,,True
2026-09-11,pre_dam,2026-10-03T03:19:23.185518+00:00,2025-09-11,2026-09-07,18,7.52,-27.14,33.43,39.42,-1.63,,True
2026-09-11,pre_dam,2026-10-03T03:19:23.185518+00:00,2025-09-11,2026-09-07,19,3.53,-36.69,38.85,46.99,7.13,,True
2026-09-11,pre_dam,2026-10-03T03:19:23.185518+00:00,2025-09-11,2026-09-07,20,3.08,-33.32,36.08,20.64,4.84,,True
2026-09-11,pre_dam,2026-10-03T03:19:23.185518+00:00,2025-09-11,2026-09-07,21,0.88,-36.63,23.83,9.44,-9.42,,True
2026-09-11,pre_dam,2026-10-03T03:19:23.185518+00:00,2025-09-11,2026-09-07,22,-4.16,-31.47,12.17,11.01,2.94,,True
2026-09-11,pre_dam,2026-10-03T03:19:23.185518+00:00,2025-09-11,2026-09-07,23,7.8,-16.91,17.21,12.89,-1.23,,True
2026-09-11,pre_dam,2026-10-03T03:19:23.185518+00:00,2025-09-11,2026-09-07,24,1.41,-21.41,12.45,16.64,-22.07,,True
2026-09-12,pre_dam,2026-10-03T03:21:14.974480+00:00,2026-08-30,2026-09-05,1,0.21,-17.4,8.38,7.57,9.01,,True
2026-09-12,pre_dam,2026-10-03T03:21:14.974480+00:00,2026-08-30,2026-09-05,2,2.59,-14.1,11.91,1.2,-1.19,,True
2026-09-12,pre_dam,2026-10-03T03:21:14.974480+00:00,2026-08-30,2026-09-05,3,3.07,-14.38,11.59,7.07,-5.2,,True
2026-09-12,pre_dam,2026-10-03T03:21:14.974480+00:00,2026-08-30,2026-09-05,4,1.86,-16.02,12.17,4.82,-0.49,,True
2026-09-12,pre_dam,2026-10-03T03:21:14.974480+00:00,2026-08-30,2026-09-05,5,1.15,-13.75,12.56,4.22,-0.31,,True
2026-09-12,pre_dam,2026-10-03T03:21:14.974480+00:00,2026-08-30,2026-09-05,6,-0.74,-19.08,9.07,3.78,4.04,,True
2026-09-12,pre_dam,2026-10-03T03:21:14.974480+00:00,2026-08-30,2026-09-05,7,-0.3,-23.67,10.75,3.14,8.37,,True
2026-09-12,pre_dam,2026-10-03T03:21:14.974480+00:00,2026-08-30,2026-09-05,8,-2.77,-25.66,9.74,-5.17,11.86,,True
2026-09-12,pre_dam,2026-10-03T03:21:14.974480+00:00,2026-08-30,2026-09-05,9,-0.63,-25.92,9.31,-12.95,7.31,,True
2026-09-12,pre_dam,2026-10-03T03:21:14.974480+00:00,2026-08-30,2026-09-05,10,-2.31,-25.06,9.1,-3.48,2.81,,True
2026-09-12,pre_dam,2026-10-03T03:21:14.974480+00:00,2026-08-30,2026-09-05,11,-2.16,-23.05,9.2,2.19,-1.07,,True
2026-09-12,pre_dam,2026-10-03T03:21:14.974480+00:00,2026-08-30,2026-09-05,12,-4.12,-29.28,10.47,0.15,-1.02,,True
2026-09-12,pre_dam,2026-10-03T03:21:14.974480+00:00,2026-08-30,2026-09-05,13,-4.47,-29.99,8.47,2.31,-10.49,,True
2026-09-12,pre_dam,2026-10-03T03:21:14.974480+00:00,2026-08-30,2026-09-05,14,-6.96,-27.8,11.74,4.2,-8.32,,True
2026-09-12,pre_dam,2026-10-03T03:21:14.974480+00:00,2026-08-30,2026-09-05,15,-10.36,-28.61,12.94,-3.7,1.28,,True
2026-09-12,pre_dam,2026-10-03T03:21:14.974480+00:00,2026-08-30,2026-09-05,16,-2.92,-29.95,16.97,0.27,-24.02,,True
2026-09-12,pre_dam,2026-10-03T03:21:14.974480+00:00,2026-08-30,2026-09-05,17,-11.48,-44.97,20.79,21.93,-25.05,,True
2026-09-12,pre_dam,2026-10-03T03:21:14.974480+00:00,2026-08-30,2026-09-05,18,0.84,-43.81,28.8,13.93,-455.95,,True
2026-09-12,pre_dam,2026-10-03T03:21:14.974480+00:00,2026-08-30,2026-09-05,19,-2.26,-47.77,28.13,10.75,-19.12,,True
2026-09-12,pre_dam,2026-10-03T03:21:14.974480+00:00,2026-08-30,2026-09-05,20,-1.82,-39.26,21.27,4.68,-36.25,,True
2026-09-12,pre_dam,2026-10-03T03:21:14.974480+00:00,2026-08-30,2026-09-05,21,-13.28,-27.78,15.08,17.56,2.32,,True
2026-09-12,pre_dam,2026-10-03T03:21:14.974480+00:00,2026-08-30,2026-09-05,22,-9.46,-33.34,12.05,9.82,3.61,,True
2026-09-12,pre_dam,2026-10-03T03:21:14.974480+00:00,2026-08-30,2026-09-05,23,-0.72,-24.3,11.95,11.25,4.54,,True
2026-09-12,pre_dam,2026-10-03T03:21:14.974480+00:00,2026-08-30,2026-09-05,24,-2.38,-21.19,10.54,7.38,8.92,,True
2026-09-13,pre_dam,2026-10-03T03:23:14.688445+00:00,2025-08-24,2026-09-12,1,1.29,-12.71,12.98,10.0,66.66,,True
2026-09-13,pre_dam,2026-10-03T03:23:14.688445+00:00,2025-08-24,2026-09-12,2,2.75,-8.68,14.27,-1.45,16.72,,True
2026-09-13,pre_dam,2026-10-03T03:23:14.688445+00:00,2025-08-24,2026-09-12,3,0.06,-11.87,14.42,1.63,13.38,,True
2026-09-13,pre_dam,2026-10-03T03:23:14.688445+00:00,2025-08-24,2026-09-12,4,-1.17,-13.54,14.59,-21.02,-8.9,,True
2026-09-13,pre_dam,2026-10-03T03:23:14.688445+00:00,2025-08-24,2026-09-12,5,0.3,-11.69,17.01,-9.28,12.9,,True
2026-09-13,pre_dam,2026-10-03T03:23:14.688445+00:00,2025-08-24,2026-09-12,6,-1.71,-13.99,14.39,-5.02,8.38,,True
2026-09-13,pre_dam,2026-10-03T03:23:14.688445+00:00,2025-08-24,2026-09-12,7,-6.62,-15.8,14.09,8.87,4.65,,True
2026-09-13,pre_dam,2026-10-03T03:23:14.688445+00:00,2025-08-24,2026-09-12,8,-5.72,-27.22,10.29,2.96,4.39,,True
2026-09-13,pre_dam,2026-10-03T03:23:14.688445+00:00,2025-08-24,2026-09-12,9,-6.42,-29.1,10.12,1.79,8.6,,True
2026-09-13,pre_dam,2026-10-03T03:23:14.688445+00:00,2025-08-24,2026-09-12,10,-7.8,-31.02,9.86,-5.28,-0.21,,True
2026-09-13,pre_dam,2026-10-03T03:23:14.688445+00:00,2025-08-24,2026-09-12,11,-10.33,-28.23,9.9,-7.56,20.91,,True
2026-09-13,pre_dam,2026-10-03T03:23:14.688445+00:00,2025-08-24,2026-09-12,12,-10.26,-28.58,9.75,-6.95,1.96,,True
2026-09-13,pre_dam,2026-10-03T03:23:14.688445+00:00,2025-08-24,2026-09-12,13,-8.6,-29.75,9.94,8.61,-2.34,,True
2026-09-13,pre_dam,2026-10-03T03:23:14.688445+00:00,2025-08-24,2026-09-12,14,-1.03,-31.12,13.45,12.71,11.96,,True
2026-09-13,pre_dam,2026-10-03T03:23:14.688445+00:00,2025-08-24,2026-09-12,15,-1.9,-26.41,15.72,13.55,2.24,,True
2026-09-13,pre_dam,2026-10-03T03:23:14.688445+00:00,2025-08-24,2026-09-12,16,3.65,-16.73,20.39,11.58,34.14,,True
2026-09-13,pre_dam,2026-10-03T03:23:14.688445+00:00,2025-08-24,2026-09-12,17,-0.25,-23.6,25.32,15.79,34.31,,True
2026-09-13,pre_dam,2026-10-03T03:23:14.688445+00:00,2025-08-24,2026-09-12,18,-43.0,-46.33,26.7,30.33,8.41,,True
2026-09-13,pre_dam,2026-10-03T03:23:14.688445+00:00,2025-08-24,2026-09-12,19,-23.75,-24.78,25.4,8.58,-0.04,,True
2026-09-13,pre_dam,2026-10-03T03:23:14.688445+00:00,2025-08-24,2026-09-12,20,1.08,-22.58,24.08,12.81,-1.2,,True
2026-09-13,pre_dam,2026-10-03T03:23:14.688445+00:00,2025-08-24,2026-09-12,21,-1.81,-24.31,19.25,43.92,-0.45,,True
2026-09-13,pre_dam,2026-10-03T03:23:14.688445+00:00,2025-08-24,2026-09-12,22,-0.26,-19.67,17.27,11.66,-22.35,,True
2026-09-13,pre_dam,2026-10-03T03:23:14.688445+00:00,2025-08-24,2026-09-12,23,0.78,-14.34,16.74,14.96,-7.59,,True
2026-09-13,pre_dam,2026-10-03T03:23:14.688445+00:00,2025-08-24,2026-09-12,24,3.07,-10.31,16.91,6.5,10.3,,True
2026-09-14,pre_dam,2026-10-03T03:25:07.382666+00:00,2026-05-06,2025-09-19,1,5.69,0.93,16.87,12.88,-140.35,,True
2026-09-14,pre_dam,2026-10-03T03:25:07.382666+00:00,2026-05-06,2025-09-19,2,2.87,-3.97,14.53,6.25,4.19,,True
2026-09-14,pre_dam,2026-10-03T03:25:07.382666+00:00,2026-05-06,2025-09-19,3,4.9,-1.02,17.49,6.44,2.29,,True
2026-09-14,pre_dam,2026-10-03T03:25:07.382666+00:00,2026-05-06,2025-09-19,4,2.63,-6.68,13.7,1.53,7.22,,True
2026-09-14,pre_dam,2026-10-03T03:25:07.382666+00:00,2026-05-06,2025-09-19,5,2.47,-4.28,14.03,-1.76,1.26,,True
2026-09-14,pre_dam,2026-10-03T03:25:07.382666+00:00,2026-05-06,2025-09-19,6,4.35,-4.62,9.92,13.93,-8.79,,True
2026-09-14,pre_dam,2026-10-03T03:25:07.382666+00:00,2026-05-06,2025-09-19,7,0.79,-18.11,9.84,22.41,-57.23,,True
2026-09-14,pre_dam,2026-10-03T03:25:07.382666+00:00,2026-05-06,2025-09-19,8,-0.84,-24.86,11.74,15.59,-55.4,,True
2026-09-14,pre_dam,2026-10-03T03:25:07.382666+00:00,2026-05-06,2025-09-19,9,2.1,-25.26,10.88,14.97,-47.64,,True
2026-09-14,pre_dam,2026-10-03T03:25:07.382666+00:00,2026-05-06,2025-09-19,10,0.73,-21.51,10.23,13.54,-24.55,,True
2026-09-14,pre_dam,2026-10-03T03:25:07.382666+00:00,2026-05-06,2025-09-19,11,1.0,-20.91,12.21,8.0,-0.81,,True
2026-09-14,pre_dam,2026-10-03T03:25:07.382666+00:00,2026-05-06,2025-09-19,12,0.61,-19.51,10.97,2.92,-14.16,,True
2026-09-14,pre_dam,2026-10-03T03:25:07.382666+00:00,2026-05-06,2025-09-19,13,0.63,-10.93,11.0,-9.27,-2.38,,True
2026-09-14,pre_dam,2026-10-03T03:25:07.382666+00:00,2026-05-06,2025-09-19,14,6.15,-11.73,12.0,-1.4,-33.49,,True
2026-09-14,pre_dam,2026-10-03T03:25:07.382666+00:00,2026-05-06,2025-09-19,15,0.56,-15.91,13.64,5.26,-12.79,,True
2026-09-14,pre_dam,2026-10-03T03:25:07.382666+00:00,2026-05-06,2025-09-19,16,3.19,-12.66,16.99,-20.84,-4.64,,True
2026-09-14,pre_dam,2026-10-03T03:25:07.382666+00:00,2026-05-06,2025-09-19,17,6.36,-24.14,25.69,0.23,-4.26,,True
2026-09-14,pre_dam,2026-10-03T03:25:07.382666+00:00,2026-05-06,2025-09-19,18,-0.4,-25.3,33.03,-20.0,26.91,,True
2026-09-14,pre_dam,2026-10-03T03:25:07.382666+00:00,2026-05-06,2025-09-19,19,0.37,-31.19,33.53,31.23,-13.84,,True
2026-09-14,pre_dam,2026-10-03T03:25:07.382666+00:00,2026-05-06,2025-09-19,20,2.0,-29.19,27.93,35.02,3.44,,True
2026-09-14,pre_dam,2026-10-03T03:25:07.382666+00:00,2026-05-06,2025-09-19,21,-6.62,-21.65,15.69,-7.61,4.8,,True
2026-09-14,pre_dam,2026-10-03T03:25:07.382666+00:00,2026-05-06,2025-09-19,22,0.64,-25.06,10.97,6.79,8.72,,True
2026-09-14,pre_dam,2026-10-03T03:25:07.382666+00:00,2026-05-06,2025-09-19,23,3.0,-16.43,9.72,8.26,17.94,,True
2026-09-14,pre_dam,2026-10-03T03:25:07.382666+00:00,2026-05-06,2025-09-19,24,4.81,-9.75,12.83,17.23,19.03,,True
2026-09-15,pre_dam,2026-10-03T03:07:20.061540+00:00,2026-04-29,2025-06-09,1,7.46,-1.59,18.87,16.45,10.39,,True
2026-09-15,pre_dam,2026-10-03T03:07:20.061540+00:00,2026-04-29,2025-06-09,2,5.11,-1.82,21.56,10.03,10.28,,True
2026-09-15,pre_dam,2026-10-03T03:07:20.061540+00:00,2026-04-29,2025-06-09,3,3.93,-2.09,21.54,14.99,3.91,,True
2026-09-15,pre_dam,2026-10-03T03:07:20.061540+00:00,2026-04-29,2025-06-09,4,4.12,-2.17,22.24,17.08,-12.69,,True
2026-09-15,pre_dam,2026-10-03T03:07:20.061540+00:00,2026-04-29,2025-06-09,5,4.66,-0.4,20.45,14.97,-2.39,,True
2026-09-15,pre_dam,2026-10-03T03:07:20.061540+00:00,2026-04-29,2025-06-09,6,4.41,-4.65,16.88,3.76,-7.1,,True
2026-09-15,pre_dam,2026-10-03T03:07:20.061540+00:00,2026-04-29,2025-06-09,7,2.77,-11.53,20.48,-15.27,3.09,,True
2026-09-15,pre_dam,2026-10-03T03:07:20.061540+00:00,2026-04-29,2025-06-09,8,3.24,-13.3,17.56,-0.9,-11.16,,True
2026-09-15,pre_dam,2026-10-03T03:07:20.061540+00:00,2026-04-29,2025-06-09,9,-0.19,-8.53,17.15,-18.09,8.27,,True
2026-09-15,pre_dam,2026-10-03T03:07:20.061540+00:00,2026-04-29,2025-06-09,10,-0.31,-10.64,18.18,-18.27,6.4,,True
2026-09-15,pre_dam,2026-10-03T03:07:20.061540+00:00,2026-04-29,2025-06-09,11,1.79,-9.34,16.36,-14.87,2.11,,True
2026-09-15,pre_dam,2026-10-03T03:07:20.061540+00:00,2026-04-29,2025-06-09,12,5.12,-10.84,15.73,-5.96,11.08,,True
2026-09-15,pre_dam,2026-10-03T03:07:20.061540+00:00,2026-04-29,2025-06-09,13,9.55,-15.11,17.21,-22.65,-32.32,,True
2026-09-15,pre_dam,2026-10-03T03:07:20.061540+00:00,2026-04-29,2025-06-09,14,10.01,-13.2,19.51,-4.54,3.52,,True
2026-09-15,pre_dam,2026-10-03T03:07:20.061540+00:00,2026-04-29,2025-06-09,15,8.82,-14.58,21.66,6.97,12.37,,True
2026-09-15,pre_dam,2026-10-03T03:07:20.061540+00:00,2026-04-29,2025-06-09,16,6.15,-17.19,18.72,-7.56,-4.96,,True
2026-09-15,pre_dam,2026-10-03T03:07:20.061540+00:00,2026-04-29,2025-06-09,17,7.2,-18.94,22.25,-26.0,6.85,,True
2026-09-15,pre_dam,2026-10-03T03:07:20.061540+00:00,2026-04-29,2025-06-09,18,9.0,-17.42,22.99,15.83,-0.28,,True
2026-09-15,pre_dam,2026-10-03T03:07:20.061540+00:00,2026-04-29,2025-06-09,19,-6.14,-23.66,23.64,30.0,26.45,,True
2026-09-15,pre_dam,2026-10-03T03:07:20.061540+00:00,2026-04-29,2025-06-09,20,2.73,-19.4,22.75,16.19,12.2,,True
2026-09-15,pre_dam,2026-10-03T03:07:20.061540+00:00,2026-04-29,2025-06-09,21,2.48,-17.9,19.16,-18.87,-103.97,,True
2026-09-15,pre_dam,2026-10-03T03:07:20.061540+00:00,2026-04-29,2025-06-09,22,4.57,-17.62,14.9,10.78,-163.28,,True
2026-09-15,pre_dam,2026-10-03T03:07:20.061540+00:00,2026-04-29,2025-06-09,23,4.82,-12.24,15.79,13.89,15.64,,True
2026-09-15,pre_dam,2026-10-03T03:07:20.061540+00:00,2026-04-29,2025-06-09,24,4.92,-4.05,15.49,14.64,17.35,,True
2026-09-16,pre_dam,2026-10-03T03:09:46.394886+00:00,2026-09-08,2025-09-24,1,9.75,-6.09,16.48,-49.26,8.76,,True
2026-09-16,pre_dam,2026-10-03T03:09:46.394886+00:00,2026-09-08,2025-09-24,2,9.72,-6.28,17.17,-51.43,10.64,,True
2026-09-16,pre_dam,2026-10-03T03:09:46.394886+00:00,2026-09-08,2025-09-24,3,9.37,-6.85,16.38,-11.65,8.88,,True
2026-09-16,pre_dam,2026-10-03T03:09:46.394886+00:00,2026-09-08,2025-09-24,4,7.61,-8.2,16.35,-48.51,3.28,,True
2026-09-16,pre_dam,2026-10-03T03:09:46.394886+00:00,2026-09-08,2025-09-24,5,6.14,-6.36,15.95,-47.61,7.49,,True
2026-09-16,pre_dam,2026-10-03T03:09:46.394886+00:00,2026-09-08,2025-09-24,6,7.96,-12.98,12.32,-30.33,25.29,,True
2026-09-16,pre_dam,2026-10-03T03:09:46.394886+00:00,2026-09-08,2025-09-24,7,4.53,-17.47,12.2,-8.1,-5.58,,True
2026-09-16,pre_dam,2026-10-03T03:09:46.394886+00:00,2026-09-08,2025-09-24,8,-0.35,-24.66,11.72,-152.22,35.6,,True
2026-09-16,pre_dam,2026-10-03T03:09:46.394886+00:00,2026-09-08,2025-09-24,9,-2.77,-21.63,11.9,-88.85,7.04,,True
2026-09-16,pre_dam,2026-10-03T03:09:46.394886+00:00,2026-09-08,2025-09-24,10,-3.34,-25.42,12.24,-35.62,57.15,,True
2026-09-16,pre_dam,2026-10-03T03:09:46.394886+00:00,2026-09-08,2025-09-24,11,-5.19,-23.95,12.67,-388.2,55.7,,True
2026-09-16,pre_dam,2026-10-03T03:09:46.394886+00:00,2026-09-08,2025-09-24,12,-1.46,-24.07,12.63,-11.8,64.18,,True
2026-09-16,pre_dam,2026-10-03T03:09:46.394886+00:00,2026-09-08,2025-09-24,13,0.1,-22.98,14.11,-2.25,69.44,,True
2026-09-16,pre_dam,2026-10-03T03:09:46.394886+00:00,2026-09-08,2025-09-24,14,3.93,-22.1,15.3,3.32,73.12,,True
2026-09-16,pre_dam,2026-10-03T03:09:46.394886+00:00,2026-09-08,2025-09-24,15,0.18,-19.33,18.58,36.91,73.31,,True
2026-09-16,pre_dam,2026-10-03T03:09:46.394886+00:00,2026-09-08,2025-09-24,16,1.44,-24.12,19.1,22.75,77.9,,True
2026-09-16,pre_dam,2026-10-03T03:09:46.394886+00:00,2026-09-08,2025-09-24,17,-16.27,-22.19,22.47,10.93,87.78,,True
2026-09-16,pre_dam,2026-10-03T03:09:46.394886+00:00,2026-09-08,2025-09-24,18,5.44,-35.8,26.13,15.14,69.66,,True
2026-09-16,pre_dam,2026-10-03T03:09:46.394886+00:00,2026-09-08,2025-09-24,19,11.93,-33.61,29.89,27.08,75.42,,True
2026-09-16,pre_dam,2026-10-03T03:09:46.394886+00:00,2026-09-08,2025-09-24,20,10.32,-35.22,28.99,31.81,85.48,,True
2026-09-16,pre_dam,2026-10-03T03:09:46.394886+00:00,2026-09-08,2025-09-24,21,0.25,-20.65,16.29,34.33,42.6,,True
2026-09-16,pre_dam,2026-10-03T03:09:46.394886+00:00,2026-09-08,2025-09-24,22,2.91,-22.82,12.53,6.71,-46.04,,True
2026-09-16,pre_dam,2026-10-03T03:09:46.394886+00:00,2026-09-08,2025-09-24,23,6.99,-14.12,12.26,-22.28,-43.18,,True
2026-09-16,pre_dam,2026-10-03T03:09:46.394886+00:00,2026-09-08,2025-09-24,24,5.26,-11.63,13.3,-1.8,3.69,,True
2026-09-17,pre_dam,2026-10-03T03:12:10.349989+00:00,2026-09-16,2026-09-08,1,4.33,-13.32,8.97,-12.69,-49.26,,True
2026-09-17,pre_dam,2026-10-03T03:12:10.349989+00:00,2026-09-16,2026-09-08,2,1.29,-9.96,6.46,-16.8,-51.43,,True
2026-09-17,pre_dam,2026-10-03T03:12:10.349989+00:00,2026-09-16,2026-09-08,3,1.59,-8.43,5.6,-11.72,-11.65,,True
2026-09-17,pre_dam,2026-10-03T03:12:10.349989+00:00,2026-09-16,2026-09-08,4,2.15,-6.03,7.37,-13.55,-48.51,,True
2026-09-17,pre_dam,2026-10-03T03:12:10.349989+00:00,2026-09-16,2026-09-08,5,0.41,-8.85,6.99,-5.22,-47.61,,True
2026-09-17,pre_dam,2026-10-03T03:12:10.349989+00:00,2026-09-16,2026-09-08,6,3.19,-14.16,6.02,-15.81,-30.33,,True
2026-09-17,pre_dam,2026-10-03T03:12:10.349989+00:00,2026-09-16,2026-09-08,7,4.47,-10.73,8.34,-26.96,-8.1,,True
2026-09-17,pre_dam,2026-10-03T03:12:10.349989+00:00,2026-09-16,2026-09-08,8,0.3,-17.0,7.86,-22.07,-152.22,,True
2026-09-17,pre_dam,2026-10-03T03:12:10.349989+00:00,2026-09-16,2026-09-08,9,0.46,-16.68,10.1,-6.07,-88.85,,True
2026-09-17,pre_dam,2026-10-03T03:12:10.349989+00:00,2026-09-16,2026-09-08,10,-4.78,-20.84,7.81,-47.24,-35.62,,True
2026-09-17,pre_dam,2026-10-03T03:12:10.349989+00:00,2026-09-16,2026-09-08,11,-3.24,-16.25,5.74,-36.44,-388.2,,True
2026-09-17,pre_dam,2026-10-03T03:12:10.349989+00:00,2026-09-16,2026-09-08,12,-6.91,-23.85,7.22,-27.4,-11.8,,True
2026-09-17,pre_dam,2026-10-03T03:12:10.349989+00:00,2026-09-16,2026-09-08,13,-14.51,-22.18,9.05,-8.62,-2.25,,True
2026-09-17,pre_dam,2026-10-03T03:12:10.349989+00:00,2026-09-16,2026-09-08,14,-4.31,-18.68,11.87,-1.76,3.32,,True
2026-09-17,pre_dam,2026-10-03T03:12:10.349989+00:00,2026-09-16,2026-09-08,15,-1.82,-16.58,12.72,9.78,36.91,,True
2026-09-17,pre_dam,2026-10-03T03:12:10.349989+00:00,2026-09-16,2026-09-08,16,1.2,-37.89,19.12,-4.93,22.75,,True
2026-09-17,pre_dam,2026-10-03T03:12:10.349989+00:00,2026-09-16,2026-09-08,17,5.85,-37.49,24.94,3.06,10.93,,True
2026-09-17,pre_dam,2026-10-03T03:12:10.349989+00:00,2026-09-16,2026-09-08,18,0.14,-38.34,28.74,15.34,15.14,,True
2026-09-17,pre_dam,2026-10-03T03:12:10.349989+00:00,2026-09-16,2026-09-08,19,-1.39,-44.27,30.56,21.62,27.08,,True
2026-09-17,pre_dam,2026-10-03T03:12:10.349989+00:00,2026-09-16,2026-09-08,20,-5.53,-42.0,23.37,0.63,31.81,,True
2026-09-17,pre_dam,2026-10-03T03:12:10.349989+00:00,2026-09-16,2026-09-08,21,-5.03,-21.11,11.88,-24.12,34.33,,True
2026-09-17,pre_dam,2026-10-03T03:12:10.349989+00:00,2026-09-16,2026-09-08,22,-0.82,-23.56,7.14,-33.89,6.71,,True
2026-09-17,pre_dam,2026-10-03T03:12:10.349989+00:00,2026-09-16,2026-09-08,23,2.21,-16.56,6.99,-34.24,-22.28,,True
2026-09-17,pre_dam,2026-10-03T03:12:10.349989+00:00,2026-09-16,2026-09-08,24,2.56,-15.24,8.9,-0.89,-1.8,,True
2026-09-18,pre_dam,2026-10-03T03:13:54.484672+00:00,2026-09-14,2025-08-26,1,3.09,-10.97,12.88,8.77,10.31,,True
2026-09-18,pre_dam,2026-10-03T03:13:54.484672+00:00,2026-09-14,2025-08-26,2,3.11,-12.26,13.36,2.34,9.26,,True
2026-09-18,pre_dam,2026-10-03T03:13:54.484672+00:00,2026-09-14,2025-08-26,3,1.72,-8.02,12.87,8.18,0.83,,True
2026-09-18,pre_dam,2026-10-03T03:13:54.484672+00:00,2026-09-14,2025-08-26,4,-0.29,-9.62,11.26,14.02,1.36,,True
2026-09-18,pre_dam,2026-10-03T03:13:54.484672+00:00,2026-09-14,2025-08-26,5,1.56,-5.11,13.19,27.22,16.82,,True
2026-09-18,pre_dam,2026-10-03T03:13:54.484672+00:00,2026-09-14,2025-08-26,6,5.2,-8.11,14.91,14.32,7.41,,True
2026-09-18,pre_dam,2026-10-03T03:13:54.484672+00:00,2026-09-14,2025-08-26,7,3.4,-13.5,16.98,18.33,3.14,,True
2026-09-18,pre_dam,2026-10-03T03:13:54.484672+00:00,2026-09-14,2025-08-26,8,3.31,-18.81,17.52,9.77,-0.99,,True
2026-09-18,pre_dam,2026-10-03T03:13:54.484672+00:00,2026-09-14,2025-08-26,9,-0.12,-23.47,15.41,2.02,3.71,,True
2026-09-18,pre_dam,2026-10-03T03:13:54.484672+00:00,2026-09-14,2025-08-26,10,2.14,-16.04,15.16,10.66,4.68,,True
2026-09-18,pre_dam,2026-10-03T03:13:54.484672+00:00,2026-09-14,2025-08-26,11,0.35,-17.96,14.88,-0.62,3.16,,True
2026-09-18,pre_dam,2026-10-03T03:13:54.484672+00:00,2026-09-14,2025-08-26,12,-0.64,-18.64,14.45,2.23,3.91,,True
2026-09-18,pre_dam,2026-10-03T03:13:54.484672+00:00,2026-09-14,2025-08-26,13,1.45,-18.42,15.62,2.0,5.01,,True
2026-09-18,pre_dam,2026-10-03T03:13:54.484672+00:00,2026-09-14,2025-08-26,14,-1.19,-21.51,16.15,6.05,8.56,,True
2026-09-18,pre_dam,2026-10-03T03:13:54.484672+00:00,2026-09-14,2025-08-26,15,0.19,-18.52,17.28,4.64,9.34,,True
2026-09-18,pre_dam,2026-10-03T03:13:54.484672+00:00,2026-09-14,2025-08-26,16,-1.83,-24.58,18.97,-3.95,12.43,,True
2026-09-18,pre_dam,2026-10-03T03:13:54.484672+00:00,2026-09-14,2025-08-26,17,1.49,-28.01,20.63,-125.03,11.21,,True
2026-09-18,pre_dam,2026-10-03T03:13:54.484672+00:00,2026-09-14,2025-08-26,18,0.91,-25.44,24.54,0.74,15.86,,True
2026-09-18,pre_dam,2026-10-03T03:13:54.484672+00:00,2026-09-14,2025-08-26,19,-0.98,-26.9,23.05,-92.28,14.58,,True
2026-09-18,pre_dam,2026-10-03T03:13:54.484672+00:00,2026-09-14,2025-08-26,20,1.82,-21.52,24.92,-3.6,4.31,,True
2026-09-18,pre_dam,2026-10-03T03:13:54.484672+00:00,2026-09-14,2025-08-26,21,-3.6,-23.35,15.23,-12.85,-7.3,,True
2026-09-18,pre_dam,2026-10-03T03:13:54.484672+00:00,2026-09-14,2025-08-26,22,2.68,-14.49,17.5,0.3,2.31,,True
2026-09-18,pre_dam,2026-10-03T03:13:54.484672+00:00,2026-09-14,2025-08-26,23,2.0,-14.35,15.11,-0.34,4.78,,True
2026-09-18,pre_dam,2026-10-03T03:13:54.484672+00:00,2026-09-14,2025-08-26,24,1.04,-12.39,12.29,7.01,9.93,,True
2026-09-19,pre_dam,2026-10-03T03:15:36.343061+00:00,2025-10-11,2025-09-21,1,0.09,-12.62,13.62,-18.24,-7.78,,True
2026-09-19,pre_dam,2026-10-03T03:15:36.343061+00:00,2025-10-11,2025-09-21,2,-1.17,-14.64,12.28,5.18,-16.74,,True
2026-09-19,pre_dam,2026-10-03T03:15:36.343061+00:00,2025-10-11,2025-09-21,3,-2.57,-13.7,12.3,14.81,-4.64,,True
2026-09-19,pre_dam,2026-10-03T03:15:36.343061+00:00,2025-10-11,2025-09-21,4,-4.42,-15.94,13.06,13.53,-5.75,,True
2026-09-19,pre_dam,2026-10-03T03:15:36.343061+00:00,2025-10-11,2025-09-21,5,-3.36,-16.12,12.72,21.69,6.29,,True
2026-09-19,pre_dam,2026-10-03T03:15:36.343061+00:00,2025-10-11,2025-09-21,6,-1.36,-13.75,12.98,13.94,-2.23,,True
2026-09-19,pre_dam,2026-10-03T03:15:36.343061+00:00,2025-10-11,2025-09-21,7,-1.72,-16.83,14.26,-10.53,11.94,,True
2026-09-19,pre_dam,2026-10-03T03:15:36.343061+00:00,2025-10-11,2025-09-21,8,-1.52,-21.95,15.41,-40.61,11.27,,True
2026-09-19,pre_dam,2026-10-03T03:15:36.343061+00:00,2025-10-11,2025-09-21,9,-3.35,-17.92,12.88,-67.52,-37.33,,True
2026-09-19,pre_dam,2026-10-03T03:15:36.343061+00:00,2025-10-11,2025-09-21,10,-5.82,-20.82,13.05,11.51,-50.58,,True
2026-09-19,pre_dam,2026-10-03T03:15:36.343061+00:00,2025-10-11,2025-09-21,11,-6.08,-18.36,11.5,9.77,-27.12,,True
2026-09-19,pre_dam,2026-10-03T03:15:36.343061+00:00,2025-10-11,2025-09-21,12,-2.42,-17.3,11.45,36.43,-70.49,,True
2026-09-19,pre_dam,2026-10-03T03:15:36.343061+00:00,2025-10-11,2025-09-21,13,-2.42,-16.01,10.55,31.9,-236.4,,True
2026-09-19,pre_dam,2026-10-03T03:15:36.343061+00:00,2025-10-11,2025-09-21,14,-2.2,-18.29,13.8,29.46,-20.82,,True
2026-09-19,pre_dam,2026-10-03T03:15:36.343061+00:00,2025-10-11,2025-09-21,15,-3.39,-16.42,11.52,-7.2,-37.6,,True
2026-09-19,pre_dam,2026-10-03T03:15:36.343061+00:00,2025-10-11,2025-09-21,16,-2.45,-27.6,17.35,17.41,-4.23,,True
2026-09-19,pre_dam,2026-10-03T03:15:36.343061+00:00,2025-10-11,2025-09-21,17,0.68,-25.36,19.84,42.3,-43.41,,True
2026-09-19,pre_dam,2026-10-03T03:15:36.343061+00:00,2025-10-11,2025-09-21,18,2.81,-23.64,21.93,56.3,-10.3,,True
2026-09-19,pre_dam,2026-10-03T03:15:36.343061+00:00,2025-10-11,2025-09-21,19,3.27,-25.74,21.05,27.93,37.42,,True
2026-09-19,pre_dam,2026-10-03T03:15:36.343061+00:00,2025-10-11,2025-09-21,20,1.79,-20.33,21.24,15.76,1.37,,True
2026-09-19,pre_dam,2026-10-03T03:15:36.343061+00:00,2025-10-11,2025-09-21,21,-1.03,-22.67,16.56,6.41,-1.62,,True
2026-09-19,pre_dam,2026-10-03T03:15:36.343061+00:00,2025-10-11,2025-09-21,22,-1.47,-23.86,16.73,-9.83,13.77,,True
2026-09-19,pre_dam,2026-10-03T03:15:36.343061+00:00,2025-10-11,2025-09-21,23,-2.66,-20.2,16.52,9.19,4.68,,True
2026-09-19,pre_dam,2026-10-03T03:15:36.343061+00:00,2025-10-11,2025-09-21,24,-0.98,-17.05,14.06,8.27,3.06,,True
2026-09-20,pre_dam,2026-10-03T03:17:31.737663+00:00,2025-09-21,2026-09-19,1,-0.44,-19.7,12.76,-7.78,9.54,,True
2026-09-20,pre_dam,2026-10-03T03:17:31.737663+00:00,2025-09-21,2026-09-19,2,-0.94,-21.41,12.14,-16.74,7.33,,True
2026-09-20,pre_dam,2026-10-03T03:17:31.737663+00:00,2025-09-21,2026-09-19,3,-3.16,-20.03,13.85,-4.64,1.59,,True
2026-09-20,pre_dam,2026-10-03T03:17:31.737663+00:00,2025-09-21,2026-09-19,4,-1.59,-16.12,14.92,-5.75,0.19,,True
2026-09-20,pre_dam,2026-10-03T03:17:31.737663+00:00,2025-09-21,2026-09-19,5,-1.17,-17.01,15.01,6.29,-4.75,,True
2026-09-20,pre_dam,2026-10-03T03:17:31.737663+00:00,2025-09-21,2026-09-19,6,-1.86,-19.31,11.86,-2.23,-8.31,,True
2026-09-20,pre_dam,2026-10-03T03:17:31.737663+00:00,2025-09-21,2026-09-19,7,-1.71,-18.38,14.43,11.94,7.75,,True
2026-09-20,pre_dam,2026-10-03T03:17:31.737663+00:00,2025-09-21,2026-09-19,8,-2.28,-21.53,13.72,11.27,-1.31,,True
2026-09-20,pre_dam,2026-10-03T03:17:31.737663+00:00,2025-09-21,2026-09-19,9,-3.15,-18.43,14.09,-37.33,2.77,,True
2026-09-20,pre_dam,2026-10-03T03:17:31.737663+00:00,2025-09-21,2026-09-19,10,-4.5,-26.21,14.23,-50.58,-2.29,,True
2026-09-20,pre_dam,2026-10-03T03:17:31.737663+00:00,2025-09-21,2026-09-19,11,-1.3,-19.9,12.56,-27.12,-5.3,,True
2026-09-20,pre_dam,2026-10-03T03:17:31.737663+00:00,2025-09-21,2026-09-19,12,-1.13,-19.77,14.49,-70.49,-10.65,,True
2026-09-20,pre_dam,2026-10-03T03:17:31.737663+00:00,2025-09-21,2026-09-19,13,-2.18,-17.76,14.79,-236.4,-4.88,,True
2026-09-20,pre_dam,2026-10-03T03:17:31.737663+00:00,2025-09-21,2026-09-19,14,-0.13,-16.76,15.11,-20.82,1.48,,True
2026-09-20,pre_dam,2026-10-03T03:17:31.737663+00:00,2025-09-21,2026-09-19,15,-0.34,-20.85,17.89,-37.6,1.31,,True
2026-09-20,pre_dam,2026-10-03T03:17:31.737663+00:00,2025-09-21,2026-09-19,16,1.77,-27.32,13.93,-4.23,-4.79,,True
2026-09-20,pre_dam,2026-10-03T03:17:31.737663+00:00,2025-09-21,2026-09-19,17,0.63,-31.92,17.54,-43.41,4.01,,True
2026-09-20,pre_dam,2026-10-03T03:17:31.737663+00:00,2025-09-21,2026-09-19,18,-3.9,-32.88,17.67,-10.3,10.06,,True
2026-09-20,pre_dam,2026-10-03T03:17:31.737663+00:00,2025-09-21,2026-09-19,19,-3.67,-38.08,20.52,37.42,8.95,,True
2026-09-20,pre_dam,2026-10-03T03:17:31.737663+00:00,2025-09-21,2026-09-19,20,-7.01,-31.26,18.14,1.37,-15.87,,True
2026-09-20,pre_dam,2026-10-03T03:17:31.737663+00:00,2025-09-21,2026-09-19,21,-0.61,-25.53,14.95,-1.62,-28.66,,True
2026-09-20,pre_dam,2026-10-03T03:17:31.737663+00:00,2025-09-21,2026-09-19,22,0.47,-25.03,15.81,13.77,-16.01,,True
2026-09-20,pre_dam,2026-10-03T03:17:31.737663+00:00,2025-09-21,2026-09-19,23,-0.01,-11.21,18.98,4.68,-0.27,,True
2026-09-20,pre_dam,2026-10-03T03:17:31.737663+00:00,2025-09-21,2026-09-19,24,-0.42,-6.87,19.13,3.06,-0.8,,True
2026-09-21,pre_dam,2026-10-03T03:19:11.143869+00:00,2026-03-10,2025-05-20,1,0.6,-9.25,16.39,24.46,6.55,,True
2026-09-21,pre_dam,2026-10-03T03:19:11.143869+00:00,2026-03-10,2025-05-20,2,0.52,-11.59,17.62,20.1,6.91,,True
2026-09-21,pre_dam,2026-10-03T03:19:11.143869+00:00,2026-03-10,2025-05-20,3,-0.19,-7.47,16.96,21.65,6.55,,True
2026-09-21,pre_dam,2026-10-03T03:19:11.143869+00:00,2026-03-10,2025-05-20,4,-0.43,-10.92,15.17,24.88,6.46,,True
2026-09-21,pre_dam,2026-10-03T03:19:11.143869+00:00,2026-03-10,2025-05-20,5,0.93,-11.17,16.1,29.84,6.95,,True
2026-09-21,pre_dam,2026-10-03T03:19:11.143869+00:00,2026-03-10,2025-05-20,6,0.73,-9.89,13.21,4.51,12.17,,True
2026-09-21,pre_dam,2026-10-03T03:19:11.143869+00:00,2026-03-10,2025-05-20,7,-1.44,-19.34,14.39,-24.08,-105.95,,True
2026-09-21,pre_dam,2026-10-03T03:19:11.143869+00:00,2026-03-10,2025-05-20,8,-0.76,-21.84,12.83,22.88,22.73,,True
2026-09-21,pre_dam,2026-10-03T03:19:11.143869+00:00,2026-03-10,2025-05-20,9,-1.29,-21.24,11.93,5.12,30.52,,True
2026-09-21,pre_dam,2026-10-03T03:19:11.143869+00:00,2026-03-10,2025-05-20,10,0.85,-21.33,12.02,-24.87,26.3,,True
2026-09-21,pre_dam,2026-10-03T03:19:11.143869+00:00,2026-03-10,2025-05-20,11,0.12,-24.89,12.04,-0.94,16.34,,True
2026-09-21,pre_dam,2026-10-03T03:19:11.143869+00:00,2026-03-10,2025-05-20,12,0.37,-23.57,12.46,14.88,21.89,,True
2026-09-21,pre_dam,2026-10-03T03:19:11.143869+00:00,2026-03-10,2025-05-20,13,-0.17,-17.15,11.18,23.57,20.58,,True
2026-09-21,pre_dam,2026-10-03T03:19:11.143869+00:00,2026-03-10,2025-05-20,14,0.3,-17.58,12.11,35.1,19.48,,True
2026-09-21,pre_dam,2026-10-03T03:19:11.143869+00:00,2026-03-10,2025-05-20,15,0.12,-18.63,12.53,31.89,26.42,,True
2026-09-21,pre_dam,2026-10-03T03:19:11.143869+00:00,2026-03-10,2025-05-20,16,-1.17,-18.83,12.06,11.59,24.55,,True
2026-09-21,pre_dam,2026-10-03T03:19:11.143869+00:00,2026-03-10,2025-05-20,17,-1.08,-20.3,16.52,8.28,31.19,,True
2026-09-21,pre_dam,2026-10-03T03:19:11.143869+00:00,2026-03-10,2025-05-20,18,7.5,-19.57,23.98,-1.34,29.74,,True
2026-09-21,pre_dam,2026-10-03T03:19:11.143869+00:00,2026-03-10,2025-05-20,19,2.53,-25.08,22.37,13.37,23.52,,True
2026-09-21,pre_dam,2026-10-03T03:19:11.143869+00:00,2026-03-10,2025-05-20,20,0.18,-29.07,19.03,17.02,26.87,,True
2026-09-21,pre_dam,2026-10-03T03:19:11.143869+00:00,2026-03-10,2025-05-20,21,-1.67,-20.67,14.14,9.55,19.16,,True
2026-09-21,pre_dam,2026-10-03T03:19:11.143869+00:00,2026-03-10,2025-05-20,22,-1.08,-17.08,13.0,10.47,5.5,,True
2026-09-21,pre_dam,2026-10-03T03:19:11.143869+00:00,2026-03-10,2025-05-20,23,-0.86,-10.85,12.48,17.04,14.02,,True
2026-09-21,pre_dam,2026-10-03T03:19:11.143869+00:00,2026-03-10,2025-05-20,24,-0.85,-15.1,16.28,23.03,6.37,,True
2026-09-22,pre_dam,2026-10-03T03:20:56.368613+00:00,2026-09-21,2025-05-20,1,3.44,-7.51,23.79,4.11,6.55,,True
2026-09-22,pre_dam,2026-10-03T03:20:56.368613+00:00,2026-09-21,2025-05-20,2,1.78,-12.73,23.52,14.15,6.91,,True
2026-09-22,pre_dam,2026-10-03T03:20:56.368613+00:00,2026-09-21,2025-05-20,3,0.74,-13.26,23.49,20.09,6.55,,True
2026-09-22,pre_dam,2026-10-03T03:20:56.368613+00:00,2026-09-21,2025-05-20,4,4.82,-6.22,24.45,25.69,6.46,,True
2026-09-22,pre_dam,2026-10-03T03:20:56.368613+00:00,2026-09-21,2025-05-20,5,4.41,-8.8,20.46,10.86,6.95,,True
2026-09-22,pre_dam,2026-10-03T03:20:56.368613+00:00,2026-09-21,2025-05-20,6,3.08,-17.29,18.96,17.07,12.17,,True
2026-09-22,pre_dam,2026-10-03T03:20:56.368613+00:00,2026-09-21,2025-05-20,7,3.57,-27.2,20.34,-1.01,-105.95,,True
2026-09-22,pre_dam,2026-10-03T03:20:56.368613+00:00,2026-09-21,2025-05-20,8,0.19,-23.46,20.13,10.2,22.73,,True
2026-09-22,pre_dam,2026-10-03T03:20:56.368613+00:00,2026-09-21,2025-05-20,9,0.69,-21.33,20.08,14.57,30.52,,True
2026-09-22,pre_dam,2026-10-03T03:20:56.368613+00:00,2026-09-21,2025-05-20,10,2.53,-15.01,20.15,29.48,26.3,,True
2026-09-22,pre_dam,2026-10-03T03:20:56.368613+00:00,2026-09-21,2025-05-20,11,2.91,-10.03,17.89,30.51,16.34,,True
2026-09-22,pre_dam,2026-10-03T03:20:56.368613+00:00,2026-09-21,2025-05-20,12,2.65,-9.09,17.75,30.46,21.89,,True
2026-09-22,pre_dam,2026-10-03T03:20:56.368613+00:00,2026-09-21,2025-05-20,13,3.49,-17.58,18.15,20.9,20.58,,True
2026-09-22,pre_dam,2026-10-03T03:20:56.368613+00:00,2026-09-21,2025-05-20,14,5.98,-10.11,19.73,12.96,19.48,,True
2026-09-22,pre_dam,2026-10-03T03:20:56.368613+00:00,2026-09-21,2025-05-20,15,-1.8,-13.6,16.72,11.3,26.42,,True
2026-09-22,pre_dam,2026-10-03T03:20:56.368613+00:00,2026-09-21,2025-05-20,16,-5.11,-30.23,20.28,6.97,24.55,,True
2026-09-22,pre_dam,2026-10-03T03:20:56.368613+00:00,2026-09-21,2025-05-20,17,-5.51,-28.88,23.11,9.14,31.19,,True
2026-09-22,pre_dam,2026-10-03T03:20:56.368613+00:00,2026-09-21,2025-05-20,18,-20.12,-31.49,24.9,11.84,29.74,,True
2026-09-22,pre_dam,2026-10-03T03:20:56.368613+00:00,2026-09-21,2025-05-20,19,-4.66,-27.44,28.11,13.41,23.52,,True
2026-09-22,pre_dam,2026-10-03T03:20:56.368613+00:00,2026-09-21,2025-05-20,20,2.01,-24.21,22.5,9.75,26.87,,True
2026-09-22,pre_dam,2026-10-03T03:20:56.368613+00:00,2026-09-21,2025-05-20,21,3.94,-25.47,20.5,12.01,19.16,,True
2026-09-22,pre_dam,2026-10-03T03:20:56.368613+00:00,2026-09-21,2025-05-20,22,2.09,-21.77,18.72,11.7,5.5,,True
2026-09-22,pre_dam,2026-10-03T03:20:56.368613+00:00,2026-09-21,2025-05-20,23,2.7,-8.77,18.28,14.21,14.02,,True
2026-09-22,pre_dam,2026-10-03T03:20:56.368613+00:00,2026-09-21,2025-05-20,24,0.08,-10.17,22.61,24.8,6.37,,True
2026-09-23,pre_dam,2026-10-03T03:22:55.736775+00:00,2025-05-20,2026-09-21,1,4.15,-7.45,25.33,6.55,4.11,,True
2026-09-23,pre_dam,2026-10-03T03:22:55.736775+00:00,2025-05-20,2026-09-21,2,3.73,-6.72,24.02,6.91,14.15,,True
2026-09-23,pre_dam,2026-10-03T03:22:55.736775+00:00,2025-05-20,2026-09-21,3,3.36,-8.49,23.57,6.55,20.09,,True
2026-09-23,pre_dam,2026-10-03T03:22:55.736775+00:00,2025-05-20,2026-09-21,4,2.76,-8.62,22.65,6.46,25.69,,True
2026-09-23,pre_dam,2026-10-03T03:22:55.736775+00:00,2025-05-20,2026-09-21,5,-7.62,-8.52,25.39,6.95,10.86,,True
2026-09-23,pre_dam,2026-10-03T03:22:55.736775+00:00,2025-05-20,2026-09-21,6,-14.46,-14.46,18.44,12.17,17.07,,True
2026-09-23,pre_dam,2026-10-03T03:22:55.736775+00:00,2025-05-20,2026-09-21,7,-12.94,-14.16,20.23,-105.95,-1.01,,True
2026-09-23,pre_dam,2026-10-03T03:22:55.736775+00:00,2025-05-20,2026-09-21,8,-13.93,-20.01,19.71,22.73,10.2,,True
2026-09-23,pre_dam,2026-10-03T03:22:55.736775+00:00,2025-05-20,2026-09-21,9,-18.45,-18.45,16.74,30.52,14.57,,True
2026-09-23,pre_dam,2026-10-03T03:22:55.736775+00:00,2025-05-20,2026-09-21,10,-14.2,-14.2,23.57,26.3,29.48,,True
2026-09-23,pre_dam,2026-10-03T03:22:55.736775+00:00,2025-05-20,2026-09-21,11,-14.87,-14.87,24.93,16.34,30.51,,True
2026-09-23,pre_dam,2026-10-03T03:22:55.736775+00:00,2025-05-20,2026-09-21,12,-14.31,-14.31,27.16,21.89,30.46,,True
2026-09-23,pre_dam,2026-10-03T03:22:55.736775+00:00,2025-05-20,2026-09-21,13,-6.97,-7.45,23.42,20.58,20.9,,True
2026-09-23,pre_dam,2026-10-03T03:22:55.736775+00:00,2025-05-20,2026-09-21,14,-9.52,-13.03,26.85,19.48,12.96,,True
2026-09-23,pre_dam,2026-10-03T03:22:55.736775+00:00,2025-05-20,2026-09-21,15,3.98,-13.32,24.32,26.42,11.3,,True
2026-09-23,pre_dam,2026-10-03T03:22:55.736775+00:00,2025-05-20,2026-09-21,16,6.77,-15.71,17.87,24.55,6.97,,True
2026-09-23,pre_dam,2026-10-03T03:22:55.736775+00:00,2025-05-20,2026-09-21,17,4.64,-17.97,19.15,31.19,9.14,,True
2026-09-23,pre_dam,2026-10-03T03:22:55.736775+00:00,2025-05-20,2026-09-21,18,5.66,-19.95,18.4,29.74,11.84,,True
2026-09-23,pre_dam,2026-10-03T03:22:55.736775+00:00,2025-05-20,2026-09-21,19,3.56,-23.21,22.85,23.52,13.41,,True
2026-09-23,pre_dam,2026-10-03T03:22:55.736775+00:00,2025-05-20,2026-09-21,20,4.51,-19.71,17.49,26.87,9.75,,True
2026-09-23,pre_dam,2026-10-03T03:22:55.736775+00:00,2025-05-20,2026-09-21,21,4.82,-18.83,16.5,19.16,12.01,,True
2026-09-23,pre_dam,2026-10-03T03:22:55.736775+00:00,2025-05-20,2026-09-21,22,3.78,-15.56,16.73,5.5,11.7,,True
2026-09-23,pre_dam,2026-10-03T03:22:55.736775+00:00,2025-05-20,2026-09-21,23,3.53,-14.52,16.89,14.02,14.21,,True
2026-09-23,pre_dam,2026-10-03T03:22:55.736775+00:00,2025-05-20,2026-09-21,24,4.18,-8.88,17.11,6.37,24.8,,True
2026-09-24,pre_dam,2026-10-03T03:24:46.334356+00:00,2025-10-01,2025-10-02,1,5.9,1.63,27.36,0.44,5.52,,True
2026-09-24,pre_dam,2026-10-03T03:24:46.334356+00:00,2025-10-01,2025-10-02,2,3.98,1.6,26.96,-5.06,-1.81,,True
2026-09-24,pre_dam,2026-10-03T03:24:46.334356+00:00,2025-10-01,2025-10-02,3,7.36,-0.12,27.28,10.3,-4.54,,True
2026-09-24,pre_dam,2026-10-03T03:24:46.334356+00:00,2025-10-01,2025-10-02,4,7.13,0.03,26.84,-9.25,-0.28,,True
2026-09-24,pre_dam,2026-10-03T03:24:46.334356+00:00,2025-10-01,2025-10-02,5,6.53,0.14,23.36,-1.09,9.76,,True
2026-09-24,pre_dam,2026-10-03T03:24:46.334356+00:00,2025-10-01,2025-10-02,6,4.56,-4.16,16.89,5.34,4.22,,True
2026-09-24,pre_dam,2026-10-03T03:24:46.334356+00:00,2025-10-01,2025-10-02,7,4.31,-15.62,21.12,5.96,8.84,,True
2026-09-24,pre_dam,2026-10-03T03:24:46.334356+00:00,2025-10-01,2025-10-02,8,2.79,-17.99,19.84,20.98,10.81,,True
2026-09-24,pre_dam,2026-10-03T03:24:46.334356+00:00,2025-10-01,2025-10-02,9,1.1,-13.06,17.28,-15.75,-0.43,,True
2026-09-24,pre_dam,2026-10-03T03:24:46.334356+00:00,2025-10-01,2025-10-02,10,2.55,-6.16,19.41,-18.63,-4.73,,True
2026-09-24,pre_dam,2026-10-03T03:24:46.334356+00:00,2025-10-01,2025-10-02,11,5.15,-1.63,26.21,-31.18,-68.35,,True
2026-09-24,pre_dam,2026-10-03T03:24:46.334356+00:00,2025-10-01,2025-10-02,12,3.82,-6.41,18.69,-7.93,-5.64,,True
2026-09-24,pre_dam,2026-10-03T03:24:46.334356+00:00,2025-10-01,2025-10-02,13,3.43,-3.12,18.24,-8.08,9.85,,True
2026-09-24,pre_dam,2026-10-03T03:24:46.334356+00:00,2025-10-01,2025-10-02,14,7.38,1.09,21.05,-8.7,13.82,,True
2026-09-24,pre_dam,2026-10-03T03:24:46.334356+00:00,2025-10-01,2025-10-02,15,9.16,0.46,17.77,-32.69,26.81,,True
2026-09-24,pre_dam,2026-10-03T03:24:46.334356+00:00,2025-10-01,2025-10-02,16,5.36,-11.53,15.83,-23.11,33.67,,True
2026-09-24,pre_dam,2026-10-03T03:24:46.334356+00:00,2025-10-01,2025-10-02,17,5.57,-11.1,24.0,-75.76,23.72,,True
2026-09-24,pre_dam,2026-10-03T03:24:46.334356+00:00,2025-10-01,2025-10-02,18,4.39,-18.03,23.74,-22.89,-22.95,,True
2026-09-24,pre_dam,2026-10-03T03:24:46.334356+00:00,2025-10-01,2025-10-02,19,4.8,-24.93,26.13,40.51,48.72,,True
2026-09-24,pre_dam,2026-10-03T03:24:46.334356+00:00,2025-10-01,2025-10-02,20,5.01,-24.77,27.06,27.54,28.42,,True
2026-09-24,pre_dam,2026-10-03T03:24:46.334356+00:00,2025-10-01,2025-10-02,21,6.59,-16.87,20.37,11.96,-4.43,,True
2026-09-24,pre_dam,2026-10-03T03:24:46.334356+00:00,2025-10-01,2025-10-02,22,5.4,-17.28,20.04,9.42,-34.07,,True
2026-09-24,pre_dam,2026-10-03T03:24:46.334356+00:00,2025-10-01,2025-10-02,23,4.59,-10.62,14.29,-20.9,-16.53,,True
2026-09-24,pre_dam,2026-10-03T03:24:46.334356+00:00,2025-10-01,2025-10-02,24,6.79,-9.04,16.47,11.07,-131.36,,True
2026-09-25,pre_dam,2026-10-03T03:07:20.989467+00:00,2025-10-03,2025-08-27,1,4.41,-0.59,15.0,1.03,11.95,,True
2026-09-25,pre_dam,2026-10-03T03:07:20.989467+00:00,2025-10-03,2025-08-27,2,1.99,-8.59,13.18,-0.82,11.93,,True
2026-09-25,pre_dam,2026-10-03T03:07:20.989467+00:00,2025-10-03,2025-08-27,3,3.06,-8.01,14.15,-1.32,7.98,,True
2026-09-25,pre_dam,2026-10-03T03:07:20.989467+00:00,2025-10-03,2025-08-27,4,3.01,-7.54,14.36,3.72,2.92,,True
2026-09-25,pre_dam,2026-10-03T03:07:20.989467+00:00,2025-10-03,2025-08-27,5,0.38,-4.63,13.08,1.25,-4.75,,True
2026-09-25,pre_dam,2026-10-03T03:07:20.989467+00:00,2025-10-03,2025-08-27,6,1.09,-17.61,10.44,-49.68,-3.62,,True
2026-09-25,pre_dam,2026-10-03T03:07:20.989467+00:00,2025-10-03,2025-08-27,7,0.01,-20.76,12.31,-98.89,-2.13,,True
2026-09-25,pre_dam,2026-10-03T03:07:20.989467+00:00,2025-10-03,2025-08-27,8,-2.68,-26.18,8.78,-25.01,-0.67,,True
2026-09-25,pre_dam,2026-10-03T03:07:20.989467+00:00,2025-10-03,2025-08-27,9,-1.96,-25.02,9.96,-5.91,0.84,,True
2026-09-25,pre_dam,2026-10-03T03:07:20.989467+00:00,2025-10-03,2025-08-27,10,-4.28,-21.95,8.88,-61.2,18.1,,True
2026-09-25,pre_dam,2026-10-03T03:07:20.989467+00:00,2025-10-03,2025-08-27,11,-2.92,-19.76,10.03,-20.78,16.22,,True
2026-09-25,pre_dam,2026-10-03T03:07:20.989467+00:00,2025-10-03,2025-08-27,12,-2.24,-19.02,12.0,-27.95,6.3,,True
2026-09-25,pre_dam,2026-10-03T03:07:20.989467+00:00,2025-10-03,2025-08-27,13,-1.62,-11.47,11.63,4.01,5.43,,True
2026-09-25,pre_dam,2026-10-03T03:07:20.989467+00:00,2025-10-03,2025-08-27,14,-1.35,-19.73,10.94,16.01,6.52,,True
2026-09-25,pre_dam,2026-10-03T03:07:20.989467+00:00,2025-10-03,2025-08-27,15,-0.78,-22.15,12.79,0.0,8.24,,True
2026-09-25,pre_dam,2026-10-03T03:07:20.989467+00:00,2025-10-03,2025-08-27,16,-0.99,-21.57,13.74,-10.08,19.85,,True
2026-09-25,pre_dam,2026-10-03T03:07:20.989467+00:00,2025-10-03,2025-08-27,17,-6.17,-24.35,15.72,-71.71,24.19,,True
2026-09-25,pre_dam,2026-10-03T03:07:20.989467+00:00,2025-10-03,2025-08-27,18,-3.4,-22.63,19.2,-105.89,15.3,,True
2026-09-25,pre_dam,2026-10-03T03:07:20.989467+00:00,2025-10-03,2025-08-27,19,-7.39,-26.73,20.65,54.03,16.39,,True
2026-09-25,pre_dam,2026-10-03T03:07:20.989467+00:00,2025-10-03,2025-08-27,20,-2.0,-19.91,20.35,45.89,24.44,,True
2026-09-25,pre_dam,2026-10-03T03:07:20.989467+00:00,2025-10-03,2025-08-27,21,0.51,-17.43,14.49,14.64,24.0,,True
2026-09-25,pre_dam,2026-10-03T03:07:20.989467+00:00,2025-10-03,2025-08-27,22,0.68,-20.46,12.68,-0.49,23.4,,True
2026-09-25,pre_dam,2026-10-03T03:07:20.989467+00:00,2025-10-03,2025-08-27,23,0.23,-13.51,14.76,-0.4,-9.41,,True
2026-09-25,pre_dam,2026-10-03T03:07:20.989467+00:00,2025-10-03,2025-08-27,24,1.55,-9.51,14.88,1.29,-8.51,,True
2026-09-26,pre_dam,2026-10-03T03:09:44.981963+00:00,2025-09-07,2025-09-06,1,3.85,-11.2,12.12,-5.66,-66.32,,True
2026-09-26,pre_dam,2026-10-03T03:09:44.981963+00:00,2025-09-07,2025-09-06,2,7.05,-14.41,14.16,-47.34,-24.58,,True
2026-09-26,pre_dam,2026-10-03T03:09:44.981963+00:00,2025-09-07,2025-09-06,3,3.51,-13.22,14.45,-4.73,-20.44,,True
2026-09-26,pre_dam,2026-10-03T03:09:44.981963+00:00,2025-09-07,2025-09-06,4,6.46,-13.94,13.87,-55.76,-19.52,,True
2026-09-26,pre_dam,2026-10-03T03:09:44.981963+00:00,2025-09-07,2025-09-06,5,5.32,-17.76,14.66,-8.41,-20.17,,True
2026-09-26,pre_dam,2026-10-03T03:09:44.981963+00:00,2025-09-07,2025-09-06,6,3.74,-11.7,13.42,-12.69,-25.6,,True
2026-09-26,pre_dam,2026-10-03T03:09:44.981963+00:00,2025-09-07,2025-09-06,7,4.79,-13.07,14.25,-4.91,-32.04,,True
2026-09-26,pre_dam,2026-10-03T03:09:44.981963+00:00,2025-09-07,2025-09-06,8,3.35,-18.06,13.97,-7.38,-81.49,,True
2026-09-26,pre_dam,2026-10-03T03:09:44.981963+00:00,2025-09-07,2025-09-06,9,1.57,-23.12,16.54,7.32,-123.89,,True
2026-09-26,pre_dam,2026-10-03T03:09:44.981963+00:00,2025-09-07,2025-09-06,10,-0.86,-17.78,14.15,11.05,11.8,,True
2026-09-26,pre_dam,2026-10-03T03:09:44.981963+00:00,2025-09-07,2025-09-06,11,0.73,-20.32,16.42,4.4,0.59,,True
2026-09-26,pre_dam,2026-10-03T03:09:44.981963+00:00,2025-09-07,2025-09-06,12,0.66,-12.77,13.1,-13.89,7.25,,True
2026-09-26,pre_dam,2026-10-03T03:09:44.981963+00:00,2025-09-07,2025-09-06,13,2.09,-12.62,13.39,-15.52,-4.26,,True
2026-09-26,pre_dam,2026-10-03T03:09:44.981963+00:00,2025-09-07,2025-09-06,14,3.27,-11.66,14.66,-5.2,-59.5,,True
2026-09-26,pre_dam,2026-10-03T03:09:44.981963+00:00,2025-09-07,2025-09-06,15,3.43,-14.41,15.26,21.36,1.84,,True
2026-09-26,pre_dam,2026-10-03T03:09:44.981963+00:00,2025-09-07,2025-09-06,16,2.41,-22.56,15.6,11.75,1.54,,True
2026-09-26,pre_dam,2026-10-03T03:09:44.981963+00:00,2025-09-07,2025-09-06,17,4.59,-25.86,18.99,5.71,12.4,,True
2026-09-26,pre_dam,2026-10-03T03:09:44.981963+00:00,2025-09-07,2025-09-06,18,5.43,-21.91,20.39,11.99,13.28,,True
2026-09-26,pre_dam,2026-10-03T03:09:44.981963+00:00,2025-09-07,2025-09-06,19,3.82,-25.2,22.42,32.29,-124.85,,True
2026-09-26,pre_dam,2026-10-03T03:09:44.981963+00:00,2025-09-07,2025-09-06,20,6.55,-15.99,18.44,27.93,-225.86,,True
2026-09-26,pre_dam,2026-10-03T03:09:44.981963+00:00,2025-09-07,2025-09-06,21,0.59,-20.22,15.06,36.03,-19.37,,True
2026-09-26,pre_dam,2026-10-03T03:09:44.981963+00:00,2025-09-07,2025-09-06,22,0.15,-19.83,15.1,-3.4,-49.25,,True
2026-09-26,pre_dam,2026-10-03T03:09:44.981963+00:00,2025-09-07,2025-09-06,23,0.11,-17.28,16.65,-0.12,-5.65,,True
2026-09-26,pre_dam,2026-10-03T03:09:44.981963+00:00,2025-09-07,2025-09-06,24,-0.95,-15.29,16.24,12.64,0.58,,True
2026-09-27,pre_dam,2026-10-03T03:12:02.470123+00:00,2025-10-12,2025-09-06,1,0.16,-6.75,18.41,36.07,-66.32,,True
2026-09-27,pre_dam,2026-10-03T03:12:02.470123+00:00,2025-10-12,2025-09-06,2,-2.96,-12.91,15.59,13.54,-24.58,,True
2026-09-27,pre_dam,2026-10-03T03:12:02.470123+00:00,2025-10-12,2025-09-06,3,0.18,-9.45,16.66,3.98,-20.44,,True
2026-09-27,pre_dam,2026-10-03T03:12:02.470123+00:00,2025-10-12,2025-09-06,4,-4.25,-13.14,14.37,-1.38,-19.52,,True
2026-09-27,pre_dam,2026-10-03T03:12:02.470123+00:00,2025-10-12,2025-09-06,5,-2.63,-15.04,16.98,2.44,-20.17,,True
2026-09-27,pre_dam,2026-10-03T03:12:02.470123+00:00,2025-10-12,2025-09-06,6,-2.84,-14.49,15.08,-10.4,-25.6,,True
2026-09-27,pre_dam,2026-10-03T03:12:02.470123+00:00,2025-10-12,2025-09-06,7,-1.61,-9.78,17.19,-5.85,-32.04,,True
2026-09-27,pre_dam,2026-10-03T03:12:02.470123+00:00,2025-10-12,2025-09-06,8,-2.08,-13.13,16.02,0.78,-81.49,,True
2026-09-27,pre_dam,2026-10-03T03:12:02.470123+00:00,2025-10-12,2025-09-06,9,-1.3,-12.93,15.66,-24.39,-123.89,,True
2026-09-27,pre_dam,2026-10-03T03:12:02.470123+00:00,2025-10-12,2025-09-06,10,-2.99,-10.29,14.81,-8.53,11.8,,True
2026-09-27,pre_dam,2026-10-03T03:12:02.470123+00:00,2025-10-12,2025-09-06,11,0.54,-6.97,13.8,-26.66,0.59,,True
2026-09-27,pre_dam,2026-10-03T03:12:02.470123+00:00,2025-10-12,2025-09-06,12,0.23,-8.63,13.86,-27.56,7.25,,True
2026-09-27,pre_dam,2026-10-03T03:12:02.470123+00:00,2025-10-12,2025-09-06,13,-0.52,-7.97,14.1,1.27,-4.26,,True
2026-09-27,pre_dam,2026-10-03T03:12:02.470123+00:00,2025-10-12,2025-09-06,14,0.38,-3.39,15.27,2.97,-59.5,,True
2026-09-27,pre_dam,2026-10-03T03:12:02.470123+00:00,2025-10-12,2025-09-06,15,0.81,-6.97,14.03,4.78,1.84,,True
2026-09-27,pre_dam,2026-10-03T03:12:02.470123+00:00,2025-10-12,2025-09-06,16,0.51,-10.23,15.94,9.04,1.54,,True
2026-09-27,pre_dam,2026-10-03T03:12:02.470123+00:00,2025-10-12,2025-09-06,17,-0.11,-16.78,16.8,23.33,12.4,,True
2026-09-27,pre_dam,2026-10-03T03:12:02.470123+00:00,2025-10-12,2025-09-06,18,1.06,-13.07,20.81,55.69,13.28,,True
2026-09-27,pre_dam,2026-10-03T03:12:02.470123+00:00,2025-10-12,2025-09-06,19,-4.23,-13.41,19.69,39.02,-124.85,,True
2026-09-27,pre_dam,2026-10-03T03:12:02.470123+00:00,2025-10-12,2025-09-06,20,0.58,-16.03,17.36,11.38,-225.86,,True
2026-09-27,pre_dam,2026-10-03T03:12:02.470123+00:00,2025-10-12,2025-09-06,21,0.21,-16.09,15.49,13.34,-19.37,,True
2026-09-27,pre_dam,2026-10-03T03:12:02.470123+00:00,2025-10-12,2025-09-06,22,0.82,-12.32,17.23,11.92,-49.25,,True
2026-09-27,pre_dam,2026-10-03T03:12:02.470123+00:00,2025-10-12,2025-09-06,23,2.46,-10.64,17.09,-6.77,-5.65,,True
2026-09-27,pre_dam,2026-10-03T03:12:02.470123+00:00,2025-10-12,2025-09-06,24,4.56,-10.87,16.3,8.72,0.58,,True
2026-09-28,pre_dam,2026-10-03T03:13:47.104887+00:00,2025-10-14,2026-09-17,1,3.86,-3.93,16.06,11.87,-2.14,,True
2026-09-28,pre_dam,2026-10-03T03:13:47.104887+00:00,2025-10-14,2026-09-17,2,6.37,-4.05,16.16,4.78,-1.55,,True
2026-09-28,pre_dam,2026-10-03T03:13:47.104887+00:00,2025-10-14,2026-09-17,3,4.43,-8.25,16.72,-32.58,-8.49,,True
2026-09-28,pre_dam,2026-10-03T03:13:47.104887+00:00,2025-10-14,2026-09-17,4,2.85,-10.36,15.44,5.42,-20.8,,True
2026-09-28,pre_dam,2026-10-03T03:13:47.104887+00:00,2025-10-14,2026-09-17,5,3.08,-11.17,13.34,-2.93,-6.57,,True
2026-09-28,pre_dam,2026-10-03T03:13:47.104887+00:00,2025-10-14,2026-09-17,6,2.42,-8.13,11.68,-67.09,-4.99,,True
2026-09-28,pre_dam,2026-10-03T03:13:47.104887+00:00,2025-10-14,2026-09-17,7,-2.84,-17.03,10.29,-163.76,-27.41,,True
2026-09-28,pre_dam,2026-10-03T03:13:47.104887+00:00,2025-10-14,2026-09-17,8,-1.89,-24.27,12.79,-119.85,-20.86,,True
2026-09-28,pre_dam,2026-10-03T03:13:47.104887+00:00,2025-10-14,2026-09-17,9,-2.44,-22.85,14.4,-4.28,-34.27,,True
2026-09-28,pre_dam,2026-10-03T03:13:47.104887+00:00,2025-10-14,2026-09-17,10,-2.47,-17.18,12.24,-17.82,-31.9,,True
2026-09-28,pre_dam,2026-10-03T03:13:47.104887+00:00,2025-10-14,2026-09-17,11,-2.27,-24.53,12.29,30.27,-21.02,,True
2026-09-28,pre_dam,2026-10-03T03:13:47.104887+00:00,2025-10-14,2026-09-17,12,-3.69,-35.6,14.52,27.22,-31.38,,True
2026-09-28,pre_dam,2026-10-03T03:13:47.104887+00:00,2025-10-14,2026-09-17,13,-3.86,-35.13,15.94,-5.33,-42.4,,True
2026-09-28,pre_dam,2026-10-03T03:13:47.104887+00:00,2025-10-14,2026-09-17,14,-5.87,-34.38,18.04,22.65,-35.53,,True
2026-09-28,pre_dam,2026-10-03T03:13:47.104887+00:00,2025-10-14,2026-09-17,15,-8.34,-39.63,17.6,21.43,-8.2,,True
2026-09-28,pre_dam,2026-10-03T03:13:47.104887+00:00,2025-10-14,2026-09-17,16,-18.33,-66.38,16.46,28.31,-17.39,,True
2026-09-28,pre_dam,2026-10-03T03:13:47.104887+00:00,2025-10-14,2026-09-17,17,-1.31,-47.37,23.05,41.24,23.25,,True
2026-09-28,pre_dam,2026-10-03T03:13:47.104887+00:00,2025-10-14,2026-09-17,18,-1.28,-47.08,26.55,-101.74,30.97,,True
2026-09-28,pre_dam,2026-10-03T03:13:47.104887+00:00,2025-10-14,2026-09-17,19,-28.03,-85.87,31.48,-96.08,27.26,,True
2026-09-28,pre_dam,2026-10-03T03:13:47.104887+00:00,2025-10-14,2026-09-17,20,-16.86,-86.01,31.23,15.48,11.28,,True
2026-09-28,pre_dam,2026-10-03T03:13:47.104887+00:00,2025-10-14,2026-09-17,21,-17.81,-69.63,20.5,19.01,-63.28,,True
2026-09-28,pre_dam,2026-10-03T03:13:47.104887+00:00,2025-10-14,2026-09-17,22,-6.8,-25.72,16.3,32.24,-57.88,,True
2026-09-28,pre_dam,2026-10-03T03:13:47.104887+00:00,2025-10-14,2026-09-17,23,-4.01,-15.34,16.21,73.82,-28.49,,True
2026-09-28,pre_dam,2026-10-03T03:13:47.104887+00:00,2025-10-14,2026-09-17,24,-2.46,-12.77,16.09,83.52,1.76,,True
2026-09-29,pre_dam,2026-10-03T03:15:34.614314+00:00,2026-06-26,2026-09-17,1,1.02,-13.69,14.88,-3.75,-2.14,,True
2026-09-29,pre_dam,2026-10-03T03:15:34.614314+00:00,2026-06-26,2026-09-17,2,0.42,-16.48,13.58,4.44,-1.55,,True
2026-09-29,pre_dam,2026-10-03T03:15:34.614314+00:00,2026-06-26,2026-09-17,3,3.01,-12.24,17.52,-3.5,-8.49,,True
2026-09-29,pre_dam,2026-10-03T03:15:34.614314+00:00,2026-06-26,2026-09-17,4,2.46,-9.69,18.0,1.44,-20.8,,True
2026-09-29,pre_dam,2026-10-03T03:15:34.614314+00:00,2026-06-26,2026-09-17,5,-0.51,-10.13,16.07,8.13,-6.57,,True
2026-09-29,pre_dam,2026-10-03T03:15:34.614314+00:00,2026-06-26,2026-09-17,6,-9.6,-12.79,15.14,-6.32,-4.99,,True
2026-09-29,pre_dam,2026-10-03T03:15:34.614314+00:00,2026-06-26,2026-09-17,7,-17.08,-18.74,16.5,12.93,-27.41,,True
2026-09-29,pre_dam,2026-10-03T03:15:34.614314+00:00,2026-06-26,2026-09-17,8,-28.11,-28.75,21.02,4.84,-20.86,,True
2026-09-29,pre_dam,2026-10-03T03:15:34.614314+00:00,2026-06-26,2026-09-17,9,-24.08,-27.18,20.65,0.98,-34.27,,True
2026-09-29,pre_dam,2026-10-03T03:15:34.614314+00:00,2026-06-26,2026-09-17,10,-26.95,-26.95,18.94,-19.67,-31.9,,True
2026-09-29,pre_dam,2026-10-03T03:15:34.614314+00:00,2026-06-26,2026-09-17,11,-23.05,-26.7,21.62,-13.78,-21.02,,True
2026-09-29,pre_dam,2026-10-03T03:15:34.614314+00:00,2026-06-26,2026-09-17,12,-20.84,-22.49,20.93,-2.43,-31.38,,True
2026-09-29,pre_dam,2026-10-03T03:15:34.614314+00:00,2026-06-26,2026-09-17,13,-30.31,-30.31,21.15,6.29,-42.4,,True
2026-09-29,pre_dam,2026-10-03T03:15:34.614314+00:00,2026-06-26,2026-09-17,14,-25.24,-25.63,26.72,7.78,-35.53,,True
2026-09-29,pre_dam,2026-10-03T03:15:34.614314+00:00,2026-06-26,2026-09-17,15,-30.56,-48.94,29.24,-0.45,-8.2,,True
2026-09-29,pre_dam,2026-10-03T03:15:34.614314+00:00,2026-06-26,2026-09-17,16,-26.46,-58.7,32.31,-23.49,-17.39,,True
2026-09-29,pre_dam,2026-10-03T03:15:34.614314+00:00,2026-06-26,2026-09-17,17,5.67,-40.09,39.25,-4.11,23.25,,True
2026-09-29,pre_dam,2026-10-03T03:15:34.614314+00:00,2026-06-26,2026-09-17,18,9.61,-33.43,45.58,20.57,30.97,,True
2026-09-29,pre_dam,2026-10-03T03:15:34.614314+00:00,2026-06-26,2026-09-17,19,9.13,-41.22,48.57,27.46,27.26,,True
2026-09-29,pre_dam,2026-10-03T03:15:34.614314+00:00,2026-06-26,2026-09-17,20,7.83,-37.14,43.66,24.89,11.28,,True
2026-09-29,pre_dam,2026-10-03T03:15:34.614314+00:00,2026-06-26,2026-09-17,21,-0.34,-40.39,25.51,20.91,-63.28,,True
2026-09-29,pre_dam,2026-10-03T03:15:34.614314+00:00,2026-06-26,2026-09-17,22,-8.2,-23.24,16.38,-11.76,-57.88,,True
2026-09-29,pre_dam,2026-10-03T03:15:34.614314+00:00,2026-06-26,2026-09-17,23,-4.54,-14.81,14.42,4.52,-28.49,,True
2026-09-29,pre_dam,2026-10-03T03:15:34.614314+00:00,2026-06-26,2026-09-17,24,-0.54,-15.11,12.46,13.96,1.76,,True
2026-09-30,pre_dam,2026-10-03T03:17:25.310485+00:00,2026-09-15,2025-08-20,1,5.7,-10.29,14.6,15.98,-1.8,,True
2026-09-30,pre_dam,2026-10-03T03:17:25.310485+00:00,2026-09-15,2025-08-20,2,5.72,-13.18,14.88,4.04,-2.95,,True
2026-09-30,pre_dam,2026-10-03T03:17:25.310485+00:00,2026-09-15,2025-08-20,3,5.83,-14.66,12.88,3.62,-3.07,,True
2026-09-30,pre_dam,2026-10-03T03:17:25.310485+00:00,2026-09-15,2025-08-20,4,6.66,-13.99,10.98,9.14,-0.66,,True
2026-09-30,pre_dam,2026-10-03T03:17:25.310485+00:00,2026-09-15,2025-08-20,5,4.94,-13.04,10.67,-2.95,-1.29,,True
2026-09-30,pre_dam,2026-10-03T03:17:25.310485+00:00,2026-09-15,2025-08-20,6,3.89,-11.71,12.56,5.55,-9.39,,True
2026-09-30,pre_dam,2026-10-03T03:17:25.310485+00:00,2026-09-15,2025-08-20,7,0.47,-18.1,14.84,10.83,-32.61,,True
2026-09-30,pre_dam,2026-10-03T03:17:25.310485+00:00,2026-09-15,2025-08-20,8,0.88,-21.12,14.44,2.54,-59.1,,True
2026-09-30,pre_dam,2026-10-03T03:17:25.310485+00:00,2026-09-15,2025-08-20,9,-4.6,-26.24,10.42,16.76,-10.07,,True
2026-09-30,pre_dam,2026-10-03T03:17:25.310485+00:00,2026-09-15,2025-08-20,10,-8.26,-25.51,12.25,2.0,13.15,,True
2026-09-30,pre_dam,2026-10-03T03:17:25.310485+00:00,2026-09-15,2025-08-20,11,-6.16,-26.54,13.53,0.7,-2.19,,True
2026-09-30,pre_dam,2026-10-03T03:17:25.310485+00:00,2026-09-15,2025-08-20,12,-5.79,-25.71,11.51,-11.13,13.3,,True
2026-09-30,pre_dam,2026-10-03T03:17:25.310485+00:00,2026-09-15,2025-08-20,13,-6.91,-31.89,15.49,-30.6,13.46,,True
2026-09-30,pre_dam,2026-10-03T03:17:25.310485+00:00,2026-09-15,2025-08-20,14,7.52,-57.16,22.38,-22.55,4.73,,True
2026-09-30,pre_dam,2026-10-03T03:17:25.310485+00:00,2026-09-15,2025-08-20,15,11.66,-50.24,24.77,-5.65,21.8,,True
2026-09-30,pre_dam,2026-10-03T03:17:25.310485+00:00,2026-09-15,2025-08-20,16,7.18,-50.07,33.01,8.56,21.72,,True
2026-09-30,pre_dam,2026-10-03T03:17:25.310485+00:00,2026-09-15,2025-08-20,17,16.34,-36.82,43.0,27.09,33.93,,True
2026-09-30,pre_dam,2026-10-03T03:17:25.310485+00:00,2026-09-15,2025-08-20,18,1.1,-36.6,47.12,-3.41,35.98,,True
2026-09-30,pre_dam,2026-10-03T03:17:25.310485+00:00,2026-09-15,2025-08-20,19,6.0,-33.64,50.21,-11.75,36.77,,True
2026-09-30,pre_dam,2026-10-03T03:17:25.310485+00:00,2026-09-15,2025-08-20,20,2.08,-35.71,45.21,-8.51,19.8,,True
2026-09-30,pre_dam,2026-10-03T03:17:25.310485+00:00,2026-09-15,2025-08-20,21,-9.08,-50.21,23.21,-20.58,-10.06,,True
2026-09-30,pre_dam,2026-10-03T03:17:25.310485+00:00,2026-09-15,2025-08-20,22,-3.57,-26.92,14.19,-8.64,-38.11,,True
2026-09-30,pre_dam,2026-10-03T03:17:25.310485+00:00,2026-09-15,2025-08-20,23,0.91,-21.11,13.7,-5.6,4.98,,True
2026-09-30,pre_dam,2026-10-03T03:17:25.310485+00:00,2026-09-15,2025-08-20,24,2.42,-15.78,15.61,-1.2,8.69,,True
2026-10-01,pre_dam,2026-10-03T03:19:08.896597+00:00,2026-09-30,2026-09-15,1,0.3,-12.67,12.14,-0.95,15.98,,True
2026-10-01,pre_dam,2026-10-03T03:19:08.896597+00:00,2026-09-30,2026-09-15,2,2.89,-12.22,13.06,9.38,4.04,,True
2026-10-01,pre_dam,2026-10-03T03:19:08.896597+00:00,2026-09-30,2026-09-15,3,2.41,-11.38,13.21,13.27,3.62,,True
2026-10-01,pre_dam,2026-10-03T03:19:08.896597+00:00,2026-09-30,2026-09-15,4,2.41,-11.48,15.75,10.13,9.14,,True
2026-10-01,pre_dam,2026-10-03T03:19:08.896597+00:00,2026-09-30,2026-09-15,5,1.16,-15.86,13.71,22.73,-2.95,,True
2026-10-01,pre_dam,2026-10-03T03:19:08.896597+00:00,2026-09-30,2026-09-15,6,1.74,-22.48,17.04,15.04,5.55,,True
2026-10-01,pre_dam,2026-10-03T03:19:08.896597+00:00,2026-09-30,2026-09-15,7,-11.04,-49.78,18.78,19.07,10.83,,True
2026-10-01,pre_dam,2026-10-03T03:19:08.896597+00:00,2026-09-30,2026-09-15,8,-12.13,-58.17,19.78,16.73,2.54,,True
2026-10-01,pre_dam,2026-10-03T03:19:08.896597+00:00,2026-09-30,2026-09-15,9,-17.83,-66.94,24.03,4.15,16.76,,True
2026-10-01,pre_dam,2026-10-03T03:19:08.896597+00:00,2026-09-30,2026-09-15,10,-19.55,-68.14,19.53,-21.65,2.0,,True
2026-10-01,pre_dam,2026-10-03T03:19:08.896597+00:00,2026-09-30,2026-09-15,11,-17.97,-61.84,19.54,11.41,0.7,,True
2026-10-01,pre_dam,2026-10-03T03:19:08.896597+00:00,2026-09-30,2026-09-15,12,-19.64,-60.37,19.56,15.38,-11.13,,True
2026-10-01,pre_dam,2026-10-03T03:19:08.896597+00:00,2026-09-30,2026-09-15,13,-25.74,-73.49,22.03,-4.51,-30.6,,True
2026-10-01,pre_dam,2026-10-03T03:19:08.896597+00:00,2026-09-30,2026-09-15,14,-31.34,-68.75,23.46,-30.46,-22.55,,True
2026-10-01,pre_dam,2026-10-03T03:19:08.896597+00:00,2026-09-30,2026-09-15,15,-31.09,-73.92,26.13,-20.34,-5.65,,True
2026-10-01,pre_dam,2026-10-03T03:19:08.896597+00:00,2026-09-30,2026-09-15,16,-56.41,-66.95,38.06,10.68,8.56,,True
2026-10-01,pre_dam,2026-10-03T03:19:08.896597+00:00,2026-09-30,2026-09-15,17,-67.72,-84.65,46.24,9.52,27.09,,True
2026-10-01,pre_dam,2026-10-03T03:19:08.896597+00:00,2026-09-30,2026-09-15,18,-8.54,-48.48,41.67,37.5,-3.41,,True
2026-10-01,pre_dam,2026-10-03T03:19:08.896597+00:00,2026-09-30,2026-09-15,19,-4.08,-34.2,48.77,52.29,-11.75,,True
2026-10-01,pre_dam,2026-10-03T03:19:08.896597+00:00,2026-09-30,2026-09-15,20,-1.11,-36.82,42.28,53.51,-8.51,,True
2026-10-01,pre_dam,2026-10-03T03:19:08.896597+00:00,2026-09-30,2026-09-15,21,-3.36,-39.86,36.43,34.67,-20.58,,True
2026-10-01,pre_dam,2026-10-03T03:19:08.896597+00:00,2026-09-30,2026-09-15,22,-10.91,-49.9,21.72,9.32,-8.64,,True
2026-10-01,pre_dam,2026-10-03T03:19:08.896597+00:00,2026-09-30,2026-09-15,23,2.46,-21.3,18.52,-2.12,-5.6,,True
2026-10-01,pre_dam,2026-10-03T03:19:08.896597+00:00,2026-09-30,2026-09-15,24,1.52,-21.03,16.78,12.21,-1.2,,True
2026-10-02,pre_dam,2026-10-03T03:20:49.888325+00:00,2025-08-26,2025-09-04,1,-3.54,-12.81,15.82,10.31,-2.83,,True
2026-10-02,pre_dam,2026-10-03T03:20:49.888325+00:00,2025-08-26,2025-09-04,2,6.28,-7.72,18.41,9.26,-1.86,,True
2026-10-02,pre_dam,2026-10-03T03:20:49.888325+00:00,2025-08-26,2025-09-04,3,6.44,-6.56,16.27,0.83,-8.13,,True
2026-10-02,pre_dam,2026-10-03T03:20:49.888325+00:00,2025-08-26,2025-09-04,4,3.87,-9.66,16.2,1.36,-9.09,,True
2026-10-02,pre_dam,2026-10-03T03:20:49.888325+00:00,2025-08-26,2025-09-04,5,3.84,-5.39,16.36,16.82,-5.35,,True
2026-10-02,pre_dam,2026-10-03T03:20:49.888325+00:00,2025-08-26,2025-09-04,6,3.21,-19.37,20.15,7.41,2.69,,True
2026-10-02,pre_dam,2026-10-03T03:20:49.888325+00:00,2025-08-26,2025-09-04,7,-2.55,-45.8,22.55,3.14,-132.88,,True
2026-10-02,pre_dam,2026-10-03T03:20:49.888325+00:00,2025-08-26,2025-09-04,8,-4.5,-55.04,26.2,-0.99,-100.07,,True
2026-10-02,pre_dam,2026-10-03T03:20:49.888325+00:00,2025-08-26,2025-09-04,9,-6.56,-55.08,26.38,3.71,-12.26,,True
2026-10-02,pre_dam,2026-10-03T03:20:49.888325+00:00,2025-08-26,2025-09-04,10,-5.0,-63.63,27.23,4.68,0.06,,True
2026-10-02,pre_dam,2026-10-03T03:20:49.888325+00:00,2025-08-26,2025-09-04,11,0.79,-45.15,23.39,3.16,2.47,,True
2026-10-02,pre_dam,2026-10-03T03:20:49.888325+00:00,2025-08-26,2025-09-04,12,4.76,-43.0,24.93,3.91,-1.32,,True
2026-10-02,pre_dam,2026-10-03T03:20:49.888325+00:00,2025-08-26,2025-09-04,13,6.8,-27.21,25.77,5.01,-8.03,,True
2026-10-02,pre_dam,2026-10-03T03:20:49.888325+00:00,2025-08-26,2025-09-04,14,8.93,-28.42,26.17,8.56,-25.44,,True
2026-10-02,pre_dam,2026-10-03T03:20:49.888325+00:00,2025-08-26,2025-09-04,15,6.81,-28.29,26.17,9.34,-9.49,,True
2026-10-02,pre_dam,2026-10-03T03:20:49.888325+00:00,2025-08-26,2025-09-04,16,3.52,-42.58,27.88,12.43,-17.71,,True
2026-10-02,pre_dam,2026-10-03T03:20:49.888325+00:00,2025-08-26,2025-09-04,17,1.24,-43.12,28.88,11.21,-29.55,,True
2026-10-02,pre_dam,2026-10-03T03:20:49.888325+00:00,2025-08-26,2025-09-04,18,1.91,-41.26,28.88,15.86,-47.76,,True
2026-10-02,pre_dam,2026-10-03T03:20:49.888325+00:00,2025-08-26,2025-09-04,19,0.28,-41.4,35.17,14.58,-83.52,,True
2026-10-02,pre_dam,2026-10-03T03:20:49.888325+00:00,2025-08-26,2025-09-04,20,5.79,-37.78,36.92,4.31,-14.71,,True
2026-10-02,pre_dam,2026-10-03T03:20:49.888325+00:00,2025-08-26,2025-09-04,21,0.02,-30.72,21.96,-7.3,8.54,,True
2026-10-02,pre_dam,2026-10-03T03:20:49.888325+00:00,2025-08-26,2025-09-04,22,3.59,-9.4,17.73,2.31,6.85,,True
2026-10-02,pre_dam,2026-10-03T03:20:49.888325+00:00,2025-08-26,2025-09-04,23,5.93,-9.4,17.51,4.78,12.52,,True
2026-10-02,pre_dam,2026-10-03T03:20:49.888325+00:00,2025-08-26,2025-09-04,24,4.58,-14.25,17.22,9.93,11.33,,True
2026-10-03,pre_dam,2026-10-03T03:22:56.311448+00:00,2025-10-11,2026-09-19,1,-2.92,-27.39,12.31,-18.24,9.54,,True
2026-10-03,pre_dam,2026-10-03T03:22:56.311448+00:00,2025-10-11,2026-09-19,2,-2.84,-27.97,10.7,5.18,7.33,,True
2026-10-03,pre_dam,2026-10-03T03:22:56.311448+00:00,2025-10-11,2026-09-19,3,-4.21,-28.94,9.77,14.81,1.59,,True
2026-10-03,pre_dam,2026-10-03T03:22:56.311448+00:00,2025-10-11,2026-09-19,4,-4.12,-29.97,10.39,13.53,0.19,,True
2026-10-03,pre_dam,2026-10-03T03:22:56.311448+00:00,2025-10-11,2026-09-19,5,-5.62,-29.72,11.11,21.69,-4.75,,True
2026-10-03,pre_dam,2026-10-03T03:22:56.311448+00:00,2025-10-11,2026-09-19,6,-2.74,-25.25,10.81,13.94,-8.31,,True
2026-10-03,pre_dam,2026-10-03T03:22:56.311448+00:00,2025-10-11,2026-09-19,7,-4.96,-23.99,13.67,-10.53,7.75,,True
2026-10-03,pre_dam,2026-10-03T03:22:56.311448+00:00,2025-10-11,2026-09-19,8,-6.17,-31.85,15.37,-40.61,-1.31,,True
2026-10-03,pre_dam,2026-10-03T03:22:56.311448+00:00,2025-10-11,2026-09-19,9,-5.12,-29.38,14.65,-67.52,2.77,,True
2026-10-03,pre_dam,2026-10-03T03:22:56.311448+00:00,2025-10-11,2026-09-19,10,-6.92,-30.02,14.27,11.51,-2.29,,True
2026-10-03,pre_dam,2026-10-03T03:22:56.311448+00:00,2025-10-11,2026-09-19,11,-6.71,-24.23,11.66,9.77,-5.3,,True
2026-10-03,pre_dam,2026-10-03T03:22:56.311448+00:00,2025-10-11,2026-09-19,12,-5.35,-24.15,12.55,36.43,-10.65,,True
2026-10-03,pre_dam,2026-10-03T03:22:56.311448+00:00,2025-10-11,2026-09-19,13,-5.18,-32.48,11.73,31.9,-4.88,,True
2026-10-03,pre_dam,2026-10-03T03:22:56.311448+00:00,2025-10-11,2026-09-19,14,-6.86,-33.22,13.23,29.46,1.48,,True
2026-10-03,pre_dam,2026-10-03T03:22:56.311448+00:00,2025-10-11,2026-09-19,15,-5.67,-30.3,15.53,-7.2,1.31,,True
2026-10-03,pre_dam,2026-10-03T03:22:56.311448+00:00,2025-10-11,2026-09-19,16,-6.45,-34.74,15.37,17.41,-4.79,,True
2026-10-03,pre_dam,2026-10-03T03:22:56.311448+00:00,2025-10-11,2026-09-19,17,-10.04,-56.05,23.02,42.3,4.01,,True
2026-10-03,pre_dam,2026-10-03T03:22:56.311448+00:00,2025-10-11,2026-09-19,18,-13.98,-54.92,32.76,56.3,10.06,,True
2026-10-03,pre_dam,2026-10-03T03:22:56.311448+00:00,2025-10-11,2026-09-19,19,-3.62,-62.09,36.14,27.93,8.95,,True
2026-10-03,pre_dam,2026-10-03T03:22:56.311448+00:00,2025-10-11,2026-09-19,20,-11.31,-52.53,22.53,15.76,-15.87,,True
2026-10-03,pre_dam,2026-10-03T03:22:56.311448+00:00,2025-10-11,2026-09-19,21,-10.25,-40.41,13.88,6.41,-28.66,,True
2026-10-03,pre_dam,2026-10-03T03:22:56.311448+00:00,2025-10-11,2026-09-19,22,-4.24,-35.61,12.06,-9.83,-16.01,,True
2026-10-03,pre_dam,2026-10-03T03:22:56.311448+00:00,2025-10-11,2026-09-19,23,-3.49,-28.81,15.25,9.19,-0.27,,True
2026-10-03,pre_dam,2026-10-03T03:22:56.311448+00:00,2025-10-11,2026-09-19,24,-4.16,-26.84,16.26,8.27,-0.8,,True
