target_date,generated_at,backfilled,hour,p_up,p_spike,p_dip,call,tier,spike_watch,dip_watch
2026-07-10,2026-07-09T15:54:01.249856+00:00,True,1,0.315,0.023,0.001,RT < DA,low,False,False
2026-07-10,2026-07-09T15:54:01.249856+00:00,True,2,0.245,0.01,0.001,RT < DA,low,False,False
2026-07-10,2026-07-09T15:54:01.249856+00:00,True,3,0.3,0.007,0.001,RT < DA,low,False,False
2026-07-10,2026-07-09T15:54:01.249856+00:00,True,4,0.186,0.006,0.031,RT < DA,low,False,False
2026-07-10,2026-07-09T15:54:01.249856+00:00,True,5,0.226,0.014,0.005,RT < DA,low,False,False
2026-07-10,2026-07-09T15:54:01.249856+00:00,True,6,0.293,0.045,0.011,RT < DA,low,False,False
2026-07-10,2026-07-09T15:54:01.249856+00:00,True,7,0.367,0.062,0.015,RT < DA,low,False,False
2026-07-10,2026-07-09T15:54:01.249856+00:00,True,8,0.393,0.108,0.013,RT < DA,low,False,False
2026-07-10,2026-07-09T15:54:01.249856+00:00,True,9,0.342,0.051,0.007,RT < DA,low,False,False
2026-07-10,2026-07-09T15:54:01.249856+00:00,True,10,0.216,0.054,0.309,RT < DA,low,False,True
2026-07-10,2026-07-09T15:54:01.249856+00:00,True,11,0.212,0.052,0.069,RT < DA,low,False,False
2026-07-10,2026-07-09T15:54:01.249856+00:00,True,12,0.241,0.045,0.081,RT < DA,low,False,False
2026-07-10,2026-07-09T15:54:01.249856+00:00,True,13,0.266,0.063,0.063,RT < DA,low,False,False
2026-07-10,2026-07-09T15:54:01.249856+00:00,True,14,0.198,0.03,0.143,RT < DA,low,False,False
2026-07-10,2026-07-09T15:54:01.249856+00:00,True,15,0.171,0.096,0.239,RT < DA,low,False,False
2026-07-10,2026-07-09T15:54:01.249856+00:00,True,16,0.221,0.144,0.274,RT < DA,low,False,True
2026-07-10,2026-07-09T15:54:01.249856+00:00,True,17,0.174,0.113,0.515,RT < DA,low,False,True
2026-07-10,2026-07-09T15:54:01.249856+00:00,True,18,0.178,0.118,0.635,RT < DA,low,False,True
2026-07-10,2026-07-09T15:54:01.249856+00:00,True,19,0.183,0.14,0.607,RT < DA,low,False,True
2026-07-10,2026-07-09T15:54:01.249856+00:00,True,20,0.149,0.144,0.473,RT < DA,low,False,True
2026-07-10,2026-07-09T15:54:01.249856+00:00,True,21,0.216,0.122,0.384,RT < DA,low,False,True
2026-07-10,2026-07-09T15:54:01.249856+00:00,True,22,0.289,0.135,0.213,RT < DA,low,False,False
2026-07-10,2026-07-09T15:54:01.249856+00:00,True,23,0.398,0.146,0.011,RT < DA,low,False,False
2026-07-10,2026-07-09T15:54:01.249856+00:00,True,24,0.384,0.054,0.001,RT < DA,low,False,False
2026-07-11,2026-07-10T13:51:18.527408+00:00,True,1,0.25,0.025,0.004,RT < DA,low,False,False
2026-07-11,2026-07-10T13:51:18.527408+00:00,True,2,0.188,0.009,0.002,RT < DA,low,False,False
2026-07-11,2026-07-10T13:51:18.527408+00:00,True,3,0.305,0.012,0.0,RT < DA,low,False,False
2026-07-11,2026-07-10T13:51:18.527408+00:00,True,4,0.347,0.014,0.0,RT < DA,low,False,False
2026-07-11,2026-07-10T13:51:18.527408+00:00,True,5,0.378,0.016,0.0,RT < DA,low,False,False
2026-07-11,2026-07-10T13:51:18.527408+00:00,True,6,0.349,0.018,0.0,RT < DA,low,False,False
2026-07-11,2026-07-10T13:51:18.527408+00:00,True,7,0.354,0.039,0.029,RT < DA,low,False,False
2026-07-11,2026-07-10T13:51:18.527408+00:00,True,8,0.286,0.051,0.023,RT < DA,low,False,False
2026-07-11,2026-07-10T13:51:18.527408+00:00,True,9,0.271,0.067,0.069,RT < DA,low,False,False
2026-07-11,2026-07-10T13:51:18.527408+00:00,True,10,0.314,0.096,0.025,RT < DA,low,False,False
2026-07-11,2026-07-10T13:51:18.527408+00:00,True,11,0.277,0.069,0.079,RT < DA,low,False,False
2026-07-11,2026-07-10T13:51:18.527408+00:00,True,12,0.308,0.06,0.113,RT < DA,low,False,False
2026-07-11,2026-07-10T13:51:18.527408+00:00,True,13,0.374,0.062,0.02,RT < DA,low,False,False
2026-07-11,2026-07-10T13:51:18.527408+00:00,True,14,0.349,0.051,0.132,RT < DA,low,False,False
2026-07-11,2026-07-10T13:51:18.527408+00:00,True,15,0.23,0.06,0.302,RT < DA,low,False,True
2026-07-11,2026-07-10T13:51:18.527408+00:00,True,16,0.31,0.071,0.265,RT < DA,low,False,True
2026-07-11,2026-07-10T13:51:18.527408+00:00,True,17,0.267,0.114,0.411,RT < DA,low,False,True
2026-07-11,2026-07-10T13:51:18.527408+00:00,True,18,0.288,0.134,0.406,RT < DA,low,False,True
2026-07-11,2026-07-10T13:51:18.527408+00:00,True,19,0.237,0.136,0.33,RT < DA,low,False,True
2026-07-11,2026-07-10T13:51:18.527408+00:00,True,20,0.308,0.09,0.333,RT < DA,low,False,True
2026-07-11,2026-07-10T13:51:18.527408+00:00,True,21,0.232,0.196,0.234,RT < DA,low,False,False
2026-07-11,2026-07-10T13:51:18.527408+00:00,True,22,0.295,0.115,0.037,RT < DA,low,False,False
2026-07-11,2026-07-10T13:51:18.527408+00:00,True,23,0.331,0.04,0.012,RT < DA,low,False,False
2026-07-11,2026-07-10T13:51:18.527408+00:00,True,24,0.249,0.026,0.005,RT < DA,low,False,False
2026-07-12,2026-07-11T13:23:25.487286+00:00,True,1,0.287,0.03,0.003,RT < DA,low,False,False
2026-07-12,2026-07-11T13:23:25.487286+00:00,True,2,0.315,0.012,0.001,RT < DA,low,False,False
2026-07-12,2026-07-11T13:23:25.487286+00:00,True,3,0.336,0.014,0.001,RT < DA,low,False,False
2026-07-12,2026-07-11T13:23:25.487286+00:00,True,4,0.411,0.018,0.001,RT < DA,low,False,False
2026-07-12,2026-07-11T13:23:25.487286+00:00,True,5,0.468,0.019,0.001,RT < DA,low,False,False
2026-07-12,2026-07-11T13:23:25.487286+00:00,True,6,0.462,0.021,0.001,RT < DA,low,False,False
2026-07-12,2026-07-11T13:23:25.487286+00:00,True,7,0.398,0.026,0.001,RT < DA,low,False,False
2026-07-12,2026-07-11T13:23:25.487286+00:00,True,8,0.435,0.03,0.001,RT < DA,low,False,False
2026-07-12,2026-07-11T13:23:25.487286+00:00,True,9,0.418,0.044,0.004,RT < DA,low,False,False
2026-07-12,2026-07-11T13:23:25.487286+00:00,True,10,0.476,0.085,0.007,RT < DA,low,False,False
2026-07-12,2026-07-11T13:23:25.487286+00:00,True,11,0.413,0.095,0.015,RT < DA,low,False,False
2026-07-12,2026-07-11T13:23:25.487286+00:00,True,12,0.405,0.132,0.018,RT < DA,low,False,False
2026-07-12,2026-07-11T13:23:25.487286+00:00,True,13,0.425,0.115,0.019,RT < DA,low,False,False
2026-07-12,2026-07-11T13:23:25.487286+00:00,True,14,0.374,0.107,0.04,RT < DA,low,False,False
2026-07-12,2026-07-11T13:23:25.487286+00:00,True,15,0.501,0.145,0.064,RT > DA,high,False,False
2026-07-12,2026-07-11T13:23:25.487286+00:00,True,16,0.45,0.142,0.427,RT < DA,low,False,True
2026-07-12,2026-07-11T13:23:25.487286+00:00,True,17,0.44,0.16,0.35,RT < DA,low,False,True
2026-07-12,2026-07-11T13:23:25.487286+00:00,True,18,0.33,0.194,0.296,RT < DA,low,False,True
2026-07-12,2026-07-11T13:23:25.487286+00:00,True,19,0.234,0.18,0.311,RT < DA,low,False,True
2026-07-12,2026-07-11T13:23:25.487286+00:00,True,20,0.267,0.104,0.308,RT < DA,low,False,True
2026-07-12,2026-07-11T13:23:25.487286+00:00,True,21,0.272,0.096,0.217,RT < DA,low,False,False
2026-07-12,2026-07-11T13:23:25.487286+00:00,True,22,0.291,0.067,0.017,RT < DA,low,False,False
2026-07-12,2026-07-11T13:23:25.487286+00:00,True,23,0.352,0.029,0.013,RT < DA,low,False,False
2026-07-12,2026-07-11T13:23:25.487286+00:00,True,24,0.34,0.05,0.003,RT < DA,low,False,False
2026-07-13,2026-07-12T13:43:33.474195+00:00,True,1,0.153,0.013,0.003,RT < DA,low,False,False
2026-07-13,2026-07-12T13:43:33.474195+00:00,True,2,0.248,0.005,0.001,RT < DA,low,False,False
2026-07-13,2026-07-12T13:43:33.474195+00:00,True,3,0.18,0.006,0.001,RT < DA,low,False,False
2026-07-13,2026-07-12T13:43:33.474195+00:00,True,4,0.233,0.006,0.001,RT < DA,low,False,False
2026-07-13,2026-07-12T13:43:33.474195+00:00,True,5,0.239,0.013,0.001,RT < DA,low,False,False
2026-07-13,2026-07-12T13:43:33.474195+00:00,True,6,0.219,0.015,0.001,RT < DA,low,False,False
2026-07-13,2026-07-12T13:43:33.474195+00:00,True,7,0.308,0.025,0.003,RT < DA,low,False,False
2026-07-13,2026-07-12T13:43:33.474195+00:00,True,8,0.39,0.047,0.003,RT < DA,low,False,False
2026-07-13,2026-07-12T13:43:33.474195+00:00,True,9,0.346,0.061,0.011,RT < DA,low,False,False
2026-07-13,2026-07-12T13:43:33.474195+00:00,True,10,0.232,0.05,0.013,RT < DA,low,False,False
2026-07-13,2026-07-12T13:43:33.474195+00:00,True,11,0.204,0.075,0.058,RT < DA,low,False,False
2026-07-13,2026-07-12T13:43:33.474195+00:00,True,12,0.283,0.06,0.163,RT < DA,low,False,False
2026-07-13,2026-07-12T13:43:33.474195+00:00,True,13,0.266,0.085,0.176,RT < DA,low,False,False
2026-07-13,2026-07-12T13:43:33.474195+00:00,True,14,0.288,0.079,0.447,RT < DA,low,False,True
2026-07-13,2026-07-12T13:43:33.474195+00:00,True,15,0.242,0.142,0.323,RT < DA,low,False,True
2026-07-13,2026-07-12T13:43:33.474195+00:00,True,16,0.296,0.218,0.583,RT < DA,low,False,True
2026-07-13,2026-07-12T13:43:33.474195+00:00,True,17,0.264,0.24,0.515,RT < DA,low,True,True
2026-07-13,2026-07-12T13:43:33.474195+00:00,True,18,0.247,0.273,0.558,RT < DA,low,True,True
2026-07-13,2026-07-12T13:43:33.474195+00:00,True,19,0.262,0.266,0.569,RT < DA,low,True,True
2026-07-13,2026-07-12T13:43:33.474195+00:00,True,20,0.197,0.219,0.59,RT < DA,low,True,True
2026-07-13,2026-07-12T13:43:33.474195+00:00,True,21,0.263,0.162,0.548,RT < DA,low,False,True
2026-07-13,2026-07-12T13:43:33.474195+00:00,True,22,0.312,0.183,0.406,RT < DA,low,False,True
2026-07-13,2026-07-12T13:43:33.474195+00:00,True,23,0.396,0.177,0.159,RT < DA,low,False,False
2026-07-13,2026-07-12T13:43:33.474195+00:00,True,24,0.455,0.17,0.013,RT < DA,low,False,False
2026-07-14,2026-07-13T13:40:16.659432+00:00,True,1,0.742,0.07,0.003,RT > DA,high,False,False
2026-07-14,2026-07-13T13:40:16.659432+00:00,True,2,0.495,0.088,0.003,RT < DA,low,False,False
2026-07-14,2026-07-13T13:40:16.659432+00:00,True,3,0.3,0.037,0.005,RT < DA,low,False,False
2026-07-14,2026-07-13T13:40:16.659432+00:00,True,4,0.373,0.039,0.004,RT < DA,low,False,False
2026-07-14,2026-07-13T13:40:16.659432+00:00,True,5,0.379,0.046,0.003,RT < DA,low,False,False
2026-07-14,2026-07-13T13:40:16.659432+00:00,True,6,0.417,0.048,0.009,RT < DA,low,False,False
2026-07-14,2026-07-13T13:40:16.659432+00:00,True,7,0.427,0.141,0.019,RT < DA,low,False,False
2026-07-14,2026-07-13T13:40:16.659432+00:00,True,8,0.374,0.208,0.066,RT < DA,low,False,False
2026-07-14,2026-07-13T13:40:16.659432+00:00,True,9,0.378,0.199,0.151,RT < DA,low,False,False
2026-07-14,2026-07-13T13:40:16.659432+00:00,True,10,0.244,0.265,0.443,RT < DA,low,True,True
2026-07-14,2026-07-13T13:40:16.659432+00:00,True,11,0.244,0.202,0.582,RT < DA,low,False,True
2026-07-14,2026-07-13T13:40:16.659432+00:00,True,12,0.206,0.134,0.57,RT < DA,low,False,True
2026-07-14,2026-07-13T13:40:16.659432+00:00,True,13,0.191,0.205,0.505,RT < DA,low,False,True
2026-07-14,2026-07-13T13:40:16.659432+00:00,True,14,0.201,0.162,0.552,RT < DA,low,False,True
2026-07-14,2026-07-13T13:40:16.659432+00:00,True,15,0.38,0.258,0.565,RT < DA,low,True,True
2026-07-14,2026-07-13T13:40:16.659432+00:00,True,16,0.427,0.318,0.583,RT < DA,low,True,True
2026-07-14,2026-07-13T13:40:16.659432+00:00,True,17,0.402,0.238,0.554,RT < DA,low,True,True
2026-07-14,2026-07-13T13:40:16.659432+00:00,True,18,0.416,0.303,0.602,RT < DA,low,True,True
2026-07-14,2026-07-13T13:40:16.659432+00:00,True,19,0.474,0.286,0.555,RT < DA,low,True,True
2026-07-14,2026-07-13T13:40:16.659432+00:00,True,20,0.387,0.265,0.572,RT < DA,low,True,True
2026-07-14,2026-07-13T13:40:16.659432+00:00,True,21,0.307,0.27,0.479,RT < DA,low,True,True
2026-07-14,2026-07-13T13:40:16.659432+00:00,True,22,0.321,0.248,0.484,RT < DA,low,True,True
2026-07-14,2026-07-13T13:40:16.659432+00:00,True,23,0.344,0.238,0.398,RT < DA,low,True,True
2026-07-14,2026-07-13T13:40:16.659432+00:00,True,24,0.443,0.201,0.236,RT < DA,low,False,False
2026-07-16,2026-07-15T13:34:07.752650+00:00,True,1,0.201,0.048,0.015,RT < DA,medium,False,False
2026-07-16,2026-07-15T13:34:07.752650+00:00,True,2,0.19,0.014,0.013,RT < DA,low,False,False
2026-07-16,2026-07-15T13:34:07.752650+00:00,True,3,0.419,0.023,0.016,RT < DA,medium,False,False
2026-07-16,2026-07-15T13:34:07.752650+00:00,True,4,0.494,0.016,0.003,RT < DA,medium,False,False
2026-07-16,2026-07-15T13:34:07.752650+00:00,True,5,0.562,0.026,0.004,RT > DA,medium,False,False
2026-07-16,2026-07-15T13:34:07.752650+00:00,True,6,0.521,0.035,0.006,RT > DA,medium,False,False
2026-07-16,2026-07-15T13:34:07.752650+00:00,True,7,0.35,0.038,0.016,RT < DA,medium,False,False
2026-07-16,2026-07-15T13:34:07.752650+00:00,True,8,0.313,0.059,0.522,RT < DA,medium,False,True
2026-07-16,2026-07-15T13:34:07.752650+00:00,True,9,0.277,0.049,0.555,RT < DA,medium,False,True
2026-07-16,2026-07-15T13:34:07.752650+00:00,True,10,0.242,0.063,0.611,RT < DA,medium,False,True
2026-07-16,2026-07-15T13:34:07.752650+00:00,True,11,0.19,0.081,0.514,RT < DA,low,False,True
2026-07-16,2026-07-15T13:34:07.752650+00:00,True,12,0.321,0.058,0.507,RT < DA,medium,False,True
2026-07-16,2026-07-15T13:34:07.752650+00:00,True,13,0.235,0.057,0.598,RT < DA,medium,False,True
2026-07-16,2026-07-15T13:34:07.752650+00:00,True,14,0.164,0.106,0.71,RT < DA,low,False,True
2026-07-16,2026-07-15T13:34:07.752650+00:00,True,15,0.089,0.104,0.735,RT < DA,low,False,True
2026-07-16,2026-07-15T13:34:07.752650+00:00,True,16,0.154,0.122,0.664,RT < DA,low,False,True
2026-07-16,2026-07-15T13:34:07.752650+00:00,True,17,0.192,0.171,0.647,RT < DA,low,False,True
2026-07-16,2026-07-15T13:34:07.752650+00:00,True,18,0.109,0.185,0.551,RT < DA,low,False,True
2026-07-16,2026-07-15T13:34:07.752650+00:00,True,19,0.107,0.254,0.555,RT < DA,low,True,True
2026-07-16,2026-07-15T13:34:07.752650+00:00,True,20,0.129,0.181,0.456,RT < DA,low,False,True
2026-07-16,2026-07-15T13:34:07.752650+00:00,True,21,0.179,0.092,0.277,RT < DA,low,False,True
2026-07-16,2026-07-15T13:34:07.752650+00:00,True,22,0.177,0.142,0.195,RT < DA,low,False,False
2026-07-16,2026-07-15T13:34:07.752650+00:00,True,23,0.264,0.189,0.101,RT < DA,medium,False,False
2026-07-16,2026-07-15T13:34:07.752650+00:00,True,24,0.269,0.06,0.005,RT < DA,medium,False,False
2026-07-18,2026-07-17T13:06:34.836849+00:00,True,1,0.481,0.025,0.006,RT < DA,medium,False,False
2026-07-18,2026-07-17T13:06:34.836849+00:00,True,2,0.599,0.024,0.004,RT > DA,low,False,False
2026-07-18,2026-07-17T13:06:34.836849+00:00,True,3,0.457,0.014,0.004,RT < DA,medium,False,False
2026-07-18,2026-07-17T13:06:34.836849+00:00,True,4,0.457,0.013,0.005,RT < DA,medium,False,False
2026-07-18,2026-07-17T13:06:34.836849+00:00,True,5,0.579,0.011,0.004,RT > DA,low,False,False
2026-07-18,2026-07-17T13:06:34.836849+00:00,True,6,0.45,0.014,0.002,RT < DA,medium,False,False
2026-07-18,2026-07-17T13:06:34.836849+00:00,True,7,0.47,0.026,0.003,RT < DA,medium,False,False
2026-07-18,2026-07-17T13:06:34.836849+00:00,True,8,0.475,0.053,0.008,RT < DA,medium,False,False
2026-07-18,2026-07-17T13:06:34.836849+00:00,True,9,0.631,0.084,0.024,RT > DA,low,False,False
2026-07-18,2026-07-17T13:06:34.836849+00:00,True,10,0.627,0.108,0.021,RT > DA,low,False,False
2026-07-18,2026-07-17T13:06:34.836849+00:00,True,11,0.559,0.079,0.035,RT > DA,low,False,False
2026-07-18,2026-07-17T13:06:34.836849+00:00,True,12,0.647,0.066,0.018,RT > DA,low,False,False
2026-07-18,2026-07-17T13:06:34.836849+00:00,True,13,0.521,0.101,0.023,RT > DA,low,False,False
2026-07-18,2026-07-17T13:06:34.836849+00:00,True,14,0.5,0.078,0.03,RT > DA,low,False,False
2026-07-18,2026-07-17T13:06:34.836849+00:00,True,15,0.47,0.104,0.032,RT < DA,medium,False,False
2026-07-18,2026-07-17T13:06:34.836849+00:00,True,16,0.475,0.132,0.065,RT < DA,medium,False,False
2026-07-18,2026-07-17T13:06:34.836849+00:00,True,17,0.451,0.146,0.268,RT < DA,medium,False,True
2026-07-18,2026-07-17T13:06:34.836849+00:00,True,18,0.227,0.132,0.395,RT < DA,low,False,True
2026-07-18,2026-07-17T13:06:34.836849+00:00,True,19,0.231,0.157,0.295,RT < DA,low,False,True
2026-07-18,2026-07-17T13:06:34.836849+00:00,True,20,0.24,0.136,0.194,RT < DA,low,False,False
2026-07-18,2026-07-17T13:06:34.836849+00:00,True,21,0.385,0.091,0.032,RT < DA,medium,False,False
2026-07-18,2026-07-17T13:06:34.836849+00:00,True,22,0.458,0.084,0.021,RT < DA,medium,False,False
2026-07-18,2026-07-17T13:06:34.836849+00:00,True,23,0.357,0.03,0.009,RT < DA,medium,False,False
2026-07-18,2026-07-17T13:06:34.836849+00:00,True,24,0.235,0.029,0.005,RT < DA,low,False,False
2026-07-20,2026-07-19T13:04:22.079236+00:00,True,1,0.306,0.007,0.001,RT < DA,high,False,False
2026-07-20,2026-07-19T13:04:22.079236+00:00,True,2,0.418,0.006,0.001,RT < DA,low,False,False
2026-07-20,2026-07-19T13:04:22.079236+00:00,True,3,0.375,0.009,0.002,RT < DA,low,False,False
2026-07-20,2026-07-19T13:04:22.079236+00:00,True,4,0.521,0.011,0.002,RT > DA,medium,False,False
2026-07-20,2026-07-19T13:04:22.079236+00:00,True,5,0.581,0.013,0.001,RT > DA,medium,False,False
2026-07-20,2026-07-19T13:04:22.079236+00:00,True,6,0.51,0.013,0.001,RT > DA,medium,False,False
2026-07-20,2026-07-19T13:04:22.079236+00:00,True,7,0.611,0.026,0.002,RT > DA,medium,False,False
2026-07-20,2026-07-19T13:04:22.079236+00:00,True,8,0.458,0.049,0.006,RT < DA,low,False,False
2026-07-20,2026-07-19T13:04:22.079236+00:00,True,9,0.555,0.045,0.004,RT > DA,medium,False,False
2026-07-20,2026-07-19T13:04:22.079236+00:00,True,10,0.634,0.046,0.003,RT > DA,medium,False,False
2026-07-20,2026-07-19T13:04:22.079236+00:00,True,11,0.559,0.041,0.003,RT > DA,medium,False,False
2026-07-20,2026-07-19T13:04:22.079236+00:00,True,12,0.549,0.065,0.007,RT > DA,medium,False,False
2026-07-20,2026-07-19T13:04:22.079236+00:00,True,13,0.565,0.056,0.011,RT > DA,medium,False,False
2026-07-20,2026-07-19T13:04:22.079236+00:00,True,14,0.536,0.052,0.011,RT > DA,medium,False,False
2026-07-20,2026-07-19T13:04:22.079236+00:00,True,15,0.494,0.158,0.014,RT < DA,low,False,False
2026-07-20,2026-07-19T13:04:22.079236+00:00,True,16,0.465,0.072,0.106,RT < DA,low,False,False
2026-07-20,2026-07-19T13:04:22.079236+00:00,True,17,0.413,0.122,0.296,RT < DA,low,False,True
2026-07-20,2026-07-19T13:04:22.079236+00:00,True,18,0.418,0.1,0.372,RT < DA,low,False,True
2026-07-20,2026-07-19T13:04:22.079236+00:00,True,19,0.331,0.069,0.395,RT < DA,high,False,True
2026-07-20,2026-07-19T13:04:22.079236+00:00,True,20,0.282,0.077,0.339,RT < DA,high,False,True
2026-07-20,2026-07-19T13:04:22.079236+00:00,True,21,0.341,0.105,0.255,RT < DA,high,False,True
2026-07-20,2026-07-19T13:04:22.079236+00:00,True,22,0.451,0.073,0.012,RT < DA,low,False,False
2026-07-20,2026-07-19T13:04:22.079236+00:00,True,23,0.498,0.029,0.008,RT < DA,low,False,False
2026-07-20,2026-07-19T13:04:22.079236+00:00,True,24,0.271,0.013,0.01,RT < DA,high,False,False
2026-07-21,2026-07-20T13:28:39.092098+00:00,True,1,0.196,0.007,0.001,RT < DA,medium,False,False
2026-07-21,2026-07-20T13:28:39.092098+00:00,True,2,0.142,0.007,0.002,RT < DA,medium,False,False
2026-07-21,2026-07-20T13:28:39.092098+00:00,True,3,0.186,0.009,0.002,RT < DA,medium,False,False
2026-07-21,2026-07-20T13:28:39.092098+00:00,True,4,0.203,0.006,0.003,RT < DA,medium,False,False
2026-07-21,2026-07-20T13:28:39.092098+00:00,True,5,0.172,0.011,0.003,RT < DA,medium,False,False
2026-07-21,2026-07-20T13:28:39.092098+00:00,True,6,0.191,0.013,0.001,RT < DA,medium,False,False
2026-07-21,2026-07-20T13:28:39.092098+00:00,True,7,0.361,0.02,0.001,RT < DA,medium,False,False
2026-07-21,2026-07-20T13:28:39.092098+00:00,True,8,0.31,0.029,0.001,RT < DA,medium,False,False
2026-07-21,2026-07-20T13:28:39.092098+00:00,True,9,0.269,0.031,0.003,RT < DA,medium,False,False
2026-07-21,2026-07-20T13:28:39.092098+00:00,True,10,0.396,0.054,0.003,RT < DA,medium,False,False
2026-07-21,2026-07-20T13:28:39.092098+00:00,True,11,0.264,0.051,0.018,RT < DA,medium,False,False
2026-07-21,2026-07-20T13:28:39.092098+00:00,True,12,0.233,0.048,0.02,RT < DA,medium,False,False
2026-07-21,2026-07-20T13:28:39.092098+00:00,True,13,0.244,0.058,0.019,RT < DA,medium,False,False
2026-07-21,2026-07-20T13:28:39.092098+00:00,True,14,0.256,0.042,0.019,RT < DA,medium,False,False
2026-07-21,2026-07-20T13:28:39.092098+00:00,True,15,0.286,0.032,0.022,RT < DA,medium,False,False
2026-07-21,2026-07-20T13:28:39.092098+00:00,True,16,0.225,0.027,0.035,RT < DA,medium,False,False
2026-07-21,2026-07-20T13:28:39.092098+00:00,True,17,0.19,0.063,0.222,RT < DA,medium,False,False
2026-07-21,2026-07-20T13:28:39.092098+00:00,True,18,0.204,0.048,0.316,RT < DA,medium,False,True
2026-07-21,2026-07-20T13:28:39.092098+00:00,True,19,0.13,0.061,0.455,RT < DA,medium,False,True
2026-07-21,2026-07-20T13:28:39.092098+00:00,True,20,0.166,0.066,0.226,RT < DA,medium,False,False
2026-07-21,2026-07-20T13:28:39.092098+00:00,True,21,0.332,0.05,0.026,RT < DA,medium,False,False
2026-07-21,2026-07-20T13:28:39.092098+00:00,True,22,0.472,0.037,0.004,RT < DA,medium,False,False
2026-07-21,2026-07-20T13:28:39.092098+00:00,True,23,0.259,0.016,0.001,RT < DA,medium,False,False
2026-07-21,2026-07-20T13:28:39.092098+00:00,True,24,0.148,0.013,0.001,RT < DA,medium,False,False
2026-07-23,2026-07-22T14:00:07.636764+00:00,True,1,0.235,0.02,0.002,RT < DA,medium,False,False
2026-07-23,2026-07-22T14:00:07.636764+00:00,True,2,0.284,0.007,0.001,RT < DA,medium,False,False
2026-07-23,2026-07-22T14:00:07.636764+00:00,True,3,0.308,0.005,0.001,RT < DA,medium,False,False
2026-07-23,2026-07-22T14:00:07.636764+00:00,True,4,0.291,0.005,0.001,RT < DA,medium,False,False
2026-07-23,2026-07-22T14:00:07.636764+00:00,True,5,0.325,0.008,0.003,RT < DA,medium,False,False
2026-07-23,2026-07-22T14:00:07.636764+00:00,True,6,0.377,0.011,0.003,RT < DA,medium,False,False
2026-07-23,2026-07-22T14:00:07.636764+00:00,True,7,0.359,0.014,0.002,RT < DA,medium,False,False
2026-07-23,2026-07-22T14:00:07.636764+00:00,True,8,0.304,0.024,0.0,RT < DA,medium,False,False
2026-07-23,2026-07-22T14:00:07.636764+00:00,True,9,0.295,0.027,0.0,RT < DA,medium,False,False
2026-07-23,2026-07-22T14:00:07.636764+00:00,True,10,0.251,0.016,0.0,RT < DA,medium,False,False
2026-07-23,2026-07-22T14:00:07.636764+00:00,True,11,0.269,0.021,0.0,RT < DA,medium,False,False
2026-07-23,2026-07-22T14:00:07.636764+00:00,True,12,0.275,0.031,0.0,RT < DA,medium,False,False
2026-07-23,2026-07-22T14:00:07.636764+00:00,True,13,0.479,0.044,0.001,RT < DA,medium,False,False
2026-07-23,2026-07-22T14:00:07.636764+00:00,True,14,0.453,0.052,0.002,RT < DA,medium,False,False
2026-07-23,2026-07-22T14:00:07.636764+00:00,True,15,0.353,0.107,0.002,RT < DA,medium,False,False
2026-07-23,2026-07-22T14:00:07.636764+00:00,True,16,0.39,0.147,0.003,RT < DA,medium,False,False
2026-07-23,2026-07-22T14:00:07.636764+00:00,True,17,0.363,0.085,0.012,RT < DA,medium,False,False
2026-07-23,2026-07-22T14:00:07.636764+00:00,True,18,0.288,0.103,0.033,RT < DA,medium,False,False
2026-07-23,2026-07-22T14:00:07.636764+00:00,True,19,0.294,0.165,0.036,RT < DA,medium,False,False
2026-07-23,2026-07-22T14:00:07.636764+00:00,True,20,0.337,0.093,0.008,RT < DA,medium,False,False
2026-07-23,2026-07-22T14:00:07.636764+00:00,True,21,0.304,0.078,0.006,RT < DA,medium,False,False
2026-07-23,2026-07-22T14:00:07.636764+00:00,True,22,0.358,0.069,0.003,RT < DA,medium,False,False
2026-07-23,2026-07-22T14:00:07.636764+00:00,True,23,0.285,0.02,0.0,RT < DA,medium,False,False
2026-07-23,2026-07-22T14:00:07.636764+00:00,True,24,0.229,0.014,0.0,RT < DA,medium,False,False
2026-07-25,2026-07-24T13:37:03.961772+00:00,True,1,0.291,0.009,0.0,RT < DA,high,False,False
2026-07-25,2026-07-24T13:37:03.961772+00:00,True,2,0.307,0.007,0.0,RT < DA,high,False,False
2026-07-25,2026-07-24T13:37:03.961772+00:00,True,3,0.341,0.009,0.0,RT < DA,high,False,False
2026-07-25,2026-07-24T13:37:03.961772+00:00,True,4,0.485,0.007,0.0,RT < DA,low,False,False
2026-07-25,2026-07-24T13:37:03.961772+00:00,True,5,0.57,0.008,0.0,RT > DA,medium,False,False
2026-07-25,2026-07-24T13:37:03.961772+00:00,True,6,0.493,0.009,0.001,RT < DA,low,False,False
2026-07-25,2026-07-24T13:37:03.961772+00:00,True,7,0.442,0.008,0.0,RT < DA,low,False,False
2026-07-25,2026-07-24T13:37:03.961772+00:00,True,8,0.414,0.013,0.0,RT < DA,low,False,False
2026-07-25,2026-07-24T13:37:03.961772+00:00,True,9,0.407,0.014,0.0,RT < DA,low,False,False
2026-07-25,2026-07-24T13:37:03.961772+00:00,True,10,0.411,0.026,0.001,RT < DA,low,False,False
2026-07-25,2026-07-24T13:37:03.961772+00:00,True,11,0.351,0.053,0.001,RT < DA,low,False,False
2026-07-25,2026-07-24T13:37:03.961772+00:00,True,12,0.437,0.116,0.001,RT < DA,low,False,False
2026-07-25,2026-07-24T13:37:03.961772+00:00,True,13,0.454,0.092,0.001,RT < DA,low,False,False
2026-07-25,2026-07-24T13:37:03.961772+00:00,True,14,0.484,0.23,0.016,RT < DA,low,True,False
2026-07-25,2026-07-24T13:37:03.961772+00:00,True,15,0.357,0.098,0.01,RT < DA,low,False,False
2026-07-25,2026-07-24T13:37:03.961772+00:00,True,16,0.406,0.177,0.008,RT < DA,low,False,False
2026-07-25,2026-07-24T13:37:03.961772+00:00,True,17,0.475,0.18,0.013,RT < DA,low,False,False
2026-07-25,2026-07-24T13:37:03.961772+00:00,True,18,0.522,0.184,0.026,RT > DA,medium,False,False
2026-07-25,2026-07-24T13:37:03.961772+00:00,True,19,0.514,0.242,0.04,RT > DA,medium,True,False
2026-07-25,2026-07-24T13:37:03.961772+00:00,True,20,0.47,0.123,0.016,RT < DA,low,False,False
2026-07-25,2026-07-24T13:37:03.961772+00:00,True,21,0.442,0.076,0.003,RT < DA,low,False,False
2026-07-25,2026-07-24T13:37:03.961772+00:00,True,22,0.455,0.074,0.002,RT < DA,low,False,False
2026-07-25,2026-07-24T13:37:03.961772+00:00,True,23,0.368,0.021,0.001,RT < DA,low,False,False
2026-07-25,2026-07-24T13:37:03.961772+00:00,True,24,0.192,0.052,0.0,RT < DA,medium,False,False
2026-07-26,2026-07-25T13:28:12.799046+00:00,True,1,0.288,0.007,0.001,RT < DA,medium,False,False
2026-07-26,2026-07-25T13:28:12.799046+00:00,True,2,0.337,0.006,0.001,RT < DA,medium,False,False
2026-07-26,2026-07-25T13:28:12.799046+00:00,True,3,0.378,0.007,0.001,RT < DA,low,False,False
2026-07-26,2026-07-25T13:28:12.799046+00:00,True,4,0.391,0.009,0.001,RT < DA,low,False,False
2026-07-26,2026-07-25T13:28:12.799046+00:00,True,5,0.357,0.016,0.001,RT < DA,low,False,False
2026-07-26,2026-07-25T13:28:12.799046+00:00,True,6,0.466,0.014,0.001,RT < DA,low,False,False
2026-07-26,2026-07-25T13:28:12.799046+00:00,True,7,0.364,0.021,0.002,RT < DA,low,False,False
2026-07-26,2026-07-25T13:28:12.799046+00:00,True,8,0.393,0.023,0.0,RT < DA,low,False,False
2026-07-26,2026-07-25T13:28:12.799046+00:00,True,9,0.415,0.018,0.0,RT < DA,low,False,False
2026-07-26,2026-07-25T13:28:12.799046+00:00,True,10,0.429,0.059,0.001,RT < DA,low,False,False
2026-07-26,2026-07-25T13:28:12.799046+00:00,True,11,0.492,0.061,0.001,RT < DA,low,False,False
2026-07-26,2026-07-25T13:28:12.799046+00:00,True,12,0.434,0.091,0.002,RT < DA,low,False,False
2026-07-26,2026-07-25T13:28:12.799046+00:00,True,13,0.436,0.166,0.004,RT < DA,low,False,False
2026-07-26,2026-07-25T13:28:12.799046+00:00,True,14,0.395,0.132,0.01,RT < DA,low,False,False
2026-07-26,2026-07-25T13:28:12.799046+00:00,True,15,0.442,0.117,0.007,RT < DA,low,False,False
2026-07-26,2026-07-25T13:28:12.799046+00:00,True,16,0.492,0.193,0.014,RT < DA,low,False,False
2026-07-26,2026-07-25T13:28:12.799046+00:00,True,17,0.451,0.171,0.012,RT < DA,low,False,False
2026-07-26,2026-07-25T13:28:12.799046+00:00,True,18,0.482,0.174,0.085,RT < DA,low,False,False
2026-07-26,2026-07-25T13:28:12.799046+00:00,True,19,0.433,0.169,0.036,RT < DA,low,False,False
2026-07-26,2026-07-25T13:28:12.799046+00:00,True,20,0.416,0.149,0.026,RT < DA,low,False,False
2026-07-26,2026-07-25T13:28:12.799046+00:00,True,21,0.431,0.12,0.012,RT < DA,low,False,False
2026-07-26,2026-07-25T13:28:12.799046+00:00,True,22,0.435,0.1,0.003,RT < DA,low,False,False
2026-07-26,2026-07-25T13:28:12.799046+00:00,True,23,0.531,0.054,0.001,RT > DA,medium,False,False
2026-07-26,2026-07-25T13:28:12.799046+00:00,True,24,0.427,0.016,0.001,RT < DA,low,False,False
2026-07-27,2026-07-26T13:49:38.848860+00:00,True,1,0.22,0.008,0.0,RT < DA,low,False,False
2026-07-27,2026-07-26T13:49:38.848860+00:00,True,2,0.212,0.005,0.0,RT < DA,low,False,False
2026-07-27,2026-07-26T13:49:38.848860+00:00,True,3,0.266,0.013,0.0,RT < DA,low,False,False
2026-07-27,2026-07-26T13:49:38.848860+00:00,True,4,0.283,0.01,0.0,RT < DA,low,False,False
2026-07-27,2026-07-26T13:49:38.848860+00:00,True,5,0.308,0.014,0.0,RT < DA,low,False,False
2026-07-27,2026-07-26T13:49:38.848860+00:00,True,6,0.291,0.019,0.0,RT < DA,low,False,False
2026-07-27,2026-07-26T13:49:38.848860+00:00,True,7,0.546,0.032,0.001,RT > DA,low,False,False
2026-07-27,2026-07-26T13:49:38.848860+00:00,True,8,0.482,0.032,0.001,RT < DA,medium,False,False
2026-07-27,2026-07-26T13:49:38.848860+00:00,True,9,0.635,0.053,0.001,RT > DA,low,False,False
2026-07-27,2026-07-26T13:49:38.848860+00:00,True,10,0.521,0.086,0.002,RT > DA,low,False,False
2026-07-27,2026-07-26T13:49:38.848860+00:00,True,11,0.673,0.112,0.002,RT > DA,low,False,False
2026-07-27,2026-07-26T13:49:38.848860+00:00,True,12,0.664,0.223,0.008,RT > DA,low,True,False
2026-07-27,2026-07-26T13:49:38.848860+00:00,True,13,0.742,0.13,0.034,RT > DA,low,False,False
2026-07-27,2026-07-26T13:49:38.848860+00:00,True,14,0.557,0.18,0.045,RT > DA,low,False,False
2026-07-27,2026-07-26T13:49:38.848860+00:00,True,15,0.606,0.202,0.121,RT > DA,low,False,False
2026-07-27,2026-07-26T13:49:38.848860+00:00,True,16,0.609,0.229,0.175,RT > DA,low,True,False
2026-07-27,2026-07-26T13:49:38.848860+00:00,True,17,0.588,0.247,0.214,RT > DA,low,True,False
2026-07-27,2026-07-26T13:49:38.848860+00:00,True,18,0.63,0.22,0.179,RT > DA,low,False,False
2026-07-27,2026-07-26T13:49:38.848860+00:00,True,19,0.661,0.23,0.123,RT > DA,low,True,False
2026-07-27,2026-07-26T13:49:38.848860+00:00,True,20,0.669,0.187,0.068,RT > DA,low,False,False
2026-07-27,2026-07-26T13:49:38.848860+00:00,True,21,0.62,0.222,0.006,RT > DA,low,True,False
2026-07-27,2026-07-26T13:49:38.848860+00:00,True,22,0.655,0.185,0.007,RT > DA,low,False,False
2026-07-27,2026-07-26T13:49:38.848860+00:00,True,23,0.453,0.081,0.005,RT < DA,medium,False,False
2026-07-27,2026-07-26T13:49:38.848860+00:00,True,24,0.415,0.056,0.001,RT < DA,medium,False,False
2026-07-30,2026-07-29T13:33:46.698679+00:00,True,1,0.361,0.062,0.004,RT < DA,medium,False,False
2026-07-30,2026-07-29T13:33:46.698679+00:00,True,2,0.34,0.039,0.001,RT < DA,medium,False,False
2026-07-30,2026-07-29T13:33:46.698679+00:00,True,3,0.327,0.015,0.001,RT < DA,medium,False,False
2026-07-30,2026-07-29T13:33:46.698679+00:00,True,4,0.368,0.014,0.001,RT < DA,medium,False,False
2026-07-30,2026-07-29T13:33:46.698679+00:00,True,5,0.348,0.013,0.001,RT < DA,medium,False,False
2026-07-30,2026-07-29T13:33:46.698679+00:00,True,6,0.261,0.029,0.001,RT < DA,medium,False,False
2026-07-30,2026-07-29T13:33:46.698679+00:00,True,7,0.421,0.029,0.002,RT < DA,medium,False,False
2026-07-30,2026-07-29T13:33:46.698679+00:00,True,8,0.496,0.03,0.003,RT < DA,medium,False,False
2026-07-30,2026-07-29T13:33:46.698679+00:00,True,9,0.514,0.043,0.003,RT > DA,medium,False,False
2026-07-30,2026-07-29T13:33:46.698679+00:00,True,10,0.658,0.061,0.006,RT > DA,low,False,False
2026-07-30,2026-07-29T13:33:46.698679+00:00,True,11,0.576,0.211,0.007,RT > DA,medium,False,False
2026-07-30,2026-07-29T13:33:46.698679+00:00,True,12,0.464,0.137,0.011,RT < DA,medium,False,False
2026-07-30,2026-07-29T13:33:46.698679+00:00,True,13,0.513,0.101,0.015,RT > DA,medium,False,False
2026-07-30,2026-07-29T13:33:46.698679+00:00,True,14,0.53,0.107,0.02,RT > DA,medium,False,False
2026-07-30,2026-07-29T13:33:46.698679+00:00,True,15,0.527,0.103,0.061,RT > DA,medium,False,False
2026-07-30,2026-07-29T13:33:46.698679+00:00,True,16,0.405,0.102,0.425,RT < DA,medium,False,True
2026-07-30,2026-07-29T13:33:46.698679+00:00,True,17,0.471,0.128,0.447,RT < DA,medium,False,True
2026-07-30,2026-07-29T13:33:46.698679+00:00,True,18,0.464,0.196,0.472,RT < DA,medium,False,True
2026-07-30,2026-07-29T13:33:46.698679+00:00,True,19,0.536,0.23,0.329,RT > DA,medium,True,True
2026-07-30,2026-07-29T13:33:46.698679+00:00,True,20,0.53,0.164,0.335,RT > DA,medium,False,True
2026-07-30,2026-07-29T13:33:46.698679+00:00,True,21,0.485,0.152,0.067,RT < DA,medium,False,False
2026-07-30,2026-07-29T13:33:46.698679+00:00,True,22,0.448,0.07,0.01,RT < DA,medium,False,False
2026-07-30,2026-07-29T13:33:46.698679+00:00,True,23,0.504,0.042,0.006,RT > DA,medium,False,False
2026-07-30,2026-07-29T13:33:46.698679+00:00,True,24,0.277,0.027,0.002,RT < DA,medium,False,False
2026-07-31,2026-07-30T13:31:52.242967+00:00,True,1,0.176,0.028,0.004,RT < DA,low,False,False
2026-07-31,2026-07-30T13:31:52.242967+00:00,True,2,0.164,0.021,0.0,RT < DA,low,False,False
2026-07-31,2026-07-30T13:31:52.242967+00:00,True,3,0.167,0.015,0.0,RT < DA,low,False,False
2026-07-31,2026-07-30T13:31:52.242967+00:00,True,4,0.174,0.013,0.0,RT < DA,low,False,False
2026-07-31,2026-07-30T13:31:52.242967+00:00,True,5,0.207,0.021,0.0,RT < DA,medium,False,False
2026-07-31,2026-07-30T13:31:52.242967+00:00,True,6,0.205,0.027,0.0,RT < DA,medium,False,False
2026-07-31,2026-07-30T13:31:52.242967+00:00,True,7,0.307,0.027,0.002,RT < DA,medium,False,False
2026-07-31,2026-07-30T13:31:52.242967+00:00,True,8,0.275,0.042,0.003,RT < DA,medium,False,False
2026-07-31,2026-07-30T13:31:52.242967+00:00,True,9,0.286,0.057,0.004,RT < DA,medium,False,False
2026-07-31,2026-07-30T13:31:52.242967+00:00,True,10,0.256,0.068,0.011,RT < DA,medium,False,False
2026-07-31,2026-07-30T13:31:52.242967+00:00,True,11,0.261,0.041,0.013,RT < DA,medium,False,False
2026-07-31,2026-07-30T13:31:52.242967+00:00,True,12,0.307,0.06,0.032,RT < DA,medium,False,False
2026-07-31,2026-07-30T13:31:52.242967+00:00,True,13,0.191,0.047,0.299,RT < DA,low,False,True
2026-07-31,2026-07-30T13:31:52.242967+00:00,True,14,0.253,0.051,0.233,RT < DA,medium,False,False
2026-07-31,2026-07-30T13:31:52.242967+00:00,True,15,0.281,0.057,0.303,RT < DA,medium,False,True
2026-07-31,2026-07-30T13:31:52.242967+00:00,True,16,0.227,0.074,0.431,RT < DA,medium,False,True
2026-07-31,2026-07-30T13:31:52.242967+00:00,True,17,0.152,0.1,0.666,RT < DA,low,False,True
2026-07-31,2026-07-30T13:31:52.242967+00:00,True,18,0.129,0.101,0.651,RT < DA,low,False,True
2026-07-31,2026-07-30T13:31:52.242967+00:00,True,19,0.169,0.098,0.562,RT < DA,low,False,True
2026-07-31,2026-07-30T13:31:52.242967+00:00,True,20,0.196,0.09,0.297,RT < DA,low,False,True
2026-07-31,2026-07-30T13:31:52.242967+00:00,True,21,0.221,0.079,0.172,RT < DA,medium,False,False
2026-07-31,2026-07-30T13:31:52.242967+00:00,True,22,0.277,0.083,0.011,RT < DA,medium,False,False
2026-07-31,2026-07-30T13:31:52.242967+00:00,True,23,0.235,0.036,0.008,RT < DA,medium,False,False
2026-07-31,2026-07-30T13:31:52.242967+00:00,True,24,0.208,0.034,0.002,RT < DA,medium,False,False
2026-08-01,2026-07-31T12:25:50.780481+00:00,True,1,0.272,0.036,0.004,RT < DA,medium,False,False
2026-08-01,2026-07-31T12:25:50.780481+00:00,True,2,0.24,0.03,0.001,RT < DA,medium,False,False
2026-08-01,2026-07-31T12:25:50.780481+00:00,True,3,0.255,0.036,0.0,RT < DA,medium,False,False
2026-08-01,2026-07-31T12:25:50.780481+00:00,True,4,0.305,0.039,0.001,RT < DA,medium,False,False
2026-08-01,2026-07-31T12:25:50.780481+00:00,True,5,0.313,0.045,0.001,RT < DA,medium,False,False
2026-08-01,2026-07-31T12:25:50.780481+00:00,True,6,0.306,0.03,0.001,RT < DA,medium,False,False
2026-08-01,2026-07-31T12:25:50.780481+00:00,True,7,0.359,0.032,0.001,RT < DA,low,False,False
2026-08-01,2026-07-31T12:25:50.780481+00:00,True,8,0.352,0.047,0.002,RT < DA,low,False,False
2026-08-01,2026-07-31T12:25:50.780481+00:00,True,9,0.309,0.078,0.013,RT < DA,medium,False,False
2026-08-01,2026-07-31T12:25:50.780481+00:00,True,10,0.375,0.074,0.012,RT < DA,low,False,False
2026-08-01,2026-07-31T12:25:50.780481+00:00,True,11,0.498,0.132,0.019,RT < DA,low,False,False
2026-08-01,2026-07-31T12:25:50.780481+00:00,True,12,0.466,0.141,0.075,RT < DA,low,False,False
2026-08-01,2026-07-31T12:25:50.780481+00:00,True,13,0.367,0.145,0.257,RT < DA,low,False,True
2026-08-01,2026-07-31T12:25:50.780481+00:00,True,14,0.362,0.144,0.255,RT < DA,low,False,True
2026-08-01,2026-07-31T12:25:50.780481+00:00,True,15,0.341,0.135,0.227,RT < DA,medium,False,False
2026-08-01,2026-07-31T12:25:50.780481+00:00,True,16,0.346,0.136,0.215,RT < DA,medium,False,False
2026-08-01,2026-07-31T12:25:50.780481+00:00,True,17,0.321,0.132,0.193,RT < DA,medium,False,False
2026-08-01,2026-07-31T12:25:50.780481+00:00,True,18,0.289,0.134,0.252,RT < DA,medium,False,False
2026-08-01,2026-07-31T12:25:50.780481+00:00,True,19,0.312,0.138,0.356,RT < DA,medium,False,True
2026-08-01,2026-07-31T12:25:50.780481+00:00,True,20,0.443,0.113,0.17,RT < DA,low,False,False
2026-08-01,2026-07-31T12:25:50.780481+00:00,True,21,0.287,0.139,0.271,RT < DA,medium,False,True
2026-08-01,2026-07-31T12:25:50.780481+00:00,True,22,0.482,0.138,0.015,RT < DA,low,False,False
2026-08-01,2026-07-31T12:25:50.780481+00:00,True,23,0.43,0.11,0.009,RT < DA,low,False,False
2026-08-01,2026-07-31T12:25:50.780481+00:00,True,24,0.421,0.028,0.002,RT < DA,low,False,False
2026-08-02,2026-08-01T11:39:55.914610+00:00,True,1,0.432,0.032,0.001,RT < DA,low,False,False
2026-08-02,2026-08-01T11:39:55.914610+00:00,True,2,0.358,0.02,0.001,RT < DA,low,False,False
2026-08-02,2026-08-01T11:39:55.914610+00:00,True,3,0.409,0.022,0.001,RT < DA,low,False,False
2026-08-02,2026-08-01T11:39:55.914610+00:00,True,4,0.367,0.025,0.001,RT < DA,low,False,False
2026-08-02,2026-08-01T11:39:55.914610+00:00,True,5,0.458,0.032,0.001,RT < DA,low,False,False
2026-08-02,2026-08-01T11:39:55.914610+00:00,True,6,0.557,0.035,0.001,RT > DA,medium,False,False
2026-08-02,2026-08-01T11:39:55.914610+00:00,True,7,0.444,0.033,0.001,RT < DA,low,False,False
2026-08-02,2026-08-01T11:39:55.914610+00:00,True,8,0.436,0.042,0.001,RT < DA,low,False,False
2026-08-02,2026-08-01T11:39:55.914610+00:00,True,9,0.479,0.067,0.002,RT < DA,low,False,False
2026-08-02,2026-08-01T11:39:55.914610+00:00,True,10,0.465,0.073,0.002,RT < DA,low,False,False
2026-08-02,2026-08-01T11:39:55.914610+00:00,True,11,0.412,0.169,0.033,RT < DA,low,False,False
2026-08-02,2026-08-01T11:39:55.914610+00:00,True,12,0.457,0.248,0.014,RT < DA,low,True,False
2026-08-02,2026-08-01T11:39:55.914610+00:00,True,13,0.535,0.279,0.019,RT > DA,medium,True,False
2026-08-02,2026-08-01T11:39:55.914610+00:00,True,14,0.485,0.25,0.039,RT < DA,low,True,False
2026-08-02,2026-08-01T11:39:55.914610+00:00,True,15,0.476,0.24,0.078,RT < DA,low,True,False
2026-08-02,2026-08-01T11:39:55.914610+00:00,True,16,0.458,0.224,0.124,RT < DA,low,True,False
2026-08-02,2026-08-01T11:39:55.914610+00:00,True,17,0.425,0.29,0.399,RT < DA,low,True,True
2026-08-02,2026-08-01T11:39:55.914610+00:00,True,18,0.26,0.265,0.394,RT < DA,medium,True,True
2026-08-02,2026-08-01T11:39:55.914610+00:00,True,19,0.229,0.201,0.476,RT < DA,medium,False,True
2026-08-02,2026-08-01T11:39:55.914610+00:00,True,20,0.127,0.19,0.48,RT < DA,medium,False,True
2026-08-02,2026-08-01T11:39:55.914610+00:00,True,21,0.394,0.219,0.116,RT < DA,low,False,False
2026-08-02,2026-08-01T11:39:55.914610+00:00,True,22,0.448,0.092,0.013,RT < DA,low,False,False
2026-08-02,2026-08-01T11:39:55.914610+00:00,True,23,0.409,0.154,0.003,RT < DA,low,False,False
2026-08-02,2026-08-01T11:39:55.914610+00:00,True,24,0.293,0.021,0.003,RT < DA,medium,False,False
2026-08-03,2026-08-02T11:40:34.158651+00:00,True,1,0.11,0.014,0.001,RT < DA,high,False,False
2026-08-03,2026-08-02T11:40:34.158651+00:00,True,2,0.254,0.016,0.001,RT < DA,medium,False,False
2026-08-03,2026-08-02T11:40:34.158651+00:00,True,3,0.256,0.02,0.001,RT < DA,medium,False,False
2026-08-03,2026-08-02T11:40:34.158651+00:00,True,4,0.216,0.011,0.001,RT < DA,medium,False,False
2026-08-03,2026-08-02T11:40:34.158651+00:00,True,5,0.207,0.016,0.001,RT < DA,medium,False,False
2026-08-03,2026-08-02T11:40:34.158651+00:00,True,6,0.219,0.022,0.001,RT < DA,medium,False,False
2026-08-03,2026-08-02T11:40:34.158651+00:00,True,7,0.2,0.011,0.001,RT < DA,medium,False,False
2026-08-03,2026-08-02T11:40:34.158651+00:00,True,8,0.218,0.025,0.001,RT < DA,medium,False,False
2026-08-03,2026-08-02T11:40:34.158651+00:00,True,9,0.215,0.065,0.003,RT < DA,medium,False,False
2026-08-03,2026-08-02T11:40:34.158651+00:00,True,10,0.18,0.039,0.003,RT < DA,high,False,False
2026-08-03,2026-08-02T11:40:34.158651+00:00,True,11,0.193,0.133,0.012,RT < DA,high,False,False
2026-08-03,2026-08-02T11:40:34.158651+00:00,True,12,0.156,0.059,0.014,RT < DA,high,False,False
2026-08-03,2026-08-02T11:40:34.158651+00:00,True,13,0.163,0.061,0.015,RT < DA,high,False,False
2026-08-03,2026-08-02T11:40:34.158651+00:00,True,14,0.165,0.057,0.016,RT < DA,high,False,False
2026-08-03,2026-08-02T11:40:34.158651+00:00,True,15,0.136,0.067,0.052,RT < DA,high,False,False
2026-08-03,2026-08-02T11:40:34.158651+00:00,True,16,0.272,0.151,0.097,RT < DA,medium,False,False
2026-08-03,2026-08-02T11:40:34.158651+00:00,True,17,0.474,0.158,0.129,RT < DA,low,False,False
2026-08-03,2026-08-02T11:40:34.158651+00:00,True,18,0.398,0.167,0.225,RT < DA,low,False,False
2026-08-03,2026-08-02T11:40:34.158651+00:00,True,19,0.275,0.156,0.054,RT < DA,medium,False,False
2026-08-03,2026-08-02T11:40:34.158651+00:00,True,20,0.25,0.117,0.028,RT < DA,medium,False,False
2026-08-03,2026-08-02T11:40:34.158651+00:00,True,21,0.277,0.164,0.052,RT < DA,medium,False,False
2026-08-03,2026-08-02T11:40:34.158651+00:00,True,22,0.282,0.109,0.007,RT < DA,medium,False,False
2026-08-03,2026-08-02T11:40:34.158651+00:00,True,23,0.219,0.063,0.004,RT < DA,medium,False,False
2026-08-03,2026-08-02T11:40:34.158651+00:00,True,24,0.155,0.024,0.001,RT < DA,high,False,False
2026-08-04,2026-08-03T13:16:30.045564+00:00,True,1,0.155,0.031,0.0,RT < DA,medium,False,False
2026-08-04,2026-08-03T13:16:30.045564+00:00,True,2,0.133,0.018,0.0,RT < DA,medium,False,False
2026-08-04,2026-08-03T13:16:30.045564+00:00,True,3,0.169,0.025,0.001,RT < DA,medium,False,False
2026-08-04,2026-08-03T13:16:30.045564+00:00,True,4,0.159,0.02,0.001,RT < DA,medium,False,False
2026-08-04,2026-08-03T13:16:30.045564+00:00,True,5,0.199,0.051,0.001,RT < DA,medium,False,False
2026-08-04,2026-08-03T13:16:30.045564+00:00,True,6,0.271,0.063,0.001,RT < DA,high,False,False
2026-08-04,2026-08-03T13:16:30.045564+00:00,True,7,0.296,0.024,0.002,RT < DA,high,False,False
2026-08-04,2026-08-03T13:16:30.045564+00:00,True,8,0.228,0.054,0.007,RT < DA,high,False,False
2026-08-04,2026-08-03T13:16:30.045564+00:00,True,9,0.183,0.053,0.01,RT < DA,medium,False,False
2026-08-04,2026-08-03T13:16:30.045564+00:00,True,10,0.18,0.089,0.009,RT < DA,medium,False,False
2026-08-04,2026-08-03T13:16:30.045564+00:00,True,11,0.217,0.127,0.01,RT < DA,high,False,False
2026-08-04,2026-08-03T13:16:30.045564+00:00,True,12,0.318,0.073,0.016,RT < DA,high,False,False
2026-08-04,2026-08-03T13:16:30.045564+00:00,True,13,0.361,0.09,0.152,RT < DA,low,False,False
2026-08-04,2026-08-03T13:16:30.045564+00:00,True,14,0.317,0.09,0.157,RT < DA,high,False,False
2026-08-04,2026-08-03T13:16:30.045564+00:00,True,15,0.339,0.086,0.152,RT < DA,high,False,False
2026-08-04,2026-08-03T13:16:30.045564+00:00,True,16,0.263,0.141,0.482,RT < DA,high,False,True
2026-08-04,2026-08-03T13:16:30.045564+00:00,True,17,0.313,0.22,0.455,RT < DA,high,False,True
2026-08-04,2026-08-03T13:16:30.045564+00:00,True,18,0.331,0.189,0.553,RT < DA,high,False,True
2026-08-04,2026-08-03T13:16:30.045564+00:00,True,19,0.316,0.347,0.347,RT < DA,high,True,True
2026-08-04,2026-08-03T13:16:30.045564+00:00,True,20,0.316,0.153,0.282,RT < DA,high,False,True
2026-08-04,2026-08-03T13:16:30.045564+00:00,True,21,0.269,0.128,0.243,RT < DA,high,False,False
2026-08-04,2026-08-03T13:16:30.045564+00:00,True,22,0.284,0.181,0.091,RT < DA,high,False,False
2026-08-04,2026-08-03T13:16:30.045564+00:00,True,23,0.265,0.059,0.007,RT < DA,high,False,False
2026-08-04,2026-08-03T13:16:30.045564+00:00,True,24,0.178,0.062,0.004,RT < DA,medium,False,False
2026-08-05,2026-08-04T12:24:49.852551+00:00,True,1,0.189,0.028,0.002,RT < DA,medium,False,False
2026-08-05,2026-08-04T12:24:49.852551+00:00,True,2,0.161,0.023,0.001,RT < DA,medium,False,False
2026-08-05,2026-08-04T12:24:49.852551+00:00,True,3,0.189,0.017,0.001,RT < DA,medium,False,False
2026-08-05,2026-08-04T12:24:49.852551+00:00,True,4,0.221,0.021,0.001,RT < DA,high,False,False
2026-08-05,2026-08-04T12:24:49.852551+00:00,True,5,0.22,0.016,0.001,RT < DA,high,False,False
2026-08-05,2026-08-04T12:24:49.852551+00:00,True,6,0.214,0.012,0.001,RT < DA,high,False,False
2026-08-05,2026-08-04T12:24:49.852551+00:00,True,7,0.258,0.028,0.002,RT < DA,high,False,False
2026-08-05,2026-08-04T12:24:49.852551+00:00,True,8,0.103,0.036,0.005,RT < DA,medium,False,False
2026-08-05,2026-08-04T12:24:49.852551+00:00,True,9,0.179,0.03,0.005,RT < DA,medium,False,False
2026-08-05,2026-08-04T12:24:49.852551+00:00,True,10,0.18,0.03,0.011,RT < DA,medium,False,False
2026-08-05,2026-08-04T12:24:49.852551+00:00,True,11,0.209,0.056,0.014,RT < DA,high,False,False
2026-08-05,2026-08-04T12:24:49.852551+00:00,True,12,0.218,0.033,0.244,RT < DA,high,False,False
2026-08-05,2026-08-04T12:24:49.852551+00:00,True,13,0.238,0.036,0.345,RT < DA,high,False,True
2026-08-05,2026-08-04T12:24:49.852551+00:00,True,14,0.203,0.041,0.483,RT < DA,high,False,True
2026-08-05,2026-08-04T12:24:49.852551+00:00,True,15,0.241,0.046,0.44,RT < DA,high,False,True
2026-08-05,2026-08-04T12:24:49.852551+00:00,True,16,0.19,0.08,0.518,RT < DA,medium,False,True
2026-08-05,2026-08-04T12:24:49.852551+00:00,True,17,0.186,0.1,0.652,RT < DA,medium,False,True
2026-08-05,2026-08-04T12:24:49.852551+00:00,True,18,0.129,0.107,0.684,RT < DA,medium,False,True
2026-08-05,2026-08-04T12:24:49.852551+00:00,True,19,0.22,0.215,0.589,RT < DA,high,False,True
2026-08-05,2026-08-04T12:24:49.852551+00:00,True,20,0.304,0.124,0.473,RT < DA,high,False,True
2026-08-05,2026-08-04T12:24:49.852551+00:00,True,21,0.143,0.068,0.366,RT < DA,medium,False,True
2026-08-05,2026-08-04T12:24:49.852551+00:00,True,22,0.185,0.081,0.243,RT < DA,medium,False,False
2026-08-05,2026-08-04T12:24:49.852551+00:00,True,23,0.194,0.087,0.044,RT < DA,medium,False,False
2026-08-05,2026-08-04T12:24:49.852551+00:00,True,24,0.219,0.066,0.006,RT < DA,high,False,False
2026-08-06,2026-08-05T12:22:46.883499+00:00,True,1,0.246,0.028,0.004,RT < DA,medium,False,False
2026-08-06,2026-08-05T12:22:46.883499+00:00,True,2,0.233,0.041,0.001,RT < DA,medium,False,False
2026-08-06,2026-08-05T12:22:46.883499+00:00,True,3,0.233,0.038,0.0,RT < DA,medium,False,False
2026-08-06,2026-08-05T12:22:46.883499+00:00,True,4,0.281,0.057,0.001,RT < DA,medium,False,False
2026-08-06,2026-08-05T12:22:46.883499+00:00,True,5,0.352,0.065,0.002,RT < DA,low,False,False
2026-08-06,2026-08-05T12:22:46.883499+00:00,True,6,0.358,0.058,0.002,RT < DA,low,False,False
2026-08-06,2026-08-05T12:22:46.883499+00:00,True,7,0.432,0.098,0.011,RT < DA,low,False,False
2026-08-06,2026-08-05T12:22:46.883499+00:00,True,8,0.301,0.057,0.008,RT < DA,medium,False,False
2026-08-06,2026-08-05T12:22:46.883499+00:00,True,9,0.318,0.076,0.055,RT < DA,medium,False,False
2026-08-06,2026-08-05T12:22:46.883499+00:00,True,10,0.308,0.062,0.21,RT < DA,medium,False,False
2026-08-06,2026-08-05T12:22:46.883499+00:00,True,11,0.235,0.05,0.337,RT < DA,medium,False,True
2026-08-06,2026-08-05T12:22:46.883499+00:00,True,12,0.192,0.026,0.328,RT < DA,high,False,True
2026-08-06,2026-08-05T12:22:46.883499+00:00,True,13,0.254,0.032,0.377,RT < DA,medium,False,True
2026-08-06,2026-08-05T12:22:46.883499+00:00,True,14,0.132,0.022,0.4,RT < DA,high,False,True
2026-08-06,2026-08-05T12:22:46.883499+00:00,True,15,0.147,0.066,0.501,RT < DA,high,False,True
2026-08-06,2026-08-05T12:22:46.883499+00:00,True,16,0.22,0.166,0.613,RT < DA,medium,False,True
2026-08-06,2026-08-05T12:22:46.883499+00:00,True,17,0.123,0.087,0.732,RT < DA,high,False,True
2026-08-06,2026-08-05T12:22:46.883499+00:00,True,18,0.117,0.134,0.76,RT < DA,high,False,True
2026-08-06,2026-08-05T12:22:46.883499+00:00,True,19,0.076,0.112,0.7,RT < DA,high,False,True
2026-08-06,2026-08-05T12:22:46.883499+00:00,True,20,0.245,0.208,0.386,RT < DA,medium,False,True
2026-08-06,2026-08-05T12:22:46.883499+00:00,True,21,0.426,0.408,0.294,RT < DA,low,True,True
2026-08-06,2026-08-05T12:22:46.883499+00:00,True,22,0.536,0.16,0.243,RT > DA,medium,False,False
2026-08-06,2026-08-05T12:22:46.883499+00:00,True,23,0.355,0.097,0.06,RT < DA,low,False,False
2026-08-06,2026-08-05T12:22:46.883499+00:00,True,24,0.515,0.13,0.007,RT > DA,medium,False,False
2026-08-07,2026-08-06T12:24:40.747231+00:00,True,1,0.461,0.113,0.001,RT < DA,medium,False,False
2026-08-07,2026-08-06T12:24:40.747231+00:00,True,2,0.329,0.054,0.002,RT < DA,low,False,False
2026-08-07,2026-08-06T12:24:40.747231+00:00,True,3,0.312,0.038,0.001,RT < DA,low,False,False
2026-08-07,2026-08-06T12:24:40.747231+00:00,True,4,0.409,0.035,0.001,RT < DA,medium,False,False
2026-08-07,2026-08-06T12:24:40.747231+00:00,True,5,0.583,0.056,0.001,RT > DA,medium,False,False
2026-08-07,2026-08-06T12:24:40.747231+00:00,True,6,0.591,0.05,0.002,RT > DA,medium,False,False
2026-08-07,2026-08-06T12:24:40.747231+00:00,True,7,0.438,0.049,0.004,RT < DA,medium,False,False
2026-08-07,2026-08-06T12:24:40.747231+00:00,True,8,0.286,0.082,0.009,RT < DA,low,False,False
2026-08-07,2026-08-06T12:24:40.747231+00:00,True,9,0.261,0.141,0.062,RT < DA,low,False,False
2026-08-07,2026-08-06T12:24:40.747231+00:00,True,10,0.275,0.1,0.112,RT < DA,low,False,False
2026-08-07,2026-08-06T12:24:40.747231+00:00,True,11,0.256,0.204,0.232,RT < DA,low,False,False
2026-08-07,2026-08-06T12:24:40.747231+00:00,True,12,0.353,0.119,0.132,RT < DA,medium,False,False
2026-08-07,2026-08-06T12:24:40.747231+00:00,True,13,0.252,0.031,0.413,RT < DA,low,False,True
2026-08-07,2026-08-06T12:24:40.747231+00:00,True,14,0.22,0.104,0.403,RT < DA,low,False,True
2026-08-07,2026-08-06T12:24:40.747231+00:00,True,15,0.313,0.155,0.398,RT < DA,low,False,True
2026-08-07,2026-08-06T12:24:40.747231+00:00,True,16,0.221,0.102,0.528,RT < DA,low,False,True
2026-08-07,2026-08-06T12:24:40.747231+00:00,True,17,0.255,0.146,0.492,RT < DA,low,False,True
2026-08-07,2026-08-06T12:24:40.747231+00:00,True,18,0.243,0.183,0.492,RT < DA,low,False,True
2026-08-07,2026-08-06T12:24:40.747231+00:00,True,19,0.334,0.233,0.369,RT < DA,low,True,True
2026-08-07,2026-08-06T12:24:40.747231+00:00,True,20,0.347,0.287,0.369,RT < DA,low,True,True
2026-08-07,2026-08-06T12:24:40.747231+00:00,True,21,0.418,0.289,0.255,RT < DA,medium,True,True
2026-08-07,2026-08-06T12:24:40.747231+00:00,True,22,0.471,0.226,0.071,RT < DA,medium,True,False
2026-08-07,2026-08-06T12:24:40.747231+00:00,True,23,0.489,0.287,0.01,RT < DA,medium,True,False
2026-08-07,2026-08-06T12:24:40.747231+00:00,True,24,0.549,0.13,0.005,RT > DA,medium,False,False
2026-08-08,2026-08-07T11:14:37.341823+00:00,True,1,0.533,0.092,0.008,RT > DA,medium,False,False
2026-08-08,2026-08-07T11:14:37.341823+00:00,True,2,0.488,0.033,0.001,RT < DA,low,False,False
2026-08-08,2026-08-07T11:14:37.341823+00:00,True,3,0.597,0.026,0.002,RT > DA,medium,False,False
2026-08-08,2026-08-07T11:14:37.341823+00:00,True,4,0.544,0.03,0.001,RT > DA,medium,False,False
2026-08-08,2026-08-07T11:14:37.341823+00:00,True,5,0.53,0.015,0.003,RT > DA,medium,False,False
2026-08-08,2026-08-07T11:14:37.341823+00:00,True,6,0.381,0.032,0.016,RT < DA,low,False,False
2026-08-08,2026-08-07T11:14:37.341823+00:00,True,7,0.131,0.041,0.046,RT < DA,high,False,False
2026-08-08,2026-08-07T11:14:37.341823+00:00,True,8,0.311,0.046,0.016,RT < DA,medium,False,False
2026-08-08,2026-08-07T11:14:37.341823+00:00,True,9,0.416,0.071,0.013,RT < DA,low,False,False
2026-08-08,2026-08-07T11:14:37.341823+00:00,True,10,0.425,0.214,0.056,RT < DA,low,False,False
2026-08-08,2026-08-07T11:14:37.341823+00:00,True,11,0.441,0.216,0.24,RT < DA,low,False,False
2026-08-08,2026-08-07T11:14:37.341823+00:00,True,12,0.371,0.118,0.446,RT < DA,low,False,True
2026-08-08,2026-08-07T11:14:37.341823+00:00,True,13,0.43,0.097,0.404,RT < DA,low,False,True
2026-08-08,2026-08-07T11:14:37.341823+00:00,True,14,0.28,0.06,0.513,RT < DA,medium,False,True
2026-08-08,2026-08-07T11:14:37.341823+00:00,True,15,0.228,0.05,0.628,RT < DA,medium,False,True
2026-08-08,2026-08-07T11:14:37.341823+00:00,True,16,0.374,0.091,0.682,RT < DA,low,False,True
2026-08-08,2026-08-07T11:14:37.341823+00:00,True,17,0.295,0.069,0.756,RT < DA,medium,False,True
2026-08-08,2026-08-07T11:14:37.341823+00:00,True,18,0.326,0.087,0.617,RT < DA,medium,False,True
2026-08-08,2026-08-07T11:14:37.341823+00:00,True,19,0.386,0.134,0.33,RT < DA,low,False,True
2026-08-08,2026-08-07T11:14:37.341823+00:00,True,20,0.367,0.108,0.26,RT < DA,low,False,True
2026-08-08,2026-08-07T11:14:37.341823+00:00,True,21,0.363,0.136,0.275,RT < DA,low,False,True
2026-08-08,2026-08-07T11:14:37.341823+00:00,True,22,0.496,0.109,0.023,RT < DA,low,False,False
2026-08-08,2026-08-07T11:14:37.341823+00:00,True,23,0.464,0.077,0.007,RT < DA,low,False,False
2026-08-08,2026-08-07T11:14:37.341823+00:00,True,24,0.52,0.041,0.001,RT > DA,medium,False,False
2026-08-09,2026-08-08T10:58:58.315596+00:00,True,1,0.431,0.09,0.004,RT < DA,low,False,False
2026-08-09,2026-08-08T10:58:58.315596+00:00,True,2,0.595,0.063,0.002,RT > DA,medium,False,False
2026-08-09,2026-08-08T10:58:58.315596+00:00,True,3,0.461,0.014,0.001,RT < DA,low,False,False
2026-08-09,2026-08-08T10:58:58.315596+00:00,True,4,0.599,0.015,0.0,RT > DA,medium,False,False
2026-08-09,2026-08-08T10:58:58.315596+00:00,True,5,0.381,0.007,0.0,RT < DA,low,False,False
2026-08-09,2026-08-08T10:58:58.315596+00:00,True,6,0.361,0.007,0.0,RT < DA,low,False,False
2026-08-09,2026-08-08T10:58:58.315596+00:00,True,7,0.216,0.007,0.0,RT < DA,medium,False,False
2026-08-09,2026-08-08T10:58:58.315596+00:00,True,8,0.257,0.017,0.002,RT < DA,medium,False,False
2026-08-09,2026-08-08T10:58:58.315596+00:00,True,9,0.354,0.059,0.008,RT < DA,low,False,False
2026-08-09,2026-08-08T10:58:58.315596+00:00,True,10,0.351,0.112,0.009,RT < DA,low,False,False
2026-08-09,2026-08-08T10:58:58.315596+00:00,True,11,0.314,0.09,0.059,RT < DA,medium,False,False
2026-08-09,2026-08-08T10:58:58.315596+00:00,True,12,0.273,0.143,0.219,RT < DA,medium,False,False
2026-08-09,2026-08-08T10:58:58.315596+00:00,True,13,0.331,0.103,0.522,RT < DA,medium,False,True
2026-08-09,2026-08-08T10:58:58.315596+00:00,True,14,0.242,0.052,0.441,RT < DA,medium,False,True
2026-08-09,2026-08-08T10:58:58.315596+00:00,True,15,0.292,0.106,0.425,RT < DA,medium,False,True
2026-08-09,2026-08-08T10:58:58.315596+00:00,True,16,0.376,0.128,0.353,RT < DA,low,False,True
2026-08-09,2026-08-08T10:58:58.315596+00:00,True,17,0.328,0.144,0.324,RT < DA,medium,False,True
2026-08-09,2026-08-08T10:58:58.315596+00:00,True,18,0.325,0.104,0.36,RT < DA,medium,False,True
2026-08-09,2026-08-08T10:58:58.315596+00:00,True,19,0.404,0.143,0.195,RT < DA,low,False,False
2026-08-09,2026-08-08T10:58:58.315596+00:00,True,20,0.195,0.093,0.259,RT < DA,high,False,True
2026-08-09,2026-08-08T10:58:58.315596+00:00,True,21,0.245,0.095,0.369,RT < DA,medium,False,True
2026-08-09,2026-08-08T10:58:58.315596+00:00,True,22,0.308,0.138,0.043,RT < DA,medium,False,False
2026-08-09,2026-08-08T10:58:58.315596+00:00,True,23,0.352,0.091,0.009,RT < DA,low,False,False
2026-08-09,2026-08-08T10:58:58.315596+00:00,True,24,0.261,0.079,0.015,RT < DA,medium,False,False
2026-08-10,2026-08-09T11:01:10.465658+00:00,True,1,0.264,0.03,0.002,RT < DA,high,False,False
2026-08-10,2026-08-09T11:01:10.465658+00:00,True,2,0.257,0.031,0.002,RT < DA,high,False,False
2026-08-10,2026-08-09T11:01:10.465658+00:00,True,3,0.293,0.026,0.001,RT < DA,high,False,False
2026-08-10,2026-08-09T11:01:10.465658+00:00,True,4,0.373,0.032,0.0,RT < DA,low,False,False
2026-08-10,2026-08-09T11:01:10.465658+00:00,True,5,0.397,0.027,0.0,RT < DA,low,False,False
2026-08-10,2026-08-09T11:01:10.465658+00:00,True,6,0.423,0.041,0.001,RT < DA,low,False,False
2026-08-10,2026-08-09T11:01:10.465658+00:00,True,7,0.475,0.031,0.002,RT < DA,low,False,False
2026-08-10,2026-08-09T11:01:10.465658+00:00,True,8,0.528,0.053,0.003,RT > DA,medium,False,False
2026-08-10,2026-08-09T11:01:10.465658+00:00,True,9,0.439,0.06,0.007,RT < DA,low,False,False
2026-08-10,2026-08-09T11:01:10.465658+00:00,True,10,0.417,0.132,0.015,RT < DA,low,False,False
2026-08-10,2026-08-09T11:01:10.465658+00:00,True,11,0.383,0.171,0.074,RT < DA,low,False,False
2026-08-10,2026-08-09T11:01:10.465658+00:00,True,12,0.376,0.147,0.252,RT < DA,low,False,True
2026-08-10,2026-08-09T11:01:10.465658+00:00,True,13,0.386,0.202,0.313,RT < DA,low,False,True
2026-08-10,2026-08-09T11:01:10.465658+00:00,True,14,0.275,0.09,0.291,RT < DA,high,False,True
2026-08-10,2026-08-09T11:01:10.465658+00:00,True,15,0.305,0.079,0.322,RT < DA,high,False,True
2026-08-10,2026-08-09T11:01:10.465658+00:00,True,16,0.234,0.112,0.46,RT < DA,high,False,True
2026-08-10,2026-08-09T11:01:10.465658+00:00,True,17,0.196,0.116,0.37,RT < DA,high,False,True
2026-08-10,2026-08-09T11:01:10.465658+00:00,True,18,0.231,0.09,0.547,RT < DA,high,False,True
2026-08-10,2026-08-09T11:01:10.465658+00:00,True,19,0.17,0.083,0.54,RT < DA,high,False,True
2026-08-10,2026-08-09T11:01:10.465658+00:00,True,20,0.217,0.092,0.358,RT < DA,high,False,True
2026-08-10,2026-08-09T11:01:10.465658+00:00,True,21,0.285,0.043,0.33,RT < DA,high,False,True
2026-08-10,2026-08-09T11:01:10.465658+00:00,True,22,0.302,0.157,0.382,RT < DA,high,False,True
2026-08-10,2026-08-09T11:01:10.465658+00:00,True,23,0.339,0.12,0.106,RT < DA,high,False,False
2026-08-10,2026-08-09T11:01:10.465658+00:00,True,24,0.461,0.058,0.005,RT < DA,low,False,False
2026-08-11,2026-08-10T11:29:58.124626+00:00,True,1,0.376,0.03,0.002,RT < DA,low,False,False
2026-08-11,2026-08-10T11:29:58.124626+00:00,True,2,0.334,0.034,0.001,RT < DA,high,False,False
2026-08-11,2026-08-10T11:29:58.124626+00:00,True,3,0.379,0.036,0.0,RT < DA,low,False,False
2026-08-11,2026-08-10T11:29:58.124626+00:00,True,4,0.407,0.035,0.001,RT < DA,low,False,False
2026-08-11,2026-08-10T11:29:58.124626+00:00,True,5,0.418,0.04,0.0,RT < DA,low,False,False
2026-08-11,2026-08-10T11:29:58.124626+00:00,True,6,0.436,0.062,0.002,RT < DA,low,False,False
2026-08-11,2026-08-10T11:29:58.124626+00:00,True,7,0.384,0.084,0.011,RT < DA,low,False,False
2026-08-11,2026-08-10T11:29:58.124626+00:00,True,8,0.128,0.105,0.007,RT < DA,high,False,False
2026-08-11,2026-08-10T11:29:58.124626+00:00,True,9,0.332,0.126,0.035,RT < DA,high,False,False
2026-08-11,2026-08-10T11:29:58.124626+00:00,True,10,0.263,0.121,0.072,RT < DA,high,False,False
2026-08-11,2026-08-10T11:29:58.124626+00:00,True,11,0.31,0.082,0.123,RT < DA,high,False,False
2026-08-11,2026-08-10T11:29:58.124626+00:00,True,12,0.452,0.092,0.3,RT < DA,low,False,True
2026-08-11,2026-08-10T11:29:58.124626+00:00,True,13,0.446,0.237,0.328,RT < DA,low,True,True
2026-08-11,2026-08-10T11:29:58.124626+00:00,True,14,0.47,0.219,0.361,RT < DA,low,False,True
2026-08-11,2026-08-10T11:29:58.124626+00:00,True,15,0.365,0.131,0.363,RT < DA,low,False,True
2026-08-11,2026-08-10T11:29:58.124626+00:00,True,16,0.398,0.21,0.432,RT < DA,low,False,True
2026-08-11,2026-08-10T11:29:58.124626+00:00,True,17,0.456,0.281,0.411,RT < DA,low,True,True
2026-08-11,2026-08-10T11:29:58.124626+00:00,True,18,0.37,0.267,0.404,RT < DA,low,True,True
2026-08-11,2026-08-10T11:29:58.124626+00:00,True,19,0.443,0.197,0.404,RT < DA,low,False,True
2026-08-11,2026-08-10T11:29:58.124626+00:00,True,20,0.306,0.11,0.346,RT < DA,high,False,True
2026-08-11,2026-08-10T11:29:58.124626+00:00,True,21,0.291,0.11,0.368,RT < DA,high,False,True
2026-08-11,2026-08-10T11:29:58.124626+00:00,True,22,0.365,0.118,0.397,RT < DA,low,False,True
2026-08-11,2026-08-10T11:29:58.124626+00:00,True,23,0.34,0.092,0.256,RT < DA,high,False,True
2026-08-11,2026-08-10T11:29:58.124626+00:00,True,24,0.371,0.1,0.019,RT < DA,low,False,False
2026-08-12,2026-08-11T11:12:57.448858+00:00,True,1,0.34,0.051,0.002,RT < DA,medium,False,False
2026-08-12,2026-08-11T11:12:57.448858+00:00,True,2,0.379,0.03,0.002,RT < DA,low,False,False
2026-08-12,2026-08-11T11:12:57.448858+00:00,True,3,0.428,0.043,0.001,RT < DA,low,False,False
2026-08-12,2026-08-11T11:12:57.448858+00:00,True,4,0.386,0.027,0.001,RT < DA,low,False,False
2026-08-12,2026-08-11T11:12:57.448858+00:00,True,5,0.281,0.024,0.001,RT < DA,medium,False,False
2026-08-12,2026-08-11T11:12:57.448858+00:00,True,6,0.325,0.061,0.002,RT < DA,medium,False,False
2026-08-12,2026-08-11T11:12:57.448858+00:00,True,7,0.516,0.069,0.003,RT > DA,medium,False,False
2026-08-12,2026-08-11T11:12:57.448858+00:00,True,8,0.317,0.116,0.037,RT < DA,medium,False,False
2026-08-12,2026-08-11T11:12:57.448858+00:00,True,9,0.329,0.11,0.068,RT < DA,medium,False,False
2026-08-12,2026-08-11T11:12:57.448858+00:00,True,10,0.29,0.112,0.068,RT < DA,medium,False,False
2026-08-12,2026-08-11T11:12:57.448858+00:00,True,11,0.309,0.116,0.16,RT < DA,medium,False,False
2026-08-12,2026-08-11T11:12:57.448858+00:00,True,12,0.267,0.102,0.327,RT < DA,medium,False,True
2026-08-12,2026-08-11T11:12:57.448858+00:00,True,13,0.328,0.118,0.291,RT < DA,medium,False,True
2026-08-12,2026-08-11T11:12:57.448858+00:00,True,14,0.31,0.161,0.384,RT < DA,medium,False,True
2026-08-12,2026-08-11T11:12:57.448858+00:00,True,15,0.348,0.136,0.377,RT < DA,medium,False,True
2026-08-12,2026-08-11T11:12:57.448858+00:00,True,16,0.308,0.128,0.519,RT < DA,medium,False,True
2026-08-12,2026-08-11T11:12:57.448858+00:00,True,17,0.331,0.159,0.611,RT < DA,medium,False,True
2026-08-12,2026-08-11T11:12:57.448858+00:00,True,18,0.225,0.132,0.629,RT < DA,medium,False,True
2026-08-12,2026-08-11T11:12:57.448858+00:00,True,19,0.192,0.134,0.598,RT < DA,high,False,True
2026-08-12,2026-08-11T11:12:57.448858+00:00,True,20,0.19,0.108,0.439,RT < DA,high,False,True
2026-08-12,2026-08-11T11:12:57.448858+00:00,True,21,0.276,0.122,0.335,RT < DA,medium,False,True
2026-08-12,2026-08-11T11:12:57.448858+00:00,True,22,0.252,0.116,0.391,RT < DA,medium,False,True
2026-08-12,2026-08-11T11:12:57.448858+00:00,True,23,0.433,0.136,0.053,RT < DA,low,False,False
2026-08-12,2026-08-11T11:12:57.448858+00:00,True,24,0.422,0.096,0.004,RT < DA,low,False,False
2026-08-13,2026-08-12T11:14:58.893652+00:00,True,1,0.358,0.038,0.006,RT < DA,medium,False,False
2026-08-13,2026-08-12T11:14:58.893652+00:00,True,2,0.387,0.037,0.004,RT < DA,medium,False,False
2026-08-13,2026-08-12T11:14:58.893652+00:00,True,3,0.438,0.028,0.002,RT < DA,medium,False,False
2026-08-13,2026-08-12T11:14:58.893652+00:00,True,4,0.466,0.029,0.002,RT < DA,medium,False,False
2026-08-13,2026-08-12T11:14:58.893652+00:00,True,5,0.413,0.031,0.002,RT < DA,medium,False,False
2026-08-13,2026-08-12T11:14:58.893652+00:00,True,6,0.438,0.05,0.005,RT < DA,medium,False,False
2026-08-13,2026-08-12T11:14:58.893652+00:00,True,7,0.33,0.057,0.006,RT < DA,medium,False,False
2026-08-13,2026-08-12T11:14:58.893652+00:00,True,8,0.242,0.092,0.027,RT < DA,medium,False,False
2026-08-13,2026-08-12T11:14:58.893652+00:00,True,9,0.223,0.049,0.036,RT < DA,medium,False,False
2026-08-13,2026-08-12T11:14:58.893652+00:00,True,10,0.183,0.045,0.362,RT < DA,high,False,True
2026-08-13,2026-08-12T11:14:58.893652+00:00,True,11,0.147,0.042,0.309,RT < DA,high,False,True
2026-08-13,2026-08-12T11:14:58.893652+00:00,True,12,0.137,0.036,0.419,RT < DA,high,False,True
2026-08-13,2026-08-12T11:14:58.893652+00:00,True,13,0.247,0.054,0.445,RT < DA,medium,False,True
2026-08-13,2026-08-12T11:14:58.893652+00:00,True,14,0.254,0.073,0.447,RT < DA,medium,False,True
2026-08-13,2026-08-12T11:14:58.893652+00:00,True,15,0.268,0.089,0.377,RT < DA,medium,False,True
2026-08-13,2026-08-12T11:14:58.893652+00:00,True,16,0.24,0.099,0.405,RT < DA,medium,False,True
2026-08-13,2026-08-12T11:14:58.893652+00:00,True,17,0.258,0.105,0.407,RT < DA,medium,False,True
2026-08-13,2026-08-12T11:14:58.893652+00:00,True,18,0.181,0.122,0.397,RT < DA,high,False,True
2026-08-13,2026-08-12T11:14:58.893652+00:00,True,19,0.148,0.111,0.372,RT < DA,high,False,True
2026-08-13,2026-08-12T11:14:58.893652+00:00,True,20,0.151,0.103,0.449,RT < DA,high,False,True
2026-08-13,2026-08-12T11:14:58.893652+00:00,True,21,0.181,0.086,0.45,RT < DA,high,False,True
2026-08-13,2026-08-12T11:14:58.893652+00:00,True,22,0.157,0.057,0.388,RT < DA,high,False,True
2026-08-13,2026-08-12T11:14:58.893652+00:00,True,23,0.196,0.073,0.419,RT < DA,high,False,True
2026-08-13,2026-08-12T11:14:58.893652+00:00,True,24,0.262,0.047,0.004,RT < DA,medium,False,False
2026-08-14,2026-08-13T11:15:38.630198+00:00,True,1,0.185,0.044,0.006,RT < DA,high,False,False
2026-08-14,2026-08-13T11:15:38.630198+00:00,True,2,0.298,0.024,0.005,RT < DA,medium,False,False
2026-08-14,2026-08-13T11:15:38.630198+00:00,True,3,0.305,0.01,0.001,RT < DA,medium,False,False
2026-08-14,2026-08-13T11:15:38.630198+00:00,True,4,0.333,0.017,0.002,RT < DA,medium,False,False
2026-08-14,2026-08-13T11:15:38.630198+00:00,True,5,0.374,0.029,0.002,RT < DA,medium,False,False
2026-08-14,2026-08-13T11:15:38.630198+00:00,True,6,0.329,0.038,0.009,RT < DA,medium,False,False
2026-08-14,2026-08-13T11:15:38.630198+00:00,True,7,0.255,0.03,0.007,RT < DA,medium,False,False
2026-08-14,2026-08-13T11:15:38.630198+00:00,True,8,0.237,0.063,0.008,RT < DA,medium,False,False
2026-08-14,2026-08-13T11:15:38.630198+00:00,True,9,0.226,0.054,0.28,RT < DA,medium,False,True
2026-08-14,2026-08-13T11:15:38.630198+00:00,True,10,0.201,0.035,0.364,RT < DA,medium,False,True
2026-08-14,2026-08-13T11:15:38.630198+00:00,True,11,0.184,0.057,0.292,RT < DA,high,False,True
2026-08-14,2026-08-13T11:15:38.630198+00:00,True,12,0.158,0.026,0.358,RT < DA,high,False,True
2026-08-14,2026-08-13T11:15:38.630198+00:00,True,13,0.299,0.037,0.274,RT < DA,medium,False,True
2026-08-14,2026-08-13T11:15:38.630198+00:00,True,14,0.226,0.061,0.283,RT < DA,medium,False,True
2026-08-14,2026-08-13T11:15:38.630198+00:00,True,15,0.202,0.068,0.353,RT < DA,medium,False,True
2026-08-14,2026-08-13T11:15:38.630198+00:00,True,16,0.277,0.063,0.289,RT < DA,medium,False,True
2026-08-14,2026-08-13T11:15:38.630198+00:00,True,17,0.251,0.094,0.318,RT < DA,medium,False,True
2026-08-14,2026-08-13T11:15:38.630198+00:00,True,18,0.173,0.131,0.355,RT < DA,high,False,True
2026-08-14,2026-08-13T11:15:38.630198+00:00,True,19,0.133,0.097,0.399,RT < DA,high,False,True
2026-08-14,2026-08-13T11:15:38.630198+00:00,True,20,0.121,0.087,0.534,RT < DA,high,False,True
2026-08-14,2026-08-13T11:15:38.630198+00:00,True,21,0.206,0.123,0.373,RT < DA,medium,False,True
2026-08-14,2026-08-13T11:15:38.630198+00:00,True,22,0.247,0.11,0.313,RT < DA,medium,False,True
2026-08-14,2026-08-13T11:15:38.630198+00:00,True,23,0.302,0.209,0.222,RT < DA,medium,False,False
2026-08-14,2026-08-13T11:15:38.630198+00:00,True,24,0.276,0.106,0.008,RT < DA,medium,False,False
2026-08-15,2026-08-14T11:13:10.892353+00:00,True,1,0.384,0.038,0.004,RT < DA,low,False,False
2026-08-15,2026-08-14T11:13:10.892353+00:00,True,2,0.42,0.028,0.001,RT < DA,low,False,False
2026-08-15,2026-08-14T11:13:10.892353+00:00,True,3,0.415,0.032,0.001,RT < DA,low,False,False
2026-08-15,2026-08-14T11:13:10.892353+00:00,True,4,0.341,0.01,0.001,RT < DA,medium,False,False
2026-08-15,2026-08-14T11:13:10.892353+00:00,True,5,0.363,0.02,0.001,RT < DA,low,False,False
2026-08-15,2026-08-14T11:13:10.892353+00:00,True,6,0.351,0.016,0.001,RT < DA,low,False,False
2026-08-15,2026-08-14T11:13:10.892353+00:00,True,7,0.448,0.017,0.001,RT < DA,low,False,False
2026-08-15,2026-08-14T11:13:10.892353+00:00,True,8,0.416,0.044,0.002,RT < DA,low,False,False
2026-08-15,2026-08-14T11:13:10.892353+00:00,True,9,0.329,0.054,0.009,RT < DA,medium,False,False
2026-08-15,2026-08-14T11:13:10.892353+00:00,True,10,0.258,0.042,0.026,RT < DA,medium,False,False
2026-08-15,2026-08-14T11:13:10.892353+00:00,True,11,0.236,0.053,0.102,RT < DA,medium,False,False
2026-08-15,2026-08-14T11:13:10.892353+00:00,True,12,0.297,0.047,0.268,RT < DA,medium,False,True
2026-08-15,2026-08-14T11:13:10.892353+00:00,True,13,0.384,0.096,0.205,RT < DA,low,False,False
2026-08-15,2026-08-14T11:13:10.892353+00:00,True,14,0.334,0.093,0.203,RT < DA,medium,False,False
2026-08-15,2026-08-14T11:13:10.892353+00:00,True,15,0.246,0.064,0.235,RT < DA,medium,False,False
2026-08-15,2026-08-14T11:13:10.892353+00:00,True,16,0.302,0.093,0.333,RT < DA,medium,False,True
2026-08-15,2026-08-14T11:13:10.892353+00:00,True,17,0.279,0.104,0.324,RT < DA,medium,False,True
2026-08-15,2026-08-14T11:13:10.892353+00:00,True,18,0.311,0.169,0.372,RT < DA,medium,False,True
2026-08-15,2026-08-14T11:13:10.892353+00:00,True,19,0.223,0.187,0.411,RT < DA,medium,False,True
2026-08-15,2026-08-14T11:13:10.892353+00:00,True,20,0.228,0.11,0.432,RT < DA,medium,False,True
2026-08-15,2026-08-14T11:13:10.892353+00:00,True,21,0.247,0.15,0.404,RT < DA,medium,False,True
2026-08-15,2026-08-14T11:13:10.892353+00:00,True,22,0.395,0.138,0.03,RT < DA,low,False,False
2026-08-15,2026-08-14T11:13:10.892353+00:00,True,23,0.413,0.092,0.019,RT < DA,low,False,False
2026-08-15,2026-08-14T11:13:10.892353+00:00,True,24,0.437,0.018,0.003,RT < DA,low,False,False
2026-08-16,2026-08-15T10:46:03.602049+00:00,True,1,0.299,0.016,0.001,RT < DA,medium,False,False
2026-08-16,2026-08-15T10:46:03.602049+00:00,True,2,0.393,0.018,0.0,RT < DA,low,False,False
2026-08-16,2026-08-15T10:46:03.602049+00:00,True,3,0.386,0.012,0.0,RT < DA,low,False,False
2026-08-16,2026-08-15T10:46:03.602049+00:00,True,4,0.406,0.011,0.0,RT < DA,low,False,False
2026-08-16,2026-08-15T10:46:03.602049+00:00,True,5,0.355,0.015,0.0,RT < DA,low,False,False
2026-08-16,2026-08-15T10:46:03.602049+00:00,True,6,0.343,0.01,0.0,RT < DA,medium,False,False
2026-08-16,2026-08-15T10:46:03.602049+00:00,True,7,0.38,0.011,0.0,RT < DA,low,False,False
2026-08-16,2026-08-15T10:46:03.602049+00:00,True,8,0.473,0.022,0.001,RT < DA,low,False,False
2026-08-16,2026-08-15T10:46:03.602049+00:00,True,9,0.481,0.055,0.003,RT < DA,low,False,False
2026-08-16,2026-08-15T10:46:03.602049+00:00,True,10,0.407,0.071,0.006,RT < DA,low,False,False
2026-08-16,2026-08-15T10:46:03.602049+00:00,True,11,0.432,0.097,0.005,RT < DA,low,False,False
2026-08-16,2026-08-15T10:46:03.602049+00:00,True,12,0.429,0.097,0.021,RT < DA,low,False,False
2026-08-16,2026-08-15T10:46:03.602049+00:00,True,13,0.494,0.073,0.025,RT < DA,low,False,False
2026-08-16,2026-08-15T10:46:03.602049+00:00,True,14,0.456,0.07,0.164,RT < DA,low,False,False
2026-08-16,2026-08-15T10:46:03.602049+00:00,True,15,0.468,0.117,0.174,RT < DA,low,False,False
2026-08-16,2026-08-15T10:46:03.602049+00:00,True,16,0.338,0.146,0.386,RT < DA,medium,False,True
2026-08-16,2026-08-15T10:46:03.602049+00:00,True,17,0.417,0.143,0.291,RT < DA,low,False,True
2026-08-16,2026-08-15T10:46:03.602049+00:00,True,18,0.286,0.109,0.361,RT < DA,medium,False,True
2026-08-16,2026-08-15T10:46:03.602049+00:00,True,19,0.245,0.148,0.352,RT < DA,medium,False,True
2026-08-16,2026-08-15T10:46:03.602049+00:00,True,20,0.224,0.137,0.316,RT < DA,medium,False,True
2026-08-16,2026-08-15T10:46:03.602049+00:00,True,21,0.4,0.13,0.071,RT < DA,low,False,False
2026-08-16,2026-08-15T10:46:03.602049+00:00,True,22,0.423,0.117,0.026,RT < DA,low,False,False
2026-08-16,2026-08-15T10:46:03.602049+00:00,True,23,0.457,0.041,0.002,RT < DA,low,False,False
2026-08-16,2026-08-15T10:46:03.602049+00:00,True,24,0.346,0.024,0.002,RT < DA,medium,False,False
2026-08-17,2026-08-16T10:47:02.821901+00:00,True,1,0.407,0.03,0.001,RT < DA,low,False,False
2026-08-17,2026-08-16T10:47:02.821901+00:00,True,2,0.404,0.018,0.001,RT < DA,low,False,False
2026-08-17,2026-08-16T10:47:02.821901+00:00,True,3,0.471,0.024,0.002,RT < DA,low,False,False
2026-08-17,2026-08-16T10:47:02.821901+00:00,True,4,0.452,0.025,0.001,RT < DA,low,False,False
2026-08-17,2026-08-16T10:47:02.821901+00:00,True,5,0.422,0.036,0.002,RT < DA,low,False,False
2026-08-17,2026-08-16T10:47:02.821901+00:00,True,6,0.431,0.032,0.002,RT < DA,low,False,False
2026-08-17,2026-08-16T10:47:02.821901+00:00,True,7,0.449,0.032,0.004,RT < DA,low,False,False
2026-08-17,2026-08-16T10:47:02.821901+00:00,True,8,0.494,0.075,0.003,RT < DA,low,False,False
2026-08-17,2026-08-16T10:47:02.821901+00:00,True,9,0.361,0.106,0.007,RT < DA,low,False,False
2026-08-17,2026-08-16T10:47:02.821901+00:00,True,10,0.386,0.154,0.009,RT < DA,low,False,False
2026-08-17,2026-08-16T10:47:02.821901+00:00,True,11,0.467,0.146,0.034,RT < DA,low,False,False
2026-08-17,2026-08-16T10:47:02.821901+00:00,True,12,0.43,0.218,0.252,RT < DA,low,False,True
2026-08-17,2026-08-16T10:47:02.821901+00:00,True,13,0.327,0.214,0.309,RT < DA,medium,False,True
2026-08-17,2026-08-16T10:47:02.821901+00:00,True,14,0.328,0.319,0.295,RT < DA,medium,True,True
2026-08-17,2026-08-16T10:47:02.821901+00:00,True,15,0.337,0.223,0.31,RT < DA,medium,True,True
2026-08-17,2026-08-16T10:47:02.821901+00:00,True,16,0.467,0.268,0.294,RT < DA,low,True,True
2026-08-17,2026-08-16T10:47:02.821901+00:00,True,17,0.365,0.275,0.323,RT < DA,low,True,True
2026-08-17,2026-08-16T10:47:02.821901+00:00,True,18,0.327,0.229,0.329,RT < DA,medium,True,True
2026-08-17,2026-08-16T10:47:02.821901+00:00,True,19,0.313,0.146,0.298,RT < DA,medium,False,True
2026-08-17,2026-08-16T10:47:02.821901+00:00,True,20,0.387,0.146,0.309,RT < DA,low,False,True
2026-08-17,2026-08-16T10:47:02.821901+00:00,True,21,0.457,0.219,0.232,RT < DA,low,False,False
2026-08-17,2026-08-16T10:47:02.821901+00:00,True,22,0.384,0.192,0.268,RT < DA,low,False,True
2026-08-17,2026-08-16T10:47:02.821901+00:00,True,23,0.586,0.17,0.006,RT > DA,medium,False,False
2026-08-17,2026-08-16T10:47:02.821901+00:00,True,24,0.57,0.104,0.003,RT > DA,medium,False,False
2026-08-18,2026-08-17T10:55:46.837119+00:00,True,1,0.404,0.041,0.002,RT < DA,low,False,False
2026-08-18,2026-08-17T10:55:46.837119+00:00,True,2,0.418,0.041,0.002,RT < DA,low,False,False
2026-08-18,2026-08-17T10:55:46.837119+00:00,True,3,0.455,0.036,0.001,RT < DA,low,False,False
2026-08-18,2026-08-17T10:55:46.837119+00:00,True,4,0.443,0.022,0.001,RT < DA,low,False,False
2026-08-18,2026-08-17T10:55:46.837119+00:00,True,5,0.407,0.058,0.002,RT < DA,low,False,False
2026-08-18,2026-08-17T10:55:46.837119+00:00,True,6,0.497,0.036,0.007,RT < DA,low,False,False
2026-08-18,2026-08-17T10:55:46.837119+00:00,True,7,0.503,0.081,0.01,RT > DA,medium,False,False
2026-08-18,2026-08-17T10:55:46.837119+00:00,True,8,0.426,0.094,0.01,RT < DA,low,False,False
2026-08-18,2026-08-17T10:55:46.837119+00:00,True,9,0.429,0.108,0.021,RT < DA,low,False,False
2026-08-18,2026-08-17T10:55:46.837119+00:00,True,10,0.414,0.119,0.033,RT < DA,low,False,False
2026-08-18,2026-08-17T10:55:46.837119+00:00,True,11,0.492,0.157,0.029,RT < DA,low,False,False
2026-08-18,2026-08-17T10:55:46.837119+00:00,True,12,0.455,0.157,0.24,RT < DA,low,False,False
2026-08-18,2026-08-17T10:55:46.837119+00:00,True,13,0.441,0.113,0.368,RT < DA,low,False,True
2026-08-18,2026-08-17T10:55:46.837119+00:00,True,14,0.379,0.098,0.427,RT < DA,low,False,True
2026-08-18,2026-08-17T10:55:46.837119+00:00,True,15,0.367,0.105,0.478,RT < DA,low,False,True
2026-08-18,2026-08-17T10:55:46.837119+00:00,True,16,0.347,0.17,0.495,RT < DA,high,False,True
2026-08-18,2026-08-17T10:55:46.837119+00:00,True,17,0.35,0.201,0.474,RT < DA,low,False,True
2026-08-18,2026-08-17T10:55:46.837119+00:00,True,18,0.401,0.192,0.479,RT < DA,low,False,True
2026-08-18,2026-08-17T10:55:46.837119+00:00,True,19,0.388,0.187,0.516,RT < DA,low,False,True
2026-08-18,2026-08-17T10:55:46.837119+00:00,True,20,0.418,0.175,0.595,RT < DA,low,False,True
2026-08-18,2026-08-17T10:55:46.837119+00:00,True,21,0.316,0.171,0.495,RT < DA,high,False,True
2026-08-18,2026-08-17T10:55:46.837119+00:00,True,22,0.334,0.17,0.445,RT < DA,high,False,True
2026-08-18,2026-08-17T10:55:46.837119+00:00,True,23,0.421,0.146,0.097,RT < DA,low,False,False
2026-08-18,2026-08-17T10:55:46.837119+00:00,True,24,0.331,0.128,0.009,RT < DA,high,False,False
2026-08-19,2026-08-18T10:54:04.194715+00:00,True,1,0.271,0.041,0.003,RT < DA,high,False,False
2026-08-19,2026-08-18T10:54:04.194715+00:00,True,2,0.296,0.034,0.002,RT < DA,high,False,False
2026-08-19,2026-08-18T10:54:04.194715+00:00,True,3,0.358,0.018,0.002,RT < DA,low,False,False
2026-08-19,2026-08-18T10:54:04.194715+00:00,True,4,0.569,0.018,0.001,RT > DA,medium,False,False
2026-08-19,2026-08-18T10:54:04.194715+00:00,True,5,0.536,0.033,0.001,RT > DA,medium,False,False
2026-08-19,2026-08-18T10:54:04.194715+00:00,True,6,0.401,0.025,0.002,RT < DA,low,False,False
2026-08-19,2026-08-18T10:54:04.194715+00:00,True,7,0.358,0.08,0.007,RT < DA,low,False,False
2026-08-19,2026-08-18T10:54:04.194715+00:00,True,8,0.338,0.079,0.007,RT < DA,high,False,False
2026-08-19,2026-08-18T10:54:04.194715+00:00,True,9,0.344,0.145,0.009,RT < DA,high,False,False
2026-08-19,2026-08-18T10:54:04.194715+00:00,True,10,0.4,0.154,0.013,RT < DA,low,False,False
2026-08-19,2026-08-18T10:54:04.194715+00:00,True,11,0.402,0.177,0.032,RT < DA,low,False,False
2026-08-19,2026-08-18T10:54:04.194715+00:00,True,12,0.367,0.134,0.204,RT < DA,low,False,False
2026-08-19,2026-08-18T10:54:04.194715+00:00,True,13,0.322,0.134,0.331,RT < DA,high,False,True
2026-08-19,2026-08-18T10:54:04.194715+00:00,True,14,0.238,0.105,0.421,RT < DA,high,False,True
2026-08-19,2026-08-18T10:54:04.194715+00:00,True,15,0.244,0.066,0.333,RT < DA,high,False,True
2026-08-19,2026-08-18T10:54:04.194715+00:00,True,16,0.223,0.1,0.416,RT < DA,high,False,True
2026-08-19,2026-08-18T10:54:04.194715+00:00,True,17,0.169,0.105,0.506,RT < DA,high,False,True
2026-08-19,2026-08-18T10:54:04.194715+00:00,True,18,0.127,0.105,0.475,RT < DA,high,False,True
2026-08-19,2026-08-18T10:54:04.194715+00:00,True,19,0.159,0.12,0.489,RT < DA,high,False,True
2026-08-19,2026-08-18T10:54:04.194715+00:00,True,20,0.158,0.084,0.526,RT < DA,high,False,True
2026-08-19,2026-08-18T10:54:04.194715+00:00,True,21,0.259,0.11,0.293,RT < DA,high,False,True
2026-08-19,2026-08-18T10:54:04.194715+00:00,True,22,0.313,0.104,0.116,RT < DA,high,False,False
2026-08-19,2026-08-18T10:54:04.194715+00:00,True,23,0.332,0.071,0.021,RT < DA,high,False,False
2026-08-19,2026-08-18T10:54:04.194715+00:00,True,24,0.295,0.011,0.004,RT < DA,high,False,False
2026-08-20,2026-08-19T10:53:53.394544+00:00,True,1,0.225,0.01,0.002,RT < DA,high,False,False
2026-08-20,2026-08-19T10:53:53.394544+00:00,True,2,0.175,0.006,0.001,RT < DA,high,False,False
2026-08-20,2026-08-19T10:53:53.394544+00:00,True,3,0.5,0.009,0.0,RT > DA,medium,False,False
2026-08-20,2026-08-19T10:53:53.394544+00:00,True,4,0.414,0.009,0.0,RT < DA,low,False,False
2026-08-20,2026-08-19T10:53:53.394544+00:00,True,5,0.374,0.017,0.0,RT < DA,low,False,False
2026-08-20,2026-08-19T10:53:53.394544+00:00,True,6,0.39,0.025,0.001,RT < DA,low,False,False
2026-08-20,2026-08-19T10:53:53.394544+00:00,True,7,0.36,0.045,0.007,RT < DA,low,False,False
2026-08-20,2026-08-19T10:53:53.394544+00:00,True,8,0.32,0.053,0.003,RT < DA,high,False,False
2026-08-20,2026-08-19T10:53:53.394544+00:00,True,9,0.468,0.066,0.003,RT < DA,low,False,False
2026-08-20,2026-08-19T10:53:53.394544+00:00,True,10,0.316,0.062,0.008,RT < DA,high,False,False
2026-08-20,2026-08-19T10:53:53.394544+00:00,True,11,0.282,0.086,0.014,RT < DA,high,False,False
2026-08-20,2026-08-19T10:53:53.394544+00:00,True,12,0.331,0.059,0.239,RT < DA,high,False,False
2026-08-20,2026-08-19T10:53:53.394544+00:00,True,13,0.37,0.083,0.241,RT < DA,low,False,False
2026-08-20,2026-08-19T10:53:53.394544+00:00,True,14,0.385,0.091,0.125,RT < DA,low,False,False
2026-08-20,2026-08-19T10:53:53.394544+00:00,True,15,0.362,0.081,0.327,RT < DA,low,False,True
2026-08-20,2026-08-19T10:53:53.394544+00:00,True,16,0.298,0.115,0.338,RT < DA,high,False,True
2026-08-20,2026-08-19T10:53:53.394544+00:00,True,17,0.329,0.123,0.262,RT < DA,high,False,True
2026-08-20,2026-08-19T10:53:53.394544+00:00,True,18,0.283,0.142,0.314,RT < DA,high,False,True
2026-08-20,2026-08-19T10:53:53.394544+00:00,True,19,0.211,0.147,0.447,RT < DA,high,False,True
2026-08-20,2026-08-19T10:53:53.394544+00:00,True,20,0.259,0.142,0.364,RT < DA,high,False,True
2026-08-20,2026-08-19T10:53:53.394544+00:00,True,21,0.264,0.098,0.273,RT < DA,high,False,True
2026-08-20,2026-08-19T10:53:53.394544+00:00,True,22,0.303,0.159,0.022,RT < DA,high,False,False
2026-08-20,2026-08-19T10:53:53.394544+00:00,True,23,0.316,0.043,0.006,RT < DA,high,False,False
2026-08-20,2026-08-19T10:53:53.394544+00:00,True,24,0.311,0.049,0.001,RT < DA,high,False,False
2026-08-21,2026-08-20T10:55:38.556000+00:00,True,1,0.348,0.027,0.001,RT < DA,medium,False,False
2026-08-21,2026-08-20T10:55:38.556000+00:00,True,2,0.345,0.025,0.0,RT < DA,medium,False,False
2026-08-21,2026-08-20T10:55:38.556000+00:00,True,3,0.367,0.016,0.0,RT < DA,medium,False,False
2026-08-21,2026-08-20T10:55:38.556000+00:00,True,4,0.369,0.023,0.0,RT < DA,medium,False,False
2026-08-21,2026-08-20T10:55:38.556000+00:00,True,5,0.416,0.03,0.0,RT < DA,medium,False,False
2026-08-21,2026-08-20T10:55:38.556000+00:00,True,6,0.478,0.025,0.001,RT < DA,medium,False,False
2026-08-21,2026-08-20T10:55:38.556000+00:00,True,7,0.461,0.039,0.001,RT < DA,medium,False,False
2026-08-21,2026-08-20T10:55:38.556000+00:00,True,8,0.387,0.044,0.001,RT < DA,medium,False,False
2026-08-21,2026-08-20T10:55:38.556000+00:00,True,9,0.381,0.045,0.002,RT < DA,medium,False,False
2026-08-21,2026-08-20T10:55:38.556000+00:00,True,10,0.38,0.068,0.003,RT < DA,medium,False,False
2026-08-21,2026-08-20T10:55:38.556000+00:00,True,11,0.342,0.074,0.003,RT < DA,medium,False,False
2026-08-21,2026-08-20T10:55:38.556000+00:00,True,12,0.406,0.075,0.01,RT < DA,medium,False,False
2026-08-21,2026-08-20T10:55:38.556000+00:00,True,13,0.591,0.102,0.009,RT > DA,medium,False,False
2026-08-21,2026-08-20T10:55:38.556000+00:00,True,14,0.511,0.077,0.015,RT > DA,medium,False,False
2026-08-21,2026-08-20T10:55:38.556000+00:00,True,15,0.417,0.086,0.027,RT < DA,medium,False,False
2026-08-21,2026-08-20T10:55:38.556000+00:00,True,16,0.343,0.135,0.259,RT < DA,medium,False,True
2026-08-21,2026-08-20T10:55:38.556000+00:00,True,17,0.423,0.153,0.234,RT < DA,medium,False,False
2026-08-21,2026-08-20T10:55:38.556000+00:00,True,18,0.347,0.181,0.25,RT < DA,medium,False,True
2026-08-21,2026-08-20T10:55:38.556000+00:00,True,19,0.443,0.206,0.229,RT < DA,medium,False,False
2026-08-21,2026-08-20T10:55:38.556000+00:00,True,20,0.328,0.145,0.247,RT < DA,medium,False,True
2026-08-21,2026-08-20T10:55:38.556000+00:00,True,21,0.329,0.122,0.073,RT < DA,medium,False,False
2026-08-21,2026-08-20T10:55:38.556000+00:00,True,22,0.425,0.124,0.005,RT < DA,medium,False,False
2026-08-21,2026-08-20T10:55:38.556000+00:00,True,23,0.374,0.058,0.003,RT < DA,medium,False,False
2026-08-21,2026-08-20T10:55:38.556000+00:00,True,24,0.398,0.029,0.001,RT < DA,medium,False,False
2026-08-22,2026-08-21T10:55:47.684953+00:00,True,1,0.436,0.007,0.001,RT < DA,low,False,False
2026-08-22,2026-08-21T10:55:47.684953+00:00,True,2,0.448,0.011,0.0,RT < DA,low,False,False
2026-08-22,2026-08-21T10:55:47.684953+00:00,True,3,0.424,0.012,0.0,RT < DA,low,False,False
2026-08-22,2026-08-21T10:55:47.684953+00:00,True,4,0.475,0.009,0.0,RT < DA,low,False,False
2026-08-22,2026-08-21T10:55:47.684953+00:00,True,5,0.497,0.01,0.0,RT < DA,low,False,False
2026-08-22,2026-08-21T10:55:47.684953+00:00,True,6,0.472,0.012,0.0,RT < DA,low,False,False
2026-08-22,2026-08-21T10:55:47.684953+00:00,True,7,0.556,0.012,0.001,RT > DA,low,False,False
2026-08-22,2026-08-21T10:55:47.684953+00:00,True,8,0.561,0.042,0.0,RT > DA,low,False,False
2026-08-22,2026-08-21T10:55:47.684953+00:00,True,9,0.556,0.047,0.001,RT > DA,low,False,False
2026-08-22,2026-08-21T10:55:47.684953+00:00,True,10,0.574,0.071,0.003,RT > DA,low,False,False
2026-08-22,2026-08-21T10:55:47.684953+00:00,True,11,0.557,0.087,0.003,RT > DA,low,False,False
2026-08-22,2026-08-21T10:55:47.684953+00:00,True,12,0.583,0.11,0.005,RT > DA,low,False,False
2026-08-22,2026-08-21T10:55:47.684953+00:00,True,13,0.527,0.089,0.007,RT > DA,low,False,False
2026-08-22,2026-08-21T10:55:47.684953+00:00,True,14,0.567,0.12,0.014,RT > DA,low,False,False
2026-08-22,2026-08-21T10:55:47.684953+00:00,True,15,0.579,0.1,0.02,RT > DA,low,False,False
2026-08-22,2026-08-21T10:55:47.684953+00:00,True,16,0.589,0.141,0.094,RT > DA,low,False,False
2026-08-22,2026-08-21T10:55:47.684953+00:00,True,17,0.594,0.171,0.124,RT > DA,low,False,False
2026-08-22,2026-08-21T10:55:47.684953+00:00,True,18,0.582,0.19,0.264,RT > DA,low,False,True
2026-08-22,2026-08-21T10:55:47.684953+00:00,True,19,0.492,0.134,0.165,RT < DA,low,False,False
2026-08-22,2026-08-21T10:55:47.684953+00:00,True,20,0.374,0.13,0.103,RT < DA,low,False,False
2026-08-22,2026-08-21T10:55:47.684953+00:00,True,21,0.379,0.167,0.003,RT < DA,low,False,False
2026-08-22,2026-08-21T10:55:47.684953+00:00,True,22,0.531,0.103,0.003,RT > DA,low,False,False
2026-08-22,2026-08-21T10:55:47.684953+00:00,True,23,0.403,0.042,0.001,RT < DA,low,False,False
2026-08-22,2026-08-21T10:55:47.684953+00:00,True,24,0.369,0.029,0.0,RT < DA,low,False,False
2026-08-23,2026-08-22T10:47:37.920549+00:00,True,1,0.344,0.013,0.0,RT < DA,high,False,False
2026-08-23,2026-08-22T10:47:37.920549+00:00,True,2,0.276,0.012,0.0,RT < DA,high,False,False
2026-08-23,2026-08-22T10:47:37.920549+00:00,True,3,0.448,0.015,0.0,RT < DA,low,False,False
2026-08-23,2026-08-22T10:47:37.920549+00:00,True,4,0.342,0.012,0.0,RT < DA,high,False,False
2026-08-23,2026-08-22T10:47:37.920549+00:00,True,5,0.43,0.019,0.0,RT < DA,low,False,False
2026-08-23,2026-08-22T10:47:37.920549+00:00,True,6,0.505,0.017,0.0,RT > DA,low,False,False
2026-08-23,2026-08-22T10:47:37.920549+00:00,True,7,0.532,0.021,0.001,RT > DA,low,False,False
2026-08-23,2026-08-22T10:47:37.920549+00:00,True,8,0.381,0.024,0.0,RT < DA,low,False,False
2026-08-23,2026-08-22T10:47:37.920549+00:00,True,9,0.263,0.031,0.0,RT < DA,high,False,False
2026-08-23,2026-08-22T10:47:37.920549+00:00,True,10,0.075,0.04,0.0,RT < DA,high,False,False
2026-08-23,2026-08-22T10:47:37.920549+00:00,True,11,0.315,0.071,0.002,RT < DA,high,False,False
2026-08-23,2026-08-22T10:47:37.920549+00:00,True,12,0.317,0.059,0.002,RT < DA,high,False,False
2026-08-23,2026-08-22T10:47:37.920549+00:00,True,13,0.413,0.082,0.008,RT < DA,low,False,False
2026-08-23,2026-08-22T10:47:37.920549+00:00,True,14,0.344,0.125,0.018,RT < DA,high,False,False
2026-08-23,2026-08-22T10:47:37.920549+00:00,True,15,0.269,0.071,0.012,RT < DA,high,False,False
2026-08-23,2026-08-22T10:47:37.920549+00:00,True,16,0.389,0.113,0.006,RT < DA,low,False,False
2026-08-23,2026-08-22T10:47:37.920549+00:00,True,17,0.331,0.16,0.057,RT < DA,high,False,False
2026-08-23,2026-08-22T10:47:37.920549+00:00,True,18,0.311,0.153,0.055,RT < DA,high,False,False
2026-08-23,2026-08-22T10:47:37.920549+00:00,True,19,0.19,0.126,0.179,RT < DA,high,False,False
2026-08-23,2026-08-22T10:47:37.920549+00:00,True,20,0.331,0.167,0.074,RT < DA,high,False,False
2026-08-23,2026-08-22T10:47:37.920549+00:00,True,21,0.391,0.188,0.008,RT < DA,low,False,False
2026-08-23,2026-08-22T10:47:37.920549+00:00,True,22,0.43,0.062,0.001,RT < DA,low,False,False
2026-08-23,2026-08-22T10:47:37.920549+00:00,True,23,0.351,0.018,0.0,RT < DA,low,False,False
2026-08-23,2026-08-22T10:47:37.920549+00:00,True,24,0.304,0.014,0.0,RT < DA,high,False,False
2026-08-24,2026-08-25T00:19:21.236231+00:00,True,1,0.217,0.012,0.0,RT < DA,high,False,False
2026-08-24,2026-08-25T00:19:21.236231+00:00,True,2,0.207,0.013,0.0,RT < DA,high,False,False
2026-08-24,2026-08-25T00:19:21.236231+00:00,True,3,0.223,0.008,0.0,RT < DA,high,False,False
2026-08-24,2026-08-25T00:19:21.236231+00:00,True,4,0.333,0.008,0.0,RT < DA,high,False,False
2026-08-24,2026-08-25T00:19:21.236231+00:00,True,5,0.252,0.016,0.0,RT < DA,high,False,False
2026-08-24,2026-08-25T00:19:21.236231+00:00,True,6,0.189,0.018,0.0,RT < DA,high,False,False
2026-08-24,2026-08-25T00:19:21.236231+00:00,True,7,0.234,0.033,0.003,RT < DA,high,False,False
2026-08-24,2026-08-25T00:19:21.236231+00:00,True,8,0.244,0.059,0.01,RT < DA,high,False,False
2026-08-24,2026-08-25T00:19:21.236231+00:00,True,9,0.246,0.045,0.002,RT < DA,high,False,False
2026-08-24,2026-08-25T00:19:21.236231+00:00,True,10,0.244,0.052,0.002,RT < DA,high,False,False
2026-08-24,2026-08-25T00:19:21.236231+00:00,True,11,0.249,0.051,0.003,RT < DA,high,False,False
2026-08-24,2026-08-25T00:19:21.236231+00:00,True,12,0.241,0.072,0.006,RT < DA,high,False,False
2026-08-24,2026-08-25T00:19:21.236231+00:00,True,13,0.235,0.079,0.007,RT < DA,high,False,False
2026-08-24,2026-08-25T00:19:21.236231+00:00,True,14,0.22,0.062,0.012,RT < DA,high,False,False
2026-08-24,2026-08-25T00:19:21.236231+00:00,True,15,0.222,0.076,0.013,RT < DA,high,False,False
2026-08-24,2026-08-25T00:19:21.236231+00:00,True,16,0.238,0.078,0.009,RT < DA,high,False,False
2026-08-24,2026-08-25T00:19:21.236231+00:00,True,17,0.268,0.125,0.025,RT < DA,high,False,False
2026-08-24,2026-08-25T00:19:21.236231+00:00,True,18,0.223,0.117,0.02,RT < DA,high,False,False
2026-08-24,2026-08-25T00:19:21.236231+00:00,True,19,0.251,0.174,0.03,RT < DA,high,False,False
2026-08-24,2026-08-25T00:19:21.236231+00:00,True,20,0.234,0.122,0.03,RT < DA,high,False,False
2026-08-24,2026-08-25T00:19:21.236231+00:00,True,21,0.344,0.118,0.005,RT < DA,high,False,False
2026-08-24,2026-08-25T00:19:21.236231+00:00,True,22,0.403,0.088,0.004,RT < DA,low,False,False
2026-08-24,2026-08-25T00:19:21.236231+00:00,True,23,0.379,0.044,0.002,RT < DA,low,False,False
2026-08-24,2026-08-25T00:19:21.236231+00:00,True,24,0.285,0.024,0.001,RT < DA,high,False,False
2026-08-25,2026-08-25T02:11:57.035391+00:00,True,1,0.344,0.008,0.0,RT < DA,high,False,False
2026-08-25,2026-08-25T02:11:57.035391+00:00,True,2,0.327,0.007,0.0,RT < DA,high,False,False
2026-08-25,2026-08-25T02:11:57.035391+00:00,True,3,0.353,0.013,0.0,RT < DA,low,False,False
2026-08-25,2026-08-25T02:11:57.035391+00:00,True,4,0.392,0.006,0.001,RT < DA,low,False,False
2026-08-25,2026-08-25T02:11:57.035391+00:00,True,5,0.394,0.01,0.0,RT < DA,low,False,False
2026-08-25,2026-08-25T02:11:57.035391+00:00,True,6,0.349,0.024,0.0,RT < DA,high,False,False
2026-08-25,2026-08-25T02:11:57.035391+00:00,True,7,0.299,0.02,0.005,RT < DA,high,False,False
2026-08-25,2026-08-25T02:11:57.035391+00:00,True,8,0.328,0.041,0.002,RT < DA,high,False,False
2026-08-25,2026-08-25T02:11:57.035391+00:00,True,9,0.311,0.046,0.003,RT < DA,high,False,False
2026-08-25,2026-08-25T02:11:57.035391+00:00,True,10,0.246,0.019,0.002,RT < DA,high,False,False
2026-08-25,2026-08-25T02:11:57.035391+00:00,True,11,0.238,0.019,0.002,RT < DA,high,False,False
2026-08-25,2026-08-25T02:11:57.035391+00:00,True,12,0.259,0.017,0.002,RT < DA,high,False,False
2026-08-25,2026-08-25T02:11:57.035391+00:00,True,13,0.237,0.03,0.001,RT < DA,high,False,False
2026-08-25,2026-08-25T02:11:57.035391+00:00,True,14,0.247,0.026,0.003,RT < DA,high,False,False
2026-08-25,2026-08-25T02:11:57.035391+00:00,True,15,0.235,0.044,0.004,RT < DA,high,False,False
2026-08-25,2026-08-25T02:11:57.035391+00:00,True,16,0.288,0.099,0.082,RT < DA,high,False,False
2026-08-25,2026-08-25T02:11:57.035391+00:00,True,17,0.211,0.077,0.251,RT < DA,high,False,True
2026-08-25,2026-08-25T02:11:57.035391+00:00,True,18,0.183,0.081,0.296,RT < DA,high,False,True
2026-08-25,2026-08-25T02:11:57.035391+00:00,True,19,0.209,0.127,0.554,RT < DA,high,False,True
2026-08-25,2026-08-25T02:11:57.035391+00:00,True,20,0.236,0.114,0.461,RT < DA,high,False,True
2026-08-25,2026-08-25T02:11:57.035391+00:00,True,21,0.296,0.114,0.172,RT < DA,high,False,False
2026-08-25,2026-08-25T02:11:57.035391+00:00,True,22,0.406,0.045,0.002,RT < DA,low,False,False
2026-08-25,2026-08-25T02:11:57.035391+00:00,True,23,0.37,0.042,0.002,RT < DA,low,False,False
2026-08-25,2026-08-25T02:11:57.035391+00:00,True,24,0.265,0.022,0.001,RT < DA,high,False,False
2026-08-26,2026-08-25T10:57:57.789218+00:00,True,1,0.253,0.004,0.0,RT < DA,high,False,False
2026-08-26,2026-08-25T10:57:57.789218+00:00,True,2,0.196,0.007,0.0,RT < DA,high,False,False
2026-08-26,2026-08-25T10:57:57.789218+00:00,True,3,0.227,0.005,0.0,RT < DA,high,False,False
2026-08-26,2026-08-25T10:57:57.789218+00:00,True,4,0.409,0.007,0.0,RT < DA,low,False,False
2026-08-26,2026-08-25T10:57:57.789218+00:00,True,5,0.369,0.007,0.0,RT < DA,low,False,False
2026-08-26,2026-08-25T10:57:57.789218+00:00,True,6,0.489,0.019,0.001,RT < DA,low,False,False
2026-08-26,2026-08-25T10:57:57.789218+00:00,True,7,0.376,0.024,0.007,RT < DA,low,False,False
2026-08-26,2026-08-25T10:57:57.789218+00:00,True,8,0.111,0.025,0.001,RT < DA,high,False,False
2026-08-26,2026-08-25T10:57:57.789218+00:00,True,9,0.411,0.031,0.001,RT < DA,low,False,False
2026-08-26,2026-08-25T10:57:57.789218+00:00,True,10,0.372,0.039,0.001,RT < DA,low,False,False
2026-08-26,2026-08-25T10:57:57.789218+00:00,True,11,0.388,0.062,0.003,RT < DA,low,False,False
2026-08-26,2026-08-25T10:57:57.789218+00:00,True,12,0.451,0.128,0.003,RT < DA,low,False,False
2026-08-26,2026-08-25T10:57:57.789218+00:00,True,13,0.416,0.129,0.01,RT < DA,low,False,False
2026-08-26,2026-08-25T10:57:57.789218+00:00,True,14,0.4,0.035,0.007,RT < DA,low,False,False
2026-08-26,2026-08-25T10:57:57.789218+00:00,True,15,0.446,0.076,0.021,RT < DA,low,False,False
2026-08-26,2026-08-25T10:57:57.789218+00:00,True,16,0.399,0.083,0.056,RT < DA,low,False,False
2026-08-26,2026-08-25T10:57:57.789218+00:00,True,17,0.255,0.07,0.327,RT < DA,high,False,True
2026-08-26,2026-08-25T10:57:57.789218+00:00,True,18,0.277,0.122,0.417,RT < DA,high,False,True
2026-08-26,2026-08-25T10:57:57.789218+00:00,True,19,0.143,0.092,0.386,RT < DA,high,False,True
2026-08-26,2026-08-25T10:57:57.789218+00:00,True,20,0.171,0.099,0.388,RT < DA,high,False,True
2026-08-26,2026-08-25T10:57:57.789218+00:00,True,21,0.33,0.118,0.073,RT < DA,high,False,False
2026-08-26,2026-08-25T10:57:57.789218+00:00,True,22,0.407,0.089,0.014,RT < DA,low,False,False
2026-08-26,2026-08-25T10:57:57.789218+00:00,True,23,0.27,0.047,0.009,RT < DA,high,False,False
2026-08-26,2026-08-25T10:57:57.789218+00:00,True,24,0.266,0.018,0.002,RT < DA,high,False,False
2026-08-27,2026-08-26T10:59:49.073430+00:00,True,1,0.37,0.011,0.007,RT < DA,low,False,False
2026-08-27,2026-08-26T10:59:49.073430+00:00,True,2,0.502,0.007,0.001,RT > DA,medium,False,False
2026-08-27,2026-08-26T10:59:49.073430+00:00,True,3,0.466,0.007,0.001,RT < DA,low,False,False
2026-08-27,2026-08-26T10:59:49.073430+00:00,True,4,0.584,0.006,0.001,RT > DA,medium,False,False
2026-08-27,2026-08-26T10:59:49.073430+00:00,True,5,0.586,0.009,0.001,RT > DA,medium,False,False
2026-08-27,2026-08-26T10:59:49.073430+00:00,True,6,0.661,0.015,0.001,RT > DA,low,False,False
2026-08-27,2026-08-26T10:59:49.073430+00:00,True,7,0.626,0.02,0.006,RT > DA,medium,False,False
2026-08-27,2026-08-26T10:59:49.073430+00:00,True,8,0.339,0.031,0.004,RT < DA,high,False,False
2026-08-27,2026-08-26T10:59:49.073430+00:00,True,9,0.476,0.064,0.003,RT < DA,low,False,False
2026-08-27,2026-08-26T10:59:49.073430+00:00,True,10,0.373,0.086,0.004,RT < DA,low,False,False
2026-08-27,2026-08-26T10:59:49.073430+00:00,True,11,0.434,0.11,0.008,RT < DA,low,False,False
2026-08-27,2026-08-26T10:59:49.073430+00:00,True,12,0.461,0.089,0.004,RT < DA,low,False,False
2026-08-27,2026-08-26T10:59:49.073430+00:00,True,13,0.501,0.135,0.003,RT > DA,medium,False,False
2026-08-27,2026-08-26T10:59:49.073430+00:00,True,14,0.405,0.114,0.008,RT < DA,low,False,False
2026-08-27,2026-08-26T10:59:49.073430+00:00,True,15,0.452,0.165,0.043,RT < DA,low,False,False
2026-08-27,2026-08-26T10:59:49.073430+00:00,True,16,0.295,0.19,0.146,RT < DA,high,False,False
2026-08-27,2026-08-26T10:59:49.073430+00:00,True,17,0.15,0.095,0.256,RT < DA,high,False,True
2026-08-27,2026-08-26T10:59:49.073430+00:00,True,18,0.243,0.13,0.27,RT < DA,high,False,True
2026-08-27,2026-08-26T10:59:49.073430+00:00,True,19,0.235,0.106,0.317,RT < DA,high,False,True
2026-08-27,2026-08-26T10:59:49.073430+00:00,True,20,0.31,0.124,0.251,RT < DA,high,False,True
2026-08-27,2026-08-26T10:59:49.073430+00:00,True,21,0.329,0.149,0.05,RT < DA,high,False,False
2026-08-27,2026-08-26T10:59:49.073430+00:00,True,22,0.401,0.111,0.006,RT < DA,low,False,False
2026-08-27,2026-08-26T10:59:49.073430+00:00,True,23,0.236,0.027,0.002,RT < DA,high,False,False
2026-08-27,2026-08-26T10:59:49.073430+00:00,True,24,0.182,0.015,0.001,RT < DA,high,False,False
2026-08-28,2026-08-27T13:55:23.151909+00:00,True,1,0.268,0.018,0.001,RT < DA,high,False,False
2026-08-28,2026-08-27T13:55:23.151909+00:00,True,2,0.298,0.01,0.0,RT < DA,high,False,False
2026-08-28,2026-08-27T13:55:23.151909+00:00,True,3,0.343,0.016,0.0,RT < DA,high,False,False
2026-08-28,2026-08-27T13:55:23.151909+00:00,True,4,0.315,0.015,0.0,RT < DA,high,False,False
2026-08-28,2026-08-27T13:55:23.151909+00:00,True,5,0.275,0.028,0.0,RT < DA,high,False,False
2026-08-28,2026-08-27T13:55:23.151909+00:00,True,6,0.485,0.072,0.0,RT < DA,low,False,False
2026-08-28,2026-08-27T13:55:23.151909+00:00,True,7,0.47,0.064,0.001,RT < DA,low,False,False
2026-08-28,2026-08-27T13:55:23.151909+00:00,True,8,0.422,0.067,0.001,RT < DA,low,False,False
2026-08-28,2026-08-27T13:55:23.151909+00:00,True,9,0.409,0.093,0.001,RT < DA,low,False,False
2026-08-28,2026-08-27T13:55:23.151909+00:00,True,10,0.397,0.087,0.003,RT < DA,low,False,False
2026-08-28,2026-08-27T13:55:23.151909+00:00,True,11,0.461,0.104,0.002,RT < DA,low,False,False
2026-08-28,2026-08-27T13:55:23.151909+00:00,True,12,0.418,0.096,0.003,RT < DA,low,False,False
2026-08-28,2026-08-27T13:55:23.151909+00:00,True,13,0.301,0.061,0.003,RT < DA,high,False,False
2026-08-28,2026-08-27T13:55:23.151909+00:00,True,14,0.304,0.046,0.003,RT < DA,high,False,False
2026-08-28,2026-08-27T13:55:23.151909+00:00,True,15,0.308,0.078,0.01,RT < DA,high,False,False
2026-08-28,2026-08-27T13:55:23.151909+00:00,True,16,0.278,0.086,0.058,RT < DA,high,False,False
2026-08-28,2026-08-27T13:55:23.151909+00:00,True,17,0.214,0.097,0.209,RT < DA,high,False,False
2026-08-28,2026-08-27T13:55:23.151909+00:00,True,18,0.18,0.097,0.267,RT < DA,high,False,True
2026-08-28,2026-08-27T13:55:23.151909+00:00,True,19,0.189,0.077,0.345,RT < DA,high,False,True
2026-08-28,2026-08-27T13:55:23.151909+00:00,True,20,0.126,0.074,0.429,RT < DA,high,False,True
2026-08-28,2026-08-27T13:55:23.151909+00:00,True,21,0.221,0.079,0.045,RT < DA,high,False,False
2026-08-28,2026-08-27T13:55:23.151909+00:00,True,22,0.268,0.058,0.004,RT < DA,high,False,False
2026-08-28,2026-08-27T13:55:23.151909+00:00,True,23,0.312,0.074,0.001,RT < DA,high,False,False
2026-08-28,2026-08-27T13:55:23.151909+00:00,True,24,0.245,0.021,0.001,RT < DA,high,False,False
2026-08-29,2026-08-28T03:39:37.428432+00:00,True,1,0.132,0.016,0.001,RT < DA,high,False,False
2026-08-29,2026-08-28T03:39:37.428432+00:00,True,2,0.163,0.005,0.001,RT < DA,high,False,False
2026-08-29,2026-08-28T03:39:37.428432+00:00,True,3,0.178,0.004,0.001,RT < DA,high,False,False
2026-08-29,2026-08-28T03:39:37.428432+00:00,True,4,0.195,0.003,0.001,RT < DA,high,False,False
2026-08-29,2026-08-28T03:39:37.428432+00:00,True,5,0.364,0.005,0.001,RT < DA,low,False,False
2026-08-29,2026-08-28T03:39:37.428432+00:00,True,6,0.463,0.007,0.001,RT < DA,low,False,False
2026-08-29,2026-08-28T03:39:37.428432+00:00,True,7,0.368,0.014,0.001,RT < DA,low,False,False
2026-08-29,2026-08-28T03:39:37.428432+00:00,True,8,0.291,0.017,0.001,RT < DA,medium,False,False
2026-08-29,2026-08-28T03:39:37.428432+00:00,True,9,0.357,0.043,0.001,RT < DA,low,False,False
2026-08-29,2026-08-28T03:39:37.428432+00:00,True,10,0.385,0.044,0.003,RT < DA,low,False,False
2026-08-29,2026-08-28T03:39:37.428432+00:00,True,11,0.341,0.059,0.002,RT < DA,medium,False,False
2026-08-29,2026-08-28T03:39:37.428432+00:00,True,12,0.382,0.061,0.002,RT < DA,low,False,False
2026-08-29,2026-08-28T03:39:37.428432+00:00,True,13,0.368,0.068,0.009,RT < DA,low,False,False
2026-08-29,2026-08-28T03:39:37.428432+00:00,True,14,0.388,0.071,0.006,RT < DA,low,False,False
2026-08-29,2026-08-28T03:39:37.428432+00:00,True,15,0.437,0.102,0.007,RT < DA,low,False,False
2026-08-29,2026-08-28T03:39:37.428432+00:00,True,16,0.477,0.111,0.008,RT < DA,low,False,False
2026-08-29,2026-08-28T03:39:37.428432+00:00,True,17,0.409,0.116,0.015,RT < DA,low,False,False
2026-08-29,2026-08-28T03:39:37.428432+00:00,True,18,0.265,0.102,0.099,RT < DA,medium,False,False
2026-08-29,2026-08-28T03:39:37.428432+00:00,True,19,0.213,0.105,0.094,RT < DA,medium,False,False
2026-08-29,2026-08-28T03:39:37.428432+00:00,True,20,0.245,0.118,0.019,RT < DA,medium,False,False
2026-08-29,2026-08-28T03:39:37.428432+00:00,True,21,0.308,0.085,0.005,RT < DA,medium,False,False
2026-08-29,2026-08-28T03:39:37.428432+00:00,True,22,0.317,0.089,0.004,RT < DA,medium,False,False
2026-08-29,2026-08-28T03:39:37.428432+00:00,True,23,0.316,0.036,0.002,RT < DA,medium,False,False
2026-08-29,2026-08-28T03:39:37.428432+00:00,True,24,0.207,0.04,0.002,RT < DA,medium,False,False
2026-08-30,2026-08-29T15:12:13.020298+00:00,True,1,0.131,0.007,0.001,RT < DA,high,False,False
2026-08-30,2026-08-29T15:12:13.020298+00:00,True,2,0.176,0.006,0.001,RT < DA,high,False,False
2026-08-30,2026-08-29T15:12:13.020298+00:00,True,3,0.264,0.007,0.001,RT < DA,high,False,False
2026-08-30,2026-08-29T15:12:13.020298+00:00,True,4,0.516,0.004,0.001,RT > DA,low,False,False
2026-08-30,2026-08-29T15:12:13.020298+00:00,True,5,0.492,0.005,0.001,RT < DA,low,False,False
2026-08-30,2026-08-29T15:12:13.020298+00:00,True,6,0.478,0.006,0.001,RT < DA,low,False,False
2026-08-30,2026-08-29T15:12:13.020298+00:00,True,7,0.274,0.005,0.001,RT < DA,high,False,False
2026-08-30,2026-08-29T15:12:13.020298+00:00,True,8,0.336,0.015,0.001,RT < DA,high,False,False
2026-08-30,2026-08-29T15:12:13.020298+00:00,True,9,0.365,0.027,0.001,RT < DA,low,False,False
2026-08-30,2026-08-29T15:12:13.020298+00:00,True,10,0.307,0.035,0.001,RT < DA,high,False,False
2026-08-30,2026-08-29T15:12:13.020298+00:00,True,11,0.332,0.043,0.001,RT < DA,high,False,False
2026-08-30,2026-08-29T15:12:13.020298+00:00,True,12,0.351,0.058,0.003,RT < DA,low,False,False
2026-08-30,2026-08-29T15:12:13.020298+00:00,True,13,0.386,0.047,0.003,RT < DA,low,False,False
2026-08-30,2026-08-29T15:12:13.020298+00:00,True,14,0.348,0.055,0.003,RT < DA,high,False,False
2026-08-30,2026-08-29T15:12:13.020298+00:00,True,15,0.31,0.057,0.003,RT < DA,high,False,False
2026-08-30,2026-08-29T15:12:13.020298+00:00,True,16,0.32,0.077,0.004,RT < DA,high,False,False
2026-08-30,2026-08-29T15:12:13.020298+00:00,True,17,0.272,0.135,0.006,RT < DA,high,False,False
2026-08-30,2026-08-29T15:12:13.020298+00:00,True,18,0.238,0.116,0.013,RT < DA,high,False,False
2026-08-30,2026-08-29T15:12:13.020298+00:00,True,19,0.162,0.114,0.011,RT < DA,high,False,False
2026-08-30,2026-08-29T15:12:13.020298+00:00,True,20,0.314,0.131,0.007,RT < DA,high,False,False
2026-08-30,2026-08-29T15:12:13.020298+00:00,True,21,0.285,0.065,0.009,RT < DA,high,False,False
2026-08-30,2026-08-29T15:12:13.020298+00:00,True,22,0.21,0.015,0.005,RT < DA,high,False,False
2026-08-30,2026-08-29T15:12:13.020298+00:00,True,23,0.119,0.011,0.001,RT < DA,high,False,False
2026-08-30,2026-08-29T15:12:13.020298+00:00,True,24,0.067,0.003,0.001,RT < DA,high,False,False
2026-08-31,2026-08-30T14:57:06.545524+00:00,True,1,0.169,0.012,0.001,RT < DA,high,False,False
2026-08-31,2026-08-30T14:57:06.545524+00:00,True,2,0.201,0.013,0.0,RT < DA,high,False,False
2026-08-31,2026-08-30T14:57:06.545524+00:00,True,3,0.191,0.01,0.001,RT < DA,high,False,False
2026-08-31,2026-08-30T14:57:06.545524+00:00,True,4,0.226,0.01,0.001,RT < DA,high,False,False
2026-08-31,2026-08-30T14:57:06.545524+00:00,True,5,0.272,0.019,0.001,RT < DA,high,False,False
2026-08-31,2026-08-30T14:57:06.545524+00:00,True,6,0.29,0.02,0.001,RT < DA,high,False,False
2026-08-31,2026-08-30T14:57:06.545524+00:00,True,7,0.305,0.035,0.002,RT < DA,high,False,False
2026-08-31,2026-08-30T14:57:06.545524+00:00,True,8,0.36,0.047,0.002,RT < DA,low,False,False
2026-08-31,2026-08-30T14:57:06.545524+00:00,True,9,0.145,0.052,0.003,RT < DA,high,False,False
2026-08-31,2026-08-30T14:57:06.545524+00:00,True,10,0.467,0.062,0.003,RT < DA,low,False,False
2026-08-31,2026-08-30T14:57:06.545524+00:00,True,11,0.322,0.078,0.006,RT < DA,high,False,False
2026-08-31,2026-08-30T14:57:06.545524+00:00,True,12,0.337,0.098,0.006,RT < DA,high,False,False
2026-08-31,2026-08-30T14:57:06.545524+00:00,True,13,0.368,0.11,0.007,RT < DA,low,False,False
2026-08-31,2026-08-30T14:57:06.545524+00:00,True,14,0.272,0.102,0.052,RT < DA,high,False,False
2026-08-31,2026-08-30T14:57:06.545524+00:00,True,15,0.242,0.052,0.152,RT < DA,high,False,False
2026-08-31,2026-08-30T14:57:06.545524+00:00,True,16,0.308,0.102,0.16,RT < DA,high,False,False
2026-08-31,2026-08-30T14:57:06.545524+00:00,True,17,0.176,0.106,0.293,RT < DA,high,False,True
2026-08-31,2026-08-30T14:57:06.545524+00:00,True,18,0.14,0.089,0.334,RT < DA,high,False,True
2026-08-31,2026-08-30T14:57:06.545524+00:00,True,19,0.202,0.119,0.391,RT < DA,high,False,True
2026-08-31,2026-08-30T14:57:06.545524+00:00,True,20,0.249,0.113,0.244,RT < DA,high,False,True
2026-08-31,2026-08-30T14:57:06.545524+00:00,True,21,0.217,0.11,0.045,RT < DA,high,False,False
2026-08-31,2026-08-30T14:57:06.545524+00:00,True,22,0.379,0.095,0.01,RT < DA,low,False,False
2026-08-31,2026-08-30T14:57:06.545524+00:00,True,23,0.257,0.027,0.003,RT < DA,high,False,False
2026-08-31,2026-08-30T14:57:06.545524+00:00,True,24,0.173,0.029,0.004,RT < DA,high,False,False
2026-09-01,2026-08-30T21:58:38.390200+00:00,True,1,0.174,0.015,0.001,RT < DA,high,False,False
2026-09-01,2026-08-30T21:58:38.390200+00:00,True,2,0.26,0.009,0.0,RT < DA,medium,False,False
2026-09-01,2026-08-30T21:58:38.390200+00:00,True,3,0.247,0.009,0.0,RT < DA,medium,False,False
2026-09-01,2026-08-30T21:58:38.390200+00:00,True,4,0.203,0.011,0.0,RT < DA,medium,False,False
2026-09-01,2026-08-30T21:58:38.390200+00:00,True,5,0.245,0.016,0.0,RT < DA,medium,False,False
2026-09-01,2026-08-30T21:58:38.390200+00:00,True,6,0.513,0.05,0.002,RT > DA,low,False,False
2026-09-01,2026-08-30T21:58:38.390200+00:00,True,7,0.474,0.096,0.004,RT < DA,low,False,False
2026-09-01,2026-08-30T21:58:38.390200+00:00,True,8,0.583,0.262,0.006,RT > DA,low,True,False
2026-09-01,2026-08-30T21:58:38.390200+00:00,True,9,0.45,0.172,0.011,RT < DA,low,False,False
2026-09-01,2026-08-30T21:58:38.390200+00:00,True,10,0.431,0.237,0.033,RT < DA,low,True,False
2026-09-01,2026-08-30T21:58:38.390200+00:00,True,11,0.322,0.131,0.215,RT < DA,medium,False,False
2026-09-01,2026-08-30T21:58:38.390200+00:00,True,12,0.147,0.087,0.647,RT < DA,high,False,True
2026-09-01,2026-08-30T21:58:38.390200+00:00,True,13,0.28,0.058,0.526,RT < DA,medium,False,True
2026-09-01,2026-08-30T21:58:38.390200+00:00,True,14,0.273,0.067,0.569,RT < DA,medium,False,True
2026-09-01,2026-08-30T21:58:38.390200+00:00,True,15,0.183,0.076,0.643,RT < DA,high,False,True
2026-09-01,2026-08-30T21:58:38.390200+00:00,True,16,0.18,0.063,0.597,RT < DA,high,False,True
2026-09-01,2026-08-30T21:58:38.390200+00:00,True,17,0.159,0.042,0.666,RT < DA,high,False,True
2026-09-01,2026-08-30T21:58:38.390200+00:00,True,18,0.122,0.04,0.541,RT < DA,high,False,True
2026-09-01,2026-08-30T21:58:38.390200+00:00,True,19,0.125,0.045,0.523,RT < DA,high,False,True
2026-09-01,2026-08-30T21:58:38.390200+00:00,True,20,0.149,0.041,0.337,RT < DA,high,False,True
2026-09-01,2026-08-30T21:58:38.390200+00:00,True,21,0.246,0.071,0.179,RT < DA,medium,False,False
2026-09-01,2026-08-30T21:58:38.390200+00:00,True,22,0.435,0.102,0.006,RT < DA,low,False,False
2026-09-01,2026-08-30T21:58:38.390200+00:00,True,23,0.637,0.056,0.002,RT > DA,low,False,False
2026-09-01,2026-08-30T21:58:38.390200+00:00,True,24,0.311,0.05,0.001,RT < DA,medium,False,False
2026-09-02,2026-09-01T15:03:14.952786+00:00,True,1,0.157,0.038,0.003,RT < DA,high,False,False
2026-09-02,2026-09-01T15:03:14.952786+00:00,True,2,0.203,0.034,0.001,RT < DA,medium,False,False
2026-09-02,2026-09-01T15:03:14.952786+00:00,True,3,0.228,0.028,0.002,RT < DA,medium,False,False
2026-09-02,2026-09-01T15:03:14.952786+00:00,True,4,0.25,0.023,0.002,RT < DA,medium,False,False
2026-09-02,2026-09-01T15:03:14.952786+00:00,True,5,0.214,0.031,0.002,RT < DA,medium,False,False
2026-09-02,2026-09-01T15:03:14.952786+00:00,True,6,0.258,0.076,0.008,RT < DA,medium,False,False
2026-09-02,2026-09-01T15:03:14.952786+00:00,True,7,0.34,0.129,0.02,RT < DA,medium,False,False
2026-09-02,2026-09-01T15:03:14.952786+00:00,True,8,0.366,0.141,0.019,RT < DA,low,False,False
2026-09-02,2026-09-01T15:03:14.952786+00:00,True,9,0.272,0.095,0.063,RT < DA,medium,False,False
2026-09-02,2026-09-01T15:03:14.952786+00:00,True,10,0.26,0.114,0.239,RT < DA,medium,False,False
2026-09-02,2026-09-01T15:03:14.952786+00:00,True,11,0.234,0.104,0.357,RT < DA,medium,False,True
2026-09-02,2026-09-01T15:03:14.952786+00:00,True,12,0.28,0.092,0.432,RT < DA,medium,False,True
2026-09-02,2026-09-01T15:03:14.952786+00:00,True,13,0.245,0.085,0.471,RT < DA,medium,False,True
2026-09-02,2026-09-01T15:03:14.952786+00:00,True,14,0.176,0.071,0.554,RT < DA,high,False,True
2026-09-02,2026-09-01T15:03:14.952786+00:00,True,15,0.154,0.06,0.706,RT < DA,high,False,True
2026-09-02,2026-09-01T15:03:14.952786+00:00,True,16,0.248,0.061,0.728,RT < DA,medium,False,True
2026-09-02,2026-09-01T15:03:14.952786+00:00,True,17,0.202,0.081,0.717,RT < DA,medium,False,True
2026-09-02,2026-09-01T15:03:14.952786+00:00,True,18,0.135,0.06,0.719,RT < DA,high,False,True
2026-09-02,2026-09-01T15:03:14.952786+00:00,True,19,0.118,0.074,0.76,RT < DA,high,False,True
2026-09-02,2026-09-01T15:03:14.952786+00:00,True,20,0.184,0.096,0.742,RT < DA,high,False,True
2026-09-02,2026-09-01T15:03:14.952786+00:00,True,21,0.218,0.082,0.402,RT < DA,medium,False,True
2026-09-02,2026-09-01T15:03:14.952786+00:00,True,22,0.28,0.12,0.224,RT < DA,medium,False,False
2026-09-02,2026-09-01T15:03:14.952786+00:00,True,23,0.421,0.137,0.007,RT < DA,low,False,False
2026-09-02,2026-09-01T15:03:14.952786+00:00,True,24,0.342,0.119,0.006,RT < DA,medium,False,False
2026-09-03,2026-09-02T14:38:32.048886+00:00,True,1,0.27,0.016,0.003,RT < DA,medium,False,False
2026-09-03,2026-09-02T14:38:32.048886+00:00,True,2,0.377,0.02,0.002,RT < DA,medium,False,False
2026-09-03,2026-09-02T14:38:32.048886+00:00,True,3,0.206,0.017,0.002,RT < DA,medium,False,False
2026-09-03,2026-09-02T14:38:32.048886+00:00,True,4,0.387,0.005,0.0,RT < DA,medium,False,False
2026-09-03,2026-09-02T14:38:32.048886+00:00,True,5,0.375,0.005,0.001,RT < DA,medium,False,False
2026-09-03,2026-09-02T14:38:32.048886+00:00,True,6,0.381,0.047,0.002,RT < DA,medium,False,False
2026-09-03,2026-09-02T14:38:32.048886+00:00,True,7,0.332,0.097,0.006,RT < DA,medium,False,False
2026-09-03,2026-09-02T14:38:32.048886+00:00,True,8,0.335,0.087,0.007,RT < DA,medium,False,False
2026-09-03,2026-09-02T14:38:32.048886+00:00,True,9,0.319,0.077,0.082,RT < DA,medium,False,False
2026-09-03,2026-09-02T14:38:32.048886+00:00,True,10,0.228,0.032,0.4,RT < DA,medium,False,True
2026-09-03,2026-09-02T14:38:32.048886+00:00,True,11,0.18,0.039,0.581,RT < DA,high,False,True
2026-09-03,2026-09-02T14:38:32.048886+00:00,True,12,0.216,0.05,0.412,RT < DA,medium,False,True
2026-09-03,2026-09-02T14:38:32.048886+00:00,True,13,0.141,0.077,0.565,RT < DA,high,False,True
2026-09-03,2026-09-02T14:38:32.048886+00:00,True,14,0.161,0.11,0.719,RT < DA,high,False,True
2026-09-03,2026-09-02T14:38:32.048886+00:00,True,15,0.161,0.113,0.723,RT < DA,high,False,True
2026-09-03,2026-09-02T14:38:32.048886+00:00,True,16,0.156,0.054,0.776,RT < DA,high,False,True
2026-09-03,2026-09-02T14:38:32.048886+00:00,True,17,0.105,0.083,0.76,RT < DA,high,False,True
2026-09-03,2026-09-02T14:38:32.048886+00:00,True,18,0.11,0.049,0.821,RT < DA,high,False,True
2026-09-03,2026-09-02T14:38:32.048886+00:00,True,19,0.122,0.03,0.633,RT < DA,high,False,True
2026-09-03,2026-09-02T14:38:32.048886+00:00,True,20,0.141,0.083,0.756,RT < DA,high,False,True
2026-09-03,2026-09-02T14:38:32.048886+00:00,True,21,0.216,0.066,0.51,RT < DA,medium,False,True
2026-09-03,2026-09-02T14:38:32.048886+00:00,True,22,0.216,0.075,0.275,RT < DA,medium,False,True
2026-09-03,2026-09-02T14:38:32.048886+00:00,True,23,0.262,0.045,0.005,RT < DA,medium,False,False
2026-09-03,2026-09-02T14:38:32.048886+00:00,True,24,0.27,0.029,0.004,RT < DA,medium,False,False
2026-09-04,2026-09-03T14:42:08.386248+00:00,True,1,0.354,0.017,0.002,RT < DA,low,False,False
2026-09-04,2026-09-03T14:42:08.386248+00:00,True,2,0.417,0.012,0.002,RT < DA,low,False,False
2026-09-04,2026-09-03T14:42:08.386248+00:00,True,3,0.374,0.007,0.001,RT < DA,low,False,False
2026-09-04,2026-09-03T14:42:08.386248+00:00,True,4,0.366,0.006,0.001,RT < DA,low,False,False
2026-09-04,2026-09-03T14:42:08.386248+00:00,True,5,0.338,0.006,0.001,RT < DA,medium,False,False
2026-09-04,2026-09-03T14:42:08.386248+00:00,True,6,0.246,0.019,0.016,RT < DA,medium,False,False
2026-09-04,2026-09-03T14:42:08.386248+00:00,True,7,0.223,0.04,0.019,RT < DA,medium,False,False
2026-09-04,2026-09-03T14:42:08.386248+00:00,True,8,0.264,0.073,0.013,RT < DA,medium,False,False
2026-09-04,2026-09-03T14:42:08.386248+00:00,True,9,0.248,0.079,0.096,RT < DA,medium,False,False
2026-09-04,2026-09-03T14:42:08.386248+00:00,True,10,0.279,0.069,0.103,RT < DA,medium,False,False
2026-09-04,2026-09-03T14:42:08.386248+00:00,True,11,0.374,0.071,0.088,RT < DA,low,False,False
2026-09-04,2026-09-03T14:42:08.386248+00:00,True,12,0.386,0.08,0.073,RT < DA,low,False,False
2026-09-04,2026-09-03T14:42:08.386248+00:00,True,13,0.329,0.064,0.25,RT < DA,medium,False,True
2026-09-04,2026-09-03T14:42:08.386248+00:00,True,14,0.243,0.066,0.272,RT < DA,medium,False,True
2026-09-04,2026-09-03T14:42:08.386248+00:00,True,15,0.35,0.084,0.339,RT < DA,low,False,True
2026-09-04,2026-09-03T14:42:08.386248+00:00,True,16,0.274,0.073,0.399,RT < DA,medium,False,True
2026-09-04,2026-09-03T14:42:08.386248+00:00,True,17,0.164,0.08,0.612,RT < DA,high,False,True
2026-09-04,2026-09-03T14:42:08.386248+00:00,True,18,0.178,0.09,0.748,RT < DA,high,False,True
2026-09-04,2026-09-03T14:42:08.386248+00:00,True,19,0.115,0.097,0.713,RT < DA,high,False,True
2026-09-04,2026-09-03T14:42:08.386248+00:00,True,20,0.104,0.058,0.724,RT < DA,high,False,True
2026-09-04,2026-09-03T14:42:08.386248+00:00,True,21,0.14,0.068,0.369,RT < DA,high,False,True
2026-09-04,2026-09-03T14:42:08.386248+00:00,True,22,0.233,0.101,0.018,RT < DA,medium,False,False
2026-09-04,2026-09-03T14:42:08.386248+00:00,True,23,0.272,0.065,0.003,RT < DA,medium,False,False
2026-09-04,2026-09-03T14:42:08.386248+00:00,True,24,0.294,0.036,0.002,RT < DA,medium,False,False
2026-09-05,2026-09-04T14:29:08.671386+00:00,True,1,0.304,0.019,0.002,RT < DA,high,False,False
2026-09-05,2026-09-04T14:29:08.671386+00:00,True,2,0.325,0.009,0.001,RT < DA,high,False,False
2026-09-05,2026-09-04T14:29:08.671386+00:00,True,3,0.286,0.01,0.0,RT < DA,high,False,False
2026-09-05,2026-09-04T14:29:08.671386+00:00,True,4,0.293,0.008,0.0,RT < DA,high,False,False
2026-09-05,2026-09-04T14:29:08.671386+00:00,True,5,0.264,0.013,0.002,RT < DA,high,False,False
2026-09-05,2026-09-04T14:29:08.671386+00:00,True,6,0.339,0.014,0.0,RT < DA,high,False,False
2026-09-05,2026-09-04T14:29:08.671386+00:00,True,7,0.371,0.017,0.002,RT < DA,low,False,False
2026-09-05,2026-09-04T14:29:08.671386+00:00,True,8,0.398,0.033,0.002,RT < DA,low,False,False
2026-09-05,2026-09-04T14:29:08.671386+00:00,True,9,0.42,0.088,0.002,RT < DA,low,False,False
2026-09-05,2026-09-04T14:29:08.671386+00:00,True,10,0.511,0.136,0.002,RT > DA,low,False,False
2026-09-05,2026-09-04T14:29:08.671386+00:00,True,11,0.554,0.096,0.002,RT > DA,low,False,False
2026-09-05,2026-09-04T14:29:08.671386+00:00,True,12,0.412,0.255,0.005,RT < DA,low,True,False
2026-09-05,2026-09-04T14:29:08.671386+00:00,True,13,0.48,0.255,0.005,RT < DA,low,True,False
2026-09-05,2026-09-04T14:29:08.671386+00:00,True,14,0.295,0.111,0.009,RT < DA,high,False,False
2026-09-05,2026-09-04T14:29:08.671386+00:00,True,15,0.331,0.122,0.008,RT < DA,high,False,False
2026-09-05,2026-09-04T14:29:08.671386+00:00,True,16,0.28,0.132,0.032,RT < DA,high,False,False
2026-09-05,2026-09-04T14:29:08.671386+00:00,True,17,0.27,0.128,0.027,RT < DA,high,False,False
2026-09-05,2026-09-04T14:29:08.671386+00:00,True,18,0.236,0.073,0.352,RT < DA,high,False,True
2026-09-05,2026-09-04T14:29:08.671386+00:00,True,19,0.279,0.101,0.124,RT < DA,high,False,False
2026-09-05,2026-09-04T14:29:08.671386+00:00,True,20,0.299,0.104,0.053,RT < DA,high,False,False
2026-09-05,2026-09-04T14:29:08.671386+00:00,True,21,0.458,0.164,0.016,RT < DA,low,False,False
2026-09-05,2026-09-04T14:29:08.671386+00:00,True,22,0.497,0.076,0.004,RT < DA,low,False,False
2026-09-05,2026-09-04T14:29:08.671386+00:00,True,23,0.389,0.024,0.002,RT < DA,low,False,False
2026-09-05,2026-09-04T14:29:08.671386+00:00,True,24,0.254,0.016,0.002,RT < DA,high,False,False
2026-09-06,2026-09-05T13:32:07.750254+00:00,True,1,0.288,0.004,0.001,RT < DA,high,False,False
2026-09-06,2026-09-05T13:32:07.750254+00:00,True,2,0.391,0.001,0.001,RT < DA,low,False,False
2026-09-06,2026-09-05T13:32:07.750254+00:00,True,3,0.471,0.002,0.001,RT < DA,low,False,False
2026-09-06,2026-09-05T13:32:07.750254+00:00,True,4,0.407,0.001,0.001,RT < DA,low,False,False
2026-09-06,2026-09-05T13:32:07.750254+00:00,True,5,0.262,0.008,0.001,RT < DA,high,False,False
2026-09-06,2026-09-05T13:32:07.750254+00:00,True,6,0.349,0.003,0.001,RT < DA,high,False,False
2026-09-06,2026-09-05T13:32:07.750254+00:00,True,7,0.428,0.017,0.001,RT < DA,low,False,False
2026-09-06,2026-09-05T13:32:07.750254+00:00,True,8,0.483,0.03,0.001,RT < DA,low,False,False
2026-09-06,2026-09-05T13:32:07.750254+00:00,True,9,0.479,0.054,0.001,RT < DA,low,False,False
2026-09-06,2026-09-05T13:32:07.750254+00:00,True,10,0.527,0.094,0.001,RT > DA,low,False,False
2026-09-06,2026-09-05T13:32:07.750254+00:00,True,11,0.454,0.118,0.001,RT < DA,low,False,False
2026-09-06,2026-09-05T13:32:07.750254+00:00,True,12,0.508,0.114,0.004,RT > DA,low,False,False
2026-09-06,2026-09-05T13:32:07.750254+00:00,True,13,0.601,0.149,0.004,RT > DA,low,False,False
2026-09-06,2026-09-05T13:32:07.750254+00:00,True,14,0.491,0.077,0.004,RT < DA,low,False,False
2026-09-06,2026-09-05T13:32:07.750254+00:00,True,15,0.555,0.061,0.005,RT > DA,low,False,False
2026-09-06,2026-09-05T13:32:07.750254+00:00,True,16,0.557,0.131,0.011,RT > DA,low,False,False
2026-09-06,2026-09-05T13:32:07.750254+00:00,True,17,0.56,0.151,0.013,RT > DA,low,False,False
2026-09-06,2026-09-05T13:32:07.750254+00:00,True,18,0.439,0.143,0.036,RT < DA,low,False,False
2026-09-06,2026-09-05T13:32:07.750254+00:00,True,19,0.459,0.161,0.027,RT < DA,low,False,False
2026-09-06,2026-09-05T13:32:07.750254+00:00,True,20,0.518,0.205,0.011,RT > DA,low,False,False
2026-09-06,2026-09-05T13:32:07.750254+00:00,True,21,0.496,0.11,0.009,RT < DA,low,False,False
2026-09-06,2026-09-05T13:32:07.750254+00:00,True,22,0.456,0.116,0.009,RT < DA,low,False,False
2026-09-06,2026-09-05T13:32:07.750254+00:00,True,23,0.367,0.061,0.003,RT < DA,low,False,False
2026-09-06,2026-09-05T13:32:07.750254+00:00,True,24,0.24,0.009,0.001,RT < DA,high,False,False
2026-09-07,2026-09-06T13:47:07.169424+00:00,True,1,0.168,0.009,0.001,RT < DA,high,False,False
2026-09-07,2026-09-06T13:47:07.169424+00:00,True,2,0.21,0.009,0.001,RT < DA,medium,False,False
2026-09-07,2026-09-06T13:47:07.169424+00:00,True,3,0.185,0.007,0.001,RT < DA,high,False,False
2026-09-07,2026-09-06T13:47:07.169424+00:00,True,4,0.256,0.007,0.001,RT < DA,medium,False,False
2026-09-07,2026-09-06T13:47:07.169424+00:00,True,5,0.288,0.01,0.001,RT < DA,medium,False,False
2026-09-07,2026-09-06T13:47:07.169424+00:00,True,6,0.324,0.012,0.001,RT < DA,medium,False,False
2026-09-07,2026-09-06T13:47:07.169424+00:00,True,7,0.416,0.01,0.001,RT < DA,medium,False,False
2026-09-07,2026-09-06T13:47:07.169424+00:00,True,8,0.406,0.034,0.001,RT < DA,medium,False,False
2026-09-07,2026-09-06T13:47:07.169424+00:00,True,9,0.306,0.039,0.001,RT < DA,medium,False,False
2026-09-07,2026-09-06T13:47:07.169424+00:00,True,10,0.353,0.088,0.001,RT < DA,medium,False,False
2026-09-07,2026-09-06T13:47:07.169424+00:00,True,11,0.393,0.093,0.003,RT < DA,medium,False,False
2026-09-07,2026-09-06T13:47:07.169424+00:00,True,12,0.477,0.133,0.005,RT < DA,medium,False,False
2026-09-07,2026-09-06T13:47:07.169424+00:00,True,13,0.471,0.103,0.004,RT < DA,medium,False,False
2026-09-07,2026-09-06T13:47:07.169424+00:00,True,14,0.479,0.105,0.009,RT < DA,medium,False,False
2026-09-07,2026-09-06T13:47:07.169424+00:00,True,15,0.422,0.098,0.011,RT < DA,medium,False,False
2026-09-07,2026-09-06T13:47:07.169424+00:00,True,16,0.435,0.116,0.013,RT < DA,medium,False,False
2026-09-07,2026-09-06T13:47:07.169424+00:00,True,17,0.255,0.087,0.302,RT < DA,medium,False,True
2026-09-07,2026-09-06T13:47:07.169424+00:00,True,18,0.274,0.068,0.367,RT < DA,medium,False,True
2026-09-07,2026-09-06T13:47:07.169424+00:00,True,19,0.327,0.053,0.383,RT < DA,medium,False,True
2026-09-07,2026-09-06T13:47:07.169424+00:00,True,20,0.371,0.056,0.244,RT < DA,medium,False,False
2026-09-07,2026-09-06T13:47:07.169424+00:00,True,21,0.372,0.058,0.044,RT < DA,medium,False,False
2026-09-07,2026-09-06T13:47:07.169424+00:00,True,22,0.284,0.048,0.019,RT < DA,medium,False,False
2026-09-07,2026-09-06T13:47:07.169424+00:00,True,23,0.212,0.029,0.015,RT < DA,medium,False,False
2026-09-07,2026-09-06T13:47:07.169424+00:00,True,24,0.35,0.016,0.011,RT < DA,medium,False,False
2026-09-08,2026-09-07T15:59:30.162560+00:00,True,1,0.235,0.008,0.001,RT < DA,high,False,False
2026-09-08,2026-09-07T15:59:30.162560+00:00,True,2,0.264,0.007,0.001,RT < DA,high,False,False
2026-09-08,2026-09-07T15:59:30.162560+00:00,True,3,0.332,0.019,0.0,RT < DA,high,False,False
2026-09-08,2026-09-07T15:59:30.162560+00:00,True,4,0.261,0.01,0.0,RT < DA,high,False,False
2026-09-08,2026-09-07T15:59:30.162560+00:00,True,5,0.402,0.057,0.0,RT < DA,low,False,False
2026-09-08,2026-09-07T15:59:30.162560+00:00,True,6,0.464,0.074,0.001,RT < DA,low,False,False
2026-09-08,2026-09-07T15:59:30.162560+00:00,True,7,0.387,0.04,0.001,RT < DA,low,False,False
2026-09-08,2026-09-07T15:59:30.162560+00:00,True,8,0.45,0.043,0.001,RT < DA,low,False,False
2026-09-08,2026-09-07T15:59:30.162560+00:00,True,9,0.349,0.054,0.001,RT < DA,high,False,False
2026-09-08,2026-09-07T15:59:30.162560+00:00,True,10,0.297,0.07,0.003,RT < DA,high,False,False
2026-09-08,2026-09-07T15:59:30.162560+00:00,True,11,0.299,0.051,0.004,RT < DA,high,False,False
2026-09-08,2026-09-07T15:59:30.162560+00:00,True,12,0.32,0.077,0.004,RT < DA,high,False,False
2026-09-08,2026-09-07T15:59:30.162560+00:00,True,13,0.379,0.108,0.01,RT < DA,low,False,False
2026-09-08,2026-09-07T15:59:30.162560+00:00,True,14,0.384,0.075,0.007,RT < DA,low,False,False
2026-09-08,2026-09-07T15:59:30.162560+00:00,True,15,0.403,0.067,0.036,RT < DA,low,False,False
2026-09-08,2026-09-07T15:59:30.162560+00:00,True,16,0.333,0.092,0.191,RT < DA,high,False,False
2026-09-08,2026-09-07T15:59:30.162560+00:00,True,17,0.323,0.165,0.454,RT < DA,high,False,True
2026-09-08,2026-09-07T15:59:30.162560+00:00,True,18,0.244,0.063,0.744,RT < DA,high,False,True
2026-09-08,2026-09-07T15:59:30.162560+00:00,True,19,0.216,0.081,0.699,RT < DA,high,False,True
2026-09-08,2026-09-07T15:59:30.162560+00:00,True,20,0.228,0.077,0.341,RT < DA,high,False,True
2026-09-08,2026-09-07T15:59:30.162560+00:00,True,21,0.308,0.076,0.033,RT < DA,high,False,False
2026-09-08,2026-09-07T15:59:30.162560+00:00,True,22,0.364,0.071,0.009,RT < DA,low,False,False
2026-09-08,2026-09-07T15:59:30.162560+00:00,True,23,0.311,0.03,0.002,RT < DA,high,False,False
2026-09-08,2026-09-07T15:59:30.162560+00:00,True,24,0.277,0.023,0.001,RT < DA,high,False,False
2026-09-09,2026-09-08T14:42:49.234109+00:00,True,1,0.308,0.009,0.001,RT < DA,medium,False,False
2026-09-09,2026-09-08T14:42:49.234109+00:00,True,2,0.341,0.006,0.002,RT < DA,medium,False,False
2026-09-09,2026-09-08T14:42:49.234109+00:00,True,3,0.35,0.014,0.001,RT < DA,low,False,False
2026-09-09,2026-09-08T14:42:49.234109+00:00,True,4,0.36,0.013,0.002,RT < DA,low,False,False
2026-09-09,2026-09-08T14:42:49.234109+00:00,True,5,0.406,0.016,0.002,RT < DA,low,False,False
2026-09-09,2026-09-08T14:42:49.234109+00:00,True,6,0.385,0.034,0.002,RT < DA,low,False,False
2026-09-09,2026-09-08T14:42:49.234109+00:00,True,7,0.354,0.046,0.002,RT < DA,low,False,False
2026-09-09,2026-09-08T14:42:49.234109+00:00,True,8,0.328,0.076,0.006,RT < DA,medium,False,False
2026-09-09,2026-09-08T14:42:49.234109+00:00,True,9,0.448,0.07,0.006,RT < DA,low,False,False
2026-09-09,2026-09-08T14:42:49.234109+00:00,True,10,0.199,0.092,0.006,RT < DA,high,False,False
2026-09-09,2026-09-08T14:42:49.234109+00:00,True,11,0.243,0.173,0.007,RT < DA,medium,False,False
2026-09-09,2026-09-08T14:42:49.234109+00:00,True,12,0.394,0.126,0.036,RT < DA,low,False,False
2026-09-09,2026-09-08T14:42:49.234109+00:00,True,13,0.348,0.093,0.213,RT < DA,medium,False,False
2026-09-09,2026-09-08T14:42:49.234109+00:00,True,14,0.309,0.057,0.345,RT < DA,medium,False,True
2026-09-09,2026-09-08T14:42:49.234109+00:00,True,15,0.211,0.058,0.458,RT < DA,medium,False,True
2026-09-09,2026-09-08T14:42:49.234109+00:00,True,16,0.166,0.074,0.67,RT < DA,high,False,True
2026-09-09,2026-09-08T14:42:49.234109+00:00,True,17,0.222,0.037,0.576,RT < DA,medium,False,True
2026-09-09,2026-09-08T14:42:49.234109+00:00,True,18,0.311,0.072,0.587,RT < DA,medium,False,True
2026-09-09,2026-09-08T14:42:49.234109+00:00,True,19,0.223,0.046,0.481,RT < DA,medium,False,True
2026-09-09,2026-09-08T14:42:49.234109+00:00,True,20,0.192,0.09,0.509,RT < DA,high,False,True
2026-09-09,2026-09-08T14:42:49.234109+00:00,True,21,0.323,0.079,0.492,RT < DA,medium,False,True
2026-09-09,2026-09-08T14:42:49.234109+00:00,True,22,0.456,0.083,0.021,RT < DA,low,False,False
2026-09-09,2026-09-08T14:42:49.234109+00:00,True,23,0.549,0.078,0.011,RT > DA,low,False,False
2026-09-09,2026-09-08T14:42:49.234109+00:00,True,24,0.245,0.068,0.004,RT < DA,medium,False,False
2026-09-10,2026-09-09T14:44:17.233124+00:00,True,1,0.259,0.012,0.006,RT < DA,high,False,False
2026-09-10,2026-09-09T14:44:17.233124+00:00,True,2,0.228,0.008,0.002,RT < DA,high,False,False
2026-09-10,2026-09-09T14:44:17.233124+00:00,True,3,0.234,0.007,0.0,RT < DA,high,False,False
2026-09-10,2026-09-09T14:44:17.233124+00:00,True,4,0.326,0.007,0.0,RT < DA,high,False,False
2026-09-10,2026-09-09T14:44:17.233124+00:00,True,5,0.3,0.013,0.002,RT < DA,high,False,False
2026-09-10,2026-09-09T14:44:17.233124+00:00,True,6,0.442,0.041,0.002,RT < DA,low,False,False
2026-09-10,2026-09-09T14:44:17.233124+00:00,True,7,0.425,0.044,0.003,RT < DA,low,False,False
2026-09-10,2026-09-09T14:44:17.233124+00:00,True,8,0.381,0.088,0.006,RT < DA,low,False,False
2026-09-10,2026-09-09T14:44:17.233124+00:00,True,9,0.406,0.082,0.009,RT < DA,low,False,False
2026-09-10,2026-09-09T14:44:17.233124+00:00,True,10,0.213,0.06,0.01,RT < DA,high,False,False
2026-09-10,2026-09-09T14:44:17.233124+00:00,True,11,0.208,0.097,0.041,RT < DA,high,False,False
2026-09-10,2026-09-09T14:44:17.233124+00:00,True,12,0.208,0.071,0.182,RT < DA,high,False,False
2026-09-10,2026-09-09T14:44:17.233124+00:00,True,13,0.201,0.045,0.028,RT < DA,high,False,False
2026-09-10,2026-09-09T14:44:17.233124+00:00,True,14,0.236,0.043,0.074,RT < DA,high,False,False
2026-09-10,2026-09-09T14:44:17.233124+00:00,True,15,0.235,0.048,0.605,RT < DA,high,False,True
2026-09-10,2026-09-09T14:44:17.233124+00:00,True,16,0.284,0.051,0.111,RT < DA,high,False,False
2026-09-10,2026-09-09T14:44:17.233124+00:00,True,17,0.318,0.071,0.184,RT < DA,high,False,False
2026-09-10,2026-09-09T14:44:17.233124+00:00,True,18,0.243,0.061,0.375,RT < DA,high,False,True
2026-09-10,2026-09-09T14:44:17.233124+00:00,True,19,0.329,0.099,0.385,RT < DA,high,False,True
2026-09-10,2026-09-09T14:44:17.233124+00:00,True,20,0.204,0.097,0.442,RT < DA,high,False,True
2026-09-10,2026-09-09T14:44:17.233124+00:00,True,21,0.275,0.084,0.074,RT < DA,high,False,False
2026-09-10,2026-09-09T14:44:17.233124+00:00,True,22,0.311,0.051,0.004,RT < DA,high,False,False
2026-09-10,2026-09-09T14:44:17.233124+00:00,True,23,0.21,0.034,0.003,RT < DA,high,False,False
2026-09-10,2026-09-09T14:44:17.233124+00:00,True,24,0.091,0.009,0.002,RT < DA,high,False,False
2026-09-11,2026-09-10T14:35:58.043864+00:00,True,1,0.238,0.007,0.003,RT < DA,medium,False,False
2026-09-11,2026-09-10T14:35:58.043864+00:00,True,2,0.211,0.008,0.003,RT < DA,medium,False,False
2026-09-11,2026-09-10T14:35:58.043864+00:00,True,3,0.233,0.012,0.003,RT < DA,medium,False,False
2026-09-11,2026-09-10T14:35:58.043864+00:00,True,4,0.23,0.01,0.001,RT < DA,medium,False,False
2026-09-11,2026-09-10T14:35:58.043864+00:00,True,5,0.317,0.034,0.002,RT < DA,medium,False,False
2026-09-11,2026-09-10T14:35:58.043864+00:00,True,6,0.382,0.014,0.004,RT < DA,medium,False,False
2026-09-11,2026-09-10T14:35:58.043864+00:00,True,7,0.399,0.112,0.008,RT < DA,medium,False,False
2026-09-11,2026-09-10T14:35:58.043864+00:00,True,8,0.331,0.063,0.008,RT < DA,medium,False,False
2026-09-11,2026-09-10T14:35:58.043864+00:00,True,9,0.372,0.066,0.007,RT < DA,medium,False,False
2026-09-11,2026-09-10T14:35:58.043864+00:00,True,10,0.457,0.103,0.006,RT < DA,medium,False,False
2026-09-11,2026-09-10T14:35:58.043864+00:00,True,11,0.317,0.154,0.032,RT < DA,medium,False,False
2026-09-11,2026-09-10T14:35:58.043864+00:00,True,12,0.353,0.127,0.026,RT < DA,medium,False,False
2026-09-11,2026-09-10T14:35:58.043864+00:00,True,13,0.365,0.035,0.024,RT < DA,medium,False,False
2026-09-11,2026-09-10T14:35:58.043864+00:00,True,14,0.4,0.05,0.02,RT < DA,medium,False,False
2026-09-11,2026-09-10T14:35:58.043864+00:00,True,15,0.452,0.115,0.014,RT < DA,medium,False,False
2026-09-11,2026-09-10T14:35:58.043864+00:00,True,16,0.471,0.219,0.01,RT < DA,medium,True,False
2026-09-11,2026-09-10T14:35:58.043864+00:00,True,17,0.338,0.066,0.03,RT < DA,medium,False,False
2026-09-11,2026-09-10T14:35:58.043864+00:00,True,18,0.2,0.095,0.409,RT < DA,medium,False,True
2026-09-11,2026-09-10T14:35:58.043864+00:00,True,19,0.188,0.105,0.425,RT < DA,high,False,True
2026-09-11,2026-09-10T14:35:58.043864+00:00,True,20,0.19,0.106,0.28,RT < DA,high,False,True
2026-09-11,2026-09-10T14:35:58.043864+00:00,True,21,0.377,0.114,0.007,RT < DA,medium,False,False
2026-09-11,2026-09-10T14:35:58.043864+00:00,True,22,0.378,0.088,0.006,RT < DA,medium,False,False
2026-09-11,2026-09-10T14:35:58.043864+00:00,True,23,0.412,0.009,0.003,RT < DA,medium,False,False
2026-09-11,2026-09-10T14:35:58.043864+00:00,True,24,0.308,0.01,0.002,RT < DA,medium,False,False
2026-09-12,2026-09-11T14:34:38.871281+00:00,True,1,0.244,0.006,0.001,RT < DA,medium,False,False
2026-09-12,2026-09-11T14:34:38.871281+00:00,True,2,0.269,0.006,0.001,RT < DA,medium,False,False
2026-09-12,2026-09-11T14:34:38.871281+00:00,True,3,0.279,0.008,0.001,RT < DA,medium,False,False
2026-09-12,2026-09-11T14:34:38.871281+00:00,True,4,0.352,0.009,0.001,RT < DA,medium,False,False
2026-09-12,2026-09-11T14:34:38.871281+00:00,True,5,0.312,0.011,0.002,RT < DA,medium,False,False
2026-09-12,2026-09-11T14:34:38.871281+00:00,True,6,0.296,0.016,0.002,RT < DA,medium,False,False
2026-09-12,2026-09-11T14:34:38.871281+00:00,True,7,0.195,0.026,0.001,RT < DA,high,False,False
2026-09-12,2026-09-11T14:34:38.871281+00:00,True,8,0.421,0.038,0.002,RT < DA,medium,False,False
2026-09-12,2026-09-11T14:34:38.871281+00:00,True,9,0.427,0.034,0.0,RT < DA,medium,False,False
2026-09-12,2026-09-11T14:34:38.871281+00:00,True,10,0.429,0.031,0.001,RT < DA,medium,False,False
2026-09-12,2026-09-11T14:34:38.871281+00:00,True,11,0.542,0.051,0.001,RT > DA,medium,False,False
2026-09-12,2026-09-11T14:34:38.871281+00:00,True,12,0.509,0.039,0.001,RT > DA,medium,False,False
2026-09-12,2026-09-11T14:34:38.871281+00:00,True,13,0.47,0.11,0.002,RT < DA,medium,False,False
2026-09-12,2026-09-11T14:34:38.871281+00:00,True,14,0.478,0.06,0.002,RT < DA,medium,False,False
2026-09-12,2026-09-11T14:34:38.871281+00:00,True,15,0.526,0.095,0.005,RT > DA,medium,False,False
2026-09-12,2026-09-11T14:34:38.871281+00:00,True,16,0.485,0.145,0.008,RT < DA,medium,False,False
2026-09-12,2026-09-11T14:34:38.871281+00:00,True,17,0.459,0.138,0.032,RT < DA,medium,False,False
2026-09-12,2026-09-11T14:34:38.871281+00:00,True,18,0.416,0.193,0.087,RT < DA,medium,False,False
2026-09-12,2026-09-11T14:34:38.871281+00:00,True,19,0.438,0.111,0.027,RT < DA,medium,False,False
2026-09-12,2026-09-11T14:34:38.871281+00:00,True,20,0.455,0.087,0.007,RT < DA,medium,False,False
2026-09-12,2026-09-11T14:34:38.871281+00:00,True,21,0.472,0.102,0.005,RT < DA,medium,False,False
2026-09-12,2026-09-11T14:34:38.871281+00:00,True,22,0.498,0.053,0.001,RT < DA,medium,False,False
2026-09-12,2026-09-11T14:34:38.871281+00:00,True,23,0.46,0.046,0.001,RT < DA,medium,False,False
2026-09-12,2026-09-11T14:34:38.871281+00:00,True,24,0.366,0.032,0.001,RT < DA,medium,False,False
2026-09-13,2026-09-12T13:43:24.651907+00:00,True,1,0.36,0.028,0.001,RT < DA,low,False,False
2026-09-13,2026-09-12T13:43:24.651907+00:00,True,2,0.342,0.023,0.0,RT < DA,medium,False,False
2026-09-13,2026-09-12T13:43:24.651907+00:00,True,3,0.372,0.021,0.001,RT < DA,low,False,False
2026-09-13,2026-09-12T13:43:24.651907+00:00,True,4,0.369,0.032,0.001,RT < DA,low,False,False
2026-09-13,2026-09-12T13:43:24.651907+00:00,True,5,0.42,0.025,0.001,RT < DA,low,False,False
2026-09-13,2026-09-12T13:43:24.651907+00:00,True,6,0.414,0.035,0.001,RT < DA,low,False,False
2026-09-13,2026-09-12T13:43:24.651907+00:00,True,7,0.438,0.029,0.0,RT < DA,low,False,False
2026-09-13,2026-09-12T13:43:24.651907+00:00,True,8,0.477,0.042,0.001,RT < DA,low,False,False
2026-09-13,2026-09-12T13:43:24.651907+00:00,True,9,0.478,0.037,0.001,RT < DA,low,False,False
2026-09-13,2026-09-12T13:43:24.651907+00:00,True,10,0.497,0.039,0.001,RT < DA,low,False,False
2026-09-13,2026-09-12T13:43:24.651907+00:00,True,11,0.627,0.071,0.002,RT > DA,medium,False,False
2026-09-13,2026-09-12T13:43:24.651907+00:00,True,12,0.535,0.11,0.002,RT > DA,medium,False,False
2026-09-13,2026-09-12T13:43:24.651907+00:00,True,13,0.559,0.236,0.003,RT > DA,medium,True,False
2026-09-13,2026-09-12T13:43:24.651907+00:00,True,14,0.6,0.169,0.006,RT > DA,medium,False,False
2026-09-13,2026-09-12T13:43:24.651907+00:00,True,15,0.47,0.13,0.03,RT < DA,low,False,False
2026-09-13,2026-09-12T13:43:24.651907+00:00,True,16,0.445,0.124,0.012,RT < DA,low,False,False
2026-09-13,2026-09-12T13:43:24.651907+00:00,True,17,0.363,0.124,0.021,RT < DA,low,False,False
2026-09-13,2026-09-12T13:43:24.651907+00:00,True,18,0.23,0.104,0.075,RT < DA,medium,False,False
2026-09-13,2026-09-12T13:43:24.651907+00:00,True,19,0.252,0.095,0.029,RT < DA,medium,False,False
2026-09-13,2026-09-12T13:43:24.651907+00:00,True,20,0.311,0.111,0.067,RT < DA,medium,False,False
2026-09-13,2026-09-12T13:43:24.651907+00:00,True,21,0.335,0.097,0.014,RT < DA,medium,False,False
2026-09-13,2026-09-12T13:43:24.651907+00:00,True,22,0.361,0.066,0.009,RT < DA,low,False,False
2026-09-13,2026-09-12T13:43:24.651907+00:00,True,23,0.278,0.025,0.005,RT < DA,medium,False,False
2026-09-13,2026-09-12T13:43:24.651907+00:00,True,24,0.223,0.015,0.001,RT < DA,medium,False,False
2026-09-14,2026-09-13T14:10:42.238516+00:00,True,1,0.192,0.009,0.002,RT < DA,high,False,False
2026-09-14,2026-09-13T14:10:42.238516+00:00,True,2,0.254,0.009,0.001,RT < DA,low,False,False
2026-09-14,2026-09-13T14:10:42.238516+00:00,True,3,0.362,0.012,0.002,RT < DA,low,False,False
2026-09-14,2026-09-13T14:10:42.238516+00:00,True,4,0.377,0.014,0.003,RT < DA,low,False,False
2026-09-14,2026-09-13T14:10:42.238516+00:00,True,5,0.394,0.015,0.001,RT < DA,low,False,False
2026-09-14,2026-09-13T14:10:42.238516+00:00,True,6,0.486,0.034,0.001,RT < DA,low,False,False
2026-09-14,2026-09-13T14:10:42.238516+00:00,True,7,0.514,0.034,0.004,RT > DA,medium,False,False
2026-09-14,2026-09-13T14:10:42.238516+00:00,True,8,0.513,0.066,0.005,RT > DA,medium,False,False
2026-09-14,2026-09-13T14:10:42.238516+00:00,True,9,0.518,0.043,0.002,RT > DA,medium,False,False
2026-09-14,2026-09-13T14:10:42.238516+00:00,True,10,0.493,0.056,0.003,RT < DA,low,False,False
2026-09-14,2026-09-13T14:10:42.238516+00:00,True,11,0.429,0.053,0.004,RT < DA,low,False,False
2026-09-14,2026-09-13T14:10:42.238516+00:00,True,12,0.495,0.056,0.006,RT < DA,low,False,False
2026-09-14,2026-09-13T14:10:42.238516+00:00,True,13,0.453,0.04,0.003,RT < DA,low,False,False
2026-09-14,2026-09-13T14:10:42.238516+00:00,True,14,0.361,0.045,0.004,RT < DA,low,False,False
2026-09-14,2026-09-13T14:10:42.238516+00:00,True,15,0.317,0.048,0.004,RT < DA,low,False,False
2026-09-14,2026-09-13T14:10:42.238516+00:00,True,16,0.384,0.096,0.005,RT < DA,low,False,False
2026-09-14,2026-09-13T14:10:42.238516+00:00,True,17,0.368,0.082,0.034,RT < DA,low,False,False
2026-09-14,2026-09-13T14:10:42.238516+00:00,True,18,0.256,0.08,0.223,RT < DA,low,False,False
2026-09-14,2026-09-13T14:10:42.238516+00:00,True,19,0.304,0.087,0.092,RT < DA,low,False,False
2026-09-14,2026-09-13T14:10:42.238516+00:00,True,20,0.325,0.082,0.036,RT < DA,low,False,False
2026-09-14,2026-09-13T14:10:42.238516+00:00,True,21,0.47,0.125,0.004,RT < DA,low,False,False
2026-09-14,2026-09-13T14:10:42.238516+00:00,True,22,0.462,0.051,0.001,RT < DA,low,False,False
2026-09-14,2026-09-13T14:10:42.238516+00:00,True,23,0.379,0.031,0.001,RT < DA,low,False,False
2026-09-14,2026-09-13T14:10:42.238516+00:00,True,24,0.203,0.016,0.0,RT < DA,low,False,False
2026-09-15,2026-09-14T16:30:18.333113+00:00,True,1,0.292,0.003,0.001,RT < DA,low,False,False
2026-09-15,2026-09-14T16:30:18.333113+00:00,True,2,0.297,0.003,0.001,RT < DA,low,False,False
2026-09-15,2026-09-14T16:30:18.333113+00:00,True,3,0.223,0.005,0.001,RT < DA,low,False,False
2026-09-15,2026-09-14T16:30:18.333113+00:00,True,4,0.273,0.006,0.001,RT < DA,low,False,False
2026-09-15,2026-09-14T16:30:18.333113+00:00,True,5,0.163,0.012,0.001,RT < DA,high,False,False
2026-09-15,2026-09-14T16:30:18.333113+00:00,True,6,0.317,0.013,0.001,RT < DA,low,False,False
2026-09-15,2026-09-14T16:30:18.333113+00:00,True,7,0.328,0.022,0.009,RT < DA,low,False,False
2026-09-15,2026-09-14T16:30:18.333113+00:00,True,8,0.299,0.048,0.004,RT < DA,low,False,False
2026-09-15,2026-09-14T16:30:18.333113+00:00,True,9,0.274,0.034,0.001,RT < DA,low,False,False
2026-09-15,2026-09-14T16:30:18.333113+00:00,True,10,0.406,0.035,0.001,RT < DA,low,False,False
2026-09-15,2026-09-14T16:30:18.333113+00:00,True,11,0.355,0.034,0.002,RT < DA,low,False,False
2026-09-15,2026-09-14T16:30:18.333113+00:00,True,12,0.551,0.033,0.001,RT > DA,medium,False,False
2026-09-15,2026-09-14T16:30:18.333113+00:00,True,13,0.419,0.056,0.003,RT < DA,low,False,False
2026-09-15,2026-09-14T16:30:18.333113+00:00,True,14,0.467,0.076,0.004,RT < DA,low,False,False
2026-09-15,2026-09-14T16:30:18.333113+00:00,True,15,0.463,0.072,0.015,RT < DA,low,False,False
2026-09-15,2026-09-14T16:30:18.333113+00:00,True,16,0.524,0.154,0.016,RT > DA,medium,False,False
2026-09-15,2026-09-14T16:30:18.333113+00:00,True,17,0.397,0.15,0.028,RT < DA,low,False,False
2026-09-15,2026-09-14T16:30:18.333113+00:00,True,18,0.301,0.131,0.388,RT < DA,low,False,True
2026-09-15,2026-09-14T16:30:18.333113+00:00,True,19,0.377,0.162,0.227,RT < DA,low,False,False
2026-09-15,2026-09-14T16:30:18.333113+00:00,True,20,0.346,0.134,0.176,RT < DA,low,False,False
2026-09-15,2026-09-14T16:30:18.333113+00:00,True,21,0.488,0.175,0.007,RT < DA,low,False,False
2026-09-15,2026-09-14T16:30:18.333113+00:00,True,22,0.428,0.059,0.005,RT < DA,low,False,False
2026-09-15,2026-09-14T16:30:18.333113+00:00,True,23,0.372,0.029,0.002,RT < DA,low,False,False
2026-09-15,2026-09-14T16:30:18.333113+00:00,True,24,0.153,0.019,0.004,RT < DA,high,False,False
2026-09-16,2026-09-15T15:10:05.378732+00:00,True,1,0.177,0.006,0.001,RT < DA,high,False,False
2026-09-16,2026-09-15T15:10:05.378732+00:00,True,2,0.233,0.008,0.0,RT < DA,low,False,False
2026-09-16,2026-09-15T15:10:05.378732+00:00,True,3,0.262,0.007,0.0,RT < DA,low,False,False
2026-09-16,2026-09-15T15:10:05.378732+00:00,True,4,0.237,0.012,0.0,RT < DA,low,False,False
2026-09-16,2026-09-15T15:10:05.378732+00:00,True,5,0.335,0.01,0.0,RT < DA,low,False,False
2026-09-16,2026-09-15T15:10:05.378732+00:00,True,6,0.441,0.018,0.003,RT < DA,low,False,False
2026-09-16,2026-09-15T15:10:05.378732+00:00,True,7,0.423,0.044,0.003,RT < DA,low,False,False
2026-09-16,2026-09-15T15:10:05.378732+00:00,True,8,0.512,0.052,0.002,RT > DA,medium,False,False
2026-09-16,2026-09-15T15:10:05.378732+00:00,True,9,0.404,0.055,0.002,RT < DA,low,False,False
2026-09-16,2026-09-15T15:10:05.378732+00:00,True,10,0.431,0.051,0.002,RT < DA,low,False,False
2026-09-16,2026-09-15T15:10:05.378732+00:00,True,11,0.419,0.05,0.001,RT < DA,low,False,False
2026-09-16,2026-09-15T15:10:05.378732+00:00,True,12,0.499,0.06,0.005,RT < DA,low,False,False
2026-09-16,2026-09-15T15:10:05.378732+00:00,True,13,0.488,0.071,0.005,RT < DA,low,False,False
2026-09-16,2026-09-15T15:10:05.378732+00:00,True,14,0.403,0.083,0.005,RT < DA,low,False,False
2026-09-16,2026-09-15T15:10:05.378732+00:00,True,15,0.279,0.053,0.006,RT < DA,low,False,False
2026-09-16,2026-09-15T15:10:05.378732+00:00,True,16,0.293,0.083,0.005,RT < DA,low,False,False
2026-09-16,2026-09-15T15:10:05.378732+00:00,True,17,0.237,0.102,0.022,RT < DA,low,False,False
2026-09-16,2026-09-15T15:10:05.378732+00:00,True,18,0.227,0.098,0.086,RT < DA,low,False,False
2026-09-16,2026-09-15T15:10:05.378732+00:00,True,19,0.244,0.099,0.015,RT < DA,low,False,False
2026-09-16,2026-09-15T15:10:05.378732+00:00,True,20,0.235,0.082,0.02,RT < DA,low,False,False
2026-09-16,2026-09-15T15:10:05.378732+00:00,True,21,0.455,0.104,0.004,RT < DA,low,False,False
2026-09-16,2026-09-15T15:10:05.378732+00:00,True,22,0.41,0.068,0.002,RT < DA,low,False,False
2026-09-16,2026-09-15T15:10:05.378732+00:00,True,23,0.269,0.046,0.002,RT < DA,low,False,False
2026-09-16,2026-09-15T15:10:05.378732+00:00,True,24,0.242,0.033,0.001,RT < DA,low,False,False
2026-09-17,2026-09-16T15:06:43.220392+00:00,True,1,0.372,0.015,0.0,RT < DA,low,False,False
2026-09-17,2026-09-16T15:06:43.220392+00:00,True,2,0.387,0.01,0.001,RT < DA,low,False,False
2026-09-17,2026-09-16T15:06:43.220392+00:00,True,3,0.322,0.008,0.001,RT < DA,low,False,False
2026-09-17,2026-09-16T15:06:43.220392+00:00,True,4,0.325,0.013,0.002,RT < DA,low,False,False
2026-09-17,2026-09-16T15:06:43.220392+00:00,True,5,0.371,0.027,0.001,RT < DA,low,False,False
2026-09-17,2026-09-16T15:06:43.220392+00:00,True,6,0.524,0.064,0.003,RT > DA,medium,False,False
2026-09-17,2026-09-16T15:06:43.220392+00:00,True,7,0.495,0.074,0.005,RT < DA,low,False,False
2026-09-17,2026-09-16T15:06:43.220392+00:00,True,8,0.524,0.122,0.003,RT > DA,medium,False,False
2026-09-17,2026-09-16T15:06:43.220392+00:00,True,9,0.434,0.09,0.003,RT < DA,low,False,False
2026-09-17,2026-09-16T15:06:43.220392+00:00,True,10,0.493,0.084,0.006,RT < DA,low,False,False
2026-09-17,2026-09-16T15:06:43.220392+00:00,True,11,0.455,0.045,0.006,RT < DA,low,False,False
2026-09-17,2026-09-16T15:06:43.220392+00:00,True,12,0.465,0.077,0.005,RT < DA,low,False,False
2026-09-17,2026-09-16T15:06:43.220392+00:00,True,13,0.433,0.048,0.005,RT < DA,low,False,False
2026-09-17,2026-09-16T15:06:43.220392+00:00,True,14,0.437,0.063,0.005,RT < DA,low,False,False
2026-09-17,2026-09-16T15:06:43.220392+00:00,True,15,0.32,0.085,0.006,RT < DA,low,False,False
2026-09-17,2026-09-16T15:06:43.220392+00:00,True,16,0.432,0.144,0.006,RT < DA,low,False,False
2026-09-17,2026-09-16T15:06:43.220392+00:00,True,17,0.314,0.102,0.023,RT < DA,low,False,False
2026-09-17,2026-09-16T15:06:43.220392+00:00,True,18,0.313,0.113,0.097,RT < DA,low,False,False
2026-09-17,2026-09-16T15:06:43.220392+00:00,True,19,0.277,0.125,0.25,RT < DA,low,False,True
2026-09-17,2026-09-16T15:06:43.220392+00:00,True,20,0.28,0.126,0.113,RT < DA,low,False,False
2026-09-17,2026-09-16T15:06:43.220392+00:00,True,21,0.481,0.132,0.005,RT < DA,low,False,False
2026-09-17,2026-09-16T15:06:43.220392+00:00,True,22,0.521,0.079,0.002,RT > DA,medium,False,False
2026-09-17,2026-09-16T15:06:43.220392+00:00,True,23,0.438,0.082,0.001,RT < DA,low,False,False
2026-09-17,2026-09-16T15:06:43.220392+00:00,True,24,0.25,0.025,0.001,RT < DA,low,False,False
2026-09-18,2026-09-17T16:15:51.337547+00:00,False,1,0.263,0.012,0.001,RT < DA,low,False,False
2026-09-18,2026-09-17T16:15:51.337547+00:00,False,2,0.236,0.013,0.001,RT < DA,low,False,False
2026-09-18,2026-09-17T16:15:51.337547+00:00,False,3,0.284,0.012,0.002,RT < DA,low,False,False
2026-09-18,2026-09-17T16:15:51.337547+00:00,False,4,0.359,0.014,0.0,RT < DA,low,False,False
2026-09-18,2026-09-17T16:15:51.337547+00:00,False,5,0.267,0.021,0.0,RT < DA,low,False,False
2026-09-18,2026-09-17T16:15:51.337547+00:00,False,6,0.298,0.035,0.003,RT < DA,low,False,False
2026-09-18,2026-09-17T16:15:51.337547+00:00,False,7,0.377,0.053,0.006,RT < DA,low,False,False
2026-09-18,2026-09-17T16:15:51.337547+00:00,False,8,0.404,0.052,0.005,RT < DA,low,False,False
2026-09-18,2026-09-17T16:15:51.337547+00:00,False,9,0.385,0.054,0.002,RT < DA,low,False,False
2026-09-18,2026-09-17T16:15:51.337547+00:00,False,10,0.271,0.051,0.008,RT < DA,low,False,False
2026-09-18,2026-09-17T16:15:51.337547+00:00,False,11,0.277,0.054,0.014,RT < DA,low,False,False
2026-09-18,2026-09-17T16:15:51.337547+00:00,False,12,0.362,0.063,0.014,RT < DA,low,False,False
2026-09-18,2026-09-17T16:15:51.337547+00:00,False,13,0.182,0.088,0.019,RT < DA,high,False,False
2026-09-18,2026-09-17T16:15:51.337547+00:00,False,14,0.152,0.085,0.027,RT < DA,high,False,False
2026-09-18,2026-09-17T16:15:51.337547+00:00,False,15,0.123,0.072,0.033,RT < DA,high,False,False
2026-09-18,2026-09-17T16:15:51.337547+00:00,False,16,0.121,0.067,0.012,RT < DA,high,False,False
2026-09-18,2026-09-17T16:15:51.337547+00:00,False,17,0.125,0.072,0.01,RT < DA,high,False,False
2026-09-18,2026-09-17T16:15:51.337547+00:00,False,18,0.138,0.079,0.021,RT < DA,high,False,False
2026-09-18,2026-09-17T16:15:51.337547+00:00,False,19,0.124,0.078,0.02,RT < DA,high,False,False
2026-09-18,2026-09-17T16:15:51.337547+00:00,False,20,0.127,0.078,0.017,RT < DA,high,False,False
2026-09-18,2026-09-17T16:15:51.337547+00:00,False,21,0.19,0.042,0.004,RT < DA,high,False,False
2026-09-18,2026-09-17T16:15:51.337547+00:00,False,22,0.149,0.031,0.001,RT < DA,high,False,False
2026-09-18,2026-09-17T16:15:51.337547+00:00,False,23,0.167,0.018,0.0,RT < DA,high,False,False
2026-09-18,2026-09-17T16:15:51.337547+00:00,False,24,0.122,0.013,0.0,RT < DA,high,False,False
