target_date,vintage,generated_at,backfilled,hour,p_pos,p_big_pos,p_big_neg,p_low_rt,call,tier,confidence,edge,big_pos_watch,big_neg_watch,sbg_watch
2026-07-10,pre_dam,2026-10-03T03:08:42.250464+00:00,True,1,0.705,0.022,0.004,0.006,DART > 0,high,67.5,9.16,False,False,False
2026-07-10,pre_dam,2026-10-03T03:08:42.250464+00:00,True,2,0.606,0.015,0.001,0.005,DART > 0,high,67.3,10.01,False,False,False
2026-07-10,pre_dam,2026-10-03T03:08:42.250464+00:00,True,3,0.644,0.017,0.001,0.005,DART > 0,high,67.3,10.01,False,False,False
2026-07-10,pre_dam,2026-10-03T03:08:42.250464+00:00,True,4,0.67,0.02,0.001,0.008,DART > 0,high,67.5,9.16,False,False,False
2026-07-10,pre_dam,2026-10-03T03:08:42.250464+00:00,True,5,0.649,0.032,0.001,0.005,DART > 0,high,67.3,10.01,False,False,False
2026-07-10,pre_dam,2026-10-03T03:08:42.250464+00:00,True,6,0.584,0.019,0.002,0.006,DART > 0,high,67.3,10.01,False,False,False
2026-07-10,pre_dam,2026-10-03T03:08:42.250464+00:00,True,7,0.622,0.037,0.009,0.004,DART > 0,high,67.3,10.01,False,False,False
2026-07-10,pre_dam,2026-10-03T03:08:42.250464+00:00,True,8,0.614,0.093,0.026,0.004,DART > 0,high,67.3,10.01,False,False,False
2026-07-10,pre_dam,2026-10-03T03:08:42.250464+00:00,True,9,0.625,0.082,0.02,0.007,DART > 0,high,67.3,10.01,False,False,False
2026-07-10,pre_dam,2026-10-03T03:08:42.250464+00:00,True,10,0.807,0.608,0.01,0.007,DART > 0,high,77.6,18.55,True,False,False
2026-07-10,pre_dam,2026-10-03T03:08:42.250464+00:00,True,11,0.86,0.554,0.004,0.004,DART > 0,high,77.6,18.55,True,False,False
2026-07-10,pre_dam,2026-10-03T03:08:42.250464+00:00,True,12,0.882,0.474,0.008,0.006,DART > 0,high,77.6,18.55,True,False,False
2026-07-10,pre_dam,2026-10-03T03:08:42.250464+00:00,True,13,0.894,0.248,0.016,0.007,DART > 0,high,77.6,18.55,True,False,False
2026-07-10,pre_dam,2026-10-03T03:08:42.250464+00:00,True,14,0.916,0.363,0.007,0.007,DART > 0,high,77.6,18.55,True,False,False
2026-07-10,pre_dam,2026-10-03T03:08:42.250464+00:00,True,15,0.905,0.503,0.022,0.033,DART > 0,high,77.6,18.55,True,False,False
2026-07-10,pre_dam,2026-10-03T03:08:42.250464+00:00,True,16,0.883,0.44,0.032,0.017,DART > 0,high,77.6,18.55,True,False,False
2026-07-10,pre_dam,2026-10-03T03:08:42.250464+00:00,True,17,0.905,0.108,0.012,0.008,DART > 0,high,77.6,18.55,True,False,False
2026-07-10,pre_dam,2026-10-03T03:08:42.250464+00:00,True,18,0.89,0.273,0.018,0.011,DART > 0,high,77.6,18.55,True,False,False
2026-07-10,pre_dam,2026-10-03T03:08:42.250464+00:00,True,19,0.91,0.386,0.014,0.024,DART > 0,high,77.6,18.55,True,False,False
2026-07-10,pre_dam,2026-10-03T03:08:42.250464+00:00,True,20,0.902,0.503,0.009,0.02,DART > 0,high,77.6,18.55,True,False,False
2026-07-10,pre_dam,2026-10-03T03:08:42.250464+00:00,True,21,0.825,0.255,0.02,0.007,DART > 0,high,77.6,18.55,True,False,False
2026-07-10,pre_dam,2026-10-03T03:08:42.250464+00:00,True,22,0.803,0.187,0.015,0.01,DART > 0,high,77.6,18.55,True,False,False
2026-07-10,pre_dam,2026-10-03T03:08:42.250464+00:00,True,23,0.752,0.024,0.009,0.01,DART > 0,high,67.5,9.16,False,False,False
2026-07-10,pre_dam,2026-10-03T03:08:42.250464+00:00,True,24,0.747,0.049,0.006,0.01,DART > 0,high,67.5,9.16,False,False,False
2026-07-11,pre_dam,2026-10-03T03:11:25.068443+00:00,True,1,0.849,0.221,0.057,0.014,DART > 0,high,78.1,15.61,True,False,False
2026-07-11,pre_dam,2026-10-03T03:11:25.068443+00:00,True,2,0.801,0.19,0.01,0.024,DART > 0,high,78.1,15.61,True,False,False
2026-07-11,pre_dam,2026-10-03T03:11:25.068443+00:00,True,3,0.708,0.056,0.015,0.021,DART > 0,high,66.0,9.08,False,False,False
2026-07-11,pre_dam,2026-10-03T03:11:25.068443+00:00,True,4,0.751,0.07,0.007,0.024,DART > 0,high,66.0,9.08,False,False,False
2026-07-11,pre_dam,2026-10-03T03:11:25.068443+00:00,True,5,0.702,0.085,0.006,0.023,DART > 0,high,66.0,9.08,False,False,False
2026-07-11,pre_dam,2026-10-03T03:11:25.068443+00:00,True,6,0.714,0.166,0.003,0.021,DART > 0,high,66.0,9.08,True,False,False
2026-07-11,pre_dam,2026-10-03T03:11:25.068443+00:00,True,7,0.696,0.145,0.007,0.024,DART > 0,high,66.0,9.08,True,False,False
2026-07-11,pre_dam,2026-10-03T03:11:25.068443+00:00,True,8,0.814,0.231,0.007,0.018,DART > 0,high,78.1,15.61,True,False,False
2026-07-11,pre_dam,2026-10-03T03:11:25.068443+00:00,True,9,0.762,0.16,0.01,0.019,DART > 0,high,66.0,9.08,True,False,False
2026-07-11,pre_dam,2026-10-03T03:11:25.068443+00:00,True,10,0.79,0.139,0.011,0.02,DART > 0,high,66.0,9.08,True,False,False
2026-07-11,pre_dam,2026-10-03T03:11:25.068443+00:00,True,11,0.801,0.166,0.021,0.026,DART > 0,high,78.1,15.61,True,False,False
2026-07-11,pre_dam,2026-10-03T03:11:25.068443+00:00,True,12,0.814,0.263,0.026,0.061,DART > 0,high,78.1,15.61,True,False,False
2026-07-11,pre_dam,2026-10-03T03:11:25.068443+00:00,True,13,0.862,0.488,0.041,0.042,DART > 0,high,78.1,15.61,True,False,False
2026-07-11,pre_dam,2026-10-03T03:11:25.068443+00:00,True,14,0.921,0.6,0.019,0.058,DART > 0,high,78.1,15.61,True,False,False
2026-07-11,pre_dam,2026-10-03T03:11:25.068443+00:00,True,15,0.914,0.479,0.018,0.053,DART > 0,high,78.1,15.61,True,False,False
2026-07-11,pre_dam,2026-10-03T03:11:25.068443+00:00,True,16,0.924,0.255,0.022,0.027,DART > 0,high,78.1,15.61,True,False,False
2026-07-11,pre_dam,2026-10-03T03:11:25.068443+00:00,True,17,0.893,0.815,0.037,0.026,DART > 0,high,78.1,15.61,True,False,False
2026-07-11,pre_dam,2026-10-03T03:11:25.068443+00:00,True,18,0.765,0.577,0.042,0.021,DART > 0,high,66.0,9.08,True,False,False
2026-07-11,pre_dam,2026-10-03T03:11:25.068443+00:00,True,19,0.836,0.589,0.043,0.04,DART > 0,high,78.1,15.61,True,False,False
2026-07-11,pre_dam,2026-10-03T03:11:25.068443+00:00,True,20,0.824,0.743,0.058,0.008,DART > 0,high,78.1,15.61,True,False,False
2026-07-11,pre_dam,2026-10-03T03:11:25.068443+00:00,True,21,0.773,0.533,0.027,0.024,DART > 0,high,66.0,9.08,True,False,False
2026-07-11,pre_dam,2026-10-03T03:11:25.068443+00:00,True,22,0.687,0.299,0.05,0.017,DART > 0,high,66.0,9.08,True,False,False
2026-07-11,pre_dam,2026-10-03T03:11:25.068443+00:00,True,23,0.769,0.103,0.024,0.032,DART > 0,high,66.0,9.08,False,False,False
2026-07-11,pre_dam,2026-10-03T03:11:25.068443+00:00,True,24,0.822,0.082,0.012,0.033,DART > 0,high,78.1,15.61,False,False,False
2026-07-12,pre_dam,2026-10-03T03:13:20.383929+00:00,True,1,0.837,0.015,0.008,0.012,DART > 0,high,76.4,17.05,False,False,False
2026-07-12,pre_dam,2026-10-03T03:13:20.383929+00:00,True,2,0.788,0.006,0.004,0.02,DART > 0,high,66.6,9.75,False,False,False
2026-07-12,pre_dam,2026-10-03T03:13:20.383929+00:00,True,3,0.773,0.008,0.004,0.017,DART > 0,high,66.6,9.75,False,False,False
2026-07-12,pre_dam,2026-10-03T03:13:20.383929+00:00,True,4,0.754,0.011,0.004,0.027,DART > 0,high,66.6,9.75,False,False,False
2026-07-12,pre_dam,2026-10-03T03:13:20.383929+00:00,True,5,0.676,0.012,0.005,0.027,DART > 0,high,66.6,9.75,False,False,False
2026-07-12,pre_dam,2026-10-03T03:13:20.383929+00:00,True,6,0.701,0.016,0.006,0.029,DART > 0,high,66.6,9.75,False,False,False
2026-07-12,pre_dam,2026-10-03T03:13:20.383929+00:00,True,7,0.619,0.021,0.004,0.02,DART > 0,high,68.9,8.33,False,False,False
2026-07-12,pre_dam,2026-10-03T03:13:20.383929+00:00,True,8,0.633,0.013,0.009,0.016,DART > 0,high,68.9,8.33,False,False,False
2026-07-12,pre_dam,2026-10-03T03:13:20.383929+00:00,True,9,0.695,0.009,0.019,0.014,DART > 0,high,66.6,9.75,False,False,False
2026-07-12,pre_dam,2026-10-03T03:13:20.383929+00:00,True,10,0.672,0.013,0.027,0.017,DART > 0,high,66.6,9.75,False,False,False
2026-07-12,pre_dam,2026-10-03T03:13:20.383929+00:00,True,11,0.656,0.016,0.039,0.012,DART > 0,high,66.6,9.75,False,False,False
2026-07-12,pre_dam,2026-10-03T03:13:20.383929+00:00,True,12,0.64,0.027,0.037,0.012,DART > 0,high,68.9,8.33,False,False,False
2026-07-12,pre_dam,2026-10-03T03:13:20.383929+00:00,True,13,0.704,0.075,0.07,0.024,DART > 0,high,66.6,9.75,False,False,False
2026-07-12,pre_dam,2026-10-03T03:13:20.383929+00:00,True,14,0.834,0.076,0.048,0.025,DART > 0,high,76.4,17.05,False,False,False
2026-07-12,pre_dam,2026-10-03T03:13:20.383929+00:00,True,15,0.827,0.104,0.087,0.018,DART > 0,high,76.4,17.05,False,False,False
2026-07-12,pre_dam,2026-10-03T03:13:20.383929+00:00,True,16,0.844,0.113,0.072,0.019,DART > 0,high,76.4,17.05,False,False,False
2026-07-12,pre_dam,2026-10-03T03:13:20.383929+00:00,True,17,0.855,0.302,0.082,0.02,DART > 0,high,76.4,17.05,True,False,False
2026-07-12,pre_dam,2026-10-03T03:13:20.383929+00:00,True,18,0.829,0.66,0.048,0.028,DART > 0,high,76.4,17.05,True,False,False
2026-07-12,pre_dam,2026-10-03T03:13:20.383929+00:00,True,19,0.85,0.475,0.045,0.019,DART > 0,high,76.4,17.05,True,False,False
2026-07-12,pre_dam,2026-10-03T03:13:20.383929+00:00,True,20,0.849,0.695,0.047,0.021,DART > 0,high,76.4,17.05,True,False,False
2026-07-12,pre_dam,2026-10-03T03:13:20.383929+00:00,True,21,0.804,0.258,0.132,0.011,DART > 0,high,76.4,17.05,True,False,False
2026-07-12,pre_dam,2026-10-03T03:13:20.383929+00:00,True,22,0.707,0.069,0.171,0.017,DART > 0,high,66.6,9.75,False,False,False
2026-07-12,pre_dam,2026-10-03T03:13:20.383929+00:00,True,23,0.745,0.024,0.121,0.018,DART > 0,high,66.6,9.75,False,False,False
2026-07-12,pre_dam,2026-10-03T03:13:20.383929+00:00,True,24,0.773,0.009,0.029,0.029,DART > 0,high,66.6,9.75,False,False,False
2026-07-13,pre_dam,2026-10-03T03:15:10.854163+00:00,True,1,0.764,0.032,0.013,0.042,DART > 0,high,66.7,10.15,False,False,False
2026-07-13,pre_dam,2026-10-03T03:15:10.854163+00:00,True,2,0.754,0.033,0.009,0.07,DART > 0,high,66.7,10.15,False,False,False
2026-07-13,pre_dam,2026-10-03T03:15:10.854163+00:00,True,3,0.719,0.028,0.009,0.072,DART > 0,high,66.7,10.15,False,False,False
2026-07-13,pre_dam,2026-10-03T03:15:10.854163+00:00,True,4,0.729,0.03,0.012,0.079,DART > 0,high,66.7,10.15,False,False,False
2026-07-13,pre_dam,2026-10-03T03:15:10.854163+00:00,True,5,0.671,0.046,0.008,0.059,DART > 0,high,66.7,10.15,False,False,False
2026-07-13,pre_dam,2026-10-03T03:15:10.854163+00:00,True,6,0.66,0.025,0.011,0.044,DART > 0,high,66.7,10.15,False,False,False
2026-07-13,pre_dam,2026-10-03T03:15:10.854163+00:00,True,7,0.621,0.023,0.024,0.04,DART > 0,high,67.2,9.63,False,False,False
2026-07-13,pre_dam,2026-10-03T03:15:10.854163+00:00,True,8,0.708,0.034,0.041,0.023,DART > 0,high,66.7,10.15,False,False,False
2026-07-13,pre_dam,2026-10-03T03:15:10.854163+00:00,True,9,0.715,0.035,0.039,0.032,DART > 0,high,66.7,10.15,False,False,False
2026-07-13,pre_dam,2026-10-03T03:15:10.854163+00:00,True,10,0.614,0.058,0.036,0.04,DART > 0,high,67.2,9.63,False,False,False
2026-07-13,pre_dam,2026-10-03T03:15:10.854163+00:00,True,11,0.727,0.098,0.042,0.039,DART > 0,high,66.7,10.15,False,False,False
2026-07-13,pre_dam,2026-10-03T03:15:10.854163+00:00,True,12,0.633,0.257,0.046,0.033,DART > 0,high,67.2,9.63,True,False,False
2026-07-13,pre_dam,2026-10-03T03:15:10.854163+00:00,True,13,0.747,0.401,0.054,0.01,DART > 0,high,66.7,10.15,True,False,False
2026-07-13,pre_dam,2026-10-03T03:15:10.854163+00:00,True,14,0.85,0.607,0.022,0.013,DART > 0,high,77.9,17.06,True,False,False
2026-07-13,pre_dam,2026-10-03T03:15:10.854163+00:00,True,15,0.887,0.533,0.003,0.013,DART > 0,high,77.9,17.06,True,False,False
2026-07-13,pre_dam,2026-10-03T03:15:10.854163+00:00,True,16,0.903,0.49,0.006,0.008,DART > 0,high,77.9,17.06,True,False,False
2026-07-13,pre_dam,2026-10-03T03:15:10.854163+00:00,True,17,0.884,0.515,0.007,0.011,DART > 0,high,77.9,17.06,True,False,False
2026-07-13,pre_dam,2026-10-03T03:15:10.854163+00:00,True,18,0.842,0.656,0.033,0.004,DART > 0,high,77.9,17.06,True,False,False
2026-07-13,pre_dam,2026-10-03T03:15:10.854163+00:00,True,19,0.752,0.812,0.042,0.001,DART > 0,high,66.7,10.15,True,False,False
2026-07-13,pre_dam,2026-10-03T03:15:10.854163+00:00,True,20,0.805,0.669,0.023,0.001,DART > 0,high,77.9,17.06,True,False,False
2026-07-13,pre_dam,2026-10-03T03:15:10.854163+00:00,True,21,0.864,0.509,0.022,0.004,DART > 0,high,77.9,17.06,True,False,False
2026-07-13,pre_dam,2026-10-03T03:15:10.854163+00:00,True,22,0.694,0.07,0.071,0.003,DART > 0,high,66.7,10.15,False,False,False
2026-07-13,pre_dam,2026-10-03T03:15:10.854163+00:00,True,23,0.538,0.057,0.095,0.008,DART > 0,high,67.2,9.63,False,False,False
2026-07-13,pre_dam,2026-10-03T03:15:10.854163+00:00,True,24,0.535,0.015,0.051,0.034,DART > 0,high,67.2,9.63,False,False,False
2026-07-14,pre_dam,2026-10-03T03:16:57.794293+00:00,True,1,0.613,0.013,0.031,0.009,DART > 0,high,65.7,9.44,False,False,False
2026-07-14,pre_dam,2026-10-03T03:16:57.794293+00:00,True,2,0.64,0.01,0.012,0.007,DART > 0,high,65.7,9.44,False,False,False
2026-07-14,pre_dam,2026-10-03T03:16:57.794293+00:00,True,3,0.605,0.02,0.012,0.007,DART > 0,high,65.7,9.44,False,False,False
2026-07-14,pre_dam,2026-10-03T03:16:57.794293+00:00,True,4,0.471,0.041,0.011,0.008,DART > 0,high,75.9,11.63,False,False,False
2026-07-14,pre_dam,2026-10-03T03:16:57.794293+00:00,True,5,0.617,0.008,0.013,0.007,DART > 0,high,65.7,9.44,False,False,False
2026-07-14,pre_dam,2026-10-03T03:16:57.794293+00:00,True,6,0.736,0.014,0.029,0.001,DART > 0,high,68.8,9.85,False,False,False
2026-07-14,pre_dam,2026-10-03T03:16:57.794293+00:00,True,7,0.61,0.015,0.029,0.004,DART > 0,high,65.7,9.44,False,False,False
2026-07-14,pre_dam,2026-10-03T03:16:57.794293+00:00,True,8,0.636,0.038,0.073,0.003,DART > 0,high,65.7,9.44,False,False,False
2026-07-14,pre_dam,2026-10-03T03:16:57.794293+00:00,True,9,0.681,0.036,0.074,0.003,DART > 0,high,68.8,9.85,False,False,False
2026-07-14,pre_dam,2026-10-03T03:16:57.794293+00:00,True,10,0.816,0.067,0.045,0.004,DART > 0,high,77.9,16.85,False,False,False
2026-07-14,pre_dam,2026-10-03T03:16:57.794293+00:00,True,11,0.888,0.553,0.012,0.006,DART > 0,high,77.9,16.85,True,False,False
2026-07-14,pre_dam,2026-10-03T03:16:57.794293+00:00,True,12,0.867,0.493,0.015,0.002,DART > 0,high,77.9,16.85,True,False,False
2026-07-14,pre_dam,2026-10-03T03:16:57.794293+00:00,True,13,0.911,0.73,0.016,0.004,DART > 0,high,77.9,16.85,True,False,False
2026-07-14,pre_dam,2026-10-03T03:16:57.794293+00:00,True,14,0.877,0.764,0.017,0.006,DART > 0,high,77.9,16.85,True,False,False
2026-07-14,pre_dam,2026-10-03T03:16:57.794293+00:00,True,15,0.926,0.759,0.017,0.003,DART > 0,high,77.9,16.85,True,False,False
2026-07-14,pre_dam,2026-10-03T03:16:57.794293+00:00,True,16,0.88,0.842,0.027,0.004,DART > 0,high,77.9,16.85,True,False,False
2026-07-14,pre_dam,2026-10-03T03:16:57.794293+00:00,True,17,0.918,0.776,0.03,0.004,DART > 0,high,77.9,16.85,True,False,False
2026-07-14,pre_dam,2026-10-03T03:16:57.794293+00:00,True,18,0.887,0.822,0.025,0.004,DART > 0,high,77.9,16.85,True,False,False
2026-07-14,pre_dam,2026-10-03T03:16:57.794293+00:00,True,19,0.902,0.847,0.024,0.007,DART > 0,high,77.9,16.85,True,False,False
2026-07-14,pre_dam,2026-10-03T03:16:57.794293+00:00,True,20,0.916,0.874,0.035,0.006,DART > 0,high,77.9,16.85,True,False,False
2026-07-14,pre_dam,2026-10-03T03:16:57.794293+00:00,True,21,0.872,0.785,0.039,0.005,DART > 0,high,77.9,16.85,True,False,False
2026-07-14,pre_dam,2026-10-03T03:16:57.794293+00:00,True,22,0.884,0.811,0.041,0.005,DART > 0,high,77.9,16.85,True,False,False
2026-07-14,pre_dam,2026-10-03T03:16:57.794293+00:00,True,23,0.703,0.335,0.059,0.004,DART > 0,high,68.8,9.85,True,False,False
2026-07-14,pre_dam,2026-10-03T03:16:57.794293+00:00,True,24,0.465,0.07,0.077,0.005,DART > 0,high,75.9,11.63,False,False,False
2026-07-16,pre_dam,2026-10-03T03:18:46.825897+00:00,True,1,0.762,0.061,0.013,0.024,DART > 0,high,67.7,10.65,False,False,False
2026-07-16,pre_dam,2026-10-03T03:18:46.825897+00:00,True,2,0.757,0.038,0.007,0.024,DART > 0,high,67.7,10.65,False,False,False
2026-07-16,pre_dam,2026-10-03T03:18:46.825897+00:00,True,3,0.711,0.052,0.008,0.028,DART > 0,high,67.7,10.65,False,False,False
2026-07-16,pre_dam,2026-10-03T03:18:46.825897+00:00,True,4,0.729,0.054,0.004,0.026,DART > 0,high,67.7,10.65,False,False,False
2026-07-16,pre_dam,2026-10-03T03:18:46.825897+00:00,True,5,0.757,0.03,0.004,0.022,DART > 0,high,67.7,10.65,False,False,False
2026-07-16,pre_dam,2026-10-03T03:18:46.825897+00:00,True,6,0.69,0.037,0.007,0.025,DART > 0,high,67.7,10.65,False,False,False
2026-07-16,pre_dam,2026-10-03T03:18:46.825897+00:00,True,7,0.687,0.092,0.014,0.025,DART > 0,high,67.7,10.65,False,False,False
2026-07-16,pre_dam,2026-10-03T03:18:46.825897+00:00,True,8,0.819,0.377,0.031,0.056,DART > 0,high,76.3,20.17,True,False,False
2026-07-16,pre_dam,2026-10-03T03:18:46.825897+00:00,True,9,0.723,0.503,0.024,0.018,DART > 0,high,67.7,10.65,True,False,False
2026-07-16,pre_dam,2026-10-03T03:18:46.825897+00:00,True,10,0.736,0.537,0.031,0.021,DART > 0,high,67.7,10.65,True,False,False
2026-07-16,pre_dam,2026-10-03T03:18:46.825897+00:00,True,11,0.664,0.521,0.032,0.019,DART > 0,high,67.7,10.65,True,False,False
2026-07-16,pre_dam,2026-10-03T03:18:46.825897+00:00,True,12,0.713,0.402,0.027,0.023,DART > 0,high,67.7,10.65,True,False,False
2026-07-16,pre_dam,2026-10-03T03:18:46.825897+00:00,True,13,0.854,0.525,0.004,0.021,DART > 0,high,76.3,20.17,True,False,False
2026-07-16,pre_dam,2026-10-03T03:18:46.825897+00:00,True,14,0.923,0.568,0.008,0.041,DART > 0,high,76.3,20.17,True,False,False
2026-07-16,pre_dam,2026-10-03T03:18:46.825897+00:00,True,15,0.937,0.56,0.004,0.092,DART > 0,high,76.3,20.17,True,False,False
2026-07-16,pre_dam,2026-10-03T03:18:46.825897+00:00,True,16,0.912,0.604,0.004,0.095,DART > 0,high,76.3,20.17,True,False,False
2026-07-16,pre_dam,2026-10-03T03:18:46.825897+00:00,True,17,0.913,0.568,0.013,0.113,DART > 0,high,76.3,20.17,True,False,False
2026-07-16,pre_dam,2026-10-03T03:18:46.825897+00:00,True,18,0.902,0.58,0.011,0.125,DART > 0,high,76.3,20.17,True,False,False
2026-07-16,pre_dam,2026-10-03T03:18:46.825897+00:00,True,19,0.897,0.6,0.013,0.034,DART > 0,high,76.3,20.17,True,False,False
2026-07-16,pre_dam,2026-10-03T03:18:46.825897+00:00,True,20,0.859,0.533,0.022,0.021,DART > 0,high,76.3,20.17,True,False,False
2026-07-16,pre_dam,2026-10-03T03:18:46.825897+00:00,True,21,0.808,0.395,0.042,0.019,DART > 0,high,76.3,20.17,True,False,False
2026-07-16,pre_dam,2026-10-03T03:18:46.825897+00:00,True,22,0.692,0.174,0.044,0.029,DART > 0,high,67.7,10.65,True,False,False
2026-07-16,pre_dam,2026-10-03T03:18:46.825897+00:00,True,23,0.72,0.069,0.029,0.041,DART > 0,high,67.7,10.65,False,False,False
2026-07-16,pre_dam,2026-10-03T03:18:46.825897+00:00,True,24,0.612,0.031,0.006,0.037,DART > 0,medium,68.8,4.42,False,False,False
2026-07-18,pre_dam,2026-10-03T03:20:30.317121+00:00,True,1,0.831,0.007,0.01,0.028,DART > 0,high,74.1,21.45,False,False,False
2026-07-18,pre_dam,2026-10-03T03:20:30.317121+00:00,True,2,0.848,0.007,0.005,0.034,DART > 0,high,74.1,21.45,False,False,False
2026-07-18,pre_dam,2026-10-03T03:20:30.317121+00:00,True,3,0.865,0.005,0.006,0.04,DART > 0,high,74.1,21.45,False,False,False
2026-07-18,pre_dam,2026-10-03T03:20:30.317121+00:00,True,4,0.868,0.007,0.008,0.042,DART > 0,high,74.1,21.45,False,False,False
2026-07-18,pre_dam,2026-10-03T03:20:30.317121+00:00,True,5,0.879,0.007,0.006,0.049,DART > 0,high,74.1,21.45,False,False,False
2026-07-18,pre_dam,2026-10-03T03:20:30.317121+00:00,True,6,0.852,0.011,0.006,0.031,DART > 0,high,74.1,21.45,False,False,False
2026-07-18,pre_dam,2026-10-03T03:20:30.317121+00:00,True,7,0.805,0.012,0.003,0.016,DART > 0,high,74.1,21.45,False,False,False
2026-07-18,pre_dam,2026-10-03T03:20:30.317121+00:00,True,8,0.681,0.011,0.025,0.011,DART > 0,high,67.6,7.03,False,False,False
2026-07-18,pre_dam,2026-10-03T03:20:30.317121+00:00,True,9,0.642,0.008,0.046,0.01,DART > 0,high,68.3,6.76,False,False,False
2026-07-18,pre_dam,2026-10-03T03:20:30.317121+00:00,True,10,0.58,0.008,0.034,0.008,DART > 0,high,68.3,6.76,False,False,False
2026-07-18,pre_dam,2026-10-03T03:20:30.317121+00:00,True,11,0.622,0.019,0.031,0.009,DART > 0,high,68.3,6.76,False,False,False
2026-07-18,pre_dam,2026-10-03T03:20:30.317121+00:00,True,12,0.635,0.016,0.017,0.009,DART > 0,high,68.3,6.76,False,False,False
2026-07-18,pre_dam,2026-10-03T03:20:30.317121+00:00,True,13,0.704,0.015,0.024,0.009,DART > 0,high,67.6,7.03,False,False,False
2026-07-18,pre_dam,2026-10-03T03:20:30.317121+00:00,True,14,0.798,0.013,0.011,0.015,DART > 0,high,67.6,7.03,False,False,False
2026-07-18,pre_dam,2026-10-03T03:20:30.317121+00:00,True,15,0.798,0.011,0.013,0.011,DART > 0,high,67.6,7.03,False,False,False
2026-07-18,pre_dam,2026-10-03T03:20:30.317121+00:00,True,16,0.886,0.019,0.011,0.016,DART > 0,high,74.1,21.45,False,False,False
2026-07-18,pre_dam,2026-10-03T03:20:30.317121+00:00,True,17,0.874,0.016,0.008,0.011,DART > 0,high,74.1,21.45,False,False,False
2026-07-18,pre_dam,2026-10-03T03:20:30.317121+00:00,True,18,0.822,0.009,0.013,0.01,DART > 0,high,74.1,21.45,False,False,False
2026-07-18,pre_dam,2026-10-03T03:20:30.317121+00:00,True,19,0.921,0.085,0.016,0.014,DART > 0,high,74.1,21.45,False,False,False
2026-07-18,pre_dam,2026-10-03T03:20:30.317121+00:00,True,20,0.922,0.037,0.012,0.018,DART > 0,high,74.1,21.45,False,False,False
2026-07-18,pre_dam,2026-10-03T03:20:30.317121+00:00,True,21,0.888,0.011,0.014,0.009,DART > 0,high,74.1,21.45,False,False,False
2026-07-18,pre_dam,2026-10-03T03:20:30.317121+00:00,True,22,0.877,0.006,0.017,0.008,DART > 0,high,74.1,21.45,False,False,False
2026-07-18,pre_dam,2026-10-03T03:20:30.317121+00:00,True,23,0.804,0.011,0.013,0.028,DART > 0,high,74.1,21.45,False,False,False
2026-07-18,pre_dam,2026-10-03T03:20:30.317121+00:00,True,24,0.802,0.01,0.01,0.022,DART > 0,high,74.1,21.45,False,False,False
2026-07-20,pre_dam,2026-10-03T03:22:31.306988+00:00,True,1,0.834,0.007,0.005,0.031,DART > 0,high,76.3,20.46,False,False,False
2026-07-20,pre_dam,2026-10-03T03:22:31.306988+00:00,True,2,0.734,0.008,0.004,0.04,DART > 0,high,66.4,6.76,False,False,False
2026-07-20,pre_dam,2026-10-03T03:22:31.306988+00:00,True,3,0.74,0.007,0.004,0.038,DART > 0,high,66.4,6.76,False,False,False
2026-07-20,pre_dam,2026-10-03T03:22:31.306988+00:00,True,4,0.641,0.007,0.002,0.035,DART > 0,high,68.4,7.3,False,False,False
2026-07-20,pre_dam,2026-10-03T03:22:31.306988+00:00,True,5,0.676,0.005,0.002,0.039,DART > 0,high,66.4,6.76,False,False,False
2026-07-20,pre_dam,2026-10-03T03:22:31.306988+00:00,True,6,0.627,0.01,0.001,0.035,DART > 0,high,68.4,7.3,False,False,False
2026-07-20,pre_dam,2026-10-03T03:22:31.306988+00:00,True,7,0.754,0.013,0.002,0.02,DART > 0,high,66.4,6.76,False,False,False
2026-07-20,pre_dam,2026-10-03T03:22:31.306988+00:00,True,8,0.695,0.014,0.014,0.014,DART > 0,high,66.4,6.76,False,False,False
2026-07-20,pre_dam,2026-10-03T03:22:31.306988+00:00,True,9,0.621,0.018,0.014,0.014,DART > 0,high,68.4,7.3,False,False,False
2026-07-20,pre_dam,2026-10-03T03:22:31.306988+00:00,True,10,0.513,0.012,0.014,0.018,DART > 0,high,68.4,7.3,False,False,False
2026-07-20,pre_dam,2026-10-03T03:22:31.306988+00:00,True,11,0.459,0.007,0.007,0.012,DART > 0,high,74.7,7.68,False,False,False
2026-07-20,pre_dam,2026-10-03T03:22:31.306988+00:00,True,12,0.425,0.008,0.008,0.013,DART > 0,high,74.7,7.68,False,False,False
2026-07-20,pre_dam,2026-10-03T03:22:31.306988+00:00,True,13,0.581,0.007,0.005,0.016,DART > 0,high,68.4,7.3,False,False,False
2026-07-20,pre_dam,2026-10-03T03:22:31.306988+00:00,True,14,0.636,0.011,0.01,0.019,DART > 0,high,68.4,7.3,False,False,False
2026-07-20,pre_dam,2026-10-03T03:22:31.306988+00:00,True,15,0.731,0.009,0.021,0.019,DART > 0,high,66.4,6.76,False,False,False
2026-07-20,pre_dam,2026-10-03T03:22:31.306988+00:00,True,16,0.827,0.031,0.021,0.014,DART > 0,high,76.3,20.46,False,False,False
2026-07-20,pre_dam,2026-10-03T03:22:31.306988+00:00,True,17,0.8,0.054,0.039,0.012,DART > 0,high,76.3,20.46,False,False,False
2026-07-20,pre_dam,2026-10-03T03:22:31.306988+00:00,True,18,0.908,0.077,0.015,0.011,DART > 0,high,76.3,20.46,False,False,False
2026-07-20,pre_dam,2026-10-03T03:22:31.306988+00:00,True,19,0.856,0.198,0.026,0.003,DART > 0,high,76.3,20.46,False,False,False
2026-07-20,pre_dam,2026-10-03T03:22:31.306988+00:00,True,20,0.827,0.084,0.02,0.003,DART > 0,high,76.3,20.46,False,False,False
2026-07-20,pre_dam,2026-10-03T03:22:31.306988+00:00,True,21,0.8,0.02,0.016,0.003,DART > 0,high,76.3,20.46,False,False,False
2026-07-20,pre_dam,2026-10-03T03:22:31.306988+00:00,True,22,0.751,0.009,0.018,0.005,DART > 0,high,66.4,6.76,False,False,False
2026-07-20,pre_dam,2026-10-03T03:22:31.306988+00:00,True,23,0.826,0.01,0.007,0.025,DART > 0,high,76.3,20.46,False,False,False
2026-07-20,pre_dam,2026-10-03T03:22:31.306988+00:00,True,24,0.882,0.01,0.006,0.042,DART > 0,high,76.3,20.46,False,False,False
2026-07-21,pre_dam,2026-10-03T03:24:28.435672+00:00,True,1,0.906,0.007,0.004,0.084,DART > 0,high,79.5,23.05,False,False,False
2026-07-21,pre_dam,2026-10-03T03:24:28.435672+00:00,True,2,0.88,0.011,0.002,0.24,DART > 0,high,79.5,23.05,False,False,True
2026-07-21,pre_dam,2026-10-03T03:24:28.435672+00:00,True,3,0.855,0.013,0.003,0.245,DART > 0,high,79.5,23.05,False,False,True
2026-07-21,pre_dam,2026-10-03T03:24:28.435672+00:00,True,4,0.856,0.007,0.002,0.218,DART > 0,high,79.5,23.05,False,False,True
2026-07-21,pre_dam,2026-10-03T03:24:28.435672+00:00,True,5,0.842,0.043,0.002,0.263,DART > 0,high,79.5,23.05,False,False,True
2026-07-21,pre_dam,2026-10-03T03:24:28.435672+00:00,True,6,0.861,0.018,0.003,0.2,DART > 0,high,79.5,23.05,False,False,True
2026-07-21,pre_dam,2026-10-03T03:24:28.435672+00:00,True,7,0.854,0.016,0.004,0.035,DART > 0,high,79.5,23.05,False,False,False
2026-07-21,pre_dam,2026-10-03T03:24:28.435672+00:00,True,8,0.801,0.006,0.005,0.026,DART > 0,high,79.5,23.05,False,False,False
2026-07-21,pre_dam,2026-10-03T03:24:28.435672+00:00,True,9,0.753,0.005,0.007,0.011,DART > 0,high,64.7,6.26,False,False,False
2026-07-21,pre_dam,2026-10-03T03:24:28.435672+00:00,True,10,0.733,0.005,0.006,0.018,DART > 0,high,64.7,6.26,False,False,False
2026-07-21,pre_dam,2026-10-03T03:24:28.435672+00:00,True,11,0.778,0.009,0.009,0.009,DART > 0,high,64.7,6.26,False,False,False
2026-07-21,pre_dam,2026-10-03T03:24:28.435672+00:00,True,12,0.684,0.006,0.01,0.009,DART > 0,high,64.7,6.26,False,False,False
2026-07-21,pre_dam,2026-10-03T03:24:28.435672+00:00,True,13,0.674,0.01,0.018,0.008,DART > 0,high,64.7,6.26,False,False,False
2026-07-21,pre_dam,2026-10-03T03:24:28.435672+00:00,True,14,0.741,0.009,0.01,0.014,DART > 0,high,64.7,6.26,False,False,False
2026-07-21,pre_dam,2026-10-03T03:24:28.435672+00:00,True,15,0.935,0.024,0.012,0.028,DART > 0,high,79.5,23.05,False,False,False
2026-07-21,pre_dam,2026-10-03T03:24:28.435672+00:00,True,16,0.925,0.015,0.009,0.019,DART > 0,high,79.5,23.05,False,False,False
2026-07-21,pre_dam,2026-10-03T03:24:28.435672+00:00,True,17,0.905,0.022,0.009,0.009,DART > 0,high,79.5,23.05,False,False,False
2026-07-21,pre_dam,2026-10-03T03:24:28.435672+00:00,True,18,0.965,0.214,0.013,0.011,DART > 0,high,79.5,23.05,True,False,False
2026-07-21,pre_dam,2026-10-03T03:24:28.435672+00:00,True,19,0.945,0.025,0.011,0.013,DART > 0,high,79.5,23.05,False,False,False
2026-07-21,pre_dam,2026-10-03T03:24:28.435672+00:00,True,20,0.964,0.09,0.007,0.021,DART > 0,high,79.5,23.05,False,False,False
2026-07-21,pre_dam,2026-10-03T03:24:28.435672+00:00,True,21,0.967,0.028,0.003,0.052,DART > 0,high,79.5,23.05,False,False,False
2026-07-21,pre_dam,2026-10-03T03:24:28.435672+00:00,True,22,0.908,0.005,0.015,0.016,DART > 0,high,79.5,23.05,False,False,False
2026-07-21,pre_dam,2026-10-03T03:24:28.435672+00:00,True,23,0.97,0.008,0.008,0.034,DART > 0,high,79.5,23.05,False,False,False
2026-07-21,pre_dam,2026-10-03T03:24:28.435672+00:00,True,24,0.975,0.006,0.003,0.32,DART > 0,high,79.5,23.05,False,False,True
2026-07-23,pre_dam,2026-10-03T03:25:51.555444+00:00,True,1,0.781,0.009,0.006,0.013,DART > 0,high,65.0,7.05,False,False,False
2026-07-23,pre_dam,2026-10-03T03:25:51.555444+00:00,True,2,0.762,0.007,0.006,0.02,DART > 0,high,65.0,7.05,False,False,False
2026-07-23,pre_dam,2026-10-03T03:25:51.555444+00:00,True,3,0.758,0.004,0.006,0.022,DART > 0,high,65.0,7.05,False,False,False
2026-07-23,pre_dam,2026-10-03T03:25:51.555444+00:00,True,4,0.758,0.005,0.006,0.019,DART > 0,high,65.0,7.05,False,False,False
2026-07-23,pre_dam,2026-10-03T03:25:51.555444+00:00,True,5,0.759,0.009,0.006,0.018,DART > 0,high,65.0,7.05,False,False,False
2026-07-23,pre_dam,2026-10-03T03:25:51.555444+00:00,True,6,0.758,0.009,0.006,0.02,DART > 0,high,65.0,7.05,False,False,False
2026-07-23,pre_dam,2026-10-03T03:25:51.555444+00:00,True,7,0.736,0.025,0.006,0.004,DART > 0,high,65.0,7.05,False,False,False
2026-07-23,pre_dam,2026-10-03T03:25:51.555444+00:00,True,8,0.733,0.019,0.007,0.005,DART > 0,high,65.0,7.05,False,False,False
2026-07-23,pre_dam,2026-10-03T03:25:51.555444+00:00,True,9,0.653,0.01,0.006,0.003,DART > 0,high,65.0,7.05,False,False,False
2026-07-23,pre_dam,2026-10-03T03:25:51.555444+00:00,True,10,0.654,0.011,0.007,0.004,DART > 0,high,65.0,7.05,False,False,False
2026-07-23,pre_dam,2026-10-03T03:25:51.555444+00:00,True,11,0.555,0.011,0.008,0.004,DART > 0,high,72.7,6.42,False,False,False
2026-07-23,pre_dam,2026-10-03T03:25:51.555444+00:00,True,12,0.347,0.01,0.01,0.004,DART > 0,low,73.8,9.85,False,False,False
2026-07-23,pre_dam,2026-10-03T03:25:51.555444+00:00,True,13,0.334,0.009,0.019,0.005,DART > 0,low,73.8,9.85,False,False,False
2026-07-23,pre_dam,2026-10-03T03:25:51.555444+00:00,True,14,0.373,0.011,0.023,0.005,DART > 0,high,75.2,7.37,False,False,False
2026-07-23,pre_dam,2026-10-03T03:25:51.555444+00:00,True,15,0.688,0.015,0.019,0.005,DART > 0,high,65.0,7.05,False,False,False
2026-07-23,pre_dam,2026-10-03T03:25:51.555444+00:00,True,16,0.798,0.013,0.025,0.006,DART > 0,high,65.0,7.05,False,False,False
2026-07-23,pre_dam,2026-10-03T03:25:51.555444+00:00,True,17,0.763,0.015,0.012,0.005,DART > 0,high,65.0,7.05,False,False,False
2026-07-23,pre_dam,2026-10-03T03:25:51.555444+00:00,True,18,0.825,0.021,0.012,0.008,DART > 0,high,77.1,20.67,False,False,False
2026-07-23,pre_dam,2026-10-03T03:25:51.555444+00:00,True,19,0.765,0.022,0.018,0.009,DART > 0,high,65.0,7.05,False,False,False
2026-07-23,pre_dam,2026-10-03T03:25:51.555444+00:00,True,20,0.742,0.017,0.02,0.009,DART > 0,high,65.0,7.05,False,False,False
2026-07-23,pre_dam,2026-10-03T03:25:51.555444+00:00,True,21,0.695,0.01,0.019,0.005,DART > 0,high,65.0,7.05,False,False,False
2026-07-23,pre_dam,2026-10-03T03:25:51.555444+00:00,True,22,0.68,0.012,0.017,0.005,DART > 0,high,65.0,7.05,False,False,False
2026-07-23,pre_dam,2026-10-03T03:25:51.555444+00:00,True,23,0.805,0.012,0.008,0.017,DART > 0,high,77.1,20.67,False,False,False
2026-07-23,pre_dam,2026-10-03T03:25:51.555444+00:00,True,24,0.833,0.019,0.007,0.033,DART > 0,high,77.1,20.67,False,False,False
2026-07-25,pre_dam,2026-10-03T03:08:28.113880+00:00,True,1,0.801,0.005,0.012,0.01,DART > 0,high,76.3,18.96,False,False,False
2026-07-25,pre_dam,2026-10-03T03:08:28.113880+00:00,True,2,0.772,0.004,0.012,0.014,DART > 0,high,67.1,8.49,False,False,False
2026-07-25,pre_dam,2026-10-03T03:08:28.113880+00:00,True,3,0.729,0.005,0.013,0.015,DART > 0,high,67.1,8.49,False,False,False
2026-07-25,pre_dam,2026-10-03T03:08:28.113880+00:00,True,4,0.711,0.005,0.01,0.017,DART > 0,high,67.1,8.49,False,False,False
2026-07-25,pre_dam,2026-10-03T03:08:28.113880+00:00,True,5,0.7,0.006,0.014,0.019,DART > 0,high,67.1,8.49,False,False,False
2026-07-25,pre_dam,2026-10-03T03:08:28.113880+00:00,True,6,0.732,0.006,0.012,0.017,DART > 0,high,67.1,8.49,False,False,False
2026-07-25,pre_dam,2026-10-03T03:08:28.113880+00:00,True,7,0.743,0.004,0.01,0.027,DART > 0,high,67.1,8.49,False,False,False
2026-07-25,pre_dam,2026-10-03T03:08:28.113880+00:00,True,8,0.803,0.004,0.012,0.023,DART > 0,high,76.3,18.96,False,False,False
2026-07-25,pre_dam,2026-10-03T03:08:28.113880+00:00,True,9,0.772,0.004,0.013,0.014,DART > 0,high,67.1,8.49,False,False,False
2026-07-25,pre_dam,2026-10-03T03:08:28.113880+00:00,True,10,0.797,0.004,0.017,0.009,DART > 0,high,67.1,8.49,False,False,False
2026-07-25,pre_dam,2026-10-03T03:08:28.113880+00:00,True,11,0.765,0.005,0.023,0.004,DART > 0,high,67.1,8.49,False,False,False
2026-07-25,pre_dam,2026-10-03T03:08:28.113880+00:00,True,12,0.699,0.005,0.027,0.003,DART > 0,high,67.1,8.49,False,False,False
2026-07-25,pre_dam,2026-10-03T03:08:28.113880+00:00,True,13,0.605,0.004,0.029,0.005,DART > 0,high,70.4,8.23,False,False,False
2026-07-25,pre_dam,2026-10-03T03:08:28.113880+00:00,True,14,0.568,0.01,0.044,0.008,DART > 0,high,70.4,8.23,False,False,False
2026-07-25,pre_dam,2026-10-03T03:08:28.113880+00:00,True,15,0.616,0.01,0.049,0.009,DART > 0,high,70.4,8.23,False,False,False
2026-07-25,pre_dam,2026-10-03T03:08:28.113880+00:00,True,16,0.55,0.009,0.071,0.009,DART > 0,high,70.4,8.23,False,False,False
2026-07-25,pre_dam,2026-10-03T03:08:28.113880+00:00,True,17,0.652,0.035,0.07,0.009,DART > 0,high,67.1,8.49,False,False,False
2026-07-25,pre_dam,2026-10-03T03:08:28.113880+00:00,True,18,0.729,0.041,0.061,0.008,DART > 0,high,67.1,8.49,False,False,False
2026-07-25,pre_dam,2026-10-03T03:08:28.113880+00:00,True,19,0.732,0.035,0.061,0.006,DART > 0,high,67.1,8.49,False,False,False
2026-07-25,pre_dam,2026-10-03T03:08:28.113880+00:00,True,20,0.73,0.012,0.043,0.005,DART > 0,high,67.1,8.49,False,False,False
2026-07-25,pre_dam,2026-10-03T03:08:28.113880+00:00,True,21,0.691,0.007,0.035,0.005,DART > 0,high,67.1,8.49,False,False,False
2026-07-25,pre_dam,2026-10-03T03:08:28.113880+00:00,True,22,0.706,0.005,0.02,0.008,DART > 0,high,67.1,8.49,False,False,False
2026-07-25,pre_dam,2026-10-03T03:08:28.113880+00:00,True,23,0.808,0.005,0.016,0.017,DART > 0,high,76.3,18.96,False,False,False
2026-07-25,pre_dam,2026-10-03T03:08:28.113880+00:00,True,24,0.838,0.007,0.013,0.024,DART > 0,high,76.3,18.96,False,False,False
2026-07-26,pre_dam,2026-10-03T03:11:02.403184+00:00,True,1,0.86,0.004,0.013,0.026,DART > 0,high,74.5,18.3,False,False,False
2026-07-26,pre_dam,2026-10-03T03:11:02.403184+00:00,True,2,0.882,0.003,0.008,0.024,DART > 0,high,74.5,18.3,False,False,False
2026-07-26,pre_dam,2026-10-03T03:11:02.403184+00:00,True,3,0.854,0.004,0.01,0.046,DART > 0,high,74.5,18.3,False,False,False
2026-07-26,pre_dam,2026-10-03T03:11:02.403184+00:00,True,4,0.826,0.003,0.007,0.057,DART > 0,high,74.5,18.3,False,False,False
2026-07-26,pre_dam,2026-10-03T03:11:02.403184+00:00,True,5,0.836,0.003,0.011,0.067,DART > 0,high,74.5,18.3,False,False,False
2026-07-26,pre_dam,2026-10-03T03:11:02.403184+00:00,True,6,0.764,0.004,0.008,0.023,DART > 0,high,69.8,8.81,False,False,False
2026-07-26,pre_dam,2026-10-03T03:11:02.403184+00:00,True,7,0.849,0.005,0.008,0.159,DART > 0,high,74.5,18.3,False,False,True
2026-07-26,pre_dam,2026-10-03T03:11:02.403184+00:00,True,8,0.796,0.005,0.012,0.028,DART > 0,high,69.8,8.81,False,False,False
2026-07-26,pre_dam,2026-10-03T03:11:02.403184+00:00,True,9,0.774,0.005,0.016,0.024,DART > 0,high,69.8,8.81,False,False,False
2026-07-26,pre_dam,2026-10-03T03:11:02.403184+00:00,True,10,0.735,0.005,0.022,0.018,DART > 0,high,69.8,8.81,False,False,False
2026-07-26,pre_dam,2026-10-03T03:11:02.403184+00:00,True,11,0.732,0.005,0.022,0.017,DART > 0,high,69.8,8.81,False,False,False
2026-07-26,pre_dam,2026-10-03T03:11:02.403184+00:00,True,12,0.601,0.004,0.011,0.018,DART > 0,high,66.0,5.18,False,False,False
2026-07-26,pre_dam,2026-10-03T03:11:02.403184+00:00,True,13,0.708,0.004,0.009,0.017,DART > 0,high,69.8,8.81,False,False,False
2026-07-26,pre_dam,2026-10-03T03:11:02.403184+00:00,True,14,0.647,0.005,0.015,0.021,DART > 0,high,66.0,5.18,False,False,False
2026-07-26,pre_dam,2026-10-03T03:11:02.403184+00:00,True,15,0.676,0.006,0.045,0.024,DART > 0,high,69.8,8.81,False,False,False
2026-07-26,pre_dam,2026-10-03T03:11:02.403184+00:00,True,16,0.773,0.014,0.029,0.03,DART > 0,high,69.8,8.81,False,False,False
2026-07-26,pre_dam,2026-10-03T03:11:02.403184+00:00,True,17,0.754,0.05,0.093,0.015,DART > 0,high,69.8,8.81,False,False,False
2026-07-26,pre_dam,2026-10-03T03:11:02.403184+00:00,True,18,0.771,0.081,0.071,0.019,DART > 0,high,69.8,8.81,False,False,False
2026-07-26,pre_dam,2026-10-03T03:11:02.403184+00:00,True,19,0.781,0.108,0.078,0.013,DART > 0,high,69.8,8.81,True,False,False
2026-07-26,pre_dam,2026-10-03T03:11:02.403184+00:00,True,20,0.781,0.048,0.077,0.01,DART > 0,high,69.8,8.81,False,False,False
2026-07-26,pre_dam,2026-10-03T03:11:02.403184+00:00,True,21,0.759,0.03,0.049,0.014,DART > 0,high,69.8,8.81,False,False,False
2026-07-26,pre_dam,2026-10-03T03:11:02.403184+00:00,True,22,0.774,0.007,0.028,0.015,DART > 0,high,69.8,8.81,False,False,False
2026-07-26,pre_dam,2026-10-03T03:11:02.403184+00:00,True,23,0.707,0.004,0.035,0.021,DART > 0,high,69.8,8.81,False,False,False
2026-07-26,pre_dam,2026-10-03T03:11:02.403184+00:00,True,24,0.8,0.004,0.012,0.018,DART > 0,high,74.5,18.3,False,False,False
2026-07-27,pre_dam,2026-10-03T03:12:56.928098+00:00,True,1,0.892,0.008,0.022,0.019,DART > 0,high,72.7,16.98,False,False,False
2026-07-27,pre_dam,2026-10-03T03:12:56.928098+00:00,True,2,0.834,0.005,0.013,0.009,DART > 0,high,72.7,16.98,False,False,False
2026-07-27,pre_dam,2026-10-03T03:12:56.928098+00:00,True,3,0.814,0.004,0.013,0.015,DART > 0,high,72.7,16.98,False,False,False
2026-07-27,pre_dam,2026-10-03T03:12:56.928098+00:00,True,4,0.787,0.004,0.011,0.016,DART > 0,high,68.3,8.57,False,False,False
2026-07-27,pre_dam,2026-10-03T03:12:56.928098+00:00,True,5,0.813,0.004,0.01,0.01,DART > 0,high,72.7,16.98,False,False,False
2026-07-27,pre_dam,2026-10-03T03:12:56.928098+00:00,True,6,0.787,0.005,0.015,0.022,DART > 0,high,68.3,8.57,False,False,False
2026-07-27,pre_dam,2026-10-03T03:12:56.928098+00:00,True,7,0.645,0.01,0.024,0.02,DART > 0,high,65.8,7.92,False,False,False
2026-07-27,pre_dam,2026-10-03T03:12:56.928098+00:00,True,8,0.615,0.005,0.035,0.014,DART > 0,high,65.8,7.92,False,False,False
2026-07-27,pre_dam,2026-10-03T03:12:56.928098+00:00,True,9,0.554,0.004,0.049,0.01,DART > 0,high,65.8,7.92,False,False,False
2026-07-27,pre_dam,2026-10-03T03:12:56.928098+00:00,True,10,0.594,0.006,0.041,0.012,DART > 0,high,65.8,7.92,False,False,False
2026-07-27,pre_dam,2026-10-03T03:12:56.928098+00:00,True,11,0.672,0.011,0.045,0.009,DART > 0,high,68.3,8.57,False,False,False
2026-07-27,pre_dam,2026-10-03T03:12:56.928098+00:00,True,12,0.625,0.01,0.052,0.006,DART > 0,high,65.8,7.92,False,False,False
2026-07-27,pre_dam,2026-10-03T03:12:56.928098+00:00,True,13,0.638,0.033,0.036,0.006,DART > 0,high,65.8,7.92,False,False,False
2026-07-27,pre_dam,2026-10-03T03:12:56.928098+00:00,True,14,0.678,0.109,0.028,0.006,DART > 0,high,68.3,8.57,True,False,False
2026-07-27,pre_dam,2026-10-03T03:12:56.928098+00:00,True,15,0.794,0.108,0.037,0.019,DART > 0,high,68.3,8.57,True,False,False
2026-07-27,pre_dam,2026-10-03T03:12:56.928098+00:00,True,16,0.806,0.106,0.04,0.009,DART > 0,high,72.7,16.98,True,False,False
2026-07-27,pre_dam,2026-10-03T03:12:56.928098+00:00,True,17,0.902,0.142,0.032,0.012,DART > 0,high,72.7,16.98,True,False,False
2026-07-27,pre_dam,2026-10-03T03:12:56.928098+00:00,True,18,0.889,0.274,0.03,0.012,DART > 0,high,72.7,16.98,True,False,False
2026-07-27,pre_dam,2026-10-03T03:12:56.928098+00:00,True,19,0.924,0.395,0.046,0.013,DART > 0,high,72.7,16.98,True,False,False
2026-07-27,pre_dam,2026-10-03T03:12:56.928098+00:00,True,20,0.9,0.331,0.052,0.002,DART > 0,high,72.7,16.98,True,False,False
2026-07-27,pre_dam,2026-10-03T03:12:56.928098+00:00,True,21,0.916,0.283,0.046,0.006,DART > 0,high,72.7,16.98,True,False,False
2026-07-27,pre_dam,2026-10-03T03:12:56.928098+00:00,True,22,0.754,0.09,0.058,0.004,DART > 0,high,68.3,8.57,False,False,False
2026-07-27,pre_dam,2026-10-03T03:12:56.928098+00:00,True,23,0.821,0.009,0.035,0.011,DART > 0,high,72.7,16.98,False,False,False
2026-07-27,pre_dam,2026-10-03T03:12:56.928098+00:00,True,24,0.894,0.007,0.027,0.013,DART > 0,high,72.7,16.98,False,False,False
2026-07-30,pre_dam,2026-10-03T03:14:42.775217+00:00,True,1,0.714,0.009,0.008,0.126,DART > 0,medium,64.7,4.32,False,False,False
2026-07-30,pre_dam,2026-10-03T03:14:42.775217+00:00,True,2,0.772,0.01,0.01,0.068,DART > 0,medium,64.7,4.32,False,False,False
2026-07-30,pre_dam,2026-10-03T03:14:42.775217+00:00,True,3,0.735,0.009,0.013,0.073,DART > 0,medium,64.7,4.32,False,False,False
2026-07-30,pre_dam,2026-10-03T03:14:42.775217+00:00,True,4,0.785,0.011,0.008,0.132,DART > 0,medium,64.7,4.32,False,False,False
2026-07-30,pre_dam,2026-10-03T03:14:42.775217+00:00,True,5,0.77,0.013,0.007,0.17,DART > 0,medium,64.7,4.32,False,False,False
2026-07-30,pre_dam,2026-10-03T03:14:42.775217+00:00,True,6,0.605,0.01,0.007,0.158,DART > 0,high,69.3,6.03,False,False,False
2026-07-30,pre_dam,2026-10-03T03:14:42.775217+00:00,True,7,0.586,0.01,0.019,0.097,DART > 0,high,69.3,6.03,False,False,False
2026-07-30,pre_dam,2026-10-03T03:14:42.775217+00:00,True,8,0.613,0.016,0.019,0.044,DART > 0,high,69.3,6.03,False,False,False
2026-07-30,pre_dam,2026-10-03T03:14:42.775217+00:00,True,9,0.265,0.021,0.017,0.072,DART > 0,high,75.0,14.13,False,False,False
2026-07-30,pre_dam,2026-10-03T03:14:42.775217+00:00,True,10,0.42,0.02,0.024,0.026,DART > 0,high,67.2,6.38,False,False,False
2026-07-30,pre_dam,2026-10-03T03:14:42.775217+00:00,True,11,0.456,0.019,0.02,0.017,DART > 0,high,67.2,6.38,False,False,False
2026-07-30,pre_dam,2026-10-03T03:14:42.775217+00:00,True,12,0.356,0.023,0.026,0.016,DART > 0,high,67.2,6.38,False,False,False
2026-07-30,pre_dam,2026-10-03T03:14:42.775217+00:00,True,13,0.366,0.013,0.022,0.013,DART > 0,high,67.2,6.38,False,False,False
2026-07-30,pre_dam,2026-10-03T03:14:42.775217+00:00,True,14,0.343,0.035,0.019,0.013,DART > 0,high,75.0,14.13,False,False,False
2026-07-30,pre_dam,2026-10-03T03:14:42.775217+00:00,True,15,0.418,0.034,0.018,0.009,DART > 0,high,67.2,6.38,False,False,False
2026-07-30,pre_dam,2026-10-03T03:14:42.775217+00:00,True,16,0.618,0.011,0.034,0.014,DART > 0,high,69.3,6.03,False,False,False
2026-07-30,pre_dam,2026-10-03T03:14:42.775217+00:00,True,17,0.7,0.014,0.045,0.025,DART > 0,medium,64.7,4.32,False,False,False
2026-07-30,pre_dam,2026-10-03T03:14:42.775217+00:00,True,18,0.671,0.014,0.08,0.023,DART > 0,medium,64.7,4.32,False,False,False
2026-07-30,pre_dam,2026-10-03T03:14:42.775217+00:00,True,19,0.817,0.018,0.066,0.02,DART > 0,high,69.2,10.69,False,False,False
2026-07-30,pre_dam,2026-10-03T03:14:42.775217+00:00,True,20,0.818,0.015,0.039,0.016,DART > 0,high,69.2,10.69,False,False,False
2026-07-30,pre_dam,2026-10-03T03:14:42.775217+00:00,True,21,0.754,0.014,0.036,0.021,DART > 0,medium,64.7,4.32,False,False,False
2026-07-30,pre_dam,2026-10-03T03:14:42.775217+00:00,True,22,0.761,0.011,0.033,0.024,DART > 0,medium,64.7,4.32,False,False,False
2026-07-30,pre_dam,2026-10-03T03:14:42.775217+00:00,True,23,0.685,0.011,0.028,0.016,DART > 0,medium,64.7,4.32,False,False,False
2026-07-30,pre_dam,2026-10-03T03:14:42.775217+00:00,True,24,0.766,0.01,0.024,0.072,DART > 0,medium,64.7,4.32,False,False,False
2026-07-31,pre_dam,2026-10-03T03:16:32.431448+00:00,True,1,0.795,0.016,0.025,0.017,DART > 0,medium,62.2,3.69,False,False,False
2026-07-31,pre_dam,2026-10-03T03:16:32.431448+00:00,True,2,0.724,0.025,0.017,0.021,DART > 0,medium,62.2,3.69,False,False,False
2026-07-31,pre_dam,2026-10-03T03:16:32.431448+00:00,True,3,0.719,0.014,0.01,0.041,DART > 0,medium,62.2,3.69,False,False,False
2026-07-31,pre_dam,2026-10-03T03:16:32.431448+00:00,True,4,0.708,0.017,0.012,0.043,DART > 0,medium,62.2,3.69,False,False,False
2026-07-31,pre_dam,2026-10-03T03:16:32.431448+00:00,True,5,0.735,0.021,0.01,0.057,DART > 0,medium,62.2,3.69,False,False,False
2026-07-31,pre_dam,2026-10-03T03:16:32.431448+00:00,True,6,0.722,0.005,0.009,0.036,DART > 0,medium,62.2,3.69,False,False,False
2026-07-31,pre_dam,2026-10-03T03:16:32.431448+00:00,True,7,0.657,0.009,0.028,0.024,DART > 0,medium,62.2,3.69,False,False,False
2026-07-31,pre_dam,2026-10-03T03:16:32.431448+00:00,True,8,0.678,0.006,0.041,0.047,DART > 0,medium,62.2,3.69,False,False,False
2026-07-31,pre_dam,2026-10-03T03:16:32.431448+00:00,True,9,0.637,0.006,0.026,0.022,DART > 0,high,68.5,6.23,False,False,False
2026-07-31,pre_dam,2026-10-03T03:16:32.431448+00:00,True,10,0.657,0.008,0.042,0.01,DART > 0,medium,62.2,3.69,False,False,False
2026-07-31,pre_dam,2026-10-03T03:16:32.431448+00:00,True,11,0.635,0.011,0.023,0.008,DART > 0,high,68.5,6.23,False,False,False
2026-07-31,pre_dam,2026-10-03T03:16:32.431448+00:00,True,12,0.639,0.012,0.019,0.006,DART > 0,high,68.5,6.23,False,False,False
2026-07-31,pre_dam,2026-10-03T03:16:32.431448+00:00,True,13,0.566,0.021,0.021,0.005,DART > 0,high,68.5,6.23,False,False,False
2026-07-31,pre_dam,2026-10-03T03:16:32.431448+00:00,True,14,0.544,0.063,0.02,0.007,DART > 0,high,68.5,6.23,False,False,False
2026-07-31,pre_dam,2026-10-03T03:16:32.431448+00:00,True,15,0.685,0.014,0.02,0.013,DART > 0,medium,62.2,3.69,False,False,False
2026-07-31,pre_dam,2026-10-03T03:16:32.431448+00:00,True,16,0.641,0.122,0.028,0.021,DART > 0,high,68.5,6.23,False,False,False
2026-07-31,pre_dam,2026-10-03T03:16:32.431448+00:00,True,17,0.791,0.123,0.037,0.02,DART > 0,medium,62.2,3.69,False,False,False
2026-07-31,pre_dam,2026-10-03T03:16:32.431448+00:00,True,18,0.846,0.146,0.118,0.023,DART > 0,high,71.2,10.35,False,False,False
2026-07-31,pre_dam,2026-10-03T03:16:32.431448+00:00,True,19,0.844,0.154,0.078,0.011,DART > 0,high,71.2,10.35,False,False,False
2026-07-31,pre_dam,2026-10-03T03:16:32.431448+00:00,True,20,0.771,0.203,0.115,0.019,DART > 0,medium,62.2,3.69,True,False,False
2026-07-31,pre_dam,2026-10-03T03:16:32.431448+00:00,True,21,0.732,0.059,0.079,0.011,DART > 0,medium,62.2,3.69,False,False,False
2026-07-31,pre_dam,2026-10-03T03:16:32.431448+00:00,True,22,0.653,0.007,0.079,0.006,DART > 0,medium,62.2,3.69,False,False,False
2026-07-31,pre_dam,2026-10-03T03:16:32.431448+00:00,True,23,0.676,0.005,0.071,0.024,DART > 0,medium,62.2,3.69,False,False,False
2026-07-31,pre_dam,2026-10-03T03:16:32.431448+00:00,True,24,0.691,0.004,0.051,0.019,DART > 0,medium,62.2,3.69,False,False,False
2026-08-01,pre_dam,2026-10-03T03:18:22.249426+00:00,True,1,0.707,0.009,0.142,0.002,DART > 0,high,66.9,5.79,False,False,False
2026-08-01,pre_dam,2026-10-03T03:18:22.249426+00:00,True,2,0.72,0.011,0.042,0.001,DART > 0,high,66.9,5.79,False,False,False
2026-08-01,pre_dam,2026-10-03T03:18:22.249426+00:00,True,3,0.715,0.011,0.04,0.004,DART > 0,high,66.9,5.79,False,False,False
2026-08-01,pre_dam,2026-10-03T03:18:22.249426+00:00,True,4,0.676,0.011,0.039,0.006,DART > 0,high,66.9,5.79,False,False,False
2026-08-01,pre_dam,2026-10-03T03:18:22.249426+00:00,True,5,0.672,0.011,0.033,0.01,DART > 0,high,66.9,5.79,False,False,False
2026-08-01,pre_dam,2026-10-03T03:18:22.249426+00:00,True,6,0.681,0.011,0.019,0.009,DART > 0,high,66.9,5.79,False,False,False
2026-08-01,pre_dam,2026-10-03T03:18:22.249426+00:00,True,7,0.615,0.011,0.03,0.005,DART > 0,high,68.7,5.72,False,False,False
2026-08-01,pre_dam,2026-10-03T03:18:22.249426+00:00,True,8,0.615,0.011,0.06,0.006,DART > 0,high,68.7,5.72,False,False,False
2026-08-01,pre_dam,2026-10-03T03:18:22.249426+00:00,True,9,0.62,0.008,0.088,0.008,DART > 0,high,68.7,5.72,False,False,False
2026-08-01,pre_dam,2026-10-03T03:18:22.249426+00:00,True,10,0.636,0.007,0.102,0.001,DART > 0,high,68.7,5.72,False,False,False
2026-08-01,pre_dam,2026-10-03T03:18:22.249426+00:00,True,11,0.617,0.006,0.172,0.001,DART > 0,high,68.7,5.72,False,True,False
2026-08-01,pre_dam,2026-10-03T03:18:22.249426+00:00,True,12,0.579,0.013,0.144,0.001,DART > 0,high,68.7,5.72,False,False,False
2026-08-01,pre_dam,2026-10-03T03:18:22.249426+00:00,True,13,0.601,0.026,0.187,0.001,DART > 0,high,68.7,5.72,False,True,False
2026-08-01,pre_dam,2026-10-03T03:18:22.249426+00:00,True,14,0.614,0.031,0.174,0.001,DART > 0,high,68.7,5.72,False,True,False
2026-08-01,pre_dam,2026-10-03T03:18:22.249426+00:00,True,15,0.741,0.053,0.171,0.001,DART > 0,high,66.9,5.79,False,True,False
2026-08-01,pre_dam,2026-10-03T03:18:22.249426+00:00,True,16,0.794,0.087,0.118,0.003,DART > 0,high,66.9,5.79,False,False,False
2026-08-01,pre_dam,2026-10-03T03:18:22.249426+00:00,True,17,0.775,0.105,0.136,0.004,DART > 0,high,66.9,5.79,False,False,False
2026-08-01,pre_dam,2026-10-03T03:18:22.249426+00:00,True,18,0.83,0.211,0.102,0.004,DART > 0,high,69.1,10.15,True,False,False
2026-08-01,pre_dam,2026-10-03T03:18:22.249426+00:00,True,19,0.829,0.17,0.11,0.005,DART > 0,high,69.1,10.15,True,False,False
2026-08-01,pre_dam,2026-10-03T03:18:22.249426+00:00,True,20,0.761,0.114,0.077,0.004,DART > 0,high,66.9,5.79,False,False,False
2026-08-01,pre_dam,2026-10-03T03:18:22.249426+00:00,True,21,0.764,0.04,0.066,0.003,DART > 0,high,66.9,5.79,False,False,False
2026-08-01,pre_dam,2026-10-03T03:18:22.249426+00:00,True,22,0.722,0.02,0.064,0.007,DART > 0,high,66.9,5.79,False,False,False
2026-08-01,pre_dam,2026-10-03T03:18:22.249426+00:00,True,23,0.686,0.017,0.047,0.003,DART > 0,high,66.9,5.79,False,False,False
2026-08-01,pre_dam,2026-10-03T03:18:22.249426+00:00,True,24,0.782,0.057,0.032,0.013,DART > 0,high,66.9,5.79,False,False,False
2026-08-02,pre_dam,2026-10-03T03:20:07.073007+00:00,True,1,0.827,0.014,0.007,0.019,DART > 0,high,73.1,12.14,False,False,False
2026-08-02,pre_dam,2026-10-03T03:20:07.073007+00:00,True,2,0.825,0.014,0.006,0.012,DART > 0,high,73.1,12.14,False,False,False
2026-08-02,pre_dam,2026-10-03T03:20:07.073007+00:00,True,3,0.808,0.012,0.005,0.017,DART > 0,high,73.1,12.14,False,False,False
2026-08-02,pre_dam,2026-10-03T03:20:07.073007+00:00,True,4,0.752,0.011,0.005,0.015,DART > 0,medium,63.8,3.09,False,False,False
2026-08-02,pre_dam,2026-10-03T03:20:07.073007+00:00,True,5,0.735,0.011,0.003,0.022,DART > 0,medium,63.8,3.09,False,False,False
2026-08-02,pre_dam,2026-10-03T03:20:07.073007+00:00,True,6,0.768,0.011,0.002,0.019,DART > 0,medium,63.8,3.09,False,False,False
2026-08-02,pre_dam,2026-10-03T03:20:07.073007+00:00,True,7,0.75,0.011,0.002,0.009,DART > 0,medium,63.8,3.09,False,False,False
2026-08-02,pre_dam,2026-10-03T03:20:07.073007+00:00,True,8,0.704,0.012,0.003,0.018,DART > 0,medium,63.8,3.09,False,False,False
2026-08-02,pre_dam,2026-10-03T03:20:07.073007+00:00,True,9,0.688,0.013,0.005,0.008,DART > 0,medium,63.8,3.09,False,False,False
2026-08-02,pre_dam,2026-10-03T03:20:07.073007+00:00,True,10,0.711,0.021,0.011,0.005,DART > 0,medium,63.8,3.09,False,False,False
2026-08-02,pre_dam,2026-10-03T03:20:07.073007+00:00,True,11,0.696,0.013,0.011,0.004,DART > 0,medium,63.8,3.09,False,False,False
2026-08-02,pre_dam,2026-10-03T03:20:07.073007+00:00,True,12,0.656,0.015,0.018,0.008,DART > 0,medium,63.8,3.09,False,False,False
2026-08-02,pre_dam,2026-10-03T03:20:07.073007+00:00,True,13,0.691,0.017,0.021,0.011,DART > 0,medium,63.8,3.09,False,False,False
2026-08-02,pre_dam,2026-10-03T03:20:07.073007+00:00,True,14,0.729,0.015,0.018,0.006,DART > 0,medium,63.8,3.09,False,False,False
2026-08-02,pre_dam,2026-10-03T03:20:07.073007+00:00,True,15,0.764,0.015,0.011,0.006,DART > 0,medium,63.8,3.09,False,False,False
2026-08-02,pre_dam,2026-10-03T03:20:07.073007+00:00,True,16,0.793,0.015,0.021,0.003,DART > 0,medium,63.8,3.09,False,False,False
2026-08-02,pre_dam,2026-10-03T03:20:07.073007+00:00,True,17,0.739,0.026,0.031,0.012,DART > 0,medium,63.8,3.09,False,False,False
2026-08-02,pre_dam,2026-10-03T03:20:07.073007+00:00,True,18,0.77,0.05,0.024,0.006,DART > 0,medium,63.8,3.09,False,False,False
2026-08-02,pre_dam,2026-10-03T03:20:07.073007+00:00,True,19,0.842,0.047,0.025,0.005,DART > 0,high,73.1,12.14,False,False,False
2026-08-02,pre_dam,2026-10-03T03:20:07.073007+00:00,True,20,0.863,0.067,0.025,0.006,DART > 0,high,73.1,12.14,False,False,False
2026-08-02,pre_dam,2026-10-03T03:20:07.073007+00:00,True,21,0.822,0.033,0.02,0.006,DART > 0,high,73.1,12.14,False,False,False
2026-08-02,pre_dam,2026-10-03T03:20:07.073007+00:00,True,22,0.737,0.015,0.021,0.008,DART > 0,medium,63.8,3.09,False,False,False
2026-08-02,pre_dam,2026-10-03T03:20:07.073007+00:00,True,23,0.797,0.014,0.017,0.009,DART > 0,medium,63.8,3.09,False,False,False
2026-08-02,pre_dam,2026-10-03T03:20:07.073007+00:00,True,24,0.746,0.013,0.007,0.018,DART > 0,medium,63.8,3.09,False,False,False
2026-08-03,pre_dam,2026-10-03T03:22:06.555141+00:00,True,1,0.838,0.019,0.015,0.13,DART > 0,high,73.4,13.75,False,False,False
2026-08-03,pre_dam,2026-10-03T03:22:06.555141+00:00,True,2,0.84,0.03,0.014,0.064,DART > 0,high,73.4,13.75,False,False,False
2026-08-03,pre_dam,2026-10-03T03:22:06.555141+00:00,True,3,0.87,0.026,0.016,0.075,DART > 0,high,73.4,13.75,False,False,False
2026-08-03,pre_dam,2026-10-03T03:22:06.555141+00:00,True,4,0.82,0.021,0.016,0.1,DART > 0,high,73.4,13.75,False,False,False
2026-08-03,pre_dam,2026-10-03T03:22:06.555141+00:00,True,5,0.838,0.031,0.006,0.227,DART > 0,high,73.4,13.75,False,False,True
2026-08-03,pre_dam,2026-10-03T03:22:06.555141+00:00,True,6,0.823,0.023,0.008,0.091,DART > 0,high,73.4,13.75,False,False,False
2026-08-03,pre_dam,2026-10-03T03:22:06.555141+00:00,True,7,0.829,0.022,0.011,0.066,DART > 0,high,73.4,13.75,False,False,False
2026-08-03,pre_dam,2026-10-03T03:22:06.555141+00:00,True,8,0.775,0.021,0.008,0.103,DART > 0,high,66.8,5.68,False,False,False
2026-08-03,pre_dam,2026-10-03T03:22:06.555141+00:00,True,9,0.813,0.022,0.009,0.166,DART > 0,high,73.4,13.75,False,False,True
2026-08-03,pre_dam,2026-10-03T03:22:06.555141+00:00,True,10,0.719,0.021,0.017,0.027,DART > 0,high,66.8,5.68,False,False,False
2026-08-03,pre_dam,2026-10-03T03:22:06.555141+00:00,True,11,0.715,0.016,0.022,0.007,DART > 0,high,66.8,5.68,False,False,False
2026-08-03,pre_dam,2026-10-03T03:22:06.555141+00:00,True,12,0.718,0.015,0.034,0.007,DART > 0,high,66.8,5.68,False,False,False
2026-08-03,pre_dam,2026-10-03T03:22:06.555141+00:00,True,13,0.759,0.015,0.023,0.01,DART > 0,high,66.8,5.68,False,False,False
2026-08-03,pre_dam,2026-10-03T03:22:06.555141+00:00,True,14,0.83,0.016,0.024,0.012,DART > 0,high,73.4,13.75,False,False,False
2026-08-03,pre_dam,2026-10-03T03:22:06.555141+00:00,True,15,0.825,0.018,0.016,0.012,DART > 0,high,73.4,13.75,False,False,False
2026-08-03,pre_dam,2026-10-03T03:22:06.555141+00:00,True,16,0.777,0.016,0.03,0.003,DART > 0,high,66.8,5.68,False,False,False
2026-08-03,pre_dam,2026-10-03T03:22:06.555141+00:00,True,17,0.612,0.027,0.035,0.003,DART > 0,medium,68.2,3.6,False,False,False
2026-08-03,pre_dam,2026-10-03T03:22:06.555141+00:00,True,18,0.596,0.03,0.057,0.005,DART > 0,medium,68.2,3.6,False,False,False
2026-08-03,pre_dam,2026-10-03T03:22:06.555141+00:00,True,19,0.642,0.043,0.059,0.003,DART > 0,medium,68.2,3.6,False,False,False
2026-08-03,pre_dam,2026-10-03T03:22:06.555141+00:00,True,20,0.654,0.045,0.06,0.004,DART > 0,high,66.8,5.68,False,False,False
2026-08-03,pre_dam,2026-10-03T03:22:06.555141+00:00,True,21,0.668,0.024,0.04,0.014,DART > 0,high,66.8,5.68,False,False,False
2026-08-03,pre_dam,2026-10-03T03:22:06.555141+00:00,True,22,0.614,0.016,0.044,0.003,DART > 0,medium,68.2,3.6,False,False,False
2026-08-03,pre_dam,2026-10-03T03:22:06.555141+00:00,True,23,0.656,0.019,0.031,0.004,DART > 0,high,66.8,5.68,False,False,False
2026-08-03,pre_dam,2026-10-03T03:22:06.555141+00:00,True,24,0.842,0.014,0.014,0.069,DART > 0,high,73.4,13.75,False,False,False
2026-08-04,pre_dam,2026-10-03T03:24:05.986834+00:00,True,1,0.683,0.004,0.018,0.005,DART > 0,medium,69.8,4.5,False,False,False
2026-08-04,pre_dam,2026-10-03T03:24:05.986834+00:00,True,2,0.73,0.012,0.026,0.004,DART > 0,medium,69.8,4.5,False,False,False
2026-08-04,pre_dam,2026-10-03T03:24:05.986834+00:00,True,3,0.721,0.014,0.019,0.008,DART > 0,medium,69.8,4.5,False,False,False
2026-08-04,pre_dam,2026-10-03T03:24:05.986834+00:00,True,4,0.756,0.017,0.021,0.006,DART > 0,medium,69.8,4.5,False,False,False
2026-08-04,pre_dam,2026-10-03T03:24:05.986834+00:00,True,5,0.718,0.015,0.018,0.005,DART > 0,medium,69.8,4.5,False,False,False
2026-08-04,pre_dam,2026-10-03T03:24:05.986834+00:00,True,6,0.712,0.017,0.012,0.005,DART > 0,medium,69.8,4.5,False,False,False
2026-08-04,pre_dam,2026-10-03T03:24:05.986834+00:00,True,7,0.756,0.009,0.012,0.004,DART > 0,medium,69.8,4.5,False,False,False
2026-08-04,pre_dam,2026-10-03T03:24:05.986834+00:00,True,8,0.749,0.01,0.007,0.001,DART > 0,medium,69.8,4.5,False,False,False
2026-08-04,pre_dam,2026-10-03T03:24:05.986834+00:00,True,9,0.678,0.014,0.01,0.005,DART > 0,medium,69.8,4.5,False,False,False
2026-08-04,pre_dam,2026-10-03T03:24:05.986834+00:00,True,10,0.728,0.006,0.011,0.001,DART > 0,medium,69.8,4.5,False,False,False
2026-08-04,pre_dam,2026-10-03T03:24:05.986834+00:00,True,11,0.693,0.007,0.005,0.001,DART > 0,medium,69.8,4.5,False,False,False
2026-08-04,pre_dam,2026-10-03T03:24:05.986834+00:00,True,12,0.705,0.007,0.008,0.004,DART > 0,medium,69.8,4.5,False,False,False
2026-08-04,pre_dam,2026-10-03T03:24:05.986834+00:00,True,13,0.623,0.006,0.01,0.005,DART > 0,medium,63.3,3.79,False,False,False
2026-08-04,pre_dam,2026-10-03T03:24:05.986834+00:00,True,14,0.677,0.005,0.022,0.008,DART > 0,medium,69.8,4.5,False,False,False
2026-08-04,pre_dam,2026-10-03T03:24:05.986834+00:00,True,15,0.761,0.006,0.028,0.008,DART > 0,medium,69.8,4.5,False,False,False
2026-08-04,pre_dam,2026-10-03T03:24:05.986834+00:00,True,16,0.815,0.012,0.036,0.01,DART > 0,high,72.6,14.32,False,False,False
2026-08-04,pre_dam,2026-10-03T03:24:05.986834+00:00,True,17,0.842,0.088,0.094,0.008,DART > 0,high,72.6,14.32,False,False,False
2026-08-04,pre_dam,2026-10-03T03:24:05.986834+00:00,True,18,0.833,0.141,0.142,0.006,DART > 0,high,72.6,14.32,True,False,False
2026-08-04,pre_dam,2026-10-03T03:24:05.986834+00:00,True,19,0.837,0.283,0.113,0.002,DART > 0,high,72.6,14.32,True,False,False
2026-08-04,pre_dam,2026-10-03T03:24:05.986834+00:00,True,20,0.774,0.127,0.107,0.002,DART > 0,medium,69.8,4.5,True,False,False
2026-08-04,pre_dam,2026-10-03T03:24:05.986834+00:00,True,21,0.748,0.032,0.073,0.001,DART > 0,medium,69.8,4.5,False,False,False
2026-08-04,pre_dam,2026-10-03T03:24:05.986834+00:00,True,22,0.595,0.021,0.042,0.001,DART > 0,medium,63.3,3.79,False,False,False
2026-08-04,pre_dam,2026-10-03T03:24:05.986834+00:00,True,23,0.692,0.016,0.037,0.004,DART > 0,medium,69.8,4.5,False,False,False
2026-08-04,pre_dam,2026-10-03T03:24:05.986834+00:00,True,24,0.713,0.016,0.035,0.013,DART > 0,medium,69.8,4.5,False,False,False
2026-08-05,pre_dam,2026-10-03T03:25:43.844597+00:00,True,1,0.66,0.006,0.009,0.026,DART > 0,medium,68.5,3.83,False,False,False
2026-08-05,pre_dam,2026-10-03T03:25:43.844597+00:00,True,2,0.706,0.007,0.014,0.071,DART > 0,medium,68.5,3.83,False,False,False
2026-08-05,pre_dam,2026-10-03T03:25:43.844597+00:00,True,3,0.617,0.009,0.013,0.054,DART > 0,medium,65.7,4.37,False,False,False
2026-08-05,pre_dam,2026-10-03T03:25:43.844597+00:00,True,4,0.686,0.008,0.004,0.095,DART > 0,medium,68.5,3.83,False,False,False
2026-08-05,pre_dam,2026-10-03T03:25:43.844597+00:00,True,5,0.728,0.004,0.003,0.1,DART > 0,medium,68.5,3.83,False,False,False
2026-08-05,pre_dam,2026-10-03T03:25:43.844597+00:00,True,6,0.659,0.003,0.004,0.034,DART > 0,medium,68.5,3.83,False,False,False
2026-08-05,pre_dam,2026-10-03T03:25:43.844597+00:00,True,7,0.59,0.006,0.013,0.026,DART > 0,medium,65.7,4.37,False,False,False
2026-08-05,pre_dam,2026-10-03T03:25:43.844597+00:00,True,8,0.532,0.005,0.022,0.015,DART > 0,medium,65.7,4.37,False,False,False
2026-08-05,pre_dam,2026-10-03T03:25:43.844597+00:00,True,9,0.604,0.005,0.022,0.027,DART > 0,medium,65.7,4.37,False,False,False
2026-08-05,pre_dam,2026-10-03T03:25:43.844597+00:00,True,10,0.667,0.005,0.029,0.001,DART > 0,medium,68.5,3.83,False,False,False
2026-08-05,pre_dam,2026-10-03T03:25:43.844597+00:00,True,11,0.572,0.006,0.055,0.001,DART > 0,medium,65.7,4.37,False,False,False
2026-08-05,pre_dam,2026-10-03T03:25:43.844597+00:00,True,12,0.619,0.011,0.022,0.0,DART > 0,medium,65.7,4.37,False,False,False
2026-08-05,pre_dam,2026-10-03T03:25:43.844597+00:00,True,13,0.575,0.006,0.016,0.001,DART > 0,medium,65.7,4.37,False,False,False
2026-08-05,pre_dam,2026-10-03T03:25:43.844597+00:00,True,14,0.706,0.032,0.012,0.004,DART > 0,medium,68.5,3.83,False,False,False
2026-08-05,pre_dam,2026-10-03T03:25:43.844597+00:00,True,15,0.796,0.162,0.014,0.002,DART > 0,medium,68.5,3.83,True,False,False
2026-08-05,pre_dam,2026-10-03T03:25:43.844597+00:00,True,16,0.853,0.115,0.013,0.001,DART > 0,high,72.6,14.72,True,False,False
2026-08-05,pre_dam,2026-10-03T03:25:43.844597+00:00,True,17,0.949,0.668,0.022,0.0,DART > 0,high,72.6,14.72,True,False,False
2026-08-05,pre_dam,2026-10-03T03:25:43.844597+00:00,True,18,0.919,0.835,0.039,0.0,DART > 0,high,72.6,14.72,True,False,False
2026-08-05,pre_dam,2026-10-03T03:25:43.844597+00:00,True,19,0.913,0.818,0.041,0.001,DART > 0,high,72.6,14.72,True,False,False
2026-08-05,pre_dam,2026-10-03T03:25:43.844597+00:00,True,20,0.895,0.605,0.031,0.001,DART > 0,high,72.6,14.72,True,False,False
2026-08-05,pre_dam,2026-10-03T03:25:43.844597+00:00,True,21,0.765,0.521,0.11,0.001,DART > 0,medium,68.5,3.83,True,False,False
2026-08-05,pre_dam,2026-10-03T03:25:43.844597+00:00,True,22,0.673,0.35,0.088,0.001,DART > 0,medium,68.5,3.83,True,False,False
2026-08-05,pre_dam,2026-10-03T03:25:43.844597+00:00,True,23,0.516,0.003,0.085,0.003,DART > 0,medium,65.7,4.37,False,False,False
2026-08-05,pre_dam,2026-10-03T03:25:43.844597+00:00,True,24,0.562,0.005,0.02,0.02,DART > 0,medium,65.7,4.37,False,False,False
2026-08-06,pre_dam,2026-10-03T03:08:29.150465+00:00,True,1,0.681,0.009,0.034,0.003,DART > 0,low,67.4,1.88,False,False,False
2026-08-06,pre_dam,2026-10-03T03:08:29.150465+00:00,True,2,0.804,0.008,0.027,0.003,DART > 0,high,72.2,13.1,False,False,False
2026-08-06,pre_dam,2026-10-03T03:08:29.150465+00:00,True,3,0.745,0.012,0.024,0.004,DART > 0,low,67.4,1.88,False,False,False
2026-08-06,pre_dam,2026-10-03T03:08:29.150465+00:00,True,4,0.782,0.007,0.05,0.003,DART > 0,low,67.4,1.88,False,False,False
2026-08-06,pre_dam,2026-10-03T03:08:29.150465+00:00,True,5,0.791,0.008,0.046,0.002,DART > 0,low,67.4,1.88,False,False,False
2026-08-06,pre_dam,2026-10-03T03:08:29.150465+00:00,True,6,0.775,0.008,0.068,0.002,DART > 0,low,67.4,1.88,False,False,False
2026-08-06,pre_dam,2026-10-03T03:08:29.150465+00:00,True,7,0.787,0.017,0.036,0.002,DART > 0,low,67.4,1.88,False,False,False
2026-08-06,pre_dam,2026-10-03T03:08:29.150465+00:00,True,8,0.738,0.02,0.04,0.003,DART > 0,low,67.4,1.88,False,False,False
2026-08-06,pre_dam,2026-10-03T03:08:29.150465+00:00,True,9,0.704,0.055,0.067,0.001,DART > 0,low,67.4,1.88,False,False,False
2026-08-06,pre_dam,2026-10-03T03:08:29.150465+00:00,True,10,0.789,0.118,0.074,0.001,DART > 0,low,67.4,1.88,False,False,False
2026-08-06,pre_dam,2026-10-03T03:08:29.150465+00:00,True,11,0.777,0.529,0.03,0.001,DART > 0,low,67.4,1.88,True,False,False
2026-08-06,pre_dam,2026-10-03T03:08:29.150465+00:00,True,12,0.855,0.728,0.024,0.001,DART > 0,high,72.2,13.1,True,False,False
2026-08-06,pre_dam,2026-10-03T03:08:29.150465+00:00,True,13,0.786,0.492,0.135,0.001,DART > 0,low,67.4,1.88,True,False,False
2026-08-06,pre_dam,2026-10-03T03:08:29.150465+00:00,True,14,0.898,0.698,0.04,0.001,DART > 0,high,72.2,13.1,True,False,False
2026-08-06,pre_dam,2026-10-03T03:08:29.150465+00:00,True,15,0.89,0.753,0.034,0.0,DART > 0,high,72.2,13.1,True,False,False
2026-08-06,pre_dam,2026-10-03T03:08:29.150465+00:00,True,16,0.885,0.943,0.021,0.0,DART > 0,high,72.2,13.1,True,False,False
2026-08-06,pre_dam,2026-10-03T03:08:29.150465+00:00,True,17,0.89,0.897,0.047,0.001,DART > 0,high,72.2,13.1,True,False,False
2026-08-06,pre_dam,2026-10-03T03:08:29.150465+00:00,True,18,0.841,0.799,0.059,0.001,DART > 0,high,72.2,13.1,True,False,False
2026-08-06,pre_dam,2026-10-03T03:08:29.150465+00:00,True,19,0.935,0.848,0.054,0.001,DART > 0,high,72.2,13.1,True,False,False
2026-08-06,pre_dam,2026-10-03T03:08:29.150465+00:00,True,20,0.871,0.654,0.053,0.001,DART > 0,high,72.2,13.1,True,False,False
2026-08-06,pre_dam,2026-10-03T03:08:29.150465+00:00,True,21,0.77,0.471,0.144,0.001,DART > 0,low,67.4,1.88,True,False,False
2026-08-06,pre_dam,2026-10-03T03:08:29.150465+00:00,True,22,0.757,0.652,0.071,0.001,DART > 0,low,67.4,1.88,True,False,False
2026-08-06,pre_dam,2026-10-03T03:08:29.150465+00:00,True,23,0.657,0.06,0.07,0.001,DART > 0,low,67.4,1.88,False,False,False
2026-08-06,pre_dam,2026-10-03T03:08:29.150465+00:00,True,24,0.779,0.017,0.05,0.004,DART > 0,low,67.4,1.88,False,False,False
2026-08-07,pre_dam,2026-10-03T03:11:07.330700+00:00,True,1,0.748,0.03,0.048,0.005,DART > 0,medium,68.3,4.95,False,False,False
2026-08-07,pre_dam,2026-10-03T03:11:07.330700+00:00,True,2,0.774,0.028,0.023,0.004,DART > 0,medium,68.3,4.95,False,False,False
2026-08-07,pre_dam,2026-10-03T03:11:07.330700+00:00,True,3,0.768,0.028,0.02,0.004,DART > 0,medium,68.3,4.95,False,False,False
2026-08-07,pre_dam,2026-10-03T03:11:07.330700+00:00,True,4,0.754,0.027,0.015,0.006,DART > 0,medium,68.3,4.95,False,False,False
2026-08-07,pre_dam,2026-10-03T03:11:07.330700+00:00,True,5,0.78,0.021,0.018,0.008,DART > 0,medium,68.3,4.95,False,False,False
2026-08-07,pre_dam,2026-10-03T03:11:07.330700+00:00,True,6,0.791,0.043,0.015,0.001,DART > 0,medium,68.3,4.95,False,False,False
2026-08-07,pre_dam,2026-10-03T03:11:07.330700+00:00,True,7,0.667,0.038,0.046,0.001,DART > 0,medium,68.3,4.95,False,False,False
2026-08-07,pre_dam,2026-10-03T03:11:07.330700+00:00,True,8,0.696,0.105,0.07,0.001,DART > 0,medium,68.3,4.95,False,False,False
2026-08-07,pre_dam,2026-10-03T03:11:07.330700+00:00,True,9,0.668,0.027,0.179,0.0,DART > 0,medium,68.3,4.95,False,True,False
2026-08-07,pre_dam,2026-10-03T03:11:07.330700+00:00,True,10,0.638,0.022,0.224,0.001,DART > 0,low,62.2,3.63,False,True,False
2026-08-07,pre_dam,2026-10-03T03:11:07.330700+00:00,True,11,0.627,0.037,0.279,0.0,DART > 0,low,62.2,3.63,False,True,False
2026-08-07,pre_dam,2026-10-03T03:11:07.330700+00:00,True,12,0.618,0.135,0.311,0.0,DART > 0,low,62.2,3.63,True,True,False
2026-08-07,pre_dam,2026-10-03T03:11:07.330700+00:00,True,13,0.644,0.137,0.287,0.001,DART > 0,low,62.2,3.63,True,True,False
2026-08-07,pre_dam,2026-10-03T03:11:07.330700+00:00,True,14,0.611,0.14,0.289,0.001,DART > 0,low,62.2,3.63,True,True,False
2026-08-07,pre_dam,2026-10-03T03:11:07.330700+00:00,True,15,0.685,0.159,0.345,0.001,DART > 0,medium,68.3,4.95,True,True,False
2026-08-07,pre_dam,2026-10-03T03:11:07.330700+00:00,True,16,0.755,0.329,0.275,0.001,DART > 0,medium,68.3,4.95,True,True,False
2026-08-07,pre_dam,2026-10-03T03:11:07.330700+00:00,True,17,0.745,0.391,0.269,0.001,DART > 0,medium,68.3,4.95,True,True,False
2026-08-07,pre_dam,2026-10-03T03:11:07.330700+00:00,True,18,0.731,0.684,0.32,0.001,DART > 0,medium,68.3,4.95,True,True,False
2026-08-07,pre_dam,2026-10-03T03:11:07.330700+00:00,True,19,0.706,0.434,0.252,0.001,DART > 0,medium,68.3,4.95,True,True,False
2026-08-07,pre_dam,2026-10-03T03:11:07.330700+00:00,True,20,0.704,0.322,0.2,0.001,DART > 0,medium,68.3,4.95,True,True,False
2026-08-07,pre_dam,2026-10-03T03:11:07.330700+00:00,True,21,0.725,0.635,0.196,0.0,DART > 0,medium,68.3,4.95,True,True,False
2026-08-07,pre_dam,2026-10-03T03:11:07.330700+00:00,True,22,0.643,0.218,0.142,0.0,DART > 0,low,62.2,3.63,True,False,False
2026-08-07,pre_dam,2026-10-03T03:11:07.330700+00:00,True,23,0.662,0.046,0.076,0.001,DART > 0,medium,68.3,4.95,False,False,False
2026-08-07,pre_dam,2026-10-03T03:11:07.330700+00:00,True,24,0.714,0.059,0.035,0.003,DART > 0,medium,68.3,4.95,False,False,False
2026-08-08,pre_dam,2026-10-03T03:13:02.486584+00:00,True,1,0.66,0.023,0.048,0.002,DART > 0,medium,67.5,4.47,False,False,False
2026-08-08,pre_dam,2026-10-03T03:13:02.486584+00:00,True,2,0.786,0.021,0.038,0.004,DART > 0,medium,67.5,4.47,False,False,False
2026-08-08,pre_dam,2026-10-03T03:13:02.486584+00:00,True,3,0.821,0.019,0.034,0.004,DART > 0,high,69.2,7.82,False,False,False
2026-08-08,pre_dam,2026-10-03T03:13:02.486584+00:00,True,4,0.746,0.02,0.047,0.005,DART > 0,medium,67.5,4.47,False,False,False
2026-08-08,pre_dam,2026-10-03T03:13:02.486584+00:00,True,5,0.6,0.03,0.04,0.017,DART > 0,low,61.2,1.31,False,False,False
2026-08-08,pre_dam,2026-10-03T03:13:02.486584+00:00,True,6,0.756,0.028,0.046,0.006,DART > 0,medium,67.5,4.47,False,False,False
2026-08-08,pre_dam,2026-10-03T03:13:02.486584+00:00,True,7,0.771,0.03,0.072,0.002,DART > 0,medium,67.5,4.47,False,False,False
2026-08-08,pre_dam,2026-10-03T03:13:02.486584+00:00,True,8,0.665,0.02,0.089,0.003,DART > 0,medium,67.5,4.47,False,False,False
2026-08-08,pre_dam,2026-10-03T03:13:02.486584+00:00,True,9,0.659,0.013,0.098,0.001,DART > 0,medium,67.5,4.47,False,False,False
2026-08-08,pre_dam,2026-10-03T03:13:02.486584+00:00,True,10,0.654,0.035,0.126,0.001,DART > 0,medium,67.5,4.47,False,False,False
2026-08-08,pre_dam,2026-10-03T03:13:02.486584+00:00,True,11,0.654,0.08,0.127,0.001,DART > 0,medium,67.5,4.47,False,False,False
2026-08-08,pre_dam,2026-10-03T03:13:02.486584+00:00,True,12,0.679,0.29,0.116,0.001,DART > 0,medium,67.5,4.47,True,False,False
2026-08-08,pre_dam,2026-10-03T03:13:02.486584+00:00,True,13,0.562,0.121,0.145,0.001,DART > 0,low,61.2,1.31,False,False,False
2026-08-08,pre_dam,2026-10-03T03:13:02.486584+00:00,True,14,0.704,0.115,0.144,0.001,DART > 0,medium,67.5,4.47,False,False,False
2026-08-08,pre_dam,2026-10-03T03:13:02.486584+00:00,True,15,0.658,0.535,0.12,0.004,DART > 0,medium,67.5,4.47,True,False,False
2026-08-08,pre_dam,2026-10-03T03:13:02.486584+00:00,True,16,0.678,0.369,0.108,0.003,DART > 0,medium,67.5,4.47,True,False,False
2026-08-08,pre_dam,2026-10-03T03:13:02.486584+00:00,True,17,0.631,0.155,0.115,0.002,DART > 0,low,61.2,1.31,True,False,False
2026-08-08,pre_dam,2026-10-03T03:13:02.486584+00:00,True,18,0.619,0.217,0.136,0.001,DART > 0,low,61.2,1.31,True,False,False
2026-08-08,pre_dam,2026-10-03T03:13:02.486584+00:00,True,19,0.637,0.32,0.115,0.003,DART > 0,low,61.2,1.31,True,False,False
2026-08-08,pre_dam,2026-10-03T03:13:02.486584+00:00,True,20,0.553,0.067,0.146,0.001,DART > 0,low,61.2,1.31,False,False,False
2026-08-08,pre_dam,2026-10-03T03:13:02.486584+00:00,True,21,0.569,0.051,0.12,0.001,DART > 0,low,61.2,1.31,False,False,False
2026-08-08,pre_dam,2026-10-03T03:13:02.486584+00:00,True,22,0.569,0.038,0.123,0.001,DART > 0,low,61.2,1.31,False,False,False
2026-08-08,pre_dam,2026-10-03T03:13:02.486584+00:00,True,23,0.504,0.028,0.119,0.001,DART > 0,low,61.2,1.31,False,False,False
2026-08-08,pre_dam,2026-10-03T03:13:02.486584+00:00,True,24,0.633,0.021,0.056,0.004,DART > 0,low,61.2,1.31,False,False,False
2026-08-09,pre_dam,2026-10-03T03:14:52.800403+00:00,True,1,0.727,0.007,0.045,0.006,DART > 0,medium,65.8,4.1,False,False,False
2026-08-09,pre_dam,2026-10-03T03:14:52.800403+00:00,True,2,0.767,0.007,0.041,0.006,DART > 0,medium,65.8,4.1,False,False,False
2026-08-09,pre_dam,2026-10-03T03:14:52.800403+00:00,True,3,0.793,0.006,0.029,0.009,DART > 0,medium,65.8,4.1,False,False,False
2026-08-09,pre_dam,2026-10-03T03:14:52.800403+00:00,True,4,0.802,0.006,0.015,0.009,DART > 0,high,70.9,8.18,False,False,False
2026-08-09,pre_dam,2026-10-03T03:14:52.800403+00:00,True,5,0.759,0.006,0.009,0.015,DART > 0,medium,65.8,4.1,False,False,False
2026-08-09,pre_dam,2026-10-03T03:14:52.800403+00:00,True,6,0.769,0.006,0.01,0.017,DART > 0,medium,65.8,4.1,False,False,False
2026-08-09,pre_dam,2026-10-03T03:14:52.800403+00:00,True,7,0.746,0.008,0.013,0.001,DART > 0,medium,65.8,4.1,False,False,False
2026-08-09,pre_dam,2026-10-03T03:14:52.800403+00:00,True,8,0.744,0.008,0.019,0.001,DART > 0,medium,65.8,4.1,False,False,False
2026-08-09,pre_dam,2026-10-03T03:14:52.800403+00:00,True,9,0.707,0.009,0.027,0.002,DART > 0,medium,65.8,4.1,False,False,False
2026-08-09,pre_dam,2026-10-03T03:14:52.800403+00:00,True,10,0.699,0.016,0.039,0.012,DART > 0,medium,65.8,4.1,False,False,False
2026-08-09,pre_dam,2026-10-03T03:14:52.800403+00:00,True,11,0.727,0.048,0.052,0.009,DART > 0,medium,65.8,4.1,False,False,False
2026-08-09,pre_dam,2026-10-03T03:14:52.800403+00:00,True,12,0.635,0.061,0.049,0.001,DART > 0,low,58.3,3.56,False,False,False
2026-08-09,pre_dam,2026-10-03T03:14:52.800403+00:00,True,13,0.615,0.076,0.054,0.002,DART > 0,low,58.3,3.56,False,False,False
2026-08-09,pre_dam,2026-10-03T03:14:52.800403+00:00,True,14,0.733,0.255,0.035,0.017,DART > 0,medium,65.8,4.1,True,False,False
2026-08-09,pre_dam,2026-10-03T03:14:52.800403+00:00,True,15,0.734,0.254,0.04,0.028,DART > 0,medium,65.8,4.1,True,False,False
2026-08-09,pre_dam,2026-10-03T03:14:52.800403+00:00,True,16,0.73,0.365,0.051,0.006,DART > 0,medium,65.8,4.1,True,False,False
2026-08-09,pre_dam,2026-10-03T03:14:52.800403+00:00,True,17,0.659,0.307,0.092,0.005,DART > 0,medium,65.8,4.1,True,False,False
2026-08-09,pre_dam,2026-10-03T03:14:52.800403+00:00,True,18,0.686,0.519,0.146,0.006,DART > 0,medium,65.8,4.1,True,False,False
2026-08-09,pre_dam,2026-10-03T03:14:52.800403+00:00,True,19,0.648,0.481,0.132,0.012,DART > 0,low,58.3,3.56,True,False,False
2026-08-09,pre_dam,2026-10-03T03:14:52.800403+00:00,True,20,0.662,0.484,0.202,0.005,DART > 0,medium,65.8,4.1,True,True,False
2026-08-09,pre_dam,2026-10-03T03:14:52.800403+00:00,True,21,0.651,0.3,0.099,0.003,DART > 0,medium,65.8,4.1,True,False,False
2026-08-09,pre_dam,2026-10-03T03:14:52.800403+00:00,True,22,0.588,0.172,0.121,0.002,DART > 0,low,58.3,3.56,True,False,False
2026-08-09,pre_dam,2026-10-03T03:14:52.800403+00:00,True,23,0.72,0.028,0.069,0.005,DART > 0,medium,65.8,4.1,False,False,False
2026-08-09,pre_dam,2026-10-03T03:14:52.800403+00:00,True,24,0.687,0.007,0.062,0.004,DART > 0,medium,65.8,4.1,False,False,False
2026-08-10,pre_dam,2026-10-03T03:16:35.523901+00:00,True,1,0.846,0.007,0.016,0.002,DART > 0,high,72.7,9.47,False,False,False
2026-08-10,pre_dam,2026-10-03T03:16:35.523901+00:00,True,2,0.817,0.003,0.022,0.004,DART > 0,high,72.7,9.47,False,False,False
2026-08-10,pre_dam,2026-10-03T03:16:35.523901+00:00,True,3,0.848,0.005,0.016,0.006,DART > 0,high,72.7,9.47,False,False,False
2026-08-10,pre_dam,2026-10-03T03:16:35.523901+00:00,True,4,0.833,0.007,0.015,0.012,DART > 0,high,72.7,9.47,False,False,False
2026-08-10,pre_dam,2026-10-03T03:16:35.523901+00:00,True,5,0.791,0.005,0.014,0.021,DART > 0,high,66.6,5.17,False,False,False
2026-08-10,pre_dam,2026-10-03T03:16:35.523901+00:00,True,6,0.738,0.005,0.019,0.01,DART > 0,high,66.6,5.17,False,False,False
2026-08-10,pre_dam,2026-10-03T03:16:35.523901+00:00,True,7,0.698,0.005,0.024,0.006,DART > 0,high,66.6,5.17,False,False,False
2026-08-10,pre_dam,2026-10-03T03:16:35.523901+00:00,True,8,0.763,0.01,0.046,0.001,DART > 0,high,66.6,5.17,False,False,False
2026-08-10,pre_dam,2026-10-03T03:16:35.523901+00:00,True,9,0.814,0.04,0.05,0.001,DART > 0,high,72.7,9.47,False,False,False
2026-08-10,pre_dam,2026-10-03T03:16:35.523901+00:00,True,10,0.804,0.05,0.053,0.002,DART > 0,high,72.7,9.47,False,False,False
2026-08-10,pre_dam,2026-10-03T03:16:35.523901+00:00,True,11,0.868,0.176,0.059,0.002,DART > 0,high,72.7,9.47,True,False,False
2026-08-10,pre_dam,2026-10-03T03:16:35.523901+00:00,True,12,0.865,0.49,0.056,0.002,DART > 0,high,72.7,9.47,True,False,False
2026-08-10,pre_dam,2026-10-03T03:16:35.523901+00:00,True,13,0.844,0.522,0.057,0.004,DART > 0,high,72.7,9.47,True,False,False
2026-08-10,pre_dam,2026-10-03T03:16:35.523901+00:00,True,14,0.858,0.475,0.064,0.003,DART > 0,high,72.7,9.47,True,False,False
2026-08-10,pre_dam,2026-10-03T03:16:35.523901+00:00,True,15,0.812,0.625,0.088,0.003,DART > 0,high,72.7,9.47,True,False,False
2026-08-10,pre_dam,2026-10-03T03:16:35.523901+00:00,True,16,0.803,0.654,0.123,0.003,DART > 0,high,72.7,9.47,True,False,False
2026-08-10,pre_dam,2026-10-03T03:16:35.523901+00:00,True,17,0.817,0.72,0.166,0.002,DART > 0,high,72.7,9.47,True,False,False
2026-08-10,pre_dam,2026-10-03T03:16:35.523901+00:00,True,18,0.782,0.63,0.161,0.001,DART > 0,high,66.6,5.17,True,False,False
2026-08-10,pre_dam,2026-10-03T03:16:35.523901+00:00,True,19,0.773,0.699,0.134,0.001,DART > 0,high,66.6,5.17,True,False,False
2026-08-10,pre_dam,2026-10-03T03:16:35.523901+00:00,True,20,0.704,0.575,0.08,0.001,DART > 0,high,66.6,5.17,True,False,False
2026-08-10,pre_dam,2026-10-03T03:16:35.523901+00:00,True,21,0.79,0.55,0.085,0.001,DART > 0,high,66.6,5.17,True,False,False
2026-08-10,pre_dam,2026-10-03T03:16:35.523901+00:00,True,22,0.802,0.466,0.072,0.001,DART > 0,high,72.7,9.47,True,False,False
2026-08-10,pre_dam,2026-10-03T03:16:35.523901+00:00,True,23,0.746,0.39,0.094,0.002,DART > 0,high,66.6,5.17,True,False,False
2026-08-10,pre_dam,2026-10-03T03:16:35.523901+00:00,True,24,0.746,0.025,0.034,0.001,DART > 0,high,66.6,5.17,False,False,False
2026-08-11,pre_dam,2026-10-03T03:18:24.848860+00:00,True,1,0.623,0.011,0.047,0.001,DART > 0,low,63.5,3.59,False,False,False
2026-08-11,pre_dam,2026-10-03T03:18:24.848860+00:00,True,2,0.603,0.009,0.039,0.001,DART > 0,low,63.5,3.59,False,False,False
2026-08-11,pre_dam,2026-10-03T03:18:24.848860+00:00,True,3,0.577,0.008,0.036,0.001,DART > 0,low,63.5,3.59,False,False,False
2026-08-11,pre_dam,2026-10-03T03:18:24.848860+00:00,True,4,0.589,0.01,0.025,0.001,DART > 0,low,63.5,3.59,False,False,False
2026-08-11,pre_dam,2026-10-03T03:18:24.848860+00:00,True,5,0.597,0.006,0.019,0.001,DART > 0,low,63.5,3.59,False,False,False
2026-08-11,pre_dam,2026-10-03T03:18:24.848860+00:00,True,6,0.723,0.021,0.014,0.001,DART > 0,high,69.0,6.72,False,False,False
2026-08-11,pre_dam,2026-10-03T03:18:24.848860+00:00,True,7,0.752,0.063,0.02,0.001,DART > 0,high,69.0,6.72,False,False,False
2026-08-11,pre_dam,2026-10-03T03:18:24.848860+00:00,True,8,0.738,0.082,0.041,0.0,DART > 0,high,69.0,6.72,True,False,False
2026-08-11,pre_dam,2026-10-03T03:18:24.848860+00:00,True,9,0.734,0.235,0.037,0.001,DART > 0,high,69.0,6.72,True,False,False
2026-08-11,pre_dam,2026-10-03T03:18:24.848860+00:00,True,10,0.718,0.343,0.026,0.0,DART > 0,high,69.0,6.72,True,False,False
2026-08-11,pre_dam,2026-10-03T03:18:24.848860+00:00,True,11,0.79,0.507,0.03,0.0,DART > 0,high,69.0,6.72,True,False,False
2026-08-11,pre_dam,2026-10-03T03:18:24.848860+00:00,True,12,0.775,0.448,0.042,0.0,DART > 0,high,69.0,6.72,True,False,False
2026-08-11,pre_dam,2026-10-03T03:18:24.848860+00:00,True,13,0.775,0.426,0.033,0.0,DART > 0,high,69.0,6.72,True,False,False
2026-08-11,pre_dam,2026-10-03T03:18:24.848860+00:00,True,14,0.76,0.436,0.043,0.001,DART > 0,high,69.0,6.72,True,False,False
2026-08-11,pre_dam,2026-10-03T03:18:24.848860+00:00,True,15,0.675,0.573,0.079,0.0,DART > 0,high,69.0,6.72,True,False,False
2026-08-11,pre_dam,2026-10-03T03:18:24.848860+00:00,True,16,0.763,0.667,0.054,0.001,DART > 0,high,69.0,6.72,True,False,False
2026-08-11,pre_dam,2026-10-03T03:18:24.848860+00:00,True,17,0.797,0.657,0.105,0.001,DART > 0,high,69.0,6.72,True,False,False
2026-08-11,pre_dam,2026-10-03T03:18:24.848860+00:00,True,18,0.686,0.455,0.095,0.001,DART > 0,high,69.0,6.72,True,False,False
2026-08-11,pre_dam,2026-10-03T03:18:24.848860+00:00,True,19,0.694,0.569,0.075,0.001,DART > 0,high,69.0,6.72,True,False,False
2026-08-11,pre_dam,2026-10-03T03:18:24.848860+00:00,True,20,0.675,0.525,0.077,0.001,DART > 0,high,69.0,6.72,True,False,False
2026-08-11,pre_dam,2026-10-03T03:18:24.848860+00:00,True,21,0.76,0.532,0.062,0.001,DART > 0,high,69.0,6.72,True,False,False
2026-08-11,pre_dam,2026-10-03T03:18:24.848860+00:00,True,22,0.739,0.442,0.033,0.0,DART > 0,high,69.0,6.72,True,False,False
2026-08-11,pre_dam,2026-10-03T03:18:24.848860+00:00,True,23,0.648,0.039,0.047,0.001,DART > 0,low,63.5,3.59,False,False,False
2026-08-11,pre_dam,2026-10-03T03:18:24.848860+00:00,True,24,0.638,0.026,0.042,0.001,DART > 0,low,63.5,3.59,False,False,False
2026-08-12,pre_dam,2026-10-03T03:20:09.173863+00:00,True,1,0.662,0.009,0.038,0.0,DART > 0,medium,66.9,5.0,False,False,False
2026-08-12,pre_dam,2026-10-03T03:20:09.173863+00:00,True,2,0.675,0.009,0.026,0.0,DART > 0,medium,66.9,5.0,False,False,False
2026-08-12,pre_dam,2026-10-03T03:20:09.173863+00:00,True,3,0.65,0.009,0.019,0.001,DART > 0,medium,66.9,5.0,False,False,False
2026-08-12,pre_dam,2026-10-03T03:20:09.173863+00:00,True,4,0.65,0.008,0.014,0.001,DART > 0,medium,66.9,5.0,False,False,False
2026-08-12,pre_dam,2026-10-03T03:20:09.173863+00:00,True,5,0.588,0.006,0.015,0.001,DART > 0,high,64.7,5.52,False,False,False
2026-08-12,pre_dam,2026-10-03T03:20:09.173863+00:00,True,6,0.65,0.02,0.017,0.0,DART > 0,medium,66.9,5.0,False,False,False
2026-08-12,pre_dam,2026-10-03T03:20:09.173863+00:00,True,7,0.684,0.025,0.039,0.0,DART > 0,medium,66.9,5.0,False,False,False
2026-08-12,pre_dam,2026-10-03T03:20:09.173863+00:00,True,8,0.707,0.087,0.032,0.0,DART > 0,medium,66.9,5.0,True,False,False
2026-08-12,pre_dam,2026-10-03T03:20:09.173863+00:00,True,9,0.587,0.076,0.065,0.0,DART > 0,high,64.7,5.52,False,False,False
2026-08-12,pre_dam,2026-10-03T03:20:09.173863+00:00,True,10,0.719,0.121,0.065,0.0,DART > 0,medium,66.9,5.0,True,False,False
2026-08-12,pre_dam,2026-10-03T03:20:09.173863+00:00,True,11,0.784,0.461,0.064,0.0,DART > 0,medium,66.9,5.0,True,False,False
2026-08-12,pre_dam,2026-10-03T03:20:09.173863+00:00,True,12,0.779,0.549,0.066,0.001,DART > 0,medium,66.9,5.0,True,False,False
2026-08-12,pre_dam,2026-10-03T03:20:09.173863+00:00,True,13,0.796,0.559,0.073,0.001,DART > 0,medium,66.9,5.0,True,False,False
2026-08-12,pre_dam,2026-10-03T03:20:09.173863+00:00,True,14,0.802,0.712,0.064,0.002,DART > 0,high,71.3,9.85,True,False,False
2026-08-12,pre_dam,2026-10-03T03:20:09.173863+00:00,True,15,0.793,0.636,0.195,0.0,DART > 0,medium,66.9,5.0,True,False,False
2026-08-12,pre_dam,2026-10-03T03:20:09.173863+00:00,True,16,0.774,0.584,0.109,0.001,DART > 0,medium,66.9,5.0,True,False,False
2026-08-12,pre_dam,2026-10-03T03:20:09.173863+00:00,True,17,0.66,0.49,0.131,0.001,DART > 0,medium,66.9,5.0,True,False,False
2026-08-12,pre_dam,2026-10-03T03:20:09.173863+00:00,True,18,0.577,0.656,0.238,0.001,DART > 0,high,64.7,5.52,True,False,False
2026-08-12,pre_dam,2026-10-03T03:20:09.173863+00:00,True,19,0.663,0.463,0.104,0.003,DART > 0,medium,66.9,5.0,True,False,False
2026-08-12,pre_dam,2026-10-03T03:20:09.173863+00:00,True,20,0.69,0.523,0.061,0.001,DART > 0,medium,66.9,5.0,True,False,False
2026-08-12,pre_dam,2026-10-03T03:20:09.173863+00:00,True,21,0.735,0.363,0.055,0.001,DART > 0,medium,66.9,5.0,True,False,False
2026-08-12,pre_dam,2026-10-03T03:20:09.173863+00:00,True,22,0.74,0.125,0.062,0.001,DART > 0,medium,66.9,5.0,True,False,False
2026-08-12,pre_dam,2026-10-03T03:20:09.173863+00:00,True,23,0.737,0.041,0.031,0.001,DART > 0,medium,66.9,5.0,False,False,False
2026-08-12,pre_dam,2026-10-03T03:20:09.173863+00:00,True,24,0.732,0.004,0.031,0.001,DART > 0,medium,66.9,5.0,False,False,False
2026-08-13,pre_dam,2026-10-03T03:22:06.117798+00:00,True,1,0.754,0.012,0.048,0.001,DART > 0,high,67.6,6.7,False,False,False
2026-08-13,pre_dam,2026-10-03T03:22:06.117798+00:00,True,2,0.801,0.01,0.041,0.001,DART > 0,high,70.4,7.97,False,False,False
2026-08-13,pre_dam,2026-10-03T03:22:06.117798+00:00,True,3,0.81,0.01,0.042,0.0,DART > 0,high,70.4,7.97,False,False,False
2026-08-13,pre_dam,2026-10-03T03:22:06.117798+00:00,True,4,0.81,0.01,0.03,0.001,DART > 0,high,70.4,7.97,False,False,False
2026-08-13,pre_dam,2026-10-03T03:22:06.117798+00:00,True,5,0.792,0.01,0.025,0.001,DART > 0,high,67.6,6.7,False,False,False
2026-08-13,pre_dam,2026-10-03T03:22:06.117798+00:00,True,6,0.755,0.012,0.034,0.001,DART > 0,high,67.6,6.7,False,False,False
2026-08-13,pre_dam,2026-10-03T03:22:06.117798+00:00,True,7,0.742,0.022,0.067,0.001,DART > 0,high,67.6,6.7,False,False,False
2026-08-13,pre_dam,2026-10-03T03:22:06.117798+00:00,True,8,0.76,0.073,0.066,0.001,DART > 0,high,67.6,6.7,False,False,False
2026-08-13,pre_dam,2026-10-03T03:22:06.117798+00:00,True,9,0.774,0.116,0.046,0.001,DART > 0,high,67.6,6.7,True,False,False
2026-08-13,pre_dam,2026-10-03T03:22:06.117798+00:00,True,10,0.7,0.064,0.046,0.001,DART > 0,high,67.6,6.7,False,False,False
2026-08-13,pre_dam,2026-10-03T03:22:06.117798+00:00,True,11,0.637,0.337,0.095,0.0,DART > 0,high,65.7,5.35,True,False,False
2026-08-13,pre_dam,2026-10-03T03:22:06.117798+00:00,True,12,0.693,0.385,0.141,0.0,DART > 0,high,67.6,6.7,True,False,False
2026-08-13,pre_dam,2026-10-03T03:22:06.117798+00:00,True,13,0.595,0.359,0.035,0.0,DART > 0,high,65.7,5.35,True,False,False
2026-08-13,pre_dam,2026-10-03T03:22:06.117798+00:00,True,14,0.627,0.458,0.067,0.0,DART > 0,high,65.7,5.35,True,False,False
2026-08-13,pre_dam,2026-10-03T03:22:06.117798+00:00,True,15,0.729,0.549,0.081,0.001,DART > 0,high,67.6,6.7,True,False,False
2026-08-13,pre_dam,2026-10-03T03:22:06.117798+00:00,True,16,0.754,0.516,0.126,0.001,DART > 0,high,67.6,6.7,True,False,False
2026-08-13,pre_dam,2026-10-03T03:22:06.117798+00:00,True,17,0.729,0.528,0.094,0.001,DART > 0,high,67.6,6.7,True,False,False
2026-08-13,pre_dam,2026-10-03T03:22:06.117798+00:00,True,18,0.744,0.549,0.14,0.0,DART > 0,high,67.6,6.7,True,False,False
2026-08-13,pre_dam,2026-10-03T03:22:06.117798+00:00,True,19,0.719,0.537,0.133,0.001,DART > 0,high,67.6,6.7,True,False,False
2026-08-13,pre_dam,2026-10-03T03:22:06.117798+00:00,True,20,0.704,0.524,0.122,0.001,DART > 0,high,67.6,6.7,True,False,False
2026-08-13,pre_dam,2026-10-03T03:22:06.117798+00:00,True,21,0.659,0.454,0.075,0.001,DART > 0,high,67.6,6.7,True,False,False
2026-08-13,pre_dam,2026-10-03T03:22:06.117798+00:00,True,22,0.694,0.406,0.054,0.0,DART > 0,high,67.6,6.7,True,False,False
2026-08-13,pre_dam,2026-10-03T03:22:06.117798+00:00,True,23,0.619,0.075,0.061,0.001,DART > 0,high,65.7,5.35,False,False,False
2026-08-13,pre_dam,2026-10-03T03:22:06.117798+00:00,True,24,0.67,0.041,0.048,0.001,DART > 0,high,67.6,6.7,False,False,False
2026-08-14,pre_dam,2026-10-03T03:24:11.750912+00:00,True,1,0.77,0.016,0.023,0.001,DART > 0,high,66.4,5.86,False,False,False
2026-08-14,pre_dam,2026-10-03T03:24:11.750912+00:00,True,2,0.785,0.014,0.021,0.001,DART > 0,high,66.4,5.86,False,False,False
2026-08-14,pre_dam,2026-10-03T03:24:11.750912+00:00,True,3,0.767,0.014,0.024,0.001,DART > 0,high,66.4,5.86,False,False,False
2026-08-14,pre_dam,2026-10-03T03:24:11.750912+00:00,True,4,0.764,0.011,0.041,0.001,DART > 0,high,66.4,5.86,False,False,False
2026-08-14,pre_dam,2026-10-03T03:24:11.750912+00:00,True,5,0.762,0.011,0.029,0.001,DART > 0,high,66.4,5.86,False,False,False
2026-08-14,pre_dam,2026-10-03T03:24:11.750912+00:00,True,6,0.781,0.012,0.038,0.001,DART > 0,high,66.4,5.86,False,False,False
2026-08-14,pre_dam,2026-10-03T03:24:11.750912+00:00,True,7,0.778,0.042,0.027,0.001,DART > 0,high,66.4,5.86,False,False,False
2026-08-14,pre_dam,2026-10-03T03:24:11.750912+00:00,True,8,0.843,0.058,0.037,0.001,DART > 0,high,71.5,9.18,False,False,False
2026-08-14,pre_dam,2026-10-03T03:24:11.750912+00:00,True,9,0.775,0.192,0.018,0.001,DART > 0,high,66.4,5.86,True,False,False
2026-08-14,pre_dam,2026-10-03T03:24:11.750912+00:00,True,10,0.807,0.222,0.02,0.001,DART > 0,high,71.5,9.18,True,False,False
2026-08-14,pre_dam,2026-10-03T03:24:11.750912+00:00,True,11,0.828,0.446,0.04,0.001,DART > 0,high,71.5,9.18,True,False,False
2026-08-14,pre_dam,2026-10-03T03:24:11.750912+00:00,True,12,0.823,0.466,0.029,0.001,DART > 0,high,71.5,9.18,True,False,False
2026-08-14,pre_dam,2026-10-03T03:24:11.750912+00:00,True,13,0.78,0.496,0.039,0.002,DART > 0,high,66.4,5.86,True,False,False
2026-08-14,pre_dam,2026-10-03T03:24:11.750912+00:00,True,14,0.802,0.505,0.033,0.004,DART > 0,high,71.5,9.18,True,False,False
2026-08-14,pre_dam,2026-10-03T03:24:11.750912+00:00,True,15,0.816,0.672,0.065,0.002,DART > 0,high,71.5,9.18,True,False,False
2026-08-14,pre_dam,2026-10-03T03:24:11.750912+00:00,True,16,0.813,0.568,0.051,0.005,DART > 0,high,71.5,9.18,True,False,False
2026-08-14,pre_dam,2026-10-03T03:24:11.750912+00:00,True,17,0.8,0.601,0.063,0.003,DART > 0,high,71.5,9.18,True,False,False
2026-08-14,pre_dam,2026-10-03T03:24:11.750912+00:00,True,18,0.723,0.616,0.113,0.002,DART > 0,high,66.4,5.86,True,False,False
2026-08-14,pre_dam,2026-10-03T03:24:11.750912+00:00,True,19,0.737,0.529,0.121,0.001,DART > 0,high,66.4,5.86,True,False,False
2026-08-14,pre_dam,2026-10-03T03:24:11.750912+00:00,True,20,0.756,0.531,0.082,0.001,DART > 0,high,66.4,5.86,True,False,False
2026-08-14,pre_dam,2026-10-03T03:24:11.750912+00:00,True,21,0.748,0.216,0.101,0.002,DART > 0,high,66.4,5.86,True,False,False
2026-08-14,pre_dam,2026-10-03T03:24:11.750912+00:00,True,22,0.727,0.188,0.085,0.002,DART > 0,high,66.4,5.86,True,False,False
2026-08-14,pre_dam,2026-10-03T03:24:11.750912+00:00,True,23,0.728,0.09,0.085,0.002,DART > 0,high,66.4,5.86,True,False,False
2026-08-14,pre_dam,2026-10-03T03:24:11.750912+00:00,True,24,0.695,0.038,0.061,0.002,DART > 0,high,66.4,5.86,False,False,False
2026-08-15,pre_dam,2026-10-03T03:25:43.009759+00:00,True,1,0.528,0.014,0.023,0.004,DART > 0,medium,60.6,4.74,False,False,False
2026-08-15,pre_dam,2026-10-03T03:25:43.009759+00:00,True,2,0.697,0.012,0.026,0.004,DART > 0,high,65.1,5.41,False,False,False
2026-08-15,pre_dam,2026-10-03T03:25:43.009759+00:00,True,3,0.687,0.007,0.027,0.004,DART > 0,high,65.1,5.41,False,False,False
2026-08-15,pre_dam,2026-10-03T03:25:43.009759+00:00,True,4,0.675,0.014,0.027,0.007,DART > 0,high,65.1,5.41,False,False,False
2026-08-15,pre_dam,2026-10-03T03:25:43.009759+00:00,True,5,0.675,0.015,0.017,0.013,DART > 0,high,65.1,5.41,False,False,False
2026-08-15,pre_dam,2026-10-03T03:25:43.009759+00:00,True,6,0.675,0.013,0.015,0.008,DART > 0,high,65.1,5.41,False,False,False
2026-08-15,pre_dam,2026-10-03T03:25:43.009759+00:00,True,7,0.655,0.014,0.024,0.006,DART > 0,high,65.1,5.41,False,False,False
2026-08-15,pre_dam,2026-10-03T03:25:43.009759+00:00,True,8,0.579,0.016,0.024,0.004,DART > 0,medium,60.6,4.74,False,False,False
2026-08-15,pre_dam,2026-10-03T03:25:43.009759+00:00,True,9,0.53,0.009,0.04,0.004,DART > 0,medium,60.6,4.74,False,False,False
2026-08-15,pre_dam,2026-10-03T03:25:43.009759+00:00,True,10,0.613,0.016,0.071,0.004,DART > 0,medium,60.6,4.74,False,False,False
2026-08-15,pre_dam,2026-10-03T03:25:43.009759+00:00,True,11,0.65,0.036,0.071,0.003,DART > 0,high,65.1,5.41,False,False,False
2026-08-15,pre_dam,2026-10-03T03:25:43.009759+00:00,True,12,0.648,0.028,0.044,0.003,DART > 0,medium,60.6,4.74,False,False,False
2026-08-15,pre_dam,2026-10-03T03:25:43.009759+00:00,True,13,0.721,0.062,0.04,0.003,DART > 0,high,65.1,5.41,False,False,False
2026-08-15,pre_dam,2026-10-03T03:25:43.009759+00:00,True,14,0.752,0.056,0.057,0.004,DART > 0,high,65.1,5.41,False,False,False
2026-08-15,pre_dam,2026-10-03T03:25:43.009759+00:00,True,15,0.771,0.066,0.062,0.004,DART > 0,high,65.1,5.41,False,False,False
2026-08-15,pre_dam,2026-10-03T03:25:43.009759+00:00,True,16,0.763,0.058,0.057,0.003,DART > 0,high,65.1,5.41,False,False,False
2026-08-15,pre_dam,2026-10-03T03:25:43.009759+00:00,True,17,0.771,0.073,0.095,0.003,DART > 0,high,65.1,5.41,False,False,False
2026-08-15,pre_dam,2026-10-03T03:25:43.009759+00:00,True,18,0.671,0.249,0.119,0.002,DART > 0,high,65.1,5.41,True,False,False
2026-08-15,pre_dam,2026-10-03T03:25:43.009759+00:00,True,19,0.756,0.363,0.077,0.002,DART > 0,high,65.1,5.41,True,False,False
2026-08-15,pre_dam,2026-10-03T03:25:43.009759+00:00,True,20,0.799,0.324,0.092,0.002,DART > 0,high,65.1,5.41,True,False,False
2026-08-15,pre_dam,2026-10-03T03:25:43.009759+00:00,True,21,0.756,0.059,0.081,0.003,DART > 0,high,65.1,5.41,False,False,False
2026-08-15,pre_dam,2026-10-03T03:25:43.009759+00:00,True,22,0.73,0.023,0.067,0.003,DART > 0,high,65.1,5.41,False,False,False
2026-08-15,pre_dam,2026-10-03T03:25:43.009759+00:00,True,23,0.726,0.013,0.024,0.003,DART > 0,high,65.1,5.41,False,False,False
2026-08-15,pre_dam,2026-10-03T03:25:43.009759+00:00,True,24,0.698,0.014,0.017,0.019,DART > 0,high,65.1,5.41,False,False,False
2026-08-16,pre_dam,2026-10-03T03:08:23.703973+00:00,True,1,0.702,0.006,0.011,0.013,DART > 0,medium,65.2,4.77,False,False,False
2026-08-16,pre_dam,2026-10-03T03:08:23.703973+00:00,True,2,0.689,0.006,0.015,0.004,DART > 0,medium,65.2,4.77,False,False,False
2026-08-16,pre_dam,2026-10-03T03:08:23.703973+00:00,True,3,0.713,0.006,0.011,0.004,DART > 0,medium,65.2,4.77,False,False,False
2026-08-16,pre_dam,2026-10-03T03:08:23.703973+00:00,True,4,0.721,0.005,0.009,0.015,DART > 0,medium,65.2,4.77,False,False,False
2026-08-16,pre_dam,2026-10-03T03:08:23.703973+00:00,True,5,0.718,0.004,0.009,0.032,DART > 0,medium,65.2,4.77,False,False,False
2026-08-16,pre_dam,2026-10-03T03:08:23.703973+00:00,True,6,0.698,0.005,0.009,0.035,DART > 0,medium,65.2,4.77,False,False,False
2026-08-16,pre_dam,2026-10-03T03:08:23.703973+00:00,True,7,0.661,0.006,0.01,0.016,DART > 0,medium,65.2,4.77,False,False,False
2026-08-16,pre_dam,2026-10-03T03:08:23.703973+00:00,True,8,0.638,0.005,0.013,0.002,DART > 0,low,58.0,3.59,False,False,False
2026-08-16,pre_dam,2026-10-03T03:08:23.703973+00:00,True,9,0.598,0.005,0.025,0.001,DART > 0,low,58.0,3.59,False,False,False
2026-08-16,pre_dam,2026-10-03T03:08:23.703973+00:00,True,10,0.66,0.007,0.033,0.001,DART > 0,medium,65.2,4.77,False,False,False
2026-08-16,pre_dam,2026-10-03T03:08:23.703973+00:00,True,11,0.697,0.008,0.043,0.001,DART > 0,medium,65.2,4.77,False,False,False
2026-08-16,pre_dam,2026-10-03T03:08:23.703973+00:00,True,12,0.622,0.022,0.065,0.001,DART > 0,low,58.0,3.59,False,False,False
2026-08-16,pre_dam,2026-10-03T03:08:23.703973+00:00,True,13,0.58,0.018,0.067,0.0,DART > 0,low,58.0,3.59,False,False,False
2026-08-16,pre_dam,2026-10-03T03:08:23.703973+00:00,True,14,0.706,0.046,0.063,0.001,DART > 0,medium,65.2,4.77,False,False,False
2026-08-16,pre_dam,2026-10-03T03:08:23.703973+00:00,True,15,0.805,0.131,0.063,0.001,DART > 0,high,71.7,9.97,True,False,False
2026-08-16,pre_dam,2026-10-03T03:08:23.703973+00:00,True,16,0.775,0.367,0.073,0.002,DART > 0,medium,65.2,4.77,True,False,False
2026-08-16,pre_dam,2026-10-03T03:08:23.703973+00:00,True,17,0.801,0.391,0.082,0.001,DART > 0,high,71.7,9.97,True,False,False
2026-08-16,pre_dam,2026-10-03T03:08:23.703973+00:00,True,18,0.851,0.466,0.09,0.001,DART > 0,high,71.7,9.97,True,False,False
2026-08-16,pre_dam,2026-10-03T03:08:23.703973+00:00,True,19,0.849,0.564,0.081,0.001,DART > 0,high,71.7,9.97,True,False,False
2026-08-16,pre_dam,2026-10-03T03:08:23.703973+00:00,True,20,0.819,0.523,0.069,0.001,DART > 0,high,71.7,9.97,True,False,False
2026-08-16,pre_dam,2026-10-03T03:08:23.703973+00:00,True,21,0.744,0.314,0.064,0.001,DART > 0,medium,65.2,4.77,True,False,False
2026-08-16,pre_dam,2026-10-03T03:08:23.703973+00:00,True,22,0.71,0.036,0.067,0.001,DART > 0,medium,65.2,4.77,False,False,False
2026-08-16,pre_dam,2026-10-03T03:08:23.703973+00:00,True,23,0.621,0.013,0.056,0.001,DART > 0,low,58.0,3.59,False,False,False
2026-08-16,pre_dam,2026-10-03T03:08:23.703973+00:00,True,24,0.582,0.008,0.032,0.001,DART > 0,low,58.0,3.59,False,False,False
2026-08-17,pre_dam,2026-10-03T03:10:58.081455+00:00,True,1,0.711,0.023,0.036,0.001,DART > 0,high,65.5,5.05,False,False,False
2026-08-17,pre_dam,2026-10-03T03:10:58.081455+00:00,True,2,0.791,0.02,0.031,0.001,DART > 0,high,65.5,5.05,False,False,False
2026-08-17,pre_dam,2026-10-03T03:10:58.081455+00:00,True,3,0.748,0.019,0.024,0.001,DART > 0,high,65.5,5.05,False,False,False
2026-08-17,pre_dam,2026-10-03T03:10:58.081455+00:00,True,4,0.749,0.015,0.024,0.001,DART > 0,high,65.5,5.05,False,False,False
2026-08-17,pre_dam,2026-10-03T03:10:58.081455+00:00,True,5,0.711,0.019,0.01,0.001,DART > 0,high,65.5,5.05,False,False,False
2026-08-17,pre_dam,2026-10-03T03:10:58.081455+00:00,True,6,0.682,0.034,0.014,0.001,DART > 0,high,65.5,5.05,False,False,False
2026-08-17,pre_dam,2026-10-03T03:10:58.081455+00:00,True,7,0.676,0.023,0.022,0.001,DART > 0,high,65.5,5.05,False,False,False
2026-08-17,pre_dam,2026-10-03T03:10:58.081455+00:00,True,8,0.684,0.038,0.071,0.001,DART > 0,high,65.5,5.05,False,False,False
2026-08-17,pre_dam,2026-10-03T03:10:58.081455+00:00,True,9,0.665,0.101,0.033,0.001,DART > 0,high,65.5,5.05,True,False,False
2026-08-17,pre_dam,2026-10-03T03:10:58.081455+00:00,True,10,0.676,0.106,0.04,0.001,DART > 0,high,65.5,5.05,True,False,False
2026-08-17,pre_dam,2026-10-03T03:10:58.081455+00:00,True,11,0.673,0.256,0.063,0.001,DART > 0,high,65.5,5.05,True,False,False
2026-08-17,pre_dam,2026-10-03T03:10:58.081455+00:00,True,12,0.649,0.51,0.066,0.0,DART > 0,high,65.8,6.8,True,False,False
2026-08-17,pre_dam,2026-10-03T03:10:58.081455+00:00,True,13,0.673,0.536,0.08,0.0,DART > 0,high,65.5,5.05,True,False,False
2026-08-17,pre_dam,2026-10-03T03:10:58.081455+00:00,True,14,0.685,0.55,0.104,0.001,DART > 0,high,65.5,5.05,True,False,False
2026-08-17,pre_dam,2026-10-03T03:10:58.081455+00:00,True,15,0.684,0.515,0.104,0.001,DART > 0,high,65.5,5.05,True,False,False
2026-08-17,pre_dam,2026-10-03T03:10:58.081455+00:00,True,16,0.747,0.619,0.132,0.001,DART > 0,high,65.5,5.05,True,False,False
2026-08-17,pre_dam,2026-10-03T03:10:58.081455+00:00,True,17,0.722,0.539,0.103,0.001,DART > 0,high,65.5,5.05,True,False,False
2026-08-17,pre_dam,2026-10-03T03:10:58.081455+00:00,True,18,0.727,0.45,0.112,0.001,DART > 0,high,65.5,5.05,True,False,False
2026-08-17,pre_dam,2026-10-03T03:10:58.081455+00:00,True,19,0.732,0.476,0.09,0.001,DART > 0,high,65.5,5.05,True,False,False
2026-08-17,pre_dam,2026-10-03T03:10:58.081455+00:00,True,20,0.748,0.557,0.073,0.001,DART > 0,high,65.5,5.05,True,False,False
2026-08-17,pre_dam,2026-10-03T03:10:58.081455+00:00,True,21,0.734,0.548,0.074,0.001,DART > 0,high,65.5,5.05,True,False,False
2026-08-17,pre_dam,2026-10-03T03:10:58.081455+00:00,True,22,0.65,0.22,0.043,0.001,DART > 0,high,65.5,5.05,True,False,False
2026-08-17,pre_dam,2026-10-03T03:10:58.081455+00:00,True,23,0.659,0.066,0.046,0.001,DART > 0,high,65.5,5.05,False,False,False
2026-08-17,pre_dam,2026-10-03T03:10:58.081455+00:00,True,24,0.702,0.023,0.037,0.001,DART > 0,high,65.5,5.05,False,False,False
2026-08-18,pre_dam,2026-10-03T03:12:56.738692+00:00,True,1,0.594,0.013,0.023,0.001,DART > 0,low,60.2,3.51,False,False,False
2026-08-18,pre_dam,2026-10-03T03:12:56.738692+00:00,True,2,0.6,0.027,0.016,0.001,DART > 0,low,60.2,3.51,False,False,False
2026-08-18,pre_dam,2026-10-03T03:12:56.738692+00:00,True,3,0.587,0.012,0.014,0.001,DART > 0,low,60.2,3.51,False,False,False
2026-08-18,pre_dam,2026-10-03T03:12:56.738692+00:00,True,4,0.674,0.006,0.019,0.001,DART > 0,high,66.8,5.27,False,False,False
2026-08-18,pre_dam,2026-10-03T03:12:56.738692+00:00,True,5,0.625,0.007,0.012,0.001,DART > 0,low,60.2,3.51,False,False,False
2026-08-18,pre_dam,2026-10-03T03:12:56.738692+00:00,True,6,0.635,0.011,0.026,0.001,DART > 0,low,60.2,3.51,False,False,False
2026-08-18,pre_dam,2026-10-03T03:12:56.738692+00:00,True,7,0.635,0.008,0.033,0.001,DART > 0,low,60.2,3.51,False,False,False
2026-08-18,pre_dam,2026-10-03T03:12:56.738692+00:00,True,8,0.721,0.024,0.055,0.001,DART > 0,high,66.8,5.27,False,False,False
2026-08-18,pre_dam,2026-10-03T03:12:56.738692+00:00,True,9,0.725,0.037,0.058,0.001,DART > 0,high,66.8,5.27,False,False,False
2026-08-18,pre_dam,2026-10-03T03:12:56.738692+00:00,True,10,0.617,0.064,0.081,0.001,DART > 0,low,60.2,3.51,False,False,False
2026-08-18,pre_dam,2026-10-03T03:12:56.738692+00:00,True,11,0.629,0.15,0.083,0.001,DART > 0,low,60.2,3.51,True,False,False
2026-08-18,pre_dam,2026-10-03T03:12:56.738692+00:00,True,12,0.578,0.25,0.072,0.0,DART > 0,low,60.2,3.51,True,False,False
2026-08-18,pre_dam,2026-10-03T03:12:56.738692+00:00,True,13,0.699,0.398,0.093,0.0,DART > 0,high,66.8,5.27,True,False,False
2026-08-18,pre_dam,2026-10-03T03:12:56.738692+00:00,True,14,0.715,0.409,0.127,0.0,DART > 0,high,66.8,5.27,True,False,False
2026-08-18,pre_dam,2026-10-03T03:12:56.738692+00:00,True,15,0.727,0.465,0.127,0.0,DART > 0,high,66.8,5.27,True,False,False
2026-08-18,pre_dam,2026-10-03T03:12:56.738692+00:00,True,16,0.754,0.344,0.114,0.001,DART > 0,high,66.8,5.27,True,False,False
2026-08-18,pre_dam,2026-10-03T03:12:56.738692+00:00,True,17,0.704,0.347,0.071,0.002,DART > 0,high,66.8,5.27,True,False,False
2026-08-18,pre_dam,2026-10-03T03:12:56.738692+00:00,True,18,0.686,0.355,0.121,0.0,DART > 0,high,66.8,5.27,True,False,False
2026-08-18,pre_dam,2026-10-03T03:12:56.738692+00:00,True,19,0.679,0.47,0.097,0.0,DART > 0,high,66.8,5.27,True,False,False
2026-08-18,pre_dam,2026-10-03T03:12:56.738692+00:00,True,20,0.655,0.385,0.126,0.0,DART > 0,high,66.8,5.27,True,False,False
2026-08-18,pre_dam,2026-10-03T03:12:56.738692+00:00,True,21,0.537,0.143,0.158,0.0,DART > 0,low,60.2,3.51,True,False,False
2026-08-18,pre_dam,2026-10-03T03:12:56.738692+00:00,True,22,0.529,0.038,0.087,0.001,DART > 0,low,60.2,3.51,False,False,False
2026-08-18,pre_dam,2026-10-03T03:12:56.738692+00:00,True,23,0.604,0.019,0.054,0.0,DART > 0,low,60.2,3.51,False,False,False
2026-08-18,pre_dam,2026-10-03T03:12:56.738692+00:00,True,24,0.713,0.011,0.042,0.001,DART > 0,high,66.8,5.27,False,False,False
2026-08-19,pre_dam,2026-10-03T03:14:48.474223+00:00,True,1,0.795,0.016,0.017,0.002,DART > 0,medium,66.5,4.49,False,False,False
2026-08-19,pre_dam,2026-10-03T03:14:48.474223+00:00,True,2,0.811,0.015,0.013,0.001,DART > 0,high,69.2,9.41,False,False,False
2026-08-19,pre_dam,2026-10-03T03:14:48.474223+00:00,True,3,0.754,0.015,0.009,0.002,DART > 0,medium,66.5,4.49,False,False,False
2026-08-19,pre_dam,2026-10-03T03:14:48.474223+00:00,True,4,0.752,0.013,0.009,0.002,DART > 0,medium,66.5,4.49,False,False,False
2026-08-19,pre_dam,2026-10-03T03:14:48.474223+00:00,True,5,0.698,0.008,0.005,0.002,DART > 0,medium,66.5,4.49,False,False,False
2026-08-19,pre_dam,2026-10-03T03:14:48.474223+00:00,True,6,0.726,0.008,0.01,0.001,DART > 0,medium,66.5,4.49,False,False,False
2026-08-19,pre_dam,2026-10-03T03:14:48.474223+00:00,True,7,0.724,0.053,0.037,0.002,DART > 0,medium,66.5,4.49,False,False,False
2026-08-19,pre_dam,2026-10-03T03:14:48.474223+00:00,True,8,0.73,0.075,0.062,0.001,DART > 0,medium,66.5,4.49,True,False,False
2026-08-19,pre_dam,2026-10-03T03:14:48.474223+00:00,True,9,0.604,0.127,0.057,0.001,DART > 0,low,55.4,1.12,True,False,False
2026-08-19,pre_dam,2026-10-03T03:14:48.474223+00:00,True,10,0.591,0.25,0.083,0.001,DART > 0,low,55.4,1.12,True,False,False
2026-08-19,pre_dam,2026-10-03T03:14:48.474223+00:00,True,11,0.593,0.387,0.111,0.001,DART > 0,low,55.4,1.12,True,False,False
2026-08-19,pre_dam,2026-10-03T03:14:48.474223+00:00,True,12,0.571,0.362,0.082,0.001,DART > 0,low,55.4,1.12,True,False,False
2026-08-19,pre_dam,2026-10-03T03:14:48.474223+00:00,True,13,0.594,0.463,0.053,0.003,DART > 0,low,55.4,1.12,True,False,False
2026-08-19,pre_dam,2026-10-03T03:14:48.474223+00:00,True,14,0.627,0.511,0.047,0.003,DART > 0,low,55.4,1.12,True,False,False
2026-08-19,pre_dam,2026-10-03T03:14:48.474223+00:00,True,15,0.645,0.445,0.049,0.004,DART > 0,low,55.4,1.12,True,False,False
2026-08-19,pre_dam,2026-10-03T03:14:48.474223+00:00,True,16,0.716,0.556,0.057,0.001,DART > 0,medium,66.5,4.49,True,False,False
2026-08-19,pre_dam,2026-10-03T03:14:48.474223+00:00,True,17,0.749,0.503,0.075,0.001,DART > 0,medium,66.5,4.49,True,False,False
2026-08-19,pre_dam,2026-10-03T03:14:48.474223+00:00,True,18,0.774,0.573,0.089,0.002,DART > 0,medium,66.5,4.49,True,False,False
2026-08-19,pre_dam,2026-10-03T03:14:48.474223+00:00,True,19,0.763,0.636,0.093,0.001,DART > 0,medium,66.5,4.49,True,False,False
2026-08-19,pre_dam,2026-10-03T03:14:48.474223+00:00,True,20,0.764,0.69,0.186,0.001,DART > 0,medium,66.5,4.49,True,True,False
2026-08-19,pre_dam,2026-10-03T03:14:48.474223+00:00,True,21,0.72,0.308,0.103,0.001,DART > 0,medium,66.5,4.49,True,False,False
2026-08-19,pre_dam,2026-10-03T03:14:48.474223+00:00,True,22,0.676,0.176,0.078,0.001,DART > 0,medium,66.5,4.49,True,False,False
2026-08-19,pre_dam,2026-10-03T03:14:48.474223+00:00,True,23,0.705,0.068,0.054,0.001,DART > 0,medium,66.5,4.49,True,False,False
2026-08-19,pre_dam,2026-10-03T03:14:48.474223+00:00,True,24,0.774,0.015,0.018,0.001,DART > 0,medium,66.5,4.49,False,False,False
2026-08-20,pre_dam,2026-10-03T03:16:34.363949+00:00,True,1,0.525,0.064,0.006,0.004,DART > 0,medium,62.9,3.57,False,False,False
2026-08-20,pre_dam,2026-10-03T03:16:34.363949+00:00,True,2,0.564,0.059,0.005,0.004,DART > 0,medium,62.9,3.57,False,False,False
2026-08-20,pre_dam,2026-10-03T03:16:34.363949+00:00,True,3,0.52,0.042,0.005,0.004,DART > 0,medium,62.9,3.57,False,False,False
2026-08-20,pre_dam,2026-10-03T03:16:34.363949+00:00,True,4,0.463,0.045,0.004,0.005,DART > 0,low,66.7,7.51,False,False,False
2026-08-20,pre_dam,2026-10-03T03:16:34.363949+00:00,True,5,0.416,0.037,0.002,0.016,DART > 0,low,66.7,7.51,False,False,False
2026-08-20,pre_dam,2026-10-03T03:16:34.363949+00:00,True,6,0.5,0.039,0.002,0.007,DART > 0,medium,62.9,3.57,False,False,False
2026-08-20,pre_dam,2026-10-03T03:16:34.363949+00:00,True,7,0.585,0.081,0.003,0.004,DART > 0,medium,62.9,3.57,True,False,False
2026-08-20,pre_dam,2026-10-03T03:16:34.363949+00:00,True,8,0.554,0.043,0.004,0.003,DART > 0,medium,62.9,3.57,False,False,False
2026-08-20,pre_dam,2026-10-03T03:16:34.363949+00:00,True,9,0.564,0.034,0.008,0.006,DART > 0,medium,62.9,3.57,False,False,False
2026-08-20,pre_dam,2026-10-03T03:16:34.363949+00:00,True,10,0.598,0.076,0.015,0.006,DART > 0,medium,62.9,3.57,False,False,False
2026-08-20,pre_dam,2026-10-03T03:16:34.363949+00:00,True,11,0.636,0.079,0.011,0.005,DART > 0,medium,62.9,3.57,True,False,False
2026-08-20,pre_dam,2026-10-03T03:16:34.363949+00:00,True,12,0.614,0.074,0.006,0.006,DART > 0,medium,62.9,3.57,False,False,False
2026-08-20,pre_dam,2026-10-03T03:16:34.363949+00:00,True,13,0.62,0.077,0.01,0.006,DART > 0,medium,62.9,3.57,True,False,False
2026-08-20,pre_dam,2026-10-03T03:16:34.363949+00:00,True,14,0.611,0.059,0.007,0.005,DART > 0,medium,62.9,3.57,False,False,False
2026-08-20,pre_dam,2026-10-03T03:16:34.363949+00:00,True,15,0.547,0.172,0.01,0.007,DART > 0,medium,62.9,3.57,True,False,False
2026-08-20,pre_dam,2026-10-03T03:16:34.363949+00:00,True,16,0.705,0.181,0.013,0.01,DART > 0,high,66.7,5.67,True,False,False
2026-08-20,pre_dam,2026-10-03T03:16:34.363949+00:00,True,17,0.723,0.392,0.016,0.003,DART > 0,high,66.7,5.67,True,False,False
2026-08-20,pre_dam,2026-10-03T03:16:34.363949+00:00,True,18,0.722,0.615,0.044,0.004,DART > 0,high,66.7,5.67,True,False,False
2026-08-20,pre_dam,2026-10-03T03:16:34.363949+00:00,True,19,0.644,0.61,0.061,0.001,DART > 0,medium,62.9,3.57,True,False,False
2026-08-20,pre_dam,2026-10-03T03:16:34.363949+00:00,True,20,0.643,0.509,0.056,0.003,DART > 0,medium,62.9,3.57,True,False,False
2026-08-20,pre_dam,2026-10-03T03:16:34.363949+00:00,True,21,0.723,0.434,0.063,0.002,DART > 0,high,66.7,5.67,True,False,False
2026-08-20,pre_dam,2026-10-03T03:16:34.363949+00:00,True,22,0.787,0.089,0.043,0.002,DART > 0,high,66.7,5.67,True,False,False
2026-08-20,pre_dam,2026-10-03T03:16:34.363949+00:00,True,23,0.754,0.081,0.036,0.002,DART > 0,high,66.7,5.67,True,False,False
2026-08-20,pre_dam,2026-10-03T03:16:34.363949+00:00,True,24,0.628,0.011,0.013,0.003,DART > 0,medium,62.9,3.57,False,False,False
2026-08-21,pre_dam,2026-10-03T03:18:25.802386+00:00,True,1,0.724,0.014,0.01,0.002,DART > 0,high,66.2,6.0,False,False,False
2026-08-21,pre_dam,2026-10-03T03:18:25.802386+00:00,True,2,0.717,0.014,0.008,0.002,DART > 0,high,66.2,6.0,False,False,False
2026-08-21,pre_dam,2026-10-03T03:18:25.802386+00:00,True,3,0.706,0.015,0.01,0.002,DART > 0,high,66.2,6.0,False,False,False
2026-08-21,pre_dam,2026-10-03T03:18:25.802386+00:00,True,4,0.695,0.015,0.005,0.002,DART > 0,high,66.2,6.0,False,False,False
2026-08-21,pre_dam,2026-10-03T03:18:25.802386+00:00,True,5,0.707,0.011,0.004,0.002,DART > 0,high,66.2,6.0,False,False,False
2026-08-21,pre_dam,2026-10-03T03:18:25.802386+00:00,True,6,0.711,0.014,0.005,0.002,DART > 0,high,66.2,6.0,False,False,False
2026-08-21,pre_dam,2026-10-03T03:18:25.802386+00:00,True,7,0.681,0.014,0.008,0.002,DART > 0,high,66.2,6.0,False,False,False
2026-08-21,pre_dam,2026-10-03T03:18:25.802386+00:00,True,8,0.702,0.013,0.022,0.003,DART > 0,high,66.2,6.0,False,False,False
2026-08-21,pre_dam,2026-10-03T03:18:25.802386+00:00,True,9,0.683,0.014,0.03,0.002,DART > 0,high,66.2,6.0,False,False,False
2026-08-21,pre_dam,2026-10-03T03:18:25.802386+00:00,True,10,0.594,0.039,0.025,0.002,DART > 0,medium,64.7,3.64,False,False,False
2026-08-21,pre_dam,2026-10-03T03:18:25.802386+00:00,True,11,0.671,0.078,0.029,0.002,DART > 0,high,66.2,6.0,False,False,False
2026-08-21,pre_dam,2026-10-03T03:18:25.802386+00:00,True,12,0.572,0.043,0.032,0.002,DART > 0,medium,64.7,3.64,False,False,False
2026-08-21,pre_dam,2026-10-03T03:18:25.802386+00:00,True,13,0.553,0.062,0.049,0.002,DART > 0,medium,64.7,3.64,False,False,False
2026-08-21,pre_dam,2026-10-03T03:18:25.802386+00:00,True,14,0.647,0.062,0.047,0.002,DART > 0,medium,64.7,3.64,False,False,False
2026-08-21,pre_dam,2026-10-03T03:18:25.802386+00:00,True,15,0.712,0.082,0.035,0.002,DART > 0,high,66.2,6.0,False,False,False
2026-08-21,pre_dam,2026-10-03T03:18:25.802386+00:00,True,16,0.664,0.097,0.049,0.002,DART > 0,high,66.2,6.0,True,False,False
2026-08-21,pre_dam,2026-10-03T03:18:25.802386+00:00,True,17,0.69,0.35,0.068,0.002,DART > 0,high,66.2,6.0,True,False,False
2026-08-21,pre_dam,2026-10-03T03:18:25.802386+00:00,True,18,0.67,0.121,0.107,0.002,DART > 0,high,66.2,6.0,True,False,False
2026-08-21,pre_dam,2026-10-03T03:18:25.802386+00:00,True,19,0.754,0.6,0.103,0.002,DART > 0,high,66.2,6.0,True,False,False
2026-08-21,pre_dam,2026-10-03T03:18:25.802386+00:00,True,20,0.678,0.454,0.073,0.002,DART > 0,high,66.2,6.0,True,False,False
2026-08-21,pre_dam,2026-10-03T03:18:25.802386+00:00,True,21,0.722,0.202,0.102,0.003,DART > 0,high,66.2,6.0,True,False,False
2026-08-21,pre_dam,2026-10-03T03:18:25.802386+00:00,True,22,0.698,0.037,0.069,0.002,DART > 0,high,66.2,6.0,False,False,False
2026-08-21,pre_dam,2026-10-03T03:18:25.802386+00:00,True,23,0.554,0.031,0.061,0.002,DART > 0,medium,64.7,3.64,False,False,False
2026-08-21,pre_dam,2026-10-03T03:18:25.802386+00:00,True,24,0.788,0.014,0.016,0.002,DART > 0,high,66.2,6.0,False,False,False
2026-08-22,pre_dam,2026-10-03T03:20:13.323620+00:00,True,1,0.592,0.005,0.016,0.003,DART > 0,low,60.3,2.81,False,False,False
2026-08-22,pre_dam,2026-10-03T03:20:13.323620+00:00,True,2,0.577,0.003,0.02,0.002,DART > 0,low,60.3,2.81,False,False,False
2026-08-22,pre_dam,2026-10-03T03:20:13.323620+00:00,True,3,0.56,0.003,0.025,0.004,DART > 0,low,60.3,2.81,False,False,False
2026-08-22,pre_dam,2026-10-03T03:20:13.323620+00:00,True,4,0.561,0.003,0.01,0.005,DART > 0,low,60.3,2.81,False,False,False
2026-08-22,pre_dam,2026-10-03T03:20:13.323620+00:00,True,5,0.598,0.003,0.009,0.013,DART > 0,low,60.3,2.81,False,False,False
2026-08-22,pre_dam,2026-10-03T03:20:13.323620+00:00,True,6,0.594,0.003,0.009,0.014,DART > 0,low,60.3,2.81,False,False,False
2026-08-22,pre_dam,2026-10-03T03:20:13.323620+00:00,True,7,0.549,0.003,0.008,0.003,DART > 0,low,60.3,2.81,False,False,False
2026-08-22,pre_dam,2026-10-03T03:20:13.323620+00:00,True,8,0.598,0.003,0.01,0.001,DART > 0,low,60.3,2.81,False,False,False
2026-08-22,pre_dam,2026-10-03T03:20:13.323620+00:00,True,9,0.505,0.003,0.013,0.001,DART > 0,low,60.3,2.81,False,False,False
2026-08-22,pre_dam,2026-10-03T03:20:13.323620+00:00,True,10,0.541,0.004,0.076,0.001,DART > 0,low,60.3,2.81,False,False,False
2026-08-22,pre_dam,2026-10-03T03:20:13.323620+00:00,True,11,0.457,0.004,0.052,0.001,DART < 0,low,26.1,22.91,False,False,False
2026-08-22,pre_dam,2026-10-03T03:20:13.323620+00:00,True,12,0.426,0.005,0.049,0.002,DART < 0,low,26.1,22.91,False,False,False
2026-08-22,pre_dam,2026-10-03T03:20:13.323620+00:00,True,13,0.495,0.007,0.043,0.002,DART < 0,low,26.1,22.91,False,False,False
2026-08-22,pre_dam,2026-10-03T03:20:13.323620+00:00,True,14,0.586,0.017,0.072,0.002,DART > 0,low,60.3,2.81,False,False,False
2026-08-22,pre_dam,2026-10-03T03:20:13.323620+00:00,True,15,0.61,0.016,0.068,0.002,DART > 0,low,60.3,2.81,False,False,False
2026-08-22,pre_dam,2026-10-03T03:20:13.323620+00:00,True,16,0.6,0.02,0.054,0.002,DART > 0,low,60.3,2.81,False,False,False
2026-08-22,pre_dam,2026-10-03T03:20:13.323620+00:00,True,17,0.571,0.021,0.093,0.002,DART > 0,low,60.3,2.81,False,False,False
2026-08-22,pre_dam,2026-10-03T03:20:13.323620+00:00,True,18,0.586,0.031,0.095,0.002,DART > 0,low,60.3,2.81,False,False,False
2026-08-22,pre_dam,2026-10-03T03:20:13.323620+00:00,True,19,0.681,0.045,0.107,0.003,DART > 0,medium,65.0,4.66,False,False,False
2026-08-22,pre_dam,2026-10-03T03:20:13.323620+00:00,True,20,0.757,0.049,0.062,0.003,DART > 0,medium,65.0,4.66,False,False,False
2026-08-22,pre_dam,2026-10-03T03:20:13.323620+00:00,True,21,0.784,0.013,0.045,0.002,DART > 0,medium,65.0,4.66,False,False,False
2026-08-22,pre_dam,2026-10-03T03:20:13.323620+00:00,True,22,0.762,0.005,0.031,0.001,DART > 0,medium,65.0,4.66,False,False,False
2026-08-22,pre_dam,2026-10-03T03:20:13.323620+00:00,True,23,0.786,0.006,0.019,0.001,DART > 0,medium,65.0,4.66,False,False,False
2026-08-22,pre_dam,2026-10-03T03:20:13.323620+00:00,True,24,0.784,0.005,0.01,0.003,DART > 0,medium,65.0,4.66,False,False,False
2026-08-23,pre_dam,2026-10-03T03:22:09.319431+00:00,True,1,0.817,0.01,0.01,0.007,DART > 0,high,69.4,9.42,False,False,False
2026-08-23,pre_dam,2026-10-03T03:22:09.319431+00:00,True,2,0.849,0.013,0.007,0.015,DART > 0,high,69.4,9.42,False,False,False
2026-08-23,pre_dam,2026-10-03T03:22:09.319431+00:00,True,3,0.843,0.008,0.006,0.012,DART > 0,high,69.4,9.42,False,False,False
2026-08-23,pre_dam,2026-10-03T03:22:09.319431+00:00,True,4,0.821,0.009,0.004,0.052,DART > 0,high,69.4,9.42,False,False,False
2026-08-23,pre_dam,2026-10-03T03:22:09.319431+00:00,True,5,0.803,0.013,0.004,0.046,DART > 0,high,69.4,9.42,False,False,False
2026-08-23,pre_dam,2026-10-03T03:22:09.319431+00:00,True,6,0.8,0.02,0.004,0.04,DART > 0,high,69.4,9.42,False,False,False
2026-08-23,pre_dam,2026-10-03T03:22:09.319431+00:00,True,7,0.769,0.006,0.006,0.049,DART > 0,high,65.1,5.51,False,False,False
2026-08-23,pre_dam,2026-10-03T03:22:09.319431+00:00,True,8,0.811,0.009,0.01,0.016,DART > 0,high,69.4,9.42,False,False,False
2026-08-23,pre_dam,2026-10-03T03:22:09.319431+00:00,True,9,0.834,0.01,0.008,0.025,DART > 0,high,69.4,9.42,False,False,False
2026-08-23,pre_dam,2026-10-03T03:22:09.319431+00:00,True,10,0.799,0.012,0.007,0.006,DART > 0,high,65.1,5.51,False,False,False
2026-08-23,pre_dam,2026-10-03T03:22:09.319431+00:00,True,11,0.771,0.011,0.012,0.006,DART > 0,high,65.1,5.51,False,False,False
2026-08-23,pre_dam,2026-10-03T03:22:09.319431+00:00,True,12,0.763,0.008,0.012,0.008,DART > 0,high,65.1,5.51,False,False,False
2026-08-23,pre_dam,2026-10-03T03:22:09.319431+00:00,True,13,0.694,0.017,0.015,0.004,DART > 0,high,65.1,5.51,False,False,False
2026-08-23,pre_dam,2026-10-03T03:22:09.319431+00:00,True,14,0.734,0.017,0.016,0.004,DART > 0,high,65.1,5.51,False,False,False
2026-08-23,pre_dam,2026-10-03T03:22:09.319431+00:00,True,15,0.789,0.01,0.014,0.002,DART > 0,high,65.1,5.51,False,False,False
2026-08-23,pre_dam,2026-10-03T03:22:09.319431+00:00,True,16,0.799,0.014,0.03,0.003,DART > 0,high,65.1,5.51,False,False,False
2026-08-23,pre_dam,2026-10-03T03:22:09.319431+00:00,True,17,0.75,0.023,0.046,0.002,DART > 0,high,65.1,5.51,False,False,False
2026-08-23,pre_dam,2026-10-03T03:22:09.319431+00:00,True,18,0.777,0.039,0.023,0.002,DART > 0,high,65.1,5.51,False,False,False
2026-08-23,pre_dam,2026-10-03T03:22:09.319431+00:00,True,19,0.851,0.043,0.025,0.004,DART > 0,high,69.4,9.42,False,False,False
2026-08-23,pre_dam,2026-10-03T03:22:09.319431+00:00,True,20,0.799,0.033,0.044,0.002,DART > 0,high,65.1,5.51,False,False,False
2026-08-23,pre_dam,2026-10-03T03:22:09.319431+00:00,True,21,0.727,0.104,0.059,0.002,DART > 0,high,65.1,5.51,True,False,False
2026-08-23,pre_dam,2026-10-03T03:22:09.319431+00:00,True,22,0.762,0.016,0.031,0.002,DART > 0,high,65.1,5.51,False,False,False
2026-08-23,pre_dam,2026-10-03T03:22:09.319431+00:00,True,23,0.768,0.017,0.027,0.004,DART > 0,high,65.1,5.51,False,False,False
2026-08-23,pre_dam,2026-10-03T03:22:09.319431+00:00,True,24,0.816,0.015,0.018,0.005,DART > 0,high,69.4,9.42,False,False,False
2026-08-24,pre_dam,2026-10-03T03:24:06.564261+00:00,True,1,0.879,0.038,0.03,0.005,DART > 0,high,69.8,9.42,False,False,False
2026-08-24,pre_dam,2026-10-03T03:24:06.564261+00:00,True,2,0.859,0.028,0.026,0.014,DART > 0,high,69.8,9.42,False,False,False
2026-08-24,pre_dam,2026-10-03T03:24:06.564261+00:00,True,3,0.817,0.022,0.028,0.021,DART > 0,high,69.8,9.42,False,False,False
2026-08-24,pre_dam,2026-10-03T03:24:06.564261+00:00,True,4,0.815,0.022,0.028,0.02,DART > 0,high,69.8,9.42,False,False,False
2026-08-24,pre_dam,2026-10-03T03:24:06.564261+00:00,True,5,0.839,0.026,0.029,0.011,DART > 0,high,69.8,9.42,False,False,False
2026-08-24,pre_dam,2026-10-03T03:24:06.564261+00:00,True,6,0.805,0.026,0.026,0.009,DART > 0,high,69.8,9.42,False,False,False
2026-08-24,pre_dam,2026-10-03T03:24:06.564261+00:00,True,7,0.753,0.041,0.023,0.007,DART > 0,high,65.5,5.71,False,False,False
2026-08-24,pre_dam,2026-10-03T03:24:06.564261+00:00,True,8,0.777,0.037,0.022,0.004,DART > 0,high,65.5,5.71,False,False,False
2026-08-24,pre_dam,2026-10-03T03:24:06.564261+00:00,True,9,0.793,0.031,0.053,0.001,DART > 0,high,65.5,5.71,False,False,False
2026-08-24,pre_dam,2026-10-03T03:24:06.564261+00:00,True,10,0.773,0.032,0.051,0.002,DART > 0,high,65.5,5.71,False,False,False
2026-08-24,pre_dam,2026-10-03T03:24:06.564261+00:00,True,11,0.775,0.032,0.05,0.002,DART > 0,high,65.5,5.71,False,False,False
2026-08-24,pre_dam,2026-10-03T03:24:06.564261+00:00,True,12,0.788,0.044,0.054,0.001,DART > 0,high,65.5,5.71,False,False,False
2026-08-24,pre_dam,2026-10-03T03:24:06.564261+00:00,True,13,0.794,0.035,0.057,0.002,DART > 0,high,65.5,5.71,False,False,False
2026-08-24,pre_dam,2026-10-03T03:24:06.564261+00:00,True,14,0.821,0.032,0.054,0.002,DART > 0,high,69.8,9.42,False,False,False
2026-08-24,pre_dam,2026-10-03T03:24:06.564261+00:00,True,15,0.845,0.046,0.062,0.002,DART > 0,high,69.8,9.42,False,False,False
2026-08-24,pre_dam,2026-10-03T03:24:06.564261+00:00,True,16,0.827,0.072,0.054,0.002,DART > 0,high,69.8,9.42,True,False,False
2026-08-24,pre_dam,2026-10-03T03:24:06.564261+00:00,True,17,0.888,0.069,0.066,0.002,DART > 0,high,69.8,9.42,True,False,False
2026-08-24,pre_dam,2026-10-03T03:24:06.564261+00:00,True,18,0.86,0.075,0.069,0.002,DART > 0,high,69.8,9.42,True,False,False
2026-08-24,pre_dam,2026-10-03T03:24:06.564261+00:00,True,19,0.849,0.155,0.067,0.002,DART > 0,high,69.8,9.42,True,False,False
2026-08-24,pre_dam,2026-10-03T03:24:06.564261+00:00,True,20,0.822,0.142,0.087,0.002,DART > 0,high,69.8,9.42,True,False,False
2026-08-24,pre_dam,2026-10-03T03:24:06.564261+00:00,True,21,0.849,0.075,0.067,0.002,DART > 0,high,69.8,9.42,True,False,False
2026-08-24,pre_dam,2026-10-03T03:24:06.564261+00:00,True,22,0.853,0.051,0.063,0.002,DART > 0,high,69.8,9.42,False,False,False
2026-08-24,pre_dam,2026-10-03T03:24:06.564261+00:00,True,23,0.835,0.049,0.051,0.002,DART > 0,high,69.8,9.42,False,False,False
2026-08-24,pre_dam,2026-10-03T03:24:06.564261+00:00,True,24,0.847,0.067,0.034,0.002,DART > 0,high,69.8,9.42,True,False,False
2026-08-25,pre_dam,2026-10-03T03:25:46.092577+00:00,True,1,0.893,0.038,0.007,0.001,DART > 0,high,68.7,9.26,False,False,False
2026-08-25,pre_dam,2026-10-03T03:25:46.092577+00:00,True,2,0.884,0.039,0.008,0.004,DART > 0,high,68.7,9.26,False,False,False
2026-08-25,pre_dam,2026-10-03T03:25:46.092577+00:00,True,3,0.884,0.019,0.007,0.004,DART > 0,high,68.7,9.26,False,False,False
2026-08-25,pre_dam,2026-10-03T03:25:46.092577+00:00,True,4,0.864,0.018,0.007,0.004,DART > 0,high,68.7,9.26,False,False,False
2026-08-25,pre_dam,2026-10-03T03:25:46.092577+00:00,True,5,0.857,0.021,0.006,0.002,DART > 0,high,68.7,9.26,False,False,False
2026-08-25,pre_dam,2026-10-03T03:25:46.092577+00:00,True,6,0.848,0.021,0.007,0.003,DART > 0,high,68.7,9.26,False,False,False
2026-08-25,pre_dam,2026-10-03T03:25:46.092577+00:00,True,7,0.78,0.047,0.015,0.005,DART > 0,medium,65.4,3.61,False,False,False
2026-08-25,pre_dam,2026-10-03T03:25:46.092577+00:00,True,8,0.821,0.108,0.012,0.001,DART > 0,high,68.7,9.26,True,False,False
2026-08-25,pre_dam,2026-10-03T03:25:46.092577+00:00,True,9,0.841,0.05,0.071,0.001,DART > 0,high,68.7,9.26,False,False,False
2026-08-25,pre_dam,2026-10-03T03:25:46.092577+00:00,True,10,0.857,0.066,0.043,0.001,DART > 0,high,68.7,9.26,False,False,False
2026-08-25,pre_dam,2026-10-03T03:25:46.092577+00:00,True,11,0.862,0.061,0.013,0.002,DART > 0,high,68.7,9.26,False,False,False
2026-08-25,pre_dam,2026-10-03T03:25:46.092577+00:00,True,12,0.811,0.114,0.011,0.002,DART > 0,high,68.7,9.26,True,False,False
2026-08-25,pre_dam,2026-10-03T03:25:46.092577+00:00,True,13,0.807,0.123,0.01,0.002,DART > 0,high,68.7,9.26,True,False,False
2026-08-25,pre_dam,2026-10-03T03:25:46.092577+00:00,True,14,0.84,0.133,0.012,0.002,DART > 0,high,68.7,9.26,True,False,False
2026-08-25,pre_dam,2026-10-03T03:25:46.092577+00:00,True,15,0.88,0.179,0.005,0.003,DART > 0,high,68.7,9.26,True,False,False
2026-08-25,pre_dam,2026-10-03T03:25:46.092577+00:00,True,16,0.875,0.481,0.07,0.003,DART > 0,high,68.7,9.26,True,False,False
2026-08-25,pre_dam,2026-10-03T03:25:46.092577+00:00,True,17,0.879,0.43,0.06,0.002,DART > 0,high,68.7,9.26,True,False,False
2026-08-25,pre_dam,2026-10-03T03:25:46.092577+00:00,True,18,0.841,0.423,0.06,0.002,DART > 0,high,68.7,9.26,True,False,False
2026-08-25,pre_dam,2026-10-03T03:25:46.092577+00:00,True,19,0.917,0.499,0.039,0.002,DART > 0,high,68.7,9.26,True,False,False
2026-08-25,pre_dam,2026-10-03T03:25:46.092577+00:00,True,20,0.925,0.463,0.071,0.002,DART > 0,high,68.7,9.26,True,False,False
2026-08-25,pre_dam,2026-10-03T03:25:46.092577+00:00,True,21,0.857,0.211,0.066,0.001,DART > 0,high,68.7,9.26,True,False,False
2026-08-25,pre_dam,2026-10-03T03:25:46.092577+00:00,True,22,0.814,0.097,0.067,0.001,DART > 0,high,68.7,9.26,True,False,False
2026-08-25,pre_dam,2026-10-03T03:25:46.092577+00:00,True,23,0.893,0.05,0.04,0.001,DART > 0,high,68.7,9.26,False,False,False
2026-08-25,pre_dam,2026-10-03T03:25:46.092577+00:00,True,24,0.864,0.03,0.012,0.002,DART > 0,high,68.7,9.26,False,False,False
2026-08-26,pre_dam,2026-10-03T03:08:41.754752+00:00,True,1,0.948,0.045,0.019,0.003,DART > 0,high,68.8,8.91,False,False,False
2026-08-26,pre_dam,2026-10-03T03:08:41.754752+00:00,True,2,0.945,0.027,0.011,0.009,DART > 0,high,68.8,8.91,False,False,False
2026-08-26,pre_dam,2026-10-03T03:08:41.754752+00:00,True,3,0.937,0.024,0.011,0.009,DART > 0,high,68.8,8.91,False,False,False
2026-08-26,pre_dam,2026-10-03T03:08:41.754752+00:00,True,4,0.941,0.027,0.01,0.021,DART > 0,high,68.8,8.91,False,False,False
2026-08-26,pre_dam,2026-10-03T03:08:41.754752+00:00,True,5,0.943,0.039,0.01,0.013,DART > 0,high,68.8,8.91,False,False,False
2026-08-26,pre_dam,2026-10-03T03:08:41.754752+00:00,True,6,0.927,0.043,0.012,0.013,DART > 0,high,68.8,8.91,False,False,False
2026-08-26,pre_dam,2026-10-03T03:08:41.754752+00:00,True,7,0.928,0.042,0.017,0.004,DART > 0,high,68.8,8.91,False,False,False
2026-08-26,pre_dam,2026-10-03T03:08:41.754752+00:00,True,8,0.906,0.064,0.02,0.003,DART > 0,high,68.8,8.91,True,False,False
2026-08-26,pre_dam,2026-10-03T03:08:41.754752+00:00,True,9,0.918,0.037,0.032,0.005,DART > 0,high,68.8,8.91,False,False,False
2026-08-26,pre_dam,2026-10-03T03:08:41.754752+00:00,True,10,0.92,0.035,0.037,0.003,DART > 0,high,68.8,8.91,False,False,False
2026-08-26,pre_dam,2026-10-03T03:08:41.754752+00:00,True,11,0.908,0.027,0.029,0.002,DART > 0,high,68.8,8.91,False,False,False
2026-08-26,pre_dam,2026-10-03T03:08:41.754752+00:00,True,12,0.911,0.046,0.025,0.002,DART > 0,high,68.8,8.91,False,False,False
2026-08-26,pre_dam,2026-10-03T03:08:41.754752+00:00,True,13,0.926,0.072,0.024,0.002,DART > 0,high,68.8,8.91,True,False,False
2026-08-26,pre_dam,2026-10-03T03:08:41.754752+00:00,True,14,0.91,0.124,0.026,0.001,DART > 0,high,68.8,8.91,True,False,False
2026-08-26,pre_dam,2026-10-03T03:08:41.754752+00:00,True,15,0.906,0.11,0.026,0.002,DART > 0,high,68.8,8.91,True,False,False
2026-08-26,pre_dam,2026-10-03T03:08:41.754752+00:00,True,16,0.906,0.445,0.028,0.003,DART > 0,high,68.8,8.91,True,False,False
2026-08-26,pre_dam,2026-10-03T03:08:41.754752+00:00,True,17,0.934,0.437,0.054,0.004,DART > 0,high,68.8,8.91,True,False,False
2026-08-26,pre_dam,2026-10-03T03:08:41.754752+00:00,True,18,0.918,0.466,0.051,0.002,DART > 0,high,68.8,8.91,True,False,False
2026-08-26,pre_dam,2026-10-03T03:08:41.754752+00:00,True,19,0.877,0.414,0.042,0.002,DART > 0,high,68.8,8.91,True,False,False
2026-08-26,pre_dam,2026-10-03T03:08:41.754752+00:00,True,20,0.925,0.431,0.051,0.002,DART > 0,high,68.8,8.91,True,False,False
2026-08-26,pre_dam,2026-10-03T03:08:41.754752+00:00,True,21,0.93,0.469,0.034,0.002,DART > 0,high,68.8,8.91,True,False,False
2026-08-26,pre_dam,2026-10-03T03:08:41.754752+00:00,True,22,0.872,0.06,0.034,0.002,DART > 0,high,68.8,8.91,True,False,False
2026-08-26,pre_dam,2026-10-03T03:08:41.754752+00:00,True,23,0.917,0.038,0.039,0.002,DART > 0,high,68.8,8.91,False,False,False
2026-08-26,pre_dam,2026-10-03T03:08:41.754752+00:00,True,24,0.936,0.023,0.018,0.003,DART > 0,high,68.8,8.91,False,False,False
2026-08-27,pre_dam,2026-10-03T03:11:17.399249+00:00,True,1,0.931,0.014,0.012,0.004,DART > 0,high,69.1,8.68,False,False,False
2026-08-27,pre_dam,2026-10-03T03:11:17.399249+00:00,True,2,0.928,0.012,0.009,0.016,DART > 0,high,69.1,8.68,False,False,False
2026-08-27,pre_dam,2026-10-03T03:11:17.399249+00:00,True,3,0.888,0.011,0.009,0.016,DART > 0,high,69.1,8.68,False,False,False
2026-08-27,pre_dam,2026-10-03T03:11:17.399249+00:00,True,4,0.901,0.011,0.009,0.026,DART > 0,high,69.1,8.68,False,False,False
2026-08-27,pre_dam,2026-10-03T03:11:17.399249+00:00,True,5,0.903,0.017,0.01,0.072,DART > 0,high,69.1,8.68,False,False,False
2026-08-27,pre_dam,2026-10-03T03:11:17.399249+00:00,True,6,0.873,0.015,0.019,0.01,DART > 0,high,69.1,8.68,False,False,False
2026-08-27,pre_dam,2026-10-03T03:11:17.399249+00:00,True,7,0.879,0.01,0.029,0.003,DART > 0,high,69.1,8.68,False,False,False
2026-08-27,pre_dam,2026-10-03T03:11:17.399249+00:00,True,8,0.873,0.012,0.054,0.003,DART > 0,high,69.1,8.68,False,False,False
2026-08-27,pre_dam,2026-10-03T03:11:17.399249+00:00,True,9,0.855,0.017,0.104,0.006,DART > 0,high,69.1,8.68,False,False,False
2026-08-27,pre_dam,2026-10-03T03:11:17.399249+00:00,True,10,0.88,0.013,0.082,0.003,DART > 0,high,69.1,8.68,False,False,False
2026-08-27,pre_dam,2026-10-03T03:11:17.399249+00:00,True,11,0.864,0.017,0.088,0.004,DART > 0,high,69.1,8.68,False,False,False
2026-08-27,pre_dam,2026-10-03T03:11:17.399249+00:00,True,12,0.873,0.011,0.118,0.002,DART > 0,high,69.1,8.68,False,False,False
2026-08-27,pre_dam,2026-10-03T03:11:17.399249+00:00,True,13,0.828,0.014,0.059,0.002,DART > 0,high,69.1,8.68,False,False,False
2026-08-27,pre_dam,2026-10-03T03:11:17.399249+00:00,True,14,0.861,0.029,0.075,0.002,DART > 0,high,69.1,8.68,False,False,False
2026-08-27,pre_dam,2026-10-03T03:11:17.399249+00:00,True,15,0.859,0.024,0.101,0.002,DART > 0,high,69.1,8.68,False,False,False
2026-08-27,pre_dam,2026-10-03T03:11:17.399249+00:00,True,16,0.832,0.069,0.202,0.003,DART > 0,high,69.1,8.68,True,True,False
2026-08-27,pre_dam,2026-10-03T03:11:17.399249+00:00,True,17,0.861,0.151,0.268,0.002,DART > 0,high,69.1,8.68,True,True,False
2026-08-27,pre_dam,2026-10-03T03:11:17.399249+00:00,True,18,0.873,0.151,0.116,0.002,DART > 0,high,69.1,8.68,True,False,False
2026-08-27,pre_dam,2026-10-03T03:11:17.399249+00:00,True,19,0.873,0.32,0.092,0.002,DART > 0,high,69.1,8.68,True,False,False
2026-08-27,pre_dam,2026-10-03T03:11:17.399249+00:00,True,20,0.871,0.276,0.135,0.002,DART > 0,high,69.1,8.68,True,False,False
2026-08-27,pre_dam,2026-10-03T03:11:17.399249+00:00,True,21,0.841,0.054,0.115,0.002,DART > 0,high,69.1,8.68,False,False,False
2026-08-27,pre_dam,2026-10-03T03:11:17.399249+00:00,True,22,0.849,0.051,0.084,0.003,DART > 0,high,69.1,8.68,False,False,False
2026-08-27,pre_dam,2026-10-03T03:11:17.399249+00:00,True,23,0.858,0.017,0.063,0.003,DART > 0,high,69.1,8.68,False,False,False
2026-08-27,pre_dam,2026-10-03T03:11:17.399249+00:00,True,24,0.925,0.012,0.028,0.003,DART > 0,high,69.1,8.68,False,False,False
2026-08-28,pre_dam,2026-10-03T03:13:11.250957+00:00,True,1,0.719,0.01,0.034,0.001,DART > 0,high,67.8,5.63,False,False,False
2026-08-28,pre_dam,2026-10-03T03:13:11.250957+00:00,True,2,0.7,0.007,0.022,0.001,DART > 0,high,67.8,5.63,False,False,False
2026-08-28,pre_dam,2026-10-03T03:13:11.250957+00:00,True,3,0.698,0.007,0.006,0.001,DART > 0,high,67.8,5.63,False,False,False
2026-08-28,pre_dam,2026-10-03T03:13:11.250957+00:00,True,4,0.682,0.007,0.007,0.004,DART > 0,high,67.8,5.63,False,False,False
2026-08-28,pre_dam,2026-10-03T03:13:11.250957+00:00,True,5,0.68,0.008,0.006,0.003,DART > 0,high,67.8,5.63,False,False,False
2026-08-28,pre_dam,2026-10-03T03:13:11.250957+00:00,True,6,0.605,0.008,0.016,0.003,DART > 0,medium,62.3,3.13,False,False,False
2026-08-28,pre_dam,2026-10-03T03:13:11.250957+00:00,True,7,0.624,0.011,0.008,0.001,DART > 0,medium,62.3,3.13,False,False,False
2026-08-28,pre_dam,2026-10-03T03:13:11.250957+00:00,True,8,0.65,0.008,0.012,0.001,DART > 0,high,67.8,5.63,False,False,False
2026-08-28,pre_dam,2026-10-03T03:13:11.250957+00:00,True,9,0.637,0.009,0.02,0.001,DART > 0,medium,62.3,3.13,False,False,False
2026-08-28,pre_dam,2026-10-03T03:13:11.250957+00:00,True,10,0.647,0.009,0.033,0.001,DART > 0,medium,62.3,3.13,False,False,False
2026-08-28,pre_dam,2026-10-03T03:13:11.250957+00:00,True,11,0.719,0.027,0.019,0.001,DART > 0,high,67.8,5.63,False,False,False
2026-08-28,pre_dam,2026-10-03T03:13:11.250957+00:00,True,12,0.73,0.039,0.014,0.001,DART > 0,high,67.8,5.63,False,False,False
2026-08-28,pre_dam,2026-10-03T03:13:11.250957+00:00,True,13,0.769,0.048,0.011,0.002,DART > 0,high,67.8,5.63,False,False,False
2026-08-28,pre_dam,2026-10-03T03:13:11.250957+00:00,True,14,0.822,0.046,0.021,0.002,DART > 0,high,69.1,9.61,False,False,False
2026-08-28,pre_dam,2026-10-03T03:13:11.250957+00:00,True,15,0.784,0.022,0.053,0.002,DART > 0,high,67.8,5.63,False,False,False
2026-08-28,pre_dam,2026-10-03T03:13:11.250957+00:00,True,16,0.724,0.04,0.049,0.005,DART > 0,high,67.8,5.63,False,False,False
2026-08-28,pre_dam,2026-10-03T03:13:11.250957+00:00,True,17,0.747,0.065,0.063,0.009,DART > 0,high,67.8,5.63,False,False,False
2026-08-28,pre_dam,2026-10-03T03:13:11.250957+00:00,True,18,0.739,0.074,0.024,0.007,DART > 0,high,67.8,5.63,True,False,False
2026-08-28,pre_dam,2026-10-03T03:13:11.250957+00:00,True,19,0.769,0.104,0.062,0.008,DART > 0,high,67.8,5.63,True,False,False
2026-08-28,pre_dam,2026-10-03T03:13:11.250957+00:00,True,20,0.769,0.07,0.06,0.008,DART > 0,high,67.8,5.63,False,False,False
2026-08-28,pre_dam,2026-10-03T03:13:11.250957+00:00,True,21,0.763,0.086,0.049,0.008,DART > 0,high,67.8,5.63,True,False,False
2026-08-28,pre_dam,2026-10-03T03:13:11.250957+00:00,True,22,0.674,0.078,0.064,0.007,DART > 0,high,67.8,5.63,True,False,False
2026-08-28,pre_dam,2026-10-03T03:13:11.250957+00:00,True,23,0.761,0.067,0.02,0.009,DART > 0,high,67.8,5.63,False,False,False
2026-08-28,pre_dam,2026-10-03T03:13:11.250957+00:00,True,24,0.766,0.058,0.014,0.012,DART > 0,high,67.8,5.63,False,False,False
2026-08-29,pre_dam,2026-10-03T03:15:00.590512+00:00,True,1,0.753,0.004,0.004,0.003,DART > 0,high,66.8,6.42,False,False,False
2026-08-29,pre_dam,2026-10-03T03:15:00.590512+00:00,True,2,0.783,0.006,0.004,0.003,DART > 0,high,66.8,6.42,False,False,False
2026-08-29,pre_dam,2026-10-03T03:15:00.590512+00:00,True,3,0.79,0.005,0.003,0.008,DART > 0,high,66.8,6.42,False,False,False
2026-08-29,pre_dam,2026-10-03T03:15:00.590512+00:00,True,4,0.796,0.005,0.002,0.012,DART > 0,high,66.8,6.42,False,False,False
2026-08-29,pre_dam,2026-10-03T03:15:00.590512+00:00,True,5,0.797,0.005,0.002,0.014,DART > 0,high,66.8,6.42,False,False,False
2026-08-29,pre_dam,2026-10-03T03:15:00.590512+00:00,True,6,0.809,0.006,0.002,0.017,DART > 0,high,70.7,9.4,False,False,False
2026-08-29,pre_dam,2026-10-03T03:15:00.590512+00:00,True,7,0.655,0.004,0.006,0.005,DART > 0,high,66.8,6.42,False,False,False
2026-08-29,pre_dam,2026-10-03T03:15:00.590512+00:00,True,8,0.608,0.003,0.006,0.001,DART > 0,medium,66.2,4.36,False,False,False
2026-08-29,pre_dam,2026-10-03T03:15:00.590512+00:00,True,9,0.543,0.004,0.006,0.002,DART > 0,medium,66.2,4.36,False,False,False
2026-08-29,pre_dam,2026-10-03T03:15:00.590512+00:00,True,10,0.537,0.004,0.007,0.002,DART > 0,medium,66.2,4.36,False,False,False
2026-08-29,pre_dam,2026-10-03T03:15:00.590512+00:00,True,11,0.605,0.003,0.009,0.002,DART > 0,medium,66.2,4.36,False,False,False
2026-08-29,pre_dam,2026-10-03T03:15:00.590512+00:00,True,12,0.553,0.002,0.019,0.002,DART > 0,medium,66.2,4.36,False,False,False
2026-08-29,pre_dam,2026-10-03T03:15:00.590512+00:00,True,13,0.702,0.006,0.021,0.002,DART > 0,high,66.8,6.42,False,False,False
2026-08-29,pre_dam,2026-10-03T03:15:00.590512+00:00,True,14,0.726,0.005,0.02,0.002,DART > 0,high,66.8,6.42,False,False,False
2026-08-29,pre_dam,2026-10-03T03:15:00.590512+00:00,True,15,0.736,0.009,0.025,0.002,DART > 0,high,66.8,6.42,False,False,False
2026-08-29,pre_dam,2026-10-03T03:15:00.590512+00:00,True,16,0.719,0.009,0.02,0.002,DART > 0,high,66.8,6.42,False,False,False
2026-08-29,pre_dam,2026-10-03T03:15:00.590512+00:00,True,17,0.735,0.013,0.026,0.002,DART > 0,high,66.8,6.42,False,False,False
2026-08-29,pre_dam,2026-10-03T03:15:00.590512+00:00,True,18,0.774,0.035,0.017,0.002,DART > 0,high,66.8,6.42,False,False,False
2026-08-29,pre_dam,2026-10-03T03:15:00.590512+00:00,True,19,0.795,0.118,0.023,0.002,DART > 0,high,66.8,6.42,True,False,False
2026-08-29,pre_dam,2026-10-03T03:15:00.590512+00:00,True,20,0.79,0.019,0.017,0.002,DART > 0,high,66.8,6.42,False,False,False
2026-08-29,pre_dam,2026-10-03T03:15:00.590512+00:00,True,21,0.786,0.006,0.02,0.002,DART > 0,high,66.8,6.42,False,False,False
2026-08-29,pre_dam,2026-10-03T03:15:00.590512+00:00,True,22,0.757,0.004,0.015,0.002,DART > 0,high,66.8,6.42,False,False,False
2026-08-29,pre_dam,2026-10-03T03:15:00.590512+00:00,True,23,0.759,0.005,0.005,0.002,DART > 0,high,66.8,6.42,False,False,False
2026-08-29,pre_dam,2026-10-03T03:15:00.590512+00:00,True,24,0.824,0.002,0.004,0.003,DART > 0,high,70.7,9.4,False,False,False
2026-08-30,pre_dam,2026-10-03T03:16:50.509570+00:00,True,1,0.755,0.005,0.01,0.001,DART > 0,high,67.0,5.61,False,False,False
2026-08-30,pre_dam,2026-10-03T03:16:50.509570+00:00,True,2,0.752,0.004,0.006,0.006,DART > 0,high,67.0,5.61,False,False,False
2026-08-30,pre_dam,2026-10-03T03:16:50.509570+00:00,True,3,0.746,0.005,0.006,0.01,DART > 0,high,67.0,5.61,False,False,False
2026-08-30,pre_dam,2026-10-03T03:16:50.509570+00:00,True,4,0.731,0.005,0.006,0.009,DART > 0,high,67.0,5.61,False,False,False
2026-08-30,pre_dam,2026-10-03T03:16:50.509570+00:00,True,5,0.737,0.006,0.004,0.011,DART > 0,high,67.0,5.61,False,False,False
2026-08-30,pre_dam,2026-10-03T03:16:50.509570+00:00,True,6,0.739,0.005,0.004,0.015,DART > 0,high,67.0,5.61,False,False,False
2026-08-30,pre_dam,2026-10-03T03:16:50.509570+00:00,True,7,0.702,0.004,0.004,0.012,DART > 0,high,67.0,5.61,False,False,False
2026-08-30,pre_dam,2026-10-03T03:16:50.509570+00:00,True,8,0.663,0.004,0.005,0.008,DART > 0,high,67.0,5.61,False,False,False
2026-08-30,pre_dam,2026-10-03T03:16:50.509570+00:00,True,9,0.672,0.005,0.007,0.013,DART > 0,high,67.0,5.61,False,False,False
2026-08-30,pre_dam,2026-10-03T03:16:50.509570+00:00,True,10,0.619,0.005,0.015,0.002,DART > 0,high,69.5,5.09,False,False,False
2026-08-30,pre_dam,2026-10-03T03:16:50.509570+00:00,True,11,0.603,0.005,0.026,0.004,DART > 0,high,69.5,5.09,False,False,False
2026-08-30,pre_dam,2026-10-03T03:16:50.509570+00:00,True,12,0.612,0.004,0.029,0.002,DART > 0,high,69.5,5.09,False,False,False
2026-08-30,pre_dam,2026-10-03T03:16:50.509570+00:00,True,13,0.616,0.004,0.031,0.002,DART > 0,high,69.5,5.09,False,False,False
2026-08-30,pre_dam,2026-10-03T03:16:50.509570+00:00,True,14,0.657,0.003,0.02,0.001,DART > 0,high,67.0,5.61,False,False,False
2026-08-30,pre_dam,2026-10-03T03:16:50.509570+00:00,True,15,0.65,0.005,0.049,0.001,DART > 0,high,67.0,5.61,False,False,False
2026-08-30,pre_dam,2026-10-03T03:16:50.509570+00:00,True,16,0.632,0.006,0.073,0.001,DART > 0,high,69.5,5.09,False,False,False
2026-08-30,pre_dam,2026-10-03T03:16:50.509570+00:00,True,17,0.695,0.033,0.115,0.001,DART > 0,high,67.0,5.61,False,False,False
2026-08-30,pre_dam,2026-10-03T03:16:50.509570+00:00,True,18,0.69,0.045,0.081,0.001,DART > 0,high,67.0,5.61,False,False,False
2026-08-30,pre_dam,2026-10-03T03:16:50.509570+00:00,True,19,0.749,0.094,0.053,0.002,DART > 0,high,67.0,5.61,False,False,False
2026-08-30,pre_dam,2026-10-03T03:16:50.509570+00:00,True,20,0.825,0.059,0.023,0.004,DART > 0,high,70.3,9.64,False,False,False
2026-08-30,pre_dam,2026-10-03T03:16:50.509570+00:00,True,21,0.827,0.014,0.025,0.001,DART > 0,high,70.3,9.64,False,False,False
2026-08-30,pre_dam,2026-10-03T03:16:50.509570+00:00,True,22,0.801,0.007,0.028,0.002,DART > 0,high,70.3,9.64,False,False,False
2026-08-30,pre_dam,2026-10-03T03:16:50.509570+00:00,True,23,0.781,0.002,0.008,0.002,DART > 0,high,67.0,5.61,False,False,False
2026-08-30,pre_dam,2026-10-03T03:16:50.509570+00:00,True,24,0.837,0.002,0.006,0.002,DART > 0,high,70.3,9.64,False,False,False
2026-08-31,pre_dam,2026-10-03T03:18:43.975160+00:00,True,1,0.75,0.011,0.01,0.003,DART > 0,medium,68.3,4.98,False,False,False
2026-08-31,pre_dam,2026-10-03T03:18:43.975160+00:00,True,2,0.731,0.009,0.005,0.024,DART > 0,medium,68.3,4.98,False,False,False
2026-08-31,pre_dam,2026-10-03T03:18:43.975160+00:00,True,3,0.744,0.009,0.005,0.026,DART > 0,medium,68.3,4.98,False,False,False
2026-08-31,pre_dam,2026-10-03T03:18:43.975160+00:00,True,4,0.744,0.01,0.008,0.062,DART > 0,medium,68.3,4.98,False,False,False
2026-08-31,pre_dam,2026-10-03T03:18:43.975160+00:00,True,5,0.718,0.01,0.005,0.039,DART > 0,medium,68.3,4.98,False,False,False
2026-08-31,pre_dam,2026-10-03T03:18:43.975160+00:00,True,6,0.693,0.008,0.006,0.028,DART > 0,medium,68.3,4.98,False,False,False
2026-08-31,pre_dam,2026-10-03T03:18:43.975160+00:00,True,7,0.665,0.009,0.015,0.001,DART > 0,medium,68.3,4.98,False,False,False
2026-08-31,pre_dam,2026-10-03T03:18:43.975160+00:00,True,8,0.603,0.008,0.022,0.001,DART > 0,high,69.8,5.73,False,False,False
2026-08-31,pre_dam,2026-10-03T03:18:43.975160+00:00,True,9,0.54,0.008,0.022,0.001,DART > 0,high,69.8,5.73,False,False,False
2026-08-31,pre_dam,2026-10-03T03:18:43.975160+00:00,True,10,0.567,0.008,0.046,0.001,DART > 0,high,69.8,5.73,False,False,False
2026-08-31,pre_dam,2026-10-03T03:18:43.975160+00:00,True,11,0.563,0.011,0.045,0.001,DART > 0,high,69.8,5.73,False,False,False
2026-08-31,pre_dam,2026-10-03T03:18:43.975160+00:00,True,12,0.602,0.017,0.042,0.001,DART > 0,high,69.8,5.73,False,False,False
2026-08-31,pre_dam,2026-10-03T03:18:43.975160+00:00,True,13,0.611,0.021,0.045,0.001,DART > 0,high,69.8,5.73,False,False,False
2026-08-31,pre_dam,2026-10-03T03:18:43.975160+00:00,True,14,0.715,0.031,0.038,0.001,DART > 0,medium,68.3,4.98,False,False,False
2026-08-31,pre_dam,2026-10-03T03:18:43.975160+00:00,True,15,0.769,0.049,0.038,0.001,DART > 0,medium,68.3,4.98,False,False,False
2026-08-31,pre_dam,2026-10-03T03:18:43.975160+00:00,True,16,0.734,0.046,0.064,0.001,DART > 0,medium,68.3,4.98,False,False,False
2026-08-31,pre_dam,2026-10-03T03:18:43.975160+00:00,True,17,0.736,0.082,0.089,0.001,DART > 0,medium,68.3,4.98,False,False,False
2026-08-31,pre_dam,2026-10-03T03:18:43.975160+00:00,True,18,0.746,0.083,0.085,0.002,DART > 0,medium,68.3,4.98,False,False,False
2026-08-31,pre_dam,2026-10-03T03:18:43.975160+00:00,True,19,0.798,0.284,0.056,0.002,DART > 0,medium,68.3,4.98,True,False,False
2026-08-31,pre_dam,2026-10-03T03:18:43.975160+00:00,True,20,0.798,0.25,0.059,0.001,DART > 0,medium,68.3,4.98,True,False,False
2026-08-31,pre_dam,2026-10-03T03:18:43.975160+00:00,True,21,0.743,0.043,0.048,0.002,DART > 0,medium,68.3,4.98,False,False,False
2026-08-31,pre_dam,2026-10-03T03:18:43.975160+00:00,True,22,0.781,0.017,0.047,0.003,DART > 0,medium,68.3,4.98,False,False,False
2026-08-31,pre_dam,2026-10-03T03:18:43.975160+00:00,True,23,0.716,0.015,0.038,0.002,DART > 0,medium,68.3,4.98,False,False,False
2026-08-31,pre_dam,2026-10-03T03:18:43.975160+00:00,True,24,0.788,0.014,0.016,0.002,DART > 0,medium,68.3,4.98,False,False,False
2026-09-01,pre_dam,2026-10-03T03:20:29.459751+00:00,True,1,0.841,0.006,0.011,0.008,DART > 0,high,68.2,9.43,False,False,False
2026-09-01,pre_dam,2026-10-03T03:20:29.459751+00:00,True,2,0.797,0.007,0.008,0.007,DART > 0,high,70.8,5.04,False,False,False
2026-09-01,pre_dam,2026-10-03T03:20:29.459751+00:00,True,3,0.751,0.004,0.01,0.006,DART > 0,high,70.8,5.04,False,False,False
2026-09-01,pre_dam,2026-10-03T03:20:29.459751+00:00,True,4,0.764,0.005,0.004,0.004,DART > 0,high,70.8,5.04,False,False,False
2026-09-01,pre_dam,2026-10-03T03:20:29.459751+00:00,True,5,0.706,0.006,0.003,0.015,DART > 0,high,70.8,5.04,False,False,False
2026-09-01,pre_dam,2026-10-03T03:20:29.459751+00:00,True,6,0.741,0.005,0.005,0.001,DART > 0,high,70.8,5.04,False,False,False
2026-09-01,pre_dam,2026-10-03T03:20:29.459751+00:00,True,7,0.693,0.004,0.042,0.001,DART > 0,high,70.8,5.04,False,False,False
2026-09-01,pre_dam,2026-10-03T03:20:29.459751+00:00,True,8,0.748,0.007,0.044,0.0,DART > 0,high,70.8,5.04,False,False,False
2026-09-01,pre_dam,2026-10-03T03:20:29.459751+00:00,True,9,0.679,0.007,0.071,0.001,DART > 0,high,70.8,5.04,False,False,False
2026-09-01,pre_dam,2026-10-03T03:20:29.459751+00:00,True,10,0.603,0.01,0.11,0.001,DART > 0,low,63.4,0.78,False,False,False
2026-09-01,pre_dam,2026-10-03T03:20:29.459751+00:00,True,11,0.601,0.032,0.158,0.001,DART > 0,low,63.4,0.78,False,False,False
2026-09-01,pre_dam,2026-10-03T03:20:29.459751+00:00,True,12,0.644,0.121,0.12,0.001,DART > 0,low,63.4,0.78,False,False,False
2026-09-01,pre_dam,2026-10-03T03:20:29.459751+00:00,True,13,0.666,0.237,0.105,0.001,DART > 0,high,70.8,5.04,True,False,False
2026-09-01,pre_dam,2026-10-03T03:20:29.459751+00:00,True,14,0.67,0.22,0.099,0.004,DART > 0,high,70.8,5.04,True,False,False
2026-09-01,pre_dam,2026-10-03T03:20:29.459751+00:00,True,15,0.858,0.371,0.075,0.005,DART > 0,high,68.2,9.43,True,False,False
2026-09-01,pre_dam,2026-10-03T03:20:29.459751+00:00,True,16,0.838,0.555,0.081,0.004,DART > 0,high,68.2,9.43,True,False,False
2026-09-01,pre_dam,2026-10-03T03:20:29.459751+00:00,True,17,0.876,0.577,0.064,0.009,DART > 0,high,68.2,9.43,True,False,False
2026-09-01,pre_dam,2026-10-03T03:20:29.459751+00:00,True,18,0.852,0.516,0.082,0.005,DART > 0,high,68.2,9.43,True,False,False
2026-09-01,pre_dam,2026-10-03T03:20:29.459751+00:00,True,19,0.792,0.596,0.066,0.002,DART > 0,high,70.8,5.04,True,False,False
2026-09-01,pre_dam,2026-10-03T03:20:29.459751+00:00,True,20,0.822,0.302,0.084,0.003,DART > 0,high,68.2,9.43,True,False,False
2026-09-01,pre_dam,2026-10-03T03:20:29.459751+00:00,True,21,0.814,0.353,0.075,0.002,DART > 0,high,68.2,9.43,True,False,False
2026-09-01,pre_dam,2026-10-03T03:20:29.459751+00:00,True,22,0.722,0.025,0.076,0.002,DART > 0,high,70.8,5.04,False,False,False
2026-09-01,pre_dam,2026-10-03T03:20:29.459751+00:00,True,23,0.708,0.005,0.071,0.002,DART > 0,high,70.8,5.04,False,False,False
2026-09-01,pre_dam,2026-10-03T03:20:29.459751+00:00,True,24,0.759,0.005,0.087,0.002,DART > 0,high,70.8,5.04,False,False,False
2026-09-02,pre_dam,2026-10-03T03:22:35.344317+00:00,True,1,0.716,0.006,0.028,0.0,DART > 0,medium,68.6,4.79,False,False,False
2026-09-02,pre_dam,2026-10-03T03:22:35.344317+00:00,True,2,0.733,0.005,0.018,0.0,DART > 0,medium,68.6,4.79,False,False,False
2026-09-02,pre_dam,2026-10-03T03:22:35.344317+00:00,True,3,0.679,0.004,0.016,0.0,DART > 0,medium,68.6,4.79,False,False,False
2026-09-02,pre_dam,2026-10-03T03:22:35.344317+00:00,True,4,0.737,0.004,0.01,0.001,DART > 0,medium,68.6,4.79,False,False,False
2026-09-02,pre_dam,2026-10-03T03:22:35.344317+00:00,True,5,0.666,0.003,0.009,0.001,DART > 0,medium,68.6,4.79,False,False,False
2026-09-02,pre_dam,2026-10-03T03:22:35.344317+00:00,True,6,0.687,0.007,0.048,0.001,DART > 0,medium,68.6,4.79,False,False,False
2026-09-02,pre_dam,2026-10-03T03:22:35.344317+00:00,True,7,0.715,0.033,0.049,0.0,DART > 0,medium,68.6,4.79,False,False,False
2026-09-02,pre_dam,2026-10-03T03:22:35.344317+00:00,True,8,0.736,0.032,0.068,0.0,DART > 0,medium,68.6,4.79,False,False,False
2026-09-02,pre_dam,2026-10-03T03:22:35.344317+00:00,True,9,0.734,0.082,0.054,0.001,DART > 0,medium,68.6,4.79,False,False,False
2026-09-02,pre_dam,2026-10-03T03:22:35.344317+00:00,True,10,0.739,0.181,0.082,0.001,DART > 0,medium,68.6,4.79,True,False,False
2026-09-02,pre_dam,2026-10-03T03:22:35.344317+00:00,True,11,0.695,0.356,0.143,0.001,DART > 0,medium,68.6,4.79,True,False,False
2026-09-02,pre_dam,2026-10-03T03:22:35.344317+00:00,True,12,0.834,0.602,0.04,0.001,DART > 0,high,69.4,9.49,True,False,False
2026-09-02,pre_dam,2026-10-03T03:22:35.344317+00:00,True,13,0.716,0.399,0.062,0.016,DART > 0,medium,68.6,4.79,True,False,False
2026-09-02,pre_dam,2026-10-03T03:22:35.344317+00:00,True,14,0.863,0.712,0.032,0.02,DART > 0,high,69.4,9.49,True,False,False
2026-09-02,pre_dam,2026-10-03T03:22:35.344317+00:00,True,15,0.839,0.809,0.071,0.148,DART > 0,high,69.4,9.49,True,False,True
2026-09-02,pre_dam,2026-10-03T03:22:35.344317+00:00,True,16,0.88,0.816,0.038,0.113,DART > 0,high,69.4,9.49,True,False,False
2026-09-02,pre_dam,2026-10-03T03:22:35.344317+00:00,True,17,0.879,0.818,0.063,0.014,DART > 0,high,69.4,9.49,True,False,False
2026-09-02,pre_dam,2026-10-03T03:22:35.344317+00:00,True,18,0.864,0.766,0.042,0.01,DART > 0,high,69.4,9.49,True,False,False
2026-09-02,pre_dam,2026-10-03T03:22:35.344317+00:00,True,19,0.887,0.705,0.072,0.003,DART > 0,high,69.4,9.49,True,False,False
2026-09-02,pre_dam,2026-10-03T03:22:35.344317+00:00,True,20,0.873,0.615,0.069,0.001,DART > 0,high,69.4,9.49,True,False,False
2026-09-02,pre_dam,2026-10-03T03:22:35.344317+00:00,True,21,0.844,0.346,0.106,0.002,DART > 0,high,69.4,9.49,True,False,False
2026-09-02,pre_dam,2026-10-03T03:22:35.344317+00:00,True,22,0.692,0.151,0.056,0.001,DART > 0,medium,68.6,4.79,False,False,False
2026-09-02,pre_dam,2026-10-03T03:22:35.344317+00:00,True,23,0.69,0.123,0.056,0.0,DART > 0,medium,68.6,4.79,False,False,False
2026-09-02,pre_dam,2026-10-03T03:22:35.344317+00:00,True,24,0.672,0.022,0.096,0.001,DART > 0,medium,68.6,4.79,False,False,False
2026-09-03,pre_dam,2026-10-03T03:24:34.109549+00:00,True,1,0.682,0.034,0.053,0.002,DART > 0,high,69.0,6.61,False,False,False
2026-09-03,pre_dam,2026-10-03T03:24:34.109549+00:00,True,2,0.683,0.01,0.029,0.001,DART > 0,high,69.0,6.61,False,False,False
2026-09-03,pre_dam,2026-10-03T03:24:34.109549+00:00,True,3,0.657,0.006,0.017,0.001,DART > 0,high,69.0,6.61,False,False,False
2026-09-03,pre_dam,2026-10-03T03:24:34.109549+00:00,True,4,0.703,0.006,0.018,0.002,DART > 0,high,69.0,6.61,False,False,False
2026-09-03,pre_dam,2026-10-03T03:24:34.109549+00:00,True,5,0.712,0.006,0.025,0.001,DART > 0,high,69.0,6.61,False,False,False
2026-09-03,pre_dam,2026-10-03T03:24:34.109549+00:00,True,6,0.732,0.012,0.037,0.001,DART > 0,high,69.0,6.61,False,False,False
2026-09-03,pre_dam,2026-10-03T03:24:34.109549+00:00,True,7,0.624,0.033,0.04,0.001,DART > 0,high,75.4,5.56,False,False,False
2026-09-03,pre_dam,2026-10-03T03:24:34.109549+00:00,True,8,0.6,0.047,0.061,0.001,DART > 0,high,75.4,5.56,False,False,False
2026-09-03,pre_dam,2026-10-03T03:24:34.109549+00:00,True,9,0.678,0.334,0.069,0.001,DART > 0,high,69.0,6.61,True,False,False
2026-09-03,pre_dam,2026-10-03T03:24:34.109549+00:00,True,10,0.603,0.262,0.064,0.001,DART > 0,high,75.4,5.56,True,False,False
2026-09-03,pre_dam,2026-10-03T03:24:34.109549+00:00,True,11,0.556,0.397,0.053,0.001,DART > 0,high,75.4,5.56,True,False,False
2026-09-03,pre_dam,2026-10-03T03:24:34.109549+00:00,True,12,0.68,0.573,0.042,0.001,DART > 0,high,69.0,6.61,True,False,False
2026-09-03,pre_dam,2026-10-03T03:24:34.109549+00:00,True,13,0.755,0.443,0.051,0.001,DART > 0,high,69.0,6.61,True,False,False
2026-09-03,pre_dam,2026-10-03T03:24:34.109549+00:00,True,14,0.804,0.578,0.078,0.007,DART > 0,high,66.1,6.34,True,False,False
2026-09-03,pre_dam,2026-10-03T03:24:34.109549+00:00,True,15,0.832,0.661,0.069,0.008,DART > 0,high,66.1,6.34,True,False,False
2026-09-03,pre_dam,2026-10-03T03:24:34.109549+00:00,True,16,0.85,0.701,0.068,0.01,DART > 0,high,66.1,6.34,True,False,False
2026-09-03,pre_dam,2026-10-03T03:24:34.109549+00:00,True,17,0.839,0.744,0.07,0.003,DART > 0,high,66.1,6.34,True,False,False
2026-09-03,pre_dam,2026-10-03T03:24:34.109549+00:00,True,18,0.844,0.726,0.063,0.001,DART > 0,high,66.1,6.34,True,False,False
2026-09-03,pre_dam,2026-10-03T03:24:34.109549+00:00,True,19,0.885,0.76,0.06,0.0,DART > 0,high,66.1,6.34,True,False,False
2026-09-03,pre_dam,2026-10-03T03:24:34.109549+00:00,True,20,0.879,0.727,0.059,0.0,DART > 0,high,66.1,6.34,True,False,False
2026-09-03,pre_dam,2026-10-03T03:24:34.109549+00:00,True,21,0.842,0.498,0.073,0.001,DART > 0,high,66.1,6.34,True,False,False
2026-09-03,pre_dam,2026-10-03T03:24:34.109549+00:00,True,22,0.703,0.365,0.07,0.001,DART > 0,high,69.0,6.61,True,False,False
2026-09-03,pre_dam,2026-10-03T03:24:34.109549+00:00,True,23,0.669,0.026,0.087,0.001,DART > 0,high,69.0,6.61,False,False,False
2026-09-03,pre_dam,2026-10-03T03:24:34.109549+00:00,True,24,0.689,0.014,0.048,0.001,DART > 0,high,69.0,6.61,False,False,False
2026-09-04,pre_dam,2026-10-03T03:25:53.786993+00:00,True,1,0.712,0.006,0.014,0.0,DART > 0,high,72.4,7.47,False,False,False
2026-09-04,pre_dam,2026-10-03T03:25:53.786993+00:00,True,2,0.67,0.003,0.009,0.0,DART > 0,high,72.4,7.47,False,False,False
2026-09-04,pre_dam,2026-10-03T03:25:53.786993+00:00,True,3,0.686,0.003,0.008,0.001,DART > 0,high,72.4,7.47,False,False,False
2026-09-04,pre_dam,2026-10-03T03:25:53.786993+00:00,True,4,0.697,0.003,0.008,0.002,DART > 0,high,72.4,7.47,False,False,False
2026-09-04,pre_dam,2026-10-03T03:25:53.786993+00:00,True,5,0.7,0.003,0.003,0.001,DART > 0,high,72.4,7.47,False,False,False
2026-09-04,pre_dam,2026-10-03T03:25:53.786993+00:00,True,6,0.746,0.004,0.023,0.001,DART > 0,high,72.4,7.47,False,False,False
2026-09-04,pre_dam,2026-10-03T03:25:53.786993+00:00,True,7,0.767,0.013,0.034,0.0,DART > 0,high,72.4,7.47,False,False,False
2026-09-04,pre_dam,2026-10-03T03:25:53.786993+00:00,True,8,0.716,0.012,0.033,0.001,DART > 0,high,72.4,7.47,False,False,False
2026-09-04,pre_dam,2026-10-03T03:25:53.786993+00:00,True,9,0.649,0.126,0.069,0.0,DART > 0,low,63.9,0.98,False,False,False
2026-09-04,pre_dam,2026-10-03T03:25:53.786993+00:00,True,10,0.723,0.042,0.067,0.0,DART > 0,high,72.4,7.47,False,False,False
2026-09-04,pre_dam,2026-10-03T03:25:53.786993+00:00,True,11,0.655,0.261,0.062,0.001,DART > 0,high,72.4,7.47,True,False,False
2026-09-04,pre_dam,2026-10-03T03:25:53.786993+00:00,True,12,0.744,0.417,0.056,0.001,DART > 0,high,72.4,7.47,True,False,False
2026-09-04,pre_dam,2026-10-03T03:25:53.786993+00:00,True,13,0.729,0.389,0.039,0.001,DART > 0,high,72.4,7.47,True,False,False
2026-09-04,pre_dam,2026-10-03T03:25:53.786993+00:00,True,14,0.801,0.489,0.04,0.0,DART > 0,high,67.7,6.08,True,False,False
2026-09-04,pre_dam,2026-10-03T03:25:53.786993+00:00,True,15,0.713,0.466,0.051,0.0,DART > 0,high,72.4,7.47,True,False,False
2026-09-04,pre_dam,2026-10-03T03:25:53.786993+00:00,True,16,0.825,0.467,0.052,0.0,DART > 0,high,67.7,6.08,True,False,False
2026-09-04,pre_dam,2026-10-03T03:25:53.786993+00:00,True,17,0.793,0.403,0.069,0.001,DART > 0,high,72.4,7.47,True,False,False
2026-09-04,pre_dam,2026-10-03T03:25:53.786993+00:00,True,18,0.83,0.474,0.074,0.001,DART > 0,high,67.7,6.08,True,False,False
2026-09-04,pre_dam,2026-10-03T03:25:53.786993+00:00,True,19,0.723,0.344,0.064,0.001,DART > 0,high,72.4,7.47,True,False,False
2026-09-04,pre_dam,2026-10-03T03:25:53.786993+00:00,True,20,0.817,0.353,0.06,0.001,DART > 0,high,67.7,6.08,True,False,False
2026-09-04,pre_dam,2026-10-03T03:25:53.786993+00:00,True,21,0.78,0.164,0.057,0.001,DART > 0,high,72.4,7.47,False,False,False
2026-09-04,pre_dam,2026-10-03T03:25:53.786993+00:00,True,22,0.722,0.034,0.071,0.001,DART > 0,high,72.4,7.47,False,False,False
2026-09-04,pre_dam,2026-10-03T03:25:53.786993+00:00,True,23,0.705,0.008,0.054,0.001,DART > 0,high,72.4,7.47,False,False,False
2026-09-04,pre_dam,2026-10-03T03:25:53.786993+00:00,True,24,0.743,0.007,0.016,0.001,DART > 0,high,72.4,7.47,False,False,False
2026-09-05,pre_dam,2026-10-03T03:08:32.549194+00:00,True,1,0.71,0.007,0.027,0.004,DART > 0,high,69.6,5.69,False,False,False
2026-09-05,pre_dam,2026-10-03T03:08:32.549194+00:00,True,2,0.725,0.007,0.033,0.007,DART > 0,high,69.6,5.69,False,False,False
2026-09-05,pre_dam,2026-10-03T03:08:32.549194+00:00,True,3,0.709,0.007,0.021,0.008,DART > 0,high,69.6,5.69,False,False,False
2026-09-05,pre_dam,2026-10-03T03:08:32.549194+00:00,True,4,0.704,0.005,0.016,0.006,DART > 0,high,69.6,5.69,False,False,False
2026-09-05,pre_dam,2026-10-03T03:08:32.549194+00:00,True,5,0.766,0.005,0.005,0.007,DART > 0,high,69.6,5.69,False,False,False
2026-09-05,pre_dam,2026-10-03T03:08:32.549194+00:00,True,6,0.739,0.005,0.005,0.009,DART > 0,high,69.6,5.69,False,False,False
2026-09-05,pre_dam,2026-10-03T03:08:32.549194+00:00,True,7,0.721,0.007,0.021,0.007,DART > 0,high,69.6,5.69,False,False,False
2026-09-05,pre_dam,2026-10-03T03:08:32.549194+00:00,True,8,0.649,0.006,0.035,0.004,DART > 0,medium,69.4,4.39,False,False,False
2026-09-05,pre_dam,2026-10-03T03:08:32.549194+00:00,True,9,0.597,0.005,0.044,0.002,DART > 0,medium,69.4,4.39,False,False,False
2026-09-05,pre_dam,2026-10-03T03:08:32.549194+00:00,True,10,0.559,0.005,0.065,0.002,DART > 0,medium,69.4,4.39,False,False,False
2026-09-05,pre_dam,2026-10-03T03:08:32.549194+00:00,True,11,0.527,0.005,0.15,0.002,DART > 0,medium,69.4,4.39,False,True,False
2026-09-05,pre_dam,2026-10-03T03:08:32.549194+00:00,True,12,0.543,0.007,0.139,0.001,DART > 0,medium,69.4,4.39,False,True,False
2026-09-05,pre_dam,2026-10-03T03:08:32.549194+00:00,True,13,0.63,0.01,0.093,0.001,DART > 0,medium,69.4,4.39,False,False,False
2026-09-05,pre_dam,2026-10-03T03:08:32.549194+00:00,True,14,0.699,0.017,0.084,0.002,DART > 0,high,69.6,5.69,False,False,False
2026-09-05,pre_dam,2026-10-03T03:08:32.549194+00:00,True,15,0.706,0.017,0.104,0.004,DART > 0,high,69.6,5.69,False,False,False
2026-09-05,pre_dam,2026-10-03T03:08:32.549194+00:00,True,16,0.692,0.04,0.137,0.004,DART > 0,high,69.6,5.69,False,True,False
2026-09-05,pre_dam,2026-10-03T03:08:32.549194+00:00,True,17,0.6,0.031,0.119,0.001,DART > 0,medium,69.4,4.39,False,False,False
2026-09-05,pre_dam,2026-10-03T03:08:32.549194+00:00,True,18,0.654,0.063,0.09,0.001,DART > 0,high,69.6,5.69,False,False,False
2026-09-05,pre_dam,2026-10-03T03:08:32.549194+00:00,True,19,0.672,0.022,0.11,0.008,DART > 0,high,69.6,5.69,False,False,False
2026-09-05,pre_dam,2026-10-03T03:08:32.549194+00:00,True,20,0.711,0.023,0.096,0.013,DART > 0,high,69.6,5.69,False,False,False
2026-09-05,pre_dam,2026-10-03T03:08:32.549194+00:00,True,21,0.7,0.019,0.125,0.004,DART > 0,high,69.6,5.69,False,True,False
2026-09-05,pre_dam,2026-10-03T03:08:32.549194+00:00,True,22,0.576,0.006,0.215,0.002,DART > 0,medium,69.4,4.39,False,True,False
2026-09-05,pre_dam,2026-10-03T03:08:32.549194+00:00,True,23,0.648,0.005,0.041,0.004,DART > 0,medium,69.4,4.39,False,False,False
2026-09-05,pre_dam,2026-10-03T03:08:32.549194+00:00,True,24,0.733,0.005,0.027,0.005,DART > 0,high,69.6,5.69,False,False,False
2026-09-06,pre_dam,2026-10-03T03:11:07.823810+00:00,True,1,0.796,0.002,0.012,0.004,DART > 0,high,68.2,7.07,False,False,False
2026-09-06,pre_dam,2026-10-03T03:11:07.823810+00:00,True,2,0.751,0.002,0.01,0.004,DART > 0,high,68.2,7.07,False,False,False
2026-09-06,pre_dam,2026-10-03T03:11:07.823810+00:00,True,3,0.714,0.003,0.005,0.007,DART > 0,high,68.2,7.07,False,False,False
2026-09-06,pre_dam,2026-10-03T03:11:07.823810+00:00,True,4,0.769,0.003,0.005,0.012,DART > 0,high,68.2,7.07,False,False,False
2026-09-06,pre_dam,2026-10-03T03:11:07.823810+00:00,True,5,0.819,0.004,0.004,0.011,DART > 0,low,70.8,5.38,False,False,False
2026-09-06,pre_dam,2026-10-03T03:11:07.823810+00:00,True,6,0.855,0.004,0.004,0.011,DART > 0,low,70.8,5.38,False,False,False
2026-09-06,pre_dam,2026-10-03T03:11:07.823810+00:00,True,7,0.772,0.004,0.007,0.012,DART > 0,high,68.2,7.07,False,False,False
2026-09-06,pre_dam,2026-10-03T03:11:07.823810+00:00,True,8,0.774,0.003,0.006,0.007,DART > 0,high,68.2,7.07,False,False,False
2026-09-06,pre_dam,2026-10-03T03:11:07.823810+00:00,True,9,0.709,0.003,0.006,0.005,DART > 0,high,68.2,7.07,False,False,False
2026-09-06,pre_dam,2026-10-03T03:11:07.823810+00:00,True,10,0.683,0.003,0.013,0.01,DART > 0,high,68.2,7.07,False,False,False
2026-09-06,pre_dam,2026-10-03T03:11:07.823810+00:00,True,11,0.667,0.004,0.017,0.007,DART > 0,high,68.2,7.07,False,False,False
2026-09-06,pre_dam,2026-10-03T03:11:07.823810+00:00,True,12,0.577,0.004,0.04,0.002,DART > 0,medium,68.9,3.92,False,False,False
2026-09-06,pre_dam,2026-10-03T03:11:07.823810+00:00,True,13,0.577,0.003,0.026,0.002,DART > 0,medium,68.9,3.92,False,False,False
2026-09-06,pre_dam,2026-10-03T03:11:07.823810+00:00,True,14,0.596,0.004,0.034,0.002,DART > 0,medium,68.9,3.92,False,False,False
2026-09-06,pre_dam,2026-10-03T03:11:07.823810+00:00,True,15,0.657,0.007,0.049,0.002,DART > 0,high,68.2,7.07,False,False,False
2026-09-06,pre_dam,2026-10-03T03:11:07.823810+00:00,True,16,0.689,0.012,0.059,0.002,DART > 0,high,68.2,7.07,False,False,False
2026-09-06,pre_dam,2026-10-03T03:11:07.823810+00:00,True,17,0.724,0.011,0.065,0.002,DART > 0,high,68.2,7.07,False,False,False
2026-09-06,pre_dam,2026-10-03T03:11:07.823810+00:00,True,18,0.681,0.036,0.054,0.001,DART > 0,high,68.2,7.07,False,False,False
2026-09-06,pre_dam,2026-10-03T03:11:07.823810+00:00,True,19,0.719,0.044,0.048,0.003,DART > 0,high,68.2,7.07,False,False,False
2026-09-06,pre_dam,2026-10-03T03:11:07.823810+00:00,True,20,0.723,0.009,0.067,0.002,DART > 0,high,68.2,7.07,False,False,False
2026-09-06,pre_dam,2026-10-03T03:11:07.823810+00:00,True,21,0.708,0.007,0.07,0.002,DART > 0,high,68.2,7.07,False,False,False
2026-09-06,pre_dam,2026-10-03T03:11:07.823810+00:00,True,22,0.654,0.003,0.023,0.002,DART > 0,high,68.2,7.07,False,False,False
2026-09-06,pre_dam,2026-10-03T03:11:07.823810+00:00,True,23,0.698,0.004,0.012,0.002,DART > 0,high,68.2,7.07,False,False,False
2026-09-06,pre_dam,2026-10-03T03:11:07.823810+00:00,True,24,0.808,0.003,0.01,0.003,DART > 0,low,70.8,5.38,False,False,False
2026-09-07,pre_dam,2026-10-03T03:13:02.543574+00:00,True,1,0.847,0.004,0.018,0.009,DART > 0,high,71.1,7.03,False,False,False
2026-09-07,pre_dam,2026-10-03T03:13:02.543574+00:00,True,2,0.832,0.003,0.019,0.01,DART > 0,high,71.1,7.03,False,False,False
2026-09-07,pre_dam,2026-10-03T03:13:02.543574+00:00,True,3,0.846,0.003,0.006,0.011,DART > 0,high,71.1,7.03,False,False,False
2026-09-07,pre_dam,2026-10-03T03:13:02.543574+00:00,True,4,0.819,0.003,0.006,0.037,DART > 0,high,71.1,7.03,False,False,False
2026-09-07,pre_dam,2026-10-03T03:13:02.543574+00:00,True,5,0.815,0.007,0.005,0.022,DART > 0,high,71.1,7.03,False,False,False
2026-09-07,pre_dam,2026-10-03T03:13:02.543574+00:00,True,6,0.715,0.006,0.005,0.011,DART > 0,high,69.7,5.96,False,False,False
2026-09-07,pre_dam,2026-10-03T03:13:02.543574+00:00,True,7,0.681,0.006,0.006,0.014,DART > 0,high,69.7,5.96,False,False,False
2026-09-07,pre_dam,2026-10-03T03:13:02.543574+00:00,True,8,0.773,0.006,0.006,0.007,DART > 0,high,69.7,5.96,False,False,False
2026-09-07,pre_dam,2026-10-03T03:13:02.543574+00:00,True,9,0.677,0.004,0.007,0.006,DART > 0,high,69.7,5.96,False,False,False
2026-09-07,pre_dam,2026-10-03T03:13:02.543574+00:00,True,10,0.674,0.006,0.007,0.007,DART > 0,high,69.7,5.96,False,False,False
2026-09-07,pre_dam,2026-10-03T03:13:02.543574+00:00,True,11,0.582,0.005,0.014,0.005,DART > 0,low,64.6,1.95,False,False,False
2026-09-07,pre_dam,2026-10-03T03:13:02.543574+00:00,True,12,0.606,0.004,0.004,0.004,DART > 0,low,64.6,1.95,False,False,False
2026-09-07,pre_dam,2026-10-03T03:13:02.543574+00:00,True,13,0.634,0.004,0.021,0.002,DART > 0,low,64.6,1.95,False,False,False
2026-09-07,pre_dam,2026-10-03T03:13:02.543574+00:00,True,14,0.706,0.009,0.025,0.002,DART > 0,high,69.7,5.96,False,False,False
2026-09-07,pre_dam,2026-10-03T03:13:02.543574+00:00,True,15,0.802,0.014,0.02,0.002,DART > 0,high,71.1,7.03,False,False,False
2026-09-07,pre_dam,2026-10-03T03:13:02.543574+00:00,True,16,0.651,0.015,0.064,0.002,DART > 0,high,69.7,5.96,False,False,False
2026-09-07,pre_dam,2026-10-03T03:13:02.543574+00:00,True,17,0.687,0.032,0.081,0.003,DART > 0,high,69.7,5.96,False,False,False
2026-09-07,pre_dam,2026-10-03T03:13:02.543574+00:00,True,18,0.635,0.045,0.181,0.009,DART > 0,low,64.6,1.95,False,True,False
2026-09-07,pre_dam,2026-10-03T03:13:02.543574+00:00,True,19,0.704,0.043,0.095,0.005,DART > 0,high,69.7,5.96,False,False,False
2026-09-07,pre_dam,2026-10-03T03:13:02.543574+00:00,True,20,0.71,0.027,0.091,0.004,DART > 0,high,69.7,5.96,False,False,False
2026-09-07,pre_dam,2026-10-03T03:13:02.543574+00:00,True,21,0.78,0.013,0.059,0.004,DART > 0,high,69.7,5.96,False,False,False
2026-09-07,pre_dam,2026-10-03T03:13:02.543574+00:00,True,22,0.652,0.005,0.066,0.004,DART > 0,high,69.7,5.96,False,False,False
2026-09-07,pre_dam,2026-10-03T03:13:02.543574+00:00,True,23,0.862,0.004,0.023,0.003,DART > 0,high,71.1,7.03,False,False,False
2026-09-07,pre_dam,2026-10-03T03:13:02.543574+00:00,True,24,0.893,0.005,0.014,0.006,DART > 0,high,71.1,7.03,False,False,False
2026-09-08,pre_dam,2026-10-03T03:14:47.849579+00:00,True,1,0.871,0.004,0.011,0.002,DART > 0,high,70.9,7.97,False,False,False
2026-09-08,pre_dam,2026-10-03T03:14:47.849579+00:00,True,2,0.852,0.003,0.011,0.002,DART > 0,high,70.9,7.97,False,False,False
2026-09-08,pre_dam,2026-10-03T03:14:47.849579+00:00,True,3,0.791,0.003,0.011,0.004,DART > 0,medium,70.0,4.94,False,False,False
2026-09-08,pre_dam,2026-10-03T03:14:47.849579+00:00,True,4,0.836,0.003,0.007,0.005,DART > 0,high,70.9,7.97,False,False,False
2026-09-08,pre_dam,2026-10-03T03:14:47.849579+00:00,True,5,0.756,0.002,0.005,0.005,DART > 0,medium,70.0,4.94,False,False,False
2026-09-08,pre_dam,2026-10-03T03:14:47.849579+00:00,True,6,0.709,0.003,0.01,0.004,DART > 0,medium,70.0,4.94,False,False,False
2026-09-08,pre_dam,2026-10-03T03:14:47.849579+00:00,True,7,0.763,0.003,0.019,0.002,DART > 0,medium,70.0,4.94,False,False,False
2026-09-08,pre_dam,2026-10-03T03:14:47.849579+00:00,True,8,0.665,0.003,0.028,0.002,DART > 0,medium,70.0,4.94,False,False,False
2026-09-08,pre_dam,2026-10-03T03:14:47.849579+00:00,True,9,0.617,0.003,0.027,0.002,DART > 0,medium,67.7,3.71,False,False,False
2026-09-08,pre_dam,2026-10-03T03:14:47.849579+00:00,True,10,0.598,0.003,0.054,0.001,DART > 0,medium,67.7,3.71,False,False,False
2026-09-08,pre_dam,2026-10-03T03:14:47.849579+00:00,True,11,0.607,0.004,0.05,0.001,DART > 0,medium,67.7,3.71,False,False,False
2026-09-08,pre_dam,2026-10-03T03:14:47.849579+00:00,True,12,0.609,0.004,0.044,0.001,DART > 0,medium,67.7,3.71,False,False,False
2026-09-08,pre_dam,2026-10-03T03:14:47.849579+00:00,True,13,0.659,0.01,0.042,0.001,DART > 0,medium,70.0,4.94,False,False,False
2026-09-08,pre_dam,2026-10-03T03:14:47.849579+00:00,True,14,0.721,0.014,0.056,0.001,DART > 0,medium,70.0,4.94,False,False,False
2026-09-08,pre_dam,2026-10-03T03:14:47.849579+00:00,True,15,0.741,0.025,0.098,0.002,DART > 0,medium,70.0,4.94,False,False,False
2026-09-08,pre_dam,2026-10-03T03:14:47.849579+00:00,True,16,0.704,0.033,0.114,0.001,DART > 0,medium,70.0,4.94,False,False,False
2026-09-08,pre_dam,2026-10-03T03:14:47.849579+00:00,True,17,0.715,0.129,0.132,0.001,DART > 0,medium,70.0,4.94,False,False,False
2026-09-08,pre_dam,2026-10-03T03:14:47.849579+00:00,True,18,0.76,0.233,0.086,0.001,DART > 0,medium,70.0,4.94,True,False,False
2026-09-08,pre_dam,2026-10-03T03:14:47.849579+00:00,True,19,0.72,0.146,0.076,0.002,DART > 0,medium,70.0,4.94,False,False,False
2026-09-08,pre_dam,2026-10-03T03:14:47.849579+00:00,True,20,0.708,0.13,0.075,0.001,DART > 0,medium,70.0,4.94,False,False,False
2026-09-08,pre_dam,2026-10-03T03:14:47.849579+00:00,True,21,0.785,0.012,0.064,0.001,DART > 0,medium,70.0,4.94,False,False,False
2026-09-08,pre_dam,2026-10-03T03:14:47.849579+00:00,True,22,0.728,0.004,0.061,0.002,DART > 0,medium,70.0,4.94,False,False,False
2026-09-08,pre_dam,2026-10-03T03:14:47.849579+00:00,True,23,0.671,0.006,0.042,0.002,DART > 0,medium,70.0,4.94,False,False,False
2026-09-08,pre_dam,2026-10-03T03:14:47.849579+00:00,True,24,0.854,0.003,0.017,0.002,DART > 0,high,70.9,7.97,False,False,False
2026-09-09,pre_dam,2026-10-03T03:16:37.676122+00:00,True,1,0.652,0.001,0.048,0.002,DART > 0,medium,67.1,4.81,False,False,False
2026-09-09,pre_dam,2026-10-03T03:16:37.676122+00:00,True,2,0.584,0.001,0.043,0.001,DART > 0,low,71.3,3.03,False,False,False
2026-09-09,pre_dam,2026-10-03T03:16:37.676122+00:00,True,3,0.597,0.001,0.043,0.001,DART > 0,low,71.3,3.03,False,False,False
2026-09-09,pre_dam,2026-10-03T03:16:37.676122+00:00,True,4,0.637,0.001,0.044,0.001,DART > 0,low,71.3,3.03,False,False,False
2026-09-09,pre_dam,2026-10-03T03:16:37.676122+00:00,True,5,0.558,0.001,0.038,0.002,DART > 0,low,71.3,3.03,False,False,False
2026-09-09,pre_dam,2026-10-03T03:16:37.676122+00:00,True,6,0.621,0.001,0.044,0.001,DART > 0,low,71.3,3.03,False,False,False
2026-09-09,pre_dam,2026-10-03T03:16:37.676122+00:00,True,7,0.518,0.002,0.051,0.001,DART > 0,low,71.3,3.03,False,False,False
2026-09-09,pre_dam,2026-10-03T03:16:37.676122+00:00,True,8,0.568,0.001,0.118,0.001,DART > 0,low,71.3,3.03,False,False,False
2026-09-09,pre_dam,2026-10-03T03:16:37.676122+00:00,True,9,0.572,0.001,0.097,0.001,DART > 0,low,71.3,3.03,False,False,False
2026-09-09,pre_dam,2026-10-03T03:16:37.676122+00:00,True,10,0.567,0.002,0.103,0.001,DART > 0,low,71.3,3.03,False,False,False
2026-09-09,pre_dam,2026-10-03T03:16:37.676122+00:00,True,11,0.561,0.002,0.142,0.001,DART > 0,low,71.3,3.03,False,False,False
2026-09-09,pre_dam,2026-10-03T03:16:37.676122+00:00,True,12,0.405,0.003,0.142,0.001,DART > 0,low,66.7,2.09,False,False,False
2026-09-09,pre_dam,2026-10-03T03:16:37.676122+00:00,True,13,0.465,0.003,0.142,0.001,DART > 0,low,66.7,2.09,False,False,False
2026-09-09,pre_dam,2026-10-03T03:16:37.676122+00:00,True,14,0.578,0.006,0.105,0.001,DART > 0,low,71.3,3.03,False,False,False
2026-09-09,pre_dam,2026-10-03T03:16:37.676122+00:00,True,15,0.719,0.013,0.082,0.001,DART > 0,medium,67.1,4.81,False,False,False
2026-09-09,pre_dam,2026-10-03T03:16:37.676122+00:00,True,16,0.716,0.168,0.215,0.002,DART > 0,medium,67.1,4.81,True,True,False
2026-09-09,pre_dam,2026-10-03T03:16:37.676122+00:00,True,17,0.819,0.595,0.191,0.001,DART > 0,high,71.0,8.03,True,True,False
2026-09-09,pre_dam,2026-10-03T03:16:37.676122+00:00,True,18,0.657,0.248,0.132,0.001,DART > 0,medium,67.1,4.81,True,False,False
2026-09-09,pre_dam,2026-10-03T03:16:37.676122+00:00,True,19,0.625,0.407,0.151,0.0,DART > 0,low,71.3,3.03,True,True,False
2026-09-09,pre_dam,2026-10-03T03:16:37.676122+00:00,True,20,0.525,0.405,0.187,0.0,DART > 0,low,71.3,3.03,True,True,False
2026-09-09,pre_dam,2026-10-03T03:16:37.676122+00:00,True,21,0.682,0.022,0.062,0.001,DART > 0,medium,67.1,4.81,False,False,False
2026-09-09,pre_dam,2026-10-03T03:16:37.676122+00:00,True,22,0.63,0.005,0.077,0.0,DART > 0,low,71.3,3.03,False,False,False
2026-09-09,pre_dam,2026-10-03T03:16:37.676122+00:00,True,23,0.567,0.001,0.055,0.001,DART > 0,low,71.3,3.03,False,False,False
2026-09-09,pre_dam,2026-10-03T03:16:37.676122+00:00,True,24,0.69,0.001,0.085,0.001,DART > 0,medium,67.1,4.81,False,False,False
2026-09-10,pre_dam,2026-10-03T03:18:34.133718+00:00,True,1,0.729,0.004,0.06,0.008,DART > 0,low,67.5,2.89,False,False,False
2026-09-10,pre_dam,2026-10-03T03:18:34.133718+00:00,True,2,0.694,0.004,0.027,0.008,DART > 0,low,67.5,2.89,False,False,False
2026-09-10,pre_dam,2026-10-03T03:18:34.133718+00:00,True,3,0.677,0.002,0.033,0.005,DART > 0,low,67.5,2.89,False,False,False
2026-09-10,pre_dam,2026-10-03T03:18:34.133718+00:00,True,4,0.71,0.002,0.044,0.01,DART > 0,low,67.5,2.89,False,False,False
2026-09-10,pre_dam,2026-10-03T03:18:34.133718+00:00,True,5,0.677,0.002,0.029,0.005,DART > 0,low,67.5,2.89,False,False,False
2026-09-10,pre_dam,2026-10-03T03:18:34.133718+00:00,True,6,0.55,0.002,0.038,0.004,DART > 0,low,63.3,1.1,False,False,False
2026-09-10,pre_dam,2026-10-03T03:18:34.133718+00:00,True,7,0.554,0.002,0.046,0.003,DART > 0,low,63.3,1.1,False,False,False
2026-09-10,pre_dam,2026-10-03T03:18:34.133718+00:00,True,8,0.572,0.005,0.062,0.007,DART > 0,low,63.3,1.1,False,False,False
2026-09-10,pre_dam,2026-10-03T03:18:34.133718+00:00,True,9,0.6,0.004,0.057,0.012,DART > 0,low,63.3,1.1,False,False,False
2026-09-10,pre_dam,2026-10-03T03:18:34.133718+00:00,True,10,0.593,0.002,0.061,0.002,DART > 0,low,63.3,1.1,False,False,False
2026-09-10,pre_dam,2026-10-03T03:18:34.133718+00:00,True,11,0.559,0.004,0.058,0.021,DART > 0,low,63.3,1.1,False,False,False
2026-09-10,pre_dam,2026-10-03T03:18:34.133718+00:00,True,12,0.556,0.003,0.057,0.002,DART > 0,low,63.3,1.1,False,False,False
2026-09-10,pre_dam,2026-10-03T03:18:34.133718+00:00,True,13,0.585,0.002,0.049,0.002,DART > 0,low,63.3,1.1,False,False,False
2026-09-10,pre_dam,2026-10-03T03:18:34.133718+00:00,True,14,0.632,0.005,0.069,0.001,DART > 0,low,63.3,1.1,False,False,False
2026-09-10,pre_dam,2026-10-03T03:18:34.133718+00:00,True,15,0.757,0.008,0.046,0.001,DART > 0,low,67.5,2.89,False,False,False
2026-09-10,pre_dam,2026-10-03T03:18:34.133718+00:00,True,16,0.735,0.006,0.073,0.002,DART > 0,low,67.5,2.89,False,False,False
2026-09-10,pre_dam,2026-10-03T03:18:34.133718+00:00,True,17,0.73,0.01,0.125,0.002,DART > 0,low,67.5,2.89,False,False,False
2026-09-10,pre_dam,2026-10-03T03:18:34.133718+00:00,True,18,0.684,0.013,0.136,0.002,DART > 0,low,67.5,2.89,False,False,False
2026-09-10,pre_dam,2026-10-03T03:18:34.133718+00:00,True,19,0.753,0.014,0.15,0.001,DART > 0,low,67.5,2.89,False,True,False
2026-09-10,pre_dam,2026-10-03T03:18:34.133718+00:00,True,20,0.763,0.021,0.113,0.001,DART > 0,low,67.5,2.89,False,False,False
2026-09-10,pre_dam,2026-10-03T03:18:34.133718+00:00,True,21,0.718,0.007,0.116,0.003,DART > 0,low,67.5,2.89,False,False,False
2026-09-10,pre_dam,2026-10-03T03:18:34.133718+00:00,True,22,0.661,0.002,0.071,0.001,DART > 0,low,67.5,2.89,False,False,False
2026-09-10,pre_dam,2026-10-03T03:18:34.133718+00:00,True,23,0.634,0.003,0.05,0.001,DART > 0,low,63.3,1.1,False,False,False
2026-09-10,pre_dam,2026-10-03T03:18:34.133718+00:00,True,24,0.681,0.003,0.034,0.001,DART > 0,low,67.5,2.89,False,False,False
2026-09-11,pre_dam,2026-10-03T03:20:20.134511+00:00,True,1,0.636,0.006,0.044,0.002,DART > 0,low,68.3,1.01,False,False,False
2026-09-11,pre_dam,2026-10-03T03:20:20.134511+00:00,True,2,0.619,0.006,0.035,0.002,DART > 0,low,68.3,1.01,False,False,False
2026-09-11,pre_dam,2026-10-03T03:20:20.134511+00:00,True,3,0.557,0.005,0.032,0.002,DART > 0,low,68.3,1.01,False,False,False
2026-09-11,pre_dam,2026-10-03T03:20:20.134511+00:00,True,4,0.563,0.005,0.048,0.005,DART > 0,low,68.3,1.01,False,False,False
2026-09-11,pre_dam,2026-10-03T03:20:20.134511+00:00,True,5,0.626,0.005,0.016,0.001,DART > 0,low,68.3,1.01,False,False,False
2026-09-11,pre_dam,2026-10-03T03:20:20.134511+00:00,True,6,0.564,0.007,0.032,0.001,DART > 0,low,68.3,1.01,False,False,False
2026-09-11,pre_dam,2026-10-03T03:20:20.134511+00:00,True,7,0.631,0.015,0.03,0.001,DART > 0,low,68.3,1.01,False,False,False
2026-09-11,pre_dam,2026-10-03T03:20:20.134511+00:00,True,8,0.641,0.006,0.04,0.001,DART > 0,low,68.3,1.01,False,False,False
2026-09-11,pre_dam,2026-10-03T03:20:20.134511+00:00,True,9,0.653,0.007,0.048,0.002,DART > 0,medium,67.2,3.05,False,False,False
2026-09-11,pre_dam,2026-10-03T03:20:20.134511+00:00,True,10,0.62,0.012,0.052,0.002,DART > 0,low,68.3,1.01,False,False,False
2026-09-11,pre_dam,2026-10-03T03:20:20.134511+00:00,True,11,0.665,0.006,0.061,0.002,DART > 0,medium,67.2,3.05,False,False,False
2026-09-11,pre_dam,2026-10-03T03:20:20.134511+00:00,True,12,0.674,0.006,0.049,0.001,DART > 0,medium,67.2,3.05,False,False,False
2026-09-11,pre_dam,2026-10-03T03:20:20.134511+00:00,True,13,0.664,0.021,0.084,0.001,DART > 0,medium,67.2,3.05,False,False,False
2026-09-11,pre_dam,2026-10-03T03:20:20.134511+00:00,True,14,0.759,0.027,0.049,0.002,DART > 0,medium,67.2,3.05,False,False,False
2026-09-11,pre_dam,2026-10-03T03:20:20.134511+00:00,True,15,0.757,0.017,0.056,0.002,DART > 0,medium,67.2,3.05,False,False,False
2026-09-11,pre_dam,2026-10-03T03:20:20.134511+00:00,True,16,0.748,0.013,0.05,0.001,DART > 0,medium,67.2,3.05,False,False,False
2026-09-11,pre_dam,2026-10-03T03:20:20.134511+00:00,True,17,0.722,0.015,0.06,0.001,DART > 0,medium,67.2,3.05,False,False,False
2026-09-11,pre_dam,2026-10-03T03:20:20.134511+00:00,True,18,0.677,0.027,0.061,0.002,DART > 0,medium,67.2,3.05,False,False,False
2026-09-11,pre_dam,2026-10-03T03:20:20.134511+00:00,True,19,0.655,0.118,0.084,0.002,DART > 0,medium,67.2,3.05,True,False,False
2026-09-11,pre_dam,2026-10-03T03:20:20.134511+00:00,True,20,0.63,0.078,0.071,0.002,DART > 0,low,68.3,1.01,False,False,False
2026-09-11,pre_dam,2026-10-03T03:20:20.134511+00:00,True,21,0.684,0.008,0.095,0.001,DART > 0,medium,67.2,3.05,False,False,False
2026-09-11,pre_dam,2026-10-03T03:20:20.134511+00:00,True,22,0.611,0.003,0.062,0.001,DART > 0,low,68.3,1.01,False,False,False
2026-09-11,pre_dam,2026-10-03T03:20:20.134511+00:00,True,23,0.791,0.036,0.031,0.001,DART > 0,medium,67.2,3.05,False,False,False
2026-09-11,pre_dam,2026-10-03T03:20:20.134511+00:00,True,24,0.752,0.006,0.022,0.002,DART > 0,medium,67.2,3.05,False,False,False
2026-09-12,pre_dam,2026-10-03T03:22:19.501055+00:00,True,1,0.558,0.002,0.025,0.001,DART < 0,low,34.9,2.53,False,False,False
2026-09-12,pre_dam,2026-10-03T03:22:19.501055+00:00,True,2,0.562,0.001,0.032,0.002,DART < 0,low,34.9,2.53,False,False,False
2026-09-12,pre_dam,2026-10-03T03:22:19.501055+00:00,True,3,0.556,0.001,0.03,0.002,DART < 0,low,34.9,2.53,False,False,False
2026-09-12,pre_dam,2026-10-03T03:22:19.501055+00:00,True,4,0.542,0.001,0.027,0.004,DART < 0,low,34.9,2.53,False,False,False
2026-09-12,pre_dam,2026-10-03T03:22:19.501055+00:00,True,5,0.472,0.001,0.024,0.003,DART > 0,low,63.5,2.77,False,False,False
2026-09-12,pre_dam,2026-10-03T03:22:19.501055+00:00,True,6,0.619,0.001,0.025,0.001,DART < 0,low,34.9,2.53,False,False,False
2026-09-12,pre_dam,2026-10-03T03:22:19.501055+00:00,True,7,0.589,0.001,0.019,0.001,DART < 0,low,34.9,2.53,False,False,False
2026-09-12,pre_dam,2026-10-03T03:22:19.501055+00:00,True,8,0.517,0.001,0.018,0.002,DART < 0,low,34.9,2.53,False,False,False
2026-09-12,pre_dam,2026-10-03T03:22:19.501055+00:00,True,9,0.473,0.001,0.021,0.001,DART > 0,low,63.5,2.77,False,False,False
2026-09-12,pre_dam,2026-10-03T03:22:19.501055+00:00,True,10,0.424,0.001,0.027,0.001,DART > 0,low,63.5,2.77,False,False,False
2026-09-12,pre_dam,2026-10-03T03:22:19.501055+00:00,True,11,0.42,0.001,0.035,0.001,DART > 0,low,63.5,2.77,False,False,False
2026-09-12,pre_dam,2026-10-03T03:22:19.501055+00:00,True,12,0.324,0.001,0.077,0.001,DART < 0,low,12.5,11.82,False,False,False
2026-09-12,pre_dam,2026-10-03T03:22:19.501055+00:00,True,13,0.319,0.001,0.073,0.001,DART < 0,low,12.5,11.82,False,False,False
2026-09-12,pre_dam,2026-10-03T03:22:19.501055+00:00,True,14,0.389,0.002,0.082,0.001,DART > 0,low,63.5,2.77,False,False,False
2026-09-12,pre_dam,2026-10-03T03:22:19.501055+00:00,True,15,0.422,0.002,0.078,0.001,DART > 0,low,63.5,2.77,False,False,False
2026-09-12,pre_dam,2026-10-03T03:22:19.501055+00:00,True,16,0.429,0.003,0.122,0.002,DART > 0,low,63.5,2.77,False,False,False
2026-09-12,pre_dam,2026-10-03T03:22:19.501055+00:00,True,17,0.392,0.004,0.158,0.0,DART > 0,low,63.5,2.77,False,True,False
2026-09-12,pre_dam,2026-10-03T03:22:19.501055+00:00,True,18,0.47,0.012,0.107,0.0,DART > 0,low,63.5,2.77,False,False,False
2026-09-12,pre_dam,2026-10-03T03:22:19.501055+00:00,True,19,0.517,0.014,0.135,0.001,DART < 0,low,34.9,2.53,False,False,False
2026-09-12,pre_dam,2026-10-03T03:22:19.501055+00:00,True,20,0.485,0.006,0.12,0.001,DART > 0,low,63.5,2.77,False,False,False
2026-09-12,pre_dam,2026-10-03T03:22:19.501055+00:00,True,21,0.511,0.003,0.141,0.0,DART < 0,low,34.9,2.53,False,False,False
2026-09-12,pre_dam,2026-10-03T03:22:19.501055+00:00,True,22,0.405,0.002,0.094,0.001,DART > 0,low,63.5,2.77,False,False,False
2026-09-12,pre_dam,2026-10-03T03:22:19.501055+00:00,True,23,0.415,0.001,0.026,0.001,DART > 0,low,63.5,2.77,False,False,False
2026-09-12,pre_dam,2026-10-03T03:22:19.501055+00:00,True,24,0.476,0.001,0.015,0.001,DART > 0,low,63.5,2.77,False,False,False
2026-09-13,pre_dam,2026-10-03T03:24:22.075666+00:00,True,1,0.701,0.003,0.022,0.007,DART > 0,medium,68.2,3.18,False,False,False
2026-09-13,pre_dam,2026-10-03T03:24:22.075666+00:00,True,2,0.681,0.003,0.03,0.007,DART > 0,medium,68.2,3.18,False,False,False
2026-09-13,pre_dam,2026-10-03T03:24:22.075666+00:00,True,3,0.671,0.004,0.032,0.003,DART > 0,medium,68.2,3.18,False,False,False
2026-09-13,pre_dam,2026-10-03T03:24:22.075666+00:00,True,4,0.637,0.003,0.033,0.004,DART > 0,low,62.3,0.51,False,False,False
2026-09-13,pre_dam,2026-10-03T03:24:22.075666+00:00,True,5,0.66,0.002,0.015,0.008,DART > 0,medium,68.2,3.18,False,False,False
2026-09-13,pre_dam,2026-10-03T03:24:22.075666+00:00,True,6,0.691,0.003,0.018,0.007,DART > 0,medium,68.2,3.18,False,False,False
2026-09-13,pre_dam,2026-10-03T03:24:22.075666+00:00,True,7,0.67,0.004,0.031,0.003,DART > 0,medium,68.2,3.18,False,False,False
2026-09-13,pre_dam,2026-10-03T03:24:22.075666+00:00,True,8,0.638,0.004,0.031,0.003,DART > 0,low,62.3,0.51,False,False,False
2026-09-13,pre_dam,2026-10-03T03:24:22.075666+00:00,True,9,0.679,0.004,0.037,0.002,DART > 0,medium,68.2,3.18,False,False,False
2026-09-13,pre_dam,2026-10-03T03:24:22.075666+00:00,True,10,0.622,0.004,0.036,0.002,DART > 0,low,62.3,0.51,False,False,False
2026-09-13,pre_dam,2026-10-03T03:24:22.075666+00:00,True,11,0.633,0.004,0.054,0.002,DART > 0,low,62.3,0.51,False,False,False
2026-09-13,pre_dam,2026-10-03T03:24:22.075666+00:00,True,12,0.607,0.004,0.054,0.002,DART > 0,low,62.3,0.51,False,False,False
2026-09-13,pre_dam,2026-10-03T03:24:22.075666+00:00,True,13,0.601,0.003,0.059,0.002,DART > 0,low,62.3,0.51,False,False,False
2026-09-13,pre_dam,2026-10-03T03:24:22.075666+00:00,True,14,0.611,0.004,0.041,0.003,DART > 0,low,62.3,0.51,False,False,False
2026-09-13,pre_dam,2026-10-03T03:24:22.075666+00:00,True,15,0.658,0.005,0.041,0.002,DART > 0,medium,68.2,3.18,False,False,False
2026-09-13,pre_dam,2026-10-03T03:24:22.075666+00:00,True,16,0.696,0.009,0.082,0.002,DART > 0,medium,68.2,3.18,False,False,False
2026-09-13,pre_dam,2026-10-03T03:24:22.075666+00:00,True,17,0.75,0.016,0.115,0.002,DART > 0,medium,68.2,3.18,False,False,False
2026-09-13,pre_dam,2026-10-03T03:24:22.075666+00:00,True,18,0.728,0.013,0.138,0.002,DART > 0,medium,68.2,3.18,False,False,False
2026-09-13,pre_dam,2026-10-03T03:24:22.075666+00:00,True,19,0.719,0.011,0.121,0.002,DART > 0,medium,68.2,3.18,False,False,False
2026-09-13,pre_dam,2026-10-03T03:24:22.075666+00:00,True,20,0.772,0.008,0.085,0.003,DART > 0,medium,68.2,3.18,False,False,False
2026-09-13,pre_dam,2026-10-03T03:24:22.075666+00:00,True,21,0.697,0.004,0.083,0.003,DART > 0,medium,68.2,3.18,False,False,False
2026-09-13,pre_dam,2026-10-03T03:24:22.075666+00:00,True,22,0.727,0.004,0.057,0.005,DART > 0,medium,68.2,3.18,False,False,False
2026-09-13,pre_dam,2026-10-03T03:24:22.075666+00:00,True,23,0.774,0.003,0.038,0.006,DART > 0,medium,68.2,3.18,False,False,False
2026-09-13,pre_dam,2026-10-03T03:24:22.075666+00:00,True,24,0.794,0.003,0.029,0.013,DART > 0,medium,68.2,3.18,False,False,False
2026-09-14,pre_dam,2026-10-03T03:25:48.850605+00:00,True,1,0.871,0.008,0.006,0.004,DART > 0,high,73.7,8.55,False,False,False
2026-09-14,pre_dam,2026-10-03T03:25:48.850605+00:00,True,2,0.85,0.005,0.004,0.001,DART > 0,high,73.7,8.55,False,False,False
2026-09-14,pre_dam,2026-10-03T03:25:48.850605+00:00,True,3,0.849,0.012,0.005,0.001,DART > 0,high,73.7,8.55,False,False,False
2026-09-14,pre_dam,2026-10-03T03:25:48.850605+00:00,True,4,0.853,0.011,0.004,0.0,DART > 0,high,73.7,8.55,False,False,False
2026-09-14,pre_dam,2026-10-03T03:25:48.850605+00:00,True,5,0.81,0.009,0.004,0.001,DART > 0,high,73.7,8.55,False,False,False
2026-09-14,pre_dam,2026-10-03T03:25:48.850605+00:00,True,6,0.834,0.007,0.004,0.0,DART > 0,high,73.7,8.55,False,False,False
2026-09-14,pre_dam,2026-10-03T03:25:48.850605+00:00,True,7,0.835,0.002,0.007,0.001,DART > 0,high,73.7,8.55,False,False,False
2026-09-14,pre_dam,2026-10-03T03:25:48.850605+00:00,True,8,0.731,0.002,0.009,0.0,DART > 0,low,64.0,1.18,False,False,False
2026-09-14,pre_dam,2026-10-03T03:25:48.850605+00:00,True,9,0.763,0.002,0.009,0.001,DART > 0,low,64.0,1.18,False,False,False
2026-09-14,pre_dam,2026-10-03T03:25:48.850605+00:00,True,10,0.745,0.001,0.013,0.0,DART > 0,low,64.0,1.18,False,False,False
2026-09-14,pre_dam,2026-10-03T03:25:48.850605+00:00,True,11,0.767,0.001,0.009,0.001,DART > 0,low,64.0,1.18,False,False,False
2026-09-14,pre_dam,2026-10-03T03:25:48.850605+00:00,True,12,0.778,0.002,0.016,0.001,DART > 0,low,64.0,1.18,False,False,False
2026-09-14,pre_dam,2026-10-03T03:25:48.850605+00:00,True,13,0.804,0.002,0.009,0.002,DART > 0,high,73.7,8.55,False,False,False
2026-09-14,pre_dam,2026-10-03T03:25:48.850605+00:00,True,14,0.841,0.002,0.01,0.002,DART > 0,high,73.7,8.55,False,False,False
2026-09-14,pre_dam,2026-10-03T03:25:48.850605+00:00,True,15,0.826,0.002,0.012,0.001,DART > 0,high,73.7,8.55,False,False,False
2026-09-14,pre_dam,2026-10-03T03:25:48.850605+00:00,True,16,0.82,0.003,0.02,0.0,DART > 0,high,73.7,8.55,False,False,False
2026-09-14,pre_dam,2026-10-03T03:25:48.850605+00:00,True,17,0.777,0.008,0.052,0.0,DART > 0,low,64.0,1.18,False,False,False
2026-09-14,pre_dam,2026-10-03T03:25:48.850605+00:00,True,18,0.813,0.026,0.069,0.0,DART > 0,high,73.7,8.55,False,False,False
2026-09-14,pre_dam,2026-10-03T03:25:48.850605+00:00,True,19,0.892,0.019,0.032,0.001,DART > 0,high,73.7,8.55,False,False,False
2026-09-14,pre_dam,2026-10-03T03:25:48.850605+00:00,True,20,0.893,0.013,0.023,0.001,DART > 0,high,73.7,8.55,False,False,False
2026-09-14,pre_dam,2026-10-03T03:25:48.850605+00:00,True,21,0.876,0.003,0.024,0.0,DART > 0,high,73.7,8.55,False,False,False
2026-09-14,pre_dam,2026-10-03T03:25:48.850605+00:00,True,22,0.824,0.002,0.01,0.001,DART > 0,high,73.7,8.55,False,False,False
2026-09-14,pre_dam,2026-10-03T03:25:48.850605+00:00,True,23,0.83,0.003,0.007,0.001,DART > 0,high,73.7,8.55,False,False,False
2026-09-14,pre_dam,2026-10-03T03:25:48.850605+00:00,True,24,0.821,0.003,0.007,0.001,DART > 0,high,73.7,8.55,False,False,False
2026-09-15,pre_dam,2026-10-03T03:08:34.341745+00:00,True,1,0.891,0.007,0.019,0.017,DART > 0,low,69.3,3.78,False,False,False
2026-09-15,pre_dam,2026-10-03T03:08:34.341745+00:00,True,2,0.869,0.004,0.042,0.011,DART > 0,low,69.3,3.78,False,False,False
2026-09-15,pre_dam,2026-10-03T03:08:34.341745+00:00,True,3,0.882,0.004,0.023,0.01,DART > 0,low,69.3,3.78,False,False,False
2026-09-15,pre_dam,2026-10-03T03:08:34.341745+00:00,True,4,0.881,0.015,0.027,0.028,DART > 0,low,69.3,3.78,False,False,False
2026-09-15,pre_dam,2026-10-03T03:08:34.341745+00:00,True,5,0.875,0.011,0.04,0.017,DART > 0,low,69.3,3.78,False,False,False
2026-09-15,pre_dam,2026-10-03T03:08:34.341745+00:00,True,6,0.895,0.004,0.01,0.012,DART > 0,low,69.3,3.78,False,False,False
2026-09-15,pre_dam,2026-10-03T03:08:34.341745+00:00,True,7,0.896,0.007,0.009,0.008,DART > 0,low,69.3,3.78,False,False,False
2026-09-15,pre_dam,2026-10-03T03:08:34.341745+00:00,True,8,0.876,0.005,0.024,0.003,DART > 0,low,69.3,3.78,False,False,False
2026-09-15,pre_dam,2026-10-03T03:08:34.341745+00:00,True,9,0.799,0.006,0.022,0.007,DART > 0,low,65.6,2.0,False,False,False
2026-09-15,pre_dam,2026-10-03T03:08:34.341745+00:00,True,10,0.808,0.006,0.018,0.002,DART > 0,low,69.3,3.78,False,False,False
2026-09-15,pre_dam,2026-10-03T03:08:34.341745+00:00,True,11,0.782,0.006,0.019,0.001,DART > 0,low,65.6,2.0,False,False,False
2026-09-15,pre_dam,2026-10-03T03:08:34.341745+00:00,True,12,0.76,0.005,0.015,0.002,DART > 0,low,65.6,2.0,False,False,False
2026-09-15,pre_dam,2026-10-03T03:08:34.341745+00:00,True,13,0.882,0.004,0.017,0.009,DART > 0,low,69.3,3.78,False,False,False
2026-09-15,pre_dam,2026-10-03T03:08:34.341745+00:00,True,14,0.889,0.004,0.02,0.006,DART > 0,low,69.3,3.78,False,False,False
2026-09-15,pre_dam,2026-10-03T03:08:34.341745+00:00,True,15,0.862,0.005,0.024,0.003,DART > 0,low,69.3,3.78,False,False,False
2026-09-15,pre_dam,2026-10-03T03:08:34.341745+00:00,True,16,0.855,0.004,0.027,0.002,DART > 0,low,69.3,3.78,False,False,False
2026-09-15,pre_dam,2026-10-03T03:08:34.341745+00:00,True,17,0.861,0.003,0.02,0.002,DART > 0,low,69.3,3.78,False,False,False
2026-09-15,pre_dam,2026-10-03T03:08:34.341745+00:00,True,18,0.863,0.01,0.02,0.004,DART > 0,low,69.3,3.78,False,False,False
2026-09-15,pre_dam,2026-10-03T03:08:34.341745+00:00,True,19,0.906,0.01,0.02,0.003,DART > 0,low,69.3,3.78,False,False,False
2026-09-15,pre_dam,2026-10-03T03:08:34.341745+00:00,True,20,0.89,0.007,0.02,0.003,DART > 0,low,69.3,3.78,False,False,False
2026-09-15,pre_dam,2026-10-03T03:08:34.341745+00:00,True,21,0.881,0.002,0.019,0.002,DART > 0,low,69.3,3.78,False,False,False
2026-09-15,pre_dam,2026-10-03T03:08:34.341745+00:00,True,22,0.857,0.002,0.021,0.003,DART > 0,low,69.3,3.78,False,False,False
2026-09-15,pre_dam,2026-10-03T03:08:34.341745+00:00,True,23,0.833,0.002,0.01,0.002,DART > 0,low,69.3,3.78,False,False,False
2026-09-15,pre_dam,2026-10-03T03:08:34.341745+00:00,True,24,0.877,0.003,0.008,0.006,DART > 0,low,69.3,3.78,False,False,False
2026-09-16,pre_dam,2026-10-03T03:11:12.659138+00:00,True,1,0.79,0.004,0.01,0.01,DART > 0,medium,70.3,3.83,False,False,False
2026-09-16,pre_dam,2026-10-03T03:11:12.659138+00:00,True,2,0.761,0.002,0.007,0.015,DART > 0,medium,70.3,3.83,False,False,False
2026-09-16,pre_dam,2026-10-03T03:11:12.659138+00:00,True,3,0.766,0.005,0.007,0.015,DART > 0,medium,70.3,3.83,False,False,False
2026-09-16,pre_dam,2026-10-03T03:11:12.659138+00:00,True,4,0.754,0.005,0.003,0.016,DART > 0,medium,70.3,3.83,False,False,False
2026-09-16,pre_dam,2026-10-03T03:11:12.659138+00:00,True,5,0.707,0.005,0.004,0.01,DART > 0,medium,70.3,3.83,False,False,False
2026-09-16,pre_dam,2026-10-03T03:11:12.659138+00:00,True,6,0.777,0.006,0.007,0.002,DART > 0,medium,70.3,3.83,False,False,False
2026-09-16,pre_dam,2026-10-03T03:11:12.659138+00:00,True,7,0.752,0.002,0.01,0.001,DART > 0,medium,70.3,3.83,False,False,False
2026-09-16,pre_dam,2026-10-03T03:11:12.659138+00:00,True,8,0.694,0.002,0.015,0.002,DART > 0,medium,70.3,3.83,False,False,False
2026-09-16,pre_dam,2026-10-03T03:11:12.659138+00:00,True,9,0.651,0.002,0.04,0.001,DART > 0,medium,70.3,3.83,False,False,False
2026-09-16,pre_dam,2026-10-03T03:11:12.659138+00:00,True,10,0.712,0.002,0.016,0.002,DART > 0,medium,70.3,3.83,False,False,False
2026-09-16,pre_dam,2026-10-03T03:11:12.659138+00:00,True,11,0.712,0.004,0.042,0.001,DART > 0,medium,70.3,3.83,False,False,False
2026-09-16,pre_dam,2026-10-03T03:11:12.659138+00:00,True,12,0.727,0.004,0.06,0.002,DART > 0,medium,70.3,3.83,False,False,False
2026-09-16,pre_dam,2026-10-03T03:11:12.659138+00:00,True,13,0.707,0.004,0.026,0.001,DART > 0,medium,70.3,3.83,False,False,False
2026-09-16,pre_dam,2026-10-03T03:11:12.659138+00:00,True,14,0.789,0.004,0.016,0.002,DART > 0,medium,70.3,3.83,False,False,False
2026-09-16,pre_dam,2026-10-03T03:11:12.659138+00:00,True,15,0.767,0.005,0.025,0.002,DART > 0,medium,70.3,3.83,False,False,False
2026-09-16,pre_dam,2026-10-03T03:11:12.659138+00:00,True,16,0.66,0.006,0.024,0.002,DART > 0,medium,70.3,3.83,False,False,False
2026-09-16,pre_dam,2026-10-03T03:11:12.659138+00:00,True,17,0.709,0.008,0.038,0.006,DART > 0,medium,70.3,3.83,False,False,False
2026-09-16,pre_dam,2026-10-03T03:11:12.659138+00:00,True,18,0.813,0.007,0.028,0.002,DART > 0,low,69.2,3.97,False,False,False
2026-09-16,pre_dam,2026-10-03T03:11:12.659138+00:00,True,19,0.803,0.011,0.04,0.006,DART > 0,low,69.2,3.97,False,False,False
2026-09-16,pre_dam,2026-10-03T03:11:12.659138+00:00,True,20,0.819,0.008,0.04,0.002,DART > 0,low,69.2,3.97,False,False,False
2026-09-16,pre_dam,2026-10-03T03:11:12.659138+00:00,True,21,0.729,0.006,0.036,0.002,DART > 0,medium,70.3,3.83,False,False,False
2026-09-16,pre_dam,2026-10-03T03:11:12.659138+00:00,True,22,0.764,0.002,0.015,0.003,DART > 0,medium,70.3,3.83,False,False,False
2026-09-16,pre_dam,2026-10-03T03:11:12.659138+00:00,True,23,0.816,0.004,0.007,0.005,DART > 0,low,69.2,3.97,False,False,False
2026-09-16,pre_dam,2026-10-03T03:11:12.659138+00:00,True,24,0.806,0.005,0.009,0.013,DART > 0,low,69.2,3.97,False,False,False
2026-09-17,pre_dam,2026-10-03T03:13:05.759167+00:00,True,1,0.668,0.004,0.003,0.001,DART > 0,low,66.4,1.76,False,False,False
2026-09-17,pre_dam,2026-10-03T03:13:05.759167+00:00,True,2,0.63,0.004,0.004,0.001,DART < 0,low,41.9,3.25,False,False,False
2026-09-17,pre_dam,2026-10-03T03:13:05.759167+00:00,True,3,0.642,0.006,0.004,0.001,DART < 0,low,41.9,3.25,False,False,False
2026-09-17,pre_dam,2026-10-03T03:13:05.759167+00:00,True,4,0.713,0.003,0.006,0.001,DART > 0,low,66.4,1.76,False,False,False
2026-09-17,pre_dam,2026-10-03T03:13:05.759167+00:00,True,5,0.545,0.006,0.005,0.001,DART < 0,low,41.9,3.25,False,False,False
2026-09-17,pre_dam,2026-10-03T03:13:05.759167+00:00,True,6,0.496,0.023,0.002,0.0,DART > 0,low,76.7,3.08,False,False,False
2026-09-17,pre_dam,2026-10-03T03:13:05.759167+00:00,True,7,0.569,0.007,0.005,0.0,DART < 0,low,41.9,3.25,False,False,False
2026-09-17,pre_dam,2026-10-03T03:13:05.759167+00:00,True,8,0.641,0.003,0.008,0.0,DART < 0,low,41.9,3.25,False,False,False
2026-09-17,pre_dam,2026-10-03T03:13:05.759167+00:00,True,9,0.616,0.002,0.033,0.0,DART < 0,low,41.9,3.25,False,False,False
2026-09-17,pre_dam,2026-10-03T03:13:05.759167+00:00,True,10,0.559,0.006,0.035,0.0,DART < 0,low,41.9,3.25,False,False,False
2026-09-17,pre_dam,2026-10-03T03:13:05.759167+00:00,True,11,0.62,0.008,0.036,0.0,DART < 0,low,41.9,3.25,False,False,False
2026-09-17,pre_dam,2026-10-03T03:13:05.759167+00:00,True,12,0.519,0.006,0.047,0.0,DART < 0,low,41.9,3.25,False,False,False
2026-09-17,pre_dam,2026-10-03T03:13:05.759167+00:00,True,13,0.567,0.003,0.072,0.0,DART < 0,low,41.9,3.25,False,False,False
2026-09-17,pre_dam,2026-10-03T03:13:05.759167+00:00,True,14,0.649,0.006,0.021,0.0,DART < 0,low,41.9,3.25,False,False,False
2026-09-17,pre_dam,2026-10-03T03:13:05.759167+00:00,True,15,0.647,0.018,0.046,0.0,DART < 0,low,41.9,3.25,False,False,False
2026-09-17,pre_dam,2026-10-03T03:13:05.759167+00:00,True,16,0.658,0.007,0.029,0.0,DART > 0,low,66.4,1.76,False,False,False
2026-09-17,pre_dam,2026-10-03T03:13:05.759167+00:00,True,17,0.743,0.008,0.019,0.0,DART > 0,low,66.4,1.76,False,False,False
2026-09-17,pre_dam,2026-10-03T03:13:05.759167+00:00,True,18,0.712,0.027,0.025,0.0,DART > 0,low,66.4,1.76,False,False,False
2026-09-17,pre_dam,2026-10-03T03:13:05.759167+00:00,True,19,0.727,0.017,0.036,0.0,DART > 0,low,66.4,1.76,False,False,False
2026-09-17,pre_dam,2026-10-03T03:13:05.759167+00:00,True,20,0.694,0.003,0.025,0.0,DART > 0,low,66.4,1.76,False,False,False
2026-09-17,pre_dam,2026-10-03T03:13:05.759167+00:00,True,21,0.662,0.003,0.021,0.0,DART > 0,low,66.4,1.76,False,False,False
2026-09-17,pre_dam,2026-10-03T03:13:05.759167+00:00,True,22,0.632,0.001,0.008,0.0,DART < 0,low,41.9,3.25,False,False,False
2026-09-17,pre_dam,2026-10-03T03:13:05.759167+00:00,True,23,0.762,0.001,0.004,0.001,DART > 0,low,66.4,1.76,False,False,False
2026-09-17,pre_dam,2026-10-03T03:13:05.759167+00:00,True,24,0.775,0.002,0.004,0.002,DART > 0,low,66.4,1.76,False,False,False
2026-09-18,pre_dam,2026-10-03T03:14:51.336430+00:00,True,1,0.637,0.001,0.01,0.001,DART < 0,low,42.0,2.86,False,False,False
2026-09-18,pre_dam,2026-10-03T03:14:51.336430+00:00,True,2,0.532,0.003,0.009,0.001,DART < 0,low,42.0,2.86,False,False,False
2026-09-18,pre_dam,2026-10-03T03:14:51.336430+00:00,True,3,0.477,0.003,0.003,0.001,DART > 0,high,79.5,7.31,False,False,False
2026-09-18,pre_dam,2026-10-03T03:14:51.336430+00:00,True,4,0.493,0.003,0.003,0.002,DART > 0,high,79.5,7.31,False,False,False
2026-09-18,pre_dam,2026-10-03T03:14:51.336430+00:00,True,5,0.549,0.002,0.002,0.001,DART < 0,low,42.0,2.86,False,False,False
2026-09-18,pre_dam,2026-10-03T03:14:51.336430+00:00,True,6,0.597,0.005,0.006,0.001,DART < 0,low,42.0,2.86,False,False,False
2026-09-18,pre_dam,2026-10-03T03:14:51.336430+00:00,True,7,0.568,0.001,0.008,0.002,DART < 0,low,42.0,2.86,False,False,False
2026-09-18,pre_dam,2026-10-03T03:14:51.336430+00:00,True,8,0.597,0.001,0.009,0.001,DART < 0,low,42.0,2.86,False,False,False
2026-09-18,pre_dam,2026-10-03T03:14:51.336430+00:00,True,9,0.612,0.002,0.008,0.001,DART < 0,low,42.0,2.86,False,False,False
2026-09-18,pre_dam,2026-10-03T03:14:51.336430+00:00,True,10,0.544,0.002,0.014,0.001,DART < 0,low,42.0,2.86,False,False,False
2026-09-18,pre_dam,2026-10-03T03:14:51.336430+00:00,True,11,0.499,0.002,0.005,0.001,DART > 0,high,79.5,7.31,False,False,False
2026-09-18,pre_dam,2026-10-03T03:14:51.336430+00:00,True,12,0.535,0.002,0.013,0.001,DART < 0,low,42.0,2.86,False,False,False
2026-09-18,pre_dam,2026-10-03T03:14:51.336430+00:00,True,13,0.475,0.003,0.013,0.001,DART > 0,high,79.5,7.31,False,False,False
2026-09-18,pre_dam,2026-10-03T03:14:51.336430+00:00,True,14,0.593,0.002,0.01,0.001,DART < 0,low,42.0,2.86,False,False,False
2026-09-18,pre_dam,2026-10-03T03:14:51.336430+00:00,True,15,0.727,0.003,0.013,0.004,DART > 0,medium,68.8,3.15,False,False,False
2026-09-18,pre_dam,2026-10-03T03:14:51.336430+00:00,True,16,0.686,0.002,0.019,0.004,DART > 0,medium,68.8,3.15,False,False,False
2026-09-18,pre_dam,2026-10-03T03:14:51.336430+00:00,True,17,0.638,0.004,0.016,0.001,DART < 0,low,42.0,2.86,False,False,False
2026-09-18,pre_dam,2026-10-03T03:14:51.336430+00:00,True,18,0.535,0.008,0.017,0.001,DART < 0,low,42.0,2.86,False,False,False
2026-09-18,pre_dam,2026-10-03T03:14:51.336430+00:00,True,19,0.669,0.008,0.02,0.001,DART > 0,medium,68.8,3.15,False,False,False
2026-09-18,pre_dam,2026-10-03T03:14:51.336430+00:00,True,20,0.68,0.01,0.03,0.001,DART > 0,medium,68.8,3.15,False,False,False
2026-09-18,pre_dam,2026-10-03T03:14:51.336430+00:00,True,21,0.722,0.002,0.012,0.001,DART > 0,medium,68.8,3.15,False,False,False
2026-09-18,pre_dam,2026-10-03T03:14:51.336430+00:00,True,22,0.711,0.002,0.006,0.001,DART > 0,medium,68.8,3.15,False,False,False
2026-09-18,pre_dam,2026-10-03T03:14:51.336430+00:00,True,23,0.7,0.001,0.009,0.002,DART > 0,medium,68.8,3.15,False,False,False
2026-09-18,pre_dam,2026-10-03T03:14:51.336430+00:00,True,24,0.749,0.002,0.011,0.001,DART > 0,medium,68.8,3.15,False,False,False
2026-09-19,pre_dam,2026-10-03T03:16:33.865793+00:00,True,1,0.559,0.006,0.036,0.001,DART < 0,low,37.6,0.34,False,False,False
2026-09-19,pre_dam,2026-10-03T03:16:33.865793+00:00,True,2,0.556,0.003,0.033,0.001,DART < 0,low,37.6,0.34,False,False,False
2026-09-19,pre_dam,2026-10-03T03:16:33.865793+00:00,True,3,0.549,0.002,0.026,0.001,DART < 0,low,37.6,0.34,False,False,False
2026-09-19,pre_dam,2026-10-03T03:16:33.865793+00:00,True,4,0.515,0.004,0.025,0.003,DART < 0,low,37.6,0.34,False,False,False
2026-09-19,pre_dam,2026-10-03T03:16:33.865793+00:00,True,5,0.493,0.004,0.023,0.002,DART > 0,low,59.8,0.7,False,False,False
2026-09-19,pre_dam,2026-10-03T03:16:33.865793+00:00,True,6,0.56,0.002,0.021,0.001,DART < 0,low,37.6,0.34,False,False,False
2026-09-19,pre_dam,2026-10-03T03:16:33.865793+00:00,True,7,0.608,0.003,0.032,0.002,DART < 0,low,37.6,0.34,False,False,False
2026-09-19,pre_dam,2026-10-03T03:16:33.865793+00:00,True,8,0.584,0.006,0.052,0.001,DART < 0,low,37.6,0.34,False,False,False
2026-09-19,pre_dam,2026-10-03T03:16:33.865793+00:00,True,9,0.597,0.003,0.044,0.002,DART < 0,low,37.6,0.34,False,False,False
2026-09-19,pre_dam,2026-10-03T03:16:33.865793+00:00,True,10,0.548,0.005,0.038,0.003,DART < 0,low,37.6,0.34,False,False,False
2026-09-19,pre_dam,2026-10-03T03:16:33.865793+00:00,True,11,0.539,0.006,0.024,0.002,DART < 0,low,37.6,0.34,False,False,False
2026-09-19,pre_dam,2026-10-03T03:16:33.865793+00:00,True,12,0.434,0.005,0.022,0.001,DART > 0,low,59.8,0.7,False,False,False
2026-09-19,pre_dam,2026-10-03T03:16:33.865793+00:00,True,13,0.429,0.004,0.024,0.001,DART > 0,low,59.8,0.7,False,False,False
2026-09-19,pre_dam,2026-10-03T03:16:33.865793+00:00,True,14,0.482,0.006,0.028,0.001,DART > 0,low,59.8,0.7,False,False,False
2026-09-19,pre_dam,2026-10-03T03:16:33.865793+00:00,True,15,0.605,0.009,0.025,0.001,DART < 0,low,37.6,0.34,False,False,False
2026-09-19,pre_dam,2026-10-03T03:16:33.865793+00:00,True,16,0.628,0.008,0.033,0.001,DART < 0,low,37.6,0.34,False,False,False
2026-09-19,pre_dam,2026-10-03T03:16:33.865793+00:00,True,17,0.635,0.004,0.057,0.001,DART < 0,low,37.6,0.34,False,False,False
2026-09-19,pre_dam,2026-10-03T03:16:33.865793+00:00,True,18,0.666,0.005,0.053,0.001,DART > 0,low,67.2,2.24,False,False,False
2026-09-19,pre_dam,2026-10-03T03:16:33.865793+00:00,True,19,0.68,0.015,0.038,0.001,DART > 0,low,67.2,2.24,False,False,False
2026-09-19,pre_dam,2026-10-03T03:16:33.865793+00:00,True,20,0.681,0.015,0.04,0.002,DART > 0,low,67.2,2.24,False,False,False
2026-09-19,pre_dam,2026-10-03T03:16:33.865793+00:00,True,21,0.597,0.005,0.037,0.003,DART < 0,low,37.6,0.34,False,False,False
2026-09-19,pre_dam,2026-10-03T03:16:33.865793+00:00,True,22,0.574,0.003,0.027,0.006,DART < 0,low,37.6,0.34,False,False,False
2026-09-19,pre_dam,2026-10-03T03:16:33.865793+00:00,True,23,0.614,0.007,0.034,0.002,DART < 0,low,37.6,0.34,False,False,False
2026-09-19,pre_dam,2026-10-03T03:16:33.865793+00:00,True,24,0.642,0.005,0.034,0.003,DART < 0,low,37.6,0.34,False,False,False
2026-09-20,pre_dam,2026-10-03T03:18:22.743802+00:00,True,1,0.741,0.002,0.023,0.008,DART > 0,low,66.2,1.59,False,False,False
2026-09-20,pre_dam,2026-10-03T03:18:22.743802+00:00,True,2,0.71,0.002,0.027,0.002,DART > 0,low,66.2,1.59,False,False,False
2026-09-20,pre_dam,2026-10-03T03:18:22.743802+00:00,True,3,0.631,0.002,0.02,0.005,DART > 0,low,60.8,1.33,False,False,False
2026-09-20,pre_dam,2026-10-03T03:18:22.743802+00:00,True,4,0.629,0.002,0.02,0.009,DART > 0,low,60.8,1.33,False,False,False
2026-09-20,pre_dam,2026-10-03T03:18:22.743802+00:00,True,5,0.636,0.001,0.014,0.01,DART > 0,low,60.8,1.33,False,False,False
2026-09-20,pre_dam,2026-10-03T03:18:22.743802+00:00,True,6,0.708,0.001,0.022,0.004,DART > 0,low,66.2,1.59,False,False,False
2026-09-20,pre_dam,2026-10-03T03:18:22.743802+00:00,True,7,0.745,0.002,0.027,0.006,DART > 0,low,66.2,1.59,False,False,False
2026-09-20,pre_dam,2026-10-03T03:18:22.743802+00:00,True,8,0.729,0.001,0.032,0.005,DART > 0,low,66.2,1.59,False,False,False
2026-09-20,pre_dam,2026-10-03T03:18:22.743802+00:00,True,9,0.707,0.001,0.033,0.002,DART > 0,low,66.2,1.59,False,False,False
2026-09-20,pre_dam,2026-10-03T03:18:22.743802+00:00,True,10,0.729,0.001,0.031,0.002,DART > 0,low,66.2,1.59,False,False,False
2026-09-20,pre_dam,2026-10-03T03:18:22.743802+00:00,True,11,0.742,0.001,0.019,0.006,DART > 0,low,66.2,1.59,False,False,False
2026-09-20,pre_dam,2026-10-03T03:18:22.743802+00:00,True,12,0.705,0.001,0.017,0.005,DART > 0,low,66.2,1.59,False,False,False
2026-09-20,pre_dam,2026-10-03T03:18:22.743802+00:00,True,13,0.661,0.001,0.015,0.006,DART > 0,low,66.2,1.59,False,False,False
2026-09-20,pre_dam,2026-10-03T03:18:22.743802+00:00,True,14,0.756,0.001,0.015,0.023,DART > 0,low,66.2,1.59,False,False,False
2026-09-20,pre_dam,2026-10-03T03:18:22.743802+00:00,True,15,0.757,0.002,0.017,0.021,DART > 0,low,66.2,1.59,False,False,False
2026-09-20,pre_dam,2026-10-03T03:18:22.743802+00:00,True,16,0.631,0.002,0.027,0.008,DART > 0,low,60.8,1.33,False,False,False
2026-09-20,pre_dam,2026-10-03T03:18:22.743802+00:00,True,17,0.672,0.004,0.039,0.004,DART > 0,low,66.2,1.59,False,False,False
2026-09-20,pre_dam,2026-10-03T03:18:22.743802+00:00,True,18,0.629,0.006,0.032,0.003,DART > 0,low,60.8,1.33,False,False,False
2026-09-20,pre_dam,2026-10-03T03:18:22.743802+00:00,True,19,0.667,0.009,0.076,0.002,DART > 0,low,66.2,1.59,False,False,False
2026-09-20,pre_dam,2026-10-03T03:18:22.743802+00:00,True,20,0.628,0.005,0.041,0.002,DART > 0,low,60.8,1.33,False,False,False
2026-09-20,pre_dam,2026-10-03T03:18:22.743802+00:00,True,21,0.712,0.002,0.033,0.003,DART > 0,low,66.2,1.59,False,False,False
2026-09-20,pre_dam,2026-10-03T03:18:22.743802+00:00,True,22,0.791,0.002,0.027,0.006,DART > 0,low,66.2,1.59,False,False,False
2026-09-20,pre_dam,2026-10-03T03:18:22.743802+00:00,True,23,0.839,0.001,0.022,0.007,DART > 0,low,63.8,1.23,False,False,False
2026-09-20,pre_dam,2026-10-03T03:18:22.743802+00:00,True,24,0.801,0.001,0.02,0.021,DART > 0,low,63.8,1.23,False,False,False
2026-09-21,pre_dam,2026-10-03T03:20:06.573752+00:00,True,1,0.777,0.002,0.022,0.006,DART > 0,medium,66.0,2.44,False,False,False
2026-09-21,pre_dam,2026-10-03T03:20:06.573752+00:00,True,2,0.74,0.002,0.021,0.004,DART > 0,medium,66.0,2.44,False,False,False
2026-09-21,pre_dam,2026-10-03T03:20:06.573752+00:00,True,3,0.73,0.002,0.022,0.006,DART > 0,medium,66.0,2.44,False,False,False
2026-09-21,pre_dam,2026-10-03T03:20:06.573752+00:00,True,4,0.695,0.003,0.019,0.013,DART > 0,medium,66.0,2.44,False,False,False
2026-09-21,pre_dam,2026-10-03T03:20:06.573752+00:00,True,5,0.747,0.003,0.014,0.018,DART > 0,medium,66.0,2.44,False,False,False
2026-09-21,pre_dam,2026-10-03T03:20:06.573752+00:00,True,6,0.726,0.005,0.016,0.005,DART > 0,medium,66.0,2.44,False,False,False
2026-09-21,pre_dam,2026-10-03T03:20:06.573752+00:00,True,7,0.767,0.002,0.028,0.001,DART > 0,medium,66.0,2.44,False,False,False
2026-09-21,pre_dam,2026-10-03T03:20:06.573752+00:00,True,8,0.76,0.003,0.028,0.002,DART > 0,medium,66.0,2.44,False,False,False
2026-09-21,pre_dam,2026-10-03T03:20:06.573752+00:00,True,9,0.715,0.003,0.031,0.002,DART > 0,medium,66.0,2.44,False,False,False
2026-09-21,pre_dam,2026-10-03T03:20:06.573752+00:00,True,10,0.771,0.003,0.022,0.003,DART > 0,medium,66.0,2.44,False,False,False
2026-09-21,pre_dam,2026-10-03T03:20:06.573752+00:00,True,11,0.693,0.003,0.021,0.003,DART > 0,medium,66.0,2.44,False,False,False
2026-09-21,pre_dam,2026-10-03T03:20:06.573752+00:00,True,12,0.668,0.003,0.032,0.002,DART > 0,medium,66.0,2.44,False,False,False
2026-09-21,pre_dam,2026-10-03T03:20:06.573752+00:00,True,13,0.737,0.002,0.021,0.004,DART > 0,medium,66.0,2.44,False,False,False
2026-09-21,pre_dam,2026-10-03T03:20:06.573752+00:00,True,14,0.769,0.003,0.02,0.006,DART > 0,medium,66.0,2.44,False,False,False
2026-09-21,pre_dam,2026-10-03T03:20:06.573752+00:00,True,15,0.774,0.002,0.023,0.003,DART > 0,medium,66.0,2.44,False,False,False
2026-09-21,pre_dam,2026-10-03T03:20:06.573752+00:00,True,16,0.73,0.003,0.058,0.002,DART > 0,medium,66.0,2.44,False,False,False
2026-09-21,pre_dam,2026-10-03T03:20:06.573752+00:00,True,17,0.692,0.005,0.072,0.001,DART > 0,medium,66.0,2.44,False,False,False
2026-09-21,pre_dam,2026-10-03T03:20:06.573752+00:00,True,18,0.717,0.014,0.071,0.003,DART > 0,medium,66.0,2.44,False,False,False
2026-09-21,pre_dam,2026-10-03T03:20:06.573752+00:00,True,19,0.713,0.012,0.072,0.002,DART > 0,medium,66.0,2.44,False,False,False
2026-09-21,pre_dam,2026-10-03T03:20:06.573752+00:00,True,20,0.763,0.007,0.066,0.004,DART > 0,medium,66.0,2.44,False,False,False
2026-09-21,pre_dam,2026-10-03T03:20:06.573752+00:00,True,21,0.736,0.003,0.034,0.01,DART > 0,medium,66.0,2.44,False,False,False
2026-09-21,pre_dam,2026-10-03T03:20:06.573752+00:00,True,22,0.755,0.004,0.031,0.007,DART > 0,medium,66.0,2.44,False,False,False
2026-09-21,pre_dam,2026-10-03T03:20:06.573752+00:00,True,23,0.768,0.003,0.036,0.012,DART > 0,medium,66.0,2.44,False,False,False
2026-09-21,pre_dam,2026-10-03T03:20:06.573752+00:00,True,24,0.796,0.002,0.025,0.016,DART > 0,medium,66.0,2.44,False,False,False
2026-09-22,pre_dam,2026-10-03T03:22:05.141400+00:00,True,1,0.785,0.005,0.031,0.015,DART > 0,low,65.6,0.95,False,False,False
2026-09-22,pre_dam,2026-10-03T03:22:05.141400+00:00,True,2,0.764,0.002,0.025,0.006,DART > 0,low,65.6,0.95,False,False,False
2026-09-22,pre_dam,2026-10-03T03:22:05.141400+00:00,True,3,0.766,0.002,0.017,0.013,DART > 0,low,65.6,0.95,False,False,False
2026-09-22,pre_dam,2026-10-03T03:22:05.141400+00:00,True,4,0.764,0.002,0.016,0.016,DART > 0,low,65.6,0.95,False,False,False
2026-09-22,pre_dam,2026-10-03T03:22:05.141400+00:00,True,5,0.746,0.002,0.019,0.022,DART > 0,low,65.6,0.95,False,False,False
2026-09-22,pre_dam,2026-10-03T03:22:05.141400+00:00,True,6,0.727,0.003,0.016,0.003,DART > 0,low,65.6,0.95,False,False,False
2026-09-22,pre_dam,2026-10-03T03:22:05.141400+00:00,True,7,0.668,0.003,0.047,0.002,DART > 0,low,65.6,0.95,False,False,False
2026-09-22,pre_dam,2026-10-03T03:22:05.141400+00:00,True,8,0.636,0.002,0.049,0.002,DART < 0,low,40.7,0.84,False,False,False
2026-09-22,pre_dam,2026-10-03T03:22:05.141400+00:00,True,9,0.656,0.003,0.05,0.002,DART > 0,low,65.6,0.95,False,False,False
2026-09-22,pre_dam,2026-10-03T03:22:05.141400+00:00,True,10,0.763,0.005,0.014,0.005,DART > 0,low,65.6,0.95,False,False,False
2026-09-22,pre_dam,2026-10-03T03:22:05.141400+00:00,True,11,0.71,0.004,0.011,0.005,DART > 0,low,65.6,0.95,False,False,False
2026-09-22,pre_dam,2026-10-03T03:22:05.141400+00:00,True,12,0.623,0.005,0.01,0.005,DART < 0,low,40.7,0.84,False,False,False
2026-09-22,pre_dam,2026-10-03T03:22:05.141400+00:00,True,13,0.585,0.004,0.009,0.018,DART < 0,low,40.7,0.84,False,False,False
2026-09-22,pre_dam,2026-10-03T03:22:05.141400+00:00,True,14,0.727,0.004,0.013,0.03,DART > 0,low,65.6,0.95,False,False,False
2026-09-22,pre_dam,2026-10-03T03:22:05.141400+00:00,True,15,0.758,0.006,0.017,0.016,DART > 0,low,65.6,0.95,False,False,False
2026-09-22,pre_dam,2026-10-03T03:22:05.141400+00:00,True,16,0.75,0.007,0.019,0.007,DART > 0,low,65.6,0.95,False,False,False
2026-09-22,pre_dam,2026-10-03T03:22:05.141400+00:00,True,17,0.696,0.007,0.038,0.006,DART > 0,low,65.6,0.95,False,False,False
2026-09-22,pre_dam,2026-10-03T03:22:05.141400+00:00,True,18,0.7,0.016,0.072,0.004,DART > 0,low,65.6,0.95,False,False,False
2026-09-22,pre_dam,2026-10-03T03:22:05.141400+00:00,True,19,0.751,0.015,0.108,0.002,DART > 0,low,65.6,0.95,False,False,False
2026-09-22,pre_dam,2026-10-03T03:22:05.141400+00:00,True,20,0.722,0.014,0.069,0.003,DART > 0,low,65.6,0.95,False,False,False
2026-09-22,pre_dam,2026-10-03T03:22:05.141400+00:00,True,21,0.705,0.008,0.021,0.003,DART > 0,low,65.6,0.95,False,False,False
2026-09-22,pre_dam,2026-10-03T03:22:05.141400+00:00,True,22,0.766,0.004,0.016,0.004,DART > 0,low,65.6,0.95,False,False,False
2026-09-22,pre_dam,2026-10-03T03:22:05.141400+00:00,True,23,0.794,0.003,0.013,0.006,DART > 0,low,65.6,0.95,False,False,False
2026-09-22,pre_dam,2026-10-03T03:22:05.141400+00:00,True,24,0.787,0.002,0.011,0.006,DART > 0,low,65.6,0.95,False,False,False
2026-09-23,pre_dam,2026-10-03T03:23:57.787041+00:00,True,1,0.666,0.01,0.012,0.074,DART > 0,low,65.3,1.45,False,False,False
2026-09-23,pre_dam,2026-10-03T03:23:57.787041+00:00,True,2,0.703,0.007,0.01,0.031,DART > 0,low,65.3,1.45,False,False,False
2026-09-23,pre_dam,2026-10-03T03:23:57.787041+00:00,True,3,0.716,0.007,0.008,0.03,DART > 0,low,65.3,1.45,False,False,False
2026-09-23,pre_dam,2026-10-03T03:23:57.787041+00:00,True,4,0.689,0.007,0.01,0.022,DART > 0,low,65.3,1.45,False,False,False
2026-09-23,pre_dam,2026-10-03T03:23:57.787041+00:00,True,5,0.702,0.006,0.012,0.028,DART > 0,low,65.3,1.45,False,False,False
2026-09-23,pre_dam,2026-10-03T03:23:57.787041+00:00,True,6,0.699,0.006,0.013,0.002,DART > 0,low,65.3,1.45,False,False,False
2026-09-23,pre_dam,2026-10-03T03:23:57.787041+00:00,True,7,0.607,0.006,0.017,0.005,DART < 0,low,42.5,0.11,False,False,False
2026-09-23,pre_dam,2026-10-03T03:23:57.787041+00:00,True,8,0.62,0.007,0.015,0.012,DART < 0,low,42.5,0.11,False,False,False
2026-09-23,pre_dam,2026-10-03T03:23:57.787041+00:00,True,9,0.697,0.006,0.007,0.012,DART > 0,low,65.3,1.45,False,False,False
2026-09-23,pre_dam,2026-10-03T03:23:57.787041+00:00,True,10,0.662,0.006,0.01,0.006,DART > 0,low,65.3,1.45,False,False,False
2026-09-23,pre_dam,2026-10-03T03:23:57.787041+00:00,True,11,0.657,0.007,0.01,0.004,DART > 0,low,65.3,1.45,False,False,False
2026-09-23,pre_dam,2026-10-03T03:23:57.787041+00:00,True,12,0.634,0.006,0.009,0.011,DART < 0,low,42.5,0.11,False,False,False
2026-09-23,pre_dam,2026-10-03T03:23:57.787041+00:00,True,13,0.721,0.005,0.006,0.008,DART > 0,low,65.3,1.45,False,False,False
2026-09-23,pre_dam,2026-10-03T03:23:57.787041+00:00,True,14,0.732,0.007,0.006,0.028,DART > 0,low,65.3,1.45,False,False,False
2026-09-23,pre_dam,2026-10-03T03:23:57.787041+00:00,True,15,0.76,0.009,0.006,0.025,DART > 0,low,65.3,1.45,False,False,False
2026-09-23,pre_dam,2026-10-03T03:23:57.787041+00:00,True,16,0.664,0.007,0.012,0.028,DART > 0,low,65.3,1.45,False,False,False
2026-09-23,pre_dam,2026-10-03T03:23:57.787041+00:00,True,17,0.672,0.007,0.031,0.014,DART > 0,low,65.3,1.45,False,False,False
2026-09-23,pre_dam,2026-10-03T03:23:57.787041+00:00,True,18,0.705,0.02,0.034,0.006,DART > 0,low,65.3,1.45,False,False,False
2026-09-23,pre_dam,2026-10-03T03:23:57.787041+00:00,True,19,0.742,0.018,0.039,0.003,DART > 0,low,65.3,1.45,False,False,False
2026-09-23,pre_dam,2026-10-03T03:23:57.787041+00:00,True,20,0.663,0.008,0.034,0.008,DART > 0,low,65.3,1.45,False,False,False
2026-09-23,pre_dam,2026-10-03T03:23:57.787041+00:00,True,21,0.64,0.005,0.016,0.004,DART < 0,low,42.5,0.11,False,False,False
2026-09-23,pre_dam,2026-10-03T03:23:57.787041+00:00,True,22,0.683,0.005,0.022,0.003,DART > 0,low,65.3,1.45,False,False,False
2026-09-23,pre_dam,2026-10-03T03:23:57.787041+00:00,True,23,0.661,0.005,0.015,0.004,DART > 0,low,65.3,1.45,False,False,False
2026-09-23,pre_dam,2026-10-03T03:23:57.787041+00:00,True,24,0.608,0.007,0.012,0.007,DART < 0,low,42.5,0.11,False,False,False
2026-09-24,pre_dam,2026-10-03T03:25:35.835549+00:00,True,1,0.79,0.007,0.017,0.016,DART > 0,low,64.5,1.7,False,False,False
2026-09-24,pre_dam,2026-10-03T03:25:35.835549+00:00,True,2,0.771,0.01,0.014,0.014,DART > 0,low,64.5,1.7,False,False,False
2026-09-24,pre_dam,2026-10-03T03:25:35.835549+00:00,True,3,0.737,0.012,0.014,0.018,DART > 0,low,64.5,1.7,False,False,False
2026-09-24,pre_dam,2026-10-03T03:25:35.835549+00:00,True,4,0.737,0.012,0.014,0.021,DART > 0,low,64.5,1.7,False,False,False
2026-09-24,pre_dam,2026-10-03T03:25:35.835549+00:00,True,5,0.714,0.008,0.018,0.013,DART > 0,low,64.5,1.7,False,False,False
2026-09-24,pre_dam,2026-10-03T03:25:35.835549+00:00,True,6,0.7,0.007,0.026,0.003,DART > 0,low,64.5,1.7,False,False,False
2026-09-24,pre_dam,2026-10-03T03:25:35.835549+00:00,True,7,0.628,0.012,0.025,0.002,DART > 0,low,63.1,1.27,False,False,False
2026-09-24,pre_dam,2026-10-03T03:25:35.835549+00:00,True,8,0.647,0.008,0.025,0.002,DART > 0,low,63.1,1.27,False,False,False
2026-09-24,pre_dam,2026-10-03T03:25:35.835549+00:00,True,9,0.571,0.008,0.022,0.003,DART > 0,low,63.1,1.27,False,False,False
2026-09-24,pre_dam,2026-10-03T03:25:35.835549+00:00,True,10,0.666,0.011,0.016,0.002,DART > 0,low,64.5,1.7,False,False,False
2026-09-24,pre_dam,2026-10-03T03:25:35.835549+00:00,True,11,0.663,0.008,0.016,0.012,DART > 0,low,64.5,1.7,False,False,False
2026-09-24,pre_dam,2026-10-03T03:25:35.835549+00:00,True,12,0.638,0.008,0.017,0.002,DART > 0,low,63.1,1.27,False,False,False
2026-09-24,pre_dam,2026-10-03T03:25:35.835549+00:00,True,13,0.554,0.007,0.013,0.021,DART > 0,low,63.1,1.27,False,False,False
2026-09-24,pre_dam,2026-10-03T03:25:35.835549+00:00,True,14,0.653,0.013,0.013,0.027,DART > 0,low,64.5,1.7,False,False,False
2026-09-24,pre_dam,2026-10-03T03:25:35.835549+00:00,True,15,0.736,0.036,0.018,0.013,DART > 0,low,64.5,1.7,False,False,False
2026-09-24,pre_dam,2026-10-03T03:25:35.835549+00:00,True,16,0.699,0.042,0.023,0.004,DART > 0,low,64.5,1.7,False,False,False
2026-09-24,pre_dam,2026-10-03T03:25:35.835549+00:00,True,17,0.768,0.018,0.051,0.008,DART > 0,low,64.5,1.7,False,False,False
2026-09-24,pre_dam,2026-10-03T03:25:35.835549+00:00,True,18,0.738,0.013,0.05,0.004,DART > 0,low,64.5,1.7,False,False,False
2026-09-24,pre_dam,2026-10-03T03:25:35.835549+00:00,True,19,0.807,0.01,0.052,0.005,DART > 0,low,68.6,2.46,False,False,False
2026-09-24,pre_dam,2026-10-03T03:25:35.835549+00:00,True,20,0.794,0.01,0.054,0.005,DART > 0,low,64.5,1.7,False,False,False
2026-09-24,pre_dam,2026-10-03T03:25:35.835549+00:00,True,21,0.771,0.014,0.026,0.003,DART > 0,low,64.5,1.7,False,False,False
2026-09-24,pre_dam,2026-10-03T03:25:35.835549+00:00,True,22,0.759,0.012,0.026,0.002,DART > 0,low,64.5,1.7,False,False,False
2026-09-24,pre_dam,2026-10-03T03:25:35.835549+00:00,True,23,0.765,0.008,0.017,0.002,DART > 0,low,64.5,1.7,False,False,False
2026-09-24,pre_dam,2026-10-03T03:25:35.835549+00:00,True,24,0.793,0.01,0.018,0.004,DART > 0,low,64.5,1.7,False,False,False
2026-09-25,pre_dam,2026-10-03T03:08:29.233710+00:00,True,1,0.561,0.007,0.013,0.005,DART > 0,medium,58.5,1.91,False,False,False
2026-09-25,pre_dam,2026-10-03T03:08:29.233710+00:00,True,2,0.498,0.004,0.014,0.002,DART > 0,low,76.5,3.19,False,False,False
2026-09-25,pre_dam,2026-10-03T03:08:29.233710+00:00,True,3,0.502,0.004,0.012,0.002,DART > 0,medium,58.5,1.91,False,False,False
2026-09-25,pre_dam,2026-10-03T03:08:29.233710+00:00,True,4,0.435,0.004,0.012,0.002,DART > 0,low,76.5,3.19,False,False,False
2026-09-25,pre_dam,2026-10-03T03:08:29.233710+00:00,True,5,0.426,0.004,0.015,0.003,DART > 0,low,76.5,3.19,False,False,False
2026-09-25,pre_dam,2026-10-03T03:08:29.233710+00:00,True,6,0.477,0.003,0.026,0.001,DART > 0,low,76.5,3.19,False,False,False
2026-09-25,pre_dam,2026-10-03T03:08:29.233710+00:00,True,7,0.461,0.003,0.03,0.001,DART > 0,low,76.5,3.19,False,False,False
2026-09-25,pre_dam,2026-10-03T03:08:29.233710+00:00,True,8,0.524,0.003,0.029,0.001,DART > 0,medium,58.5,1.91,False,False,False
2026-09-25,pre_dam,2026-10-03T03:08:29.233710+00:00,True,9,0.567,0.002,0.033,0.001,DART > 0,medium,58.5,1.91,False,False,False
2026-09-25,pre_dam,2026-10-03T03:08:29.233710+00:00,True,10,0.513,0.003,0.028,0.001,DART > 0,medium,58.5,1.91,False,False,False
2026-09-25,pre_dam,2026-10-03T03:08:29.233710+00:00,True,11,0.547,0.003,0.026,0.001,DART > 0,medium,58.5,1.91,False,False,False
2026-09-25,pre_dam,2026-10-03T03:08:29.233710+00:00,True,12,0.535,0.002,0.022,0.001,DART > 0,medium,58.5,1.91,False,False,False
2026-09-25,pre_dam,2026-10-03T03:08:29.233710+00:00,True,13,0.562,0.003,0.024,0.001,DART > 0,medium,58.5,1.91,False,False,False
2026-09-25,pre_dam,2026-10-03T03:08:29.233710+00:00,True,14,0.617,0.005,0.017,0.001,DART > 0,medium,58.5,1.91,False,False,False
2026-09-25,pre_dam,2026-10-03T03:08:29.233710+00:00,True,15,0.636,0.006,0.026,0.001,DART > 0,medium,58.5,1.91,False,False,False
2026-09-25,pre_dam,2026-10-03T03:08:29.233710+00:00,True,16,0.555,0.003,0.037,0.001,DART > 0,medium,58.5,1.91,False,False,False
2026-09-25,pre_dam,2026-10-03T03:08:29.233710+00:00,True,17,0.653,0.004,0.049,0.001,DART < 0,low,34.3,0.07,False,False,False
2026-09-25,pre_dam,2026-10-03T03:08:29.233710+00:00,True,18,0.671,0.013,0.056,0.001,DART < 0,low,34.3,0.07,False,False,False
2026-09-25,pre_dam,2026-10-03T03:08:29.233710+00:00,True,19,0.727,0.012,0.061,0.001,DART < 0,low,34.3,0.07,False,False,False
2026-09-25,pre_dam,2026-10-03T03:08:29.233710+00:00,True,20,0.679,0.015,0.061,0.001,DART < 0,low,34.3,0.07,False,False,False
2026-09-25,pre_dam,2026-10-03T03:08:29.233710+00:00,True,21,0.727,0.004,0.022,0.002,DART < 0,low,34.3,0.07,False,False,False
2026-09-25,pre_dam,2026-10-03T03:08:29.233710+00:00,True,22,0.702,0.003,0.021,0.001,DART < 0,low,34.3,0.07,False,False,False
2026-09-25,pre_dam,2026-10-03T03:08:29.233710+00:00,True,23,0.689,0.004,0.015,0.002,DART < 0,low,34.3,0.07,False,False,False
2026-09-25,pre_dam,2026-10-03T03:08:29.233710+00:00,True,24,0.741,0.004,0.017,0.002,DART < 0,low,34.3,0.07,False,False,False
2026-09-26,pre_dam,2026-10-03T03:11:02.082266+00:00,True,1,0.694,0.009,0.018,0.005,DART > 0,low,65.5,0.15,False,False,False
2026-09-26,pre_dam,2026-10-03T03:11:02.082266+00:00,True,2,0.613,0.004,0.02,0.005,DART > 0,low,60.8,0.29,False,False,False
2026-09-26,pre_dam,2026-10-03T03:11:02.082266+00:00,True,3,0.427,0.003,0.015,0.007,DART < 0,low,40.6,0.61,False,False,False
2026-09-26,pre_dam,2026-10-03T03:11:02.082266+00:00,True,4,0.379,0.003,0.016,0.01,DART < 0,low,40.6,0.61,False,False,False
2026-09-26,pre_dam,2026-10-03T03:11:02.082266+00:00,True,5,0.491,0.003,0.017,0.005,DART < 0,low,40.6,0.61,False,False,False
2026-09-26,pre_dam,2026-10-03T03:11:02.082266+00:00,True,6,0.489,0.002,0.017,0.005,DART < 0,low,40.6,0.61,False,False,False
2026-09-26,pre_dam,2026-10-03T03:11:02.082266+00:00,True,7,0.615,0.005,0.017,0.005,DART > 0,low,60.8,0.29,False,False,False
2026-09-26,pre_dam,2026-10-03T03:11:02.082266+00:00,True,8,0.627,0.005,0.025,0.004,DART > 0,low,60.8,0.29,False,False,False
2026-09-26,pre_dam,2026-10-03T03:11:02.082266+00:00,True,9,0.572,0.005,0.022,0.003,DART > 0,low,60.8,0.29,False,False,False
2026-09-26,pre_dam,2026-10-03T03:11:02.082266+00:00,True,10,0.602,0.005,0.023,0.004,DART > 0,low,60.8,0.29,False,False,False
2026-09-26,pre_dam,2026-10-03T03:11:02.082266+00:00,True,11,0.535,0.007,0.02,0.004,DART > 0,low,60.8,0.29,False,False,False
2026-09-26,pre_dam,2026-10-03T03:11:02.082266+00:00,True,12,0.469,0.004,0.013,0.004,DART < 0,low,40.6,0.61,False,False,False
2026-09-26,pre_dam,2026-10-03T03:11:02.082266+00:00,True,13,0.547,0.009,0.015,0.027,DART > 0,low,60.8,0.29,False,False,False
2026-09-26,pre_dam,2026-10-03T03:11:02.082266+00:00,True,14,0.616,0.012,0.013,0.029,DART > 0,low,60.8,0.29,False,False,False
2026-09-26,pre_dam,2026-10-03T03:11:02.082266+00:00,True,15,0.662,0.024,0.015,0.03,DART > 0,low,65.5,0.15,False,False,False
2026-09-26,pre_dam,2026-10-03T03:11:02.082266+00:00,True,16,0.606,0.025,0.023,0.011,DART > 0,low,60.8,0.29,False,False,False
2026-09-26,pre_dam,2026-10-03T03:11:02.082266+00:00,True,17,0.593,0.015,0.034,0.003,DART > 0,low,60.8,0.29,False,False,False
2026-09-26,pre_dam,2026-10-03T03:11:02.082266+00:00,True,18,0.651,0.02,0.036,0.006,DART > 0,low,65.5,0.15,False,False,False
2026-09-26,pre_dam,2026-10-03T03:11:02.082266+00:00,True,19,0.682,0.021,0.064,0.007,DART > 0,low,65.5,0.15,False,False,False
2026-09-26,pre_dam,2026-10-03T03:11:02.082266+00:00,True,20,0.614,0.007,0.028,0.005,DART > 0,low,60.8,0.29,False,False,False
2026-09-26,pre_dam,2026-10-03T03:11:02.082266+00:00,True,21,0.625,0.004,0.054,0.002,DART > 0,low,60.8,0.29,False,False,False
2026-09-26,pre_dam,2026-10-03T03:11:02.082266+00:00,True,22,0.639,0.004,0.034,0.003,DART > 0,low,60.8,0.29,False,False,False
2026-09-26,pre_dam,2026-10-03T03:11:02.082266+00:00,True,23,0.643,0.004,0.027,0.004,DART > 0,low,60.8,0.29,False,False,False
2026-09-26,pre_dam,2026-10-03T03:11:02.082266+00:00,True,24,0.627,0.004,0.032,0.005,DART > 0,low,60.8,0.29,False,False,False
2026-09-27,pre_dam,2026-10-03T03:12:58.694541+00:00,True,1,0.522,0.003,0.015,0.023,DART > 0,low,61.9,0.33,False,False,False
2026-09-27,pre_dam,2026-10-03T03:12:58.694541+00:00,True,2,0.45,0.004,0.015,0.011,DART < 0,low,26.1,2.17,False,False,False
2026-09-27,pre_dam,2026-10-03T03:12:58.694541+00:00,True,3,0.442,0.003,0.018,0.01,DART < 0,low,26.1,2.17,False,False,False
2026-09-27,pre_dam,2026-10-03T03:12:58.694541+00:00,True,4,0.386,0.003,0.021,0.026,DART < 0,low,26.1,2.17,False,False,False
2026-09-27,pre_dam,2026-10-03T03:12:58.694541+00:00,True,5,0.465,0.004,0.013,0.014,DART < 0,low,26.1,2.17,False,False,False
2026-09-27,pre_dam,2026-10-03T03:12:58.694541+00:00,True,6,0.49,0.004,0.011,0.014,DART < 0,low,26.1,2.17,False,False,False
2026-09-27,pre_dam,2026-10-03T03:12:58.694541+00:00,True,7,0.537,0.005,0.007,0.011,DART > 0,low,61.9,0.33,False,False,False
2026-09-27,pre_dam,2026-10-03T03:12:58.694541+00:00,True,8,0.534,0.003,0.008,0.006,DART > 0,low,61.9,0.33,False,False,False
2026-09-27,pre_dam,2026-10-03T03:12:58.694541+00:00,True,9,0.571,0.002,0.007,0.006,DART > 0,low,61.9,0.33,False,False,False
2026-09-27,pre_dam,2026-10-03T03:12:58.694541+00:00,True,10,0.585,0.003,0.007,0.009,DART > 0,low,61.9,0.33,False,False,False
2026-09-27,pre_dam,2026-10-03T03:12:58.694541+00:00,True,11,0.606,0.003,0.007,0.013,DART > 0,low,61.9,0.33,False,False,False
2026-09-27,pre_dam,2026-10-03T03:12:58.694541+00:00,True,12,0.574,0.002,0.008,0.006,DART > 0,low,61.9,0.33,False,False,False
2026-09-27,pre_dam,2026-10-03T03:12:58.694541+00:00,True,13,0.545,0.002,0.011,0.006,DART > 0,low,61.9,0.33,False,False,False
2026-09-27,pre_dam,2026-10-03T03:12:58.694541+00:00,True,14,0.63,0.003,0.007,0.005,DART > 0,low,61.9,0.33,False,False,False
2026-09-27,pre_dam,2026-10-03T03:12:58.694541+00:00,True,15,0.591,0.004,0.011,0.01,DART > 0,low,61.9,0.33,False,False,False
2026-09-27,pre_dam,2026-10-03T03:12:58.694541+00:00,True,16,0.525,0.006,0.015,0.003,DART > 0,low,61.9,0.33,False,False,False
2026-09-27,pre_dam,2026-10-03T03:12:58.694541+00:00,True,17,0.595,0.006,0.022,0.001,DART > 0,low,61.9,0.33,False,False,False
2026-09-27,pre_dam,2026-10-03T03:12:58.694541+00:00,True,18,0.655,0.014,0.036,0.003,DART > 0,low,66.4,1.93,False,False,False
2026-09-27,pre_dam,2026-10-03T03:12:58.694541+00:00,True,19,0.643,0.02,0.042,0.005,DART > 0,low,61.9,0.33,False,False,False
2026-09-27,pre_dam,2026-10-03T03:12:58.694541+00:00,True,20,0.564,0.006,0.053,0.002,DART > 0,low,61.9,0.33,False,False,False
2026-09-27,pre_dam,2026-10-03T03:12:58.694541+00:00,True,21,0.588,0.005,0.018,0.003,DART > 0,low,61.9,0.33,False,False,False
2026-09-27,pre_dam,2026-10-03T03:12:58.694541+00:00,True,22,0.663,0.004,0.012,0.002,DART > 0,low,66.4,1.93,False,False,False
2026-09-27,pre_dam,2026-10-03T03:12:58.694541+00:00,True,23,0.601,0.004,0.013,0.002,DART > 0,low,61.9,0.33,False,False,False
2026-09-27,pre_dam,2026-10-03T03:12:58.694541+00:00,True,24,0.662,0.004,0.006,0.004,DART > 0,low,66.4,1.93,False,False,False
2026-09-28,pre_dam,2026-10-03T03:14:46.153520+00:00,True,1,0.67,0.005,0.008,0.004,DART > 0,low,63.8,0.57,False,False,False
2026-09-28,pre_dam,2026-10-03T03:14:46.153520+00:00,True,2,0.702,0.006,0.008,0.003,DART > 0,low,63.8,0.57,False,False,False
2026-09-28,pre_dam,2026-10-03T03:14:46.153520+00:00,True,3,0.651,0.009,0.008,0.003,DART > 0,low,63.8,0.57,False,False,False
2026-09-28,pre_dam,2026-10-03T03:14:46.153520+00:00,True,4,0.663,0.009,0.011,0.009,DART > 0,low,63.8,0.57,False,False,False
2026-09-28,pre_dam,2026-10-03T03:14:46.153520+00:00,True,5,0.576,0.008,0.015,0.005,DART > 0,medium,65.3,3.02,False,False,False
2026-09-28,pre_dam,2026-10-03T03:14:46.153520+00:00,True,6,0.508,0.007,0.015,0.003,DART > 0,medium,65.3,3.02,False,False,False
2026-09-28,pre_dam,2026-10-03T03:14:46.153520+00:00,True,7,0.428,0.005,0.014,0.003,DART < 0,low,38.1,1.44,False,False,False
2026-09-28,pre_dam,2026-10-03T03:14:46.153520+00:00,True,8,0.554,0.005,0.014,0.003,DART > 0,medium,65.3,3.02,False,False,False
2026-09-28,pre_dam,2026-10-03T03:14:46.153520+00:00,True,9,0.554,0.005,0.015,0.003,DART > 0,medium,65.3,3.02,False,False,False
2026-09-28,pre_dam,2026-10-03T03:14:46.153520+00:00,True,10,0.522,0.003,0.021,0.002,DART > 0,medium,65.3,3.02,False,False,False
2026-09-28,pre_dam,2026-10-03T03:14:46.153520+00:00,True,11,0.51,0.003,0.021,0.002,DART > 0,medium,65.3,3.02,False,False,False
2026-09-28,pre_dam,2026-10-03T03:14:46.153520+00:00,True,12,0.482,0.003,0.047,0.002,DART < 0,low,38.1,1.44,False,False,False
2026-09-28,pre_dam,2026-10-03T03:14:46.153520+00:00,True,13,0.473,0.002,0.04,0.002,DART < 0,low,38.1,1.44,False,False,False
2026-09-28,pre_dam,2026-10-03T03:14:46.153520+00:00,True,14,0.544,0.003,0.041,0.002,DART > 0,medium,65.3,3.02,False,False,False
2026-09-28,pre_dam,2026-10-03T03:14:46.153520+00:00,True,15,0.586,0.003,0.067,0.003,DART > 0,medium,65.3,3.02,False,False,False
2026-09-28,pre_dam,2026-10-03T03:14:46.153520+00:00,True,16,0.559,0.007,0.1,0.003,DART > 0,medium,65.3,3.02,False,False,False
2026-09-28,pre_dam,2026-10-03T03:14:46.153520+00:00,True,17,0.635,0.011,0.055,0.002,DART > 0,medium,65.3,3.02,False,False,False
2026-09-28,pre_dam,2026-10-03T03:14:46.153520+00:00,True,18,0.693,0.02,0.064,0.002,DART > 0,low,63.8,0.57,False,False,False
2026-09-28,pre_dam,2026-10-03T03:14:46.153520+00:00,True,19,0.695,0.023,0.077,0.002,DART > 0,low,63.8,0.57,False,False,False
2026-09-28,pre_dam,2026-10-03T03:14:46.153520+00:00,True,20,0.692,0.017,0.083,0.002,DART > 0,low,63.8,0.57,False,False,False
2026-09-28,pre_dam,2026-10-03T03:14:46.153520+00:00,True,21,0.664,0.005,0.108,0.002,DART > 0,low,63.8,0.57,False,False,False
2026-09-28,pre_dam,2026-10-03T03:14:46.153520+00:00,True,22,0.665,0.006,0.039,0.003,DART > 0,low,63.8,0.57,False,False,False
2026-09-28,pre_dam,2026-10-03T03:14:46.153520+00:00,True,23,0.689,0.006,0.019,0.004,DART > 0,low,63.8,0.57,False,False,False
2026-09-28,pre_dam,2026-10-03T03:14:46.153520+00:00,True,24,0.747,0.008,0.015,0.004,DART > 0,low,63.8,0.57,False,False,False
2026-09-29,pre_dam,2026-10-03T03:16:31.203336+00:00,True,1,0.693,0.006,0.028,0.002,DART > 0,low,64.9,1.93,False,False,False
2026-09-29,pre_dam,2026-10-03T03:16:31.203336+00:00,True,2,0.663,0.013,0.029,0.002,DART > 0,low,64.9,1.93,False,False,False
2026-09-29,pre_dam,2026-10-03T03:16:31.203336+00:00,True,3,0.662,0.004,0.028,0.004,DART > 0,low,64.9,1.93,False,False,False
2026-09-29,pre_dam,2026-10-03T03:16:31.203336+00:00,True,4,0.642,0.004,0.024,0.003,DART > 0,medium,65.1,2.41,False,False,False
2026-09-29,pre_dam,2026-10-03T03:16:31.203336+00:00,True,5,0.71,0.005,0.027,0.002,DART > 0,low,64.9,1.93,False,False,False
2026-09-29,pre_dam,2026-10-03T03:16:31.203336+00:00,True,6,0.654,0.007,0.029,0.002,DART > 0,low,64.9,1.93,False,False,False
2026-09-29,pre_dam,2026-10-03T03:16:31.203336+00:00,True,7,0.569,0.005,0.031,0.002,DART > 0,medium,65.1,2.41,False,False,False
2026-09-29,pre_dam,2026-10-03T03:16:31.203336+00:00,True,8,0.661,0.008,0.059,0.003,DART > 0,low,64.9,1.93,False,False,False
2026-09-29,pre_dam,2026-10-03T03:16:31.203336+00:00,True,9,0.779,0.007,0.061,0.002,DART > 0,low,64.9,1.93,False,False,False
2026-09-29,pre_dam,2026-10-03T03:16:31.203336+00:00,True,10,0.746,0.005,0.017,0.002,DART > 0,low,64.9,1.93,False,False,False
2026-09-29,pre_dam,2026-10-03T03:16:31.203336+00:00,True,11,0.755,0.006,0.02,0.002,DART > 0,low,64.9,1.93,False,False,False
2026-09-29,pre_dam,2026-10-03T03:16:31.203336+00:00,True,12,0.74,0.005,0.057,0.002,DART > 0,low,64.9,1.93,False,False,False
2026-09-29,pre_dam,2026-10-03T03:16:31.203336+00:00,True,13,0.713,0.01,0.038,0.002,DART > 0,low,64.9,1.93,False,False,False
2026-09-29,pre_dam,2026-10-03T03:16:31.203336+00:00,True,14,0.743,0.009,0.055,0.003,DART > 0,low,64.9,1.93,False,False,False
2026-09-29,pre_dam,2026-10-03T03:16:31.203336+00:00,True,15,0.764,0.01,0.06,0.003,DART > 0,low,64.9,1.93,False,False,False
2026-09-29,pre_dam,2026-10-03T03:16:31.203336+00:00,True,16,0.716,0.025,0.095,0.003,DART > 0,low,64.9,1.93,False,False,False
2026-09-29,pre_dam,2026-10-03T03:16:31.203336+00:00,True,17,0.733,0.055,0.064,0.003,DART > 0,low,64.9,1.93,False,False,False
2026-09-29,pre_dam,2026-10-03T03:16:31.203336+00:00,True,18,0.741,0.297,0.092,0.002,DART > 0,low,64.9,1.93,True,False,False
2026-09-29,pre_dam,2026-10-03T03:16:31.203336+00:00,True,19,0.741,0.198,0.099,0.002,DART > 0,low,64.9,1.93,True,False,False
2026-09-29,pre_dam,2026-10-03T03:16:31.203336+00:00,True,20,0.732,0.196,0.093,0.002,DART > 0,low,64.9,1.93,True,False,False
2026-09-29,pre_dam,2026-10-03T03:16:31.203336+00:00,True,21,0.733,0.007,0.103,0.001,DART > 0,low,64.9,1.93,False,False,False
2026-09-29,pre_dam,2026-10-03T03:16:31.203336+00:00,True,22,0.683,0.004,0.064,0.002,DART > 0,low,64.9,1.93,False,False,False
2026-09-29,pre_dam,2026-10-03T03:16:31.203336+00:00,True,23,0.643,0.005,0.039,0.002,DART > 0,medium,65.1,2.41,False,False,False
2026-09-29,pre_dam,2026-10-03T03:16:31.203336+00:00,True,24,0.692,0.005,0.033,0.001,DART > 0,low,64.9,1.93,False,False,False
2026-09-30,pre_dam,2026-10-03T03:18:21.056012+00:00,True,1,0.736,0.012,0.03,0.001,DART > 0,medium,64.2,2.17,False,False,False
2026-09-30,pre_dam,2026-10-03T03:18:21.056012+00:00,True,2,0.763,0.003,0.028,0.001,DART > 0,medium,64.2,2.17,False,False,False
2026-09-30,pre_dam,2026-10-03T03:18:21.056012+00:00,True,3,0.744,0.004,0.025,0.001,DART > 0,medium,64.2,2.17,False,False,False
2026-09-30,pre_dam,2026-10-03T03:18:21.056012+00:00,True,4,0.731,0.003,0.018,0.001,DART > 0,medium,64.2,2.17,False,False,False
2026-09-30,pre_dam,2026-10-03T03:18:21.056012+00:00,True,5,0.626,0.002,0.02,0.001,DART > 0,low,61.5,0.58,False,False,False
2026-09-30,pre_dam,2026-10-03T03:18:21.056012+00:00,True,6,0.651,0.004,0.031,0.001,DART > 0,medium,64.2,2.17,False,False,False
2026-09-30,pre_dam,2026-10-03T03:18:21.056012+00:00,True,7,0.627,0.005,0.039,0.0,DART > 0,low,61.5,0.58,False,False,False
2026-09-30,pre_dam,2026-10-03T03:18:21.056012+00:00,True,8,0.641,0.006,0.038,0.0,DART > 0,low,61.5,0.58,False,False,False
2026-09-30,pre_dam,2026-10-03T03:18:21.056012+00:00,True,9,0.598,0.004,0.059,0.001,DART > 0,low,61.5,0.58,False,False,False
2026-09-30,pre_dam,2026-10-03T03:18:21.056012+00:00,True,10,0.603,0.004,0.068,0.001,DART > 0,low,61.5,0.58,False,False,False
2026-09-30,pre_dam,2026-10-03T03:18:21.056012+00:00,True,11,0.594,0.004,0.068,0.001,DART > 0,low,61.5,0.58,False,False,False
2026-09-30,pre_dam,2026-10-03T03:18:21.056012+00:00,True,12,0.561,0.004,0.054,0.001,DART > 0,low,61.5,0.58,False,False,False
2026-09-30,pre_dam,2026-10-03T03:18:21.056012+00:00,True,13,0.586,0.008,0.102,0.001,DART > 0,low,61.5,0.58,False,False,False
2026-09-30,pre_dam,2026-10-03T03:18:21.056012+00:00,True,14,0.699,0.008,0.088,0.001,DART > 0,medium,64.2,2.17,False,False,False
2026-09-30,pre_dam,2026-10-03T03:18:21.056012+00:00,True,15,0.723,0.014,0.069,0.001,DART > 0,medium,64.2,2.17,False,False,False
2026-09-30,pre_dam,2026-10-03T03:18:21.056012+00:00,True,16,0.663,0.022,0.109,0.001,DART > 0,medium,64.2,2.17,False,False,False
2026-09-30,pre_dam,2026-10-03T03:18:21.056012+00:00,True,17,0.732,0.275,0.08,0.001,DART > 0,medium,64.2,2.17,True,False,False
2026-09-30,pre_dam,2026-10-03T03:18:21.056012+00:00,True,18,0.816,0.358,0.142,0.002,DART > 0,high,70.5,6.65,True,False,False
2026-09-30,pre_dam,2026-10-03T03:18:21.056012+00:00,True,19,0.844,0.327,0.136,0.001,DART > 0,high,70.5,6.65,True,False,False
2026-09-30,pre_dam,2026-10-03T03:18:21.056012+00:00,True,20,0.755,0.223,0.105,0.001,DART > 0,medium,64.2,2.17,True,False,False
2026-09-30,pre_dam,2026-10-03T03:18:21.056012+00:00,True,21,0.7,0.011,0.127,0.001,DART > 0,medium,64.2,2.17,False,False,False
2026-09-30,pre_dam,2026-10-03T03:18:21.056012+00:00,True,22,0.571,0.006,0.037,0.001,DART > 0,low,61.5,0.58,False,False,False
2026-09-30,pre_dam,2026-10-03T03:18:21.056012+00:00,True,23,0.569,0.006,0.034,0.001,DART > 0,low,61.5,0.58,False,False,False
2026-09-30,pre_dam,2026-10-03T03:18:21.056012+00:00,True,24,0.692,0.011,0.022,0.001,DART > 0,medium,64.2,2.17,False,False,False
2026-10-01,pre_dam,2026-10-03T03:20:02.888127+00:00,True,1,0.685,0.005,0.056,0.003,DART > 0,low,64.8,1.1,False,False,False
2026-10-01,pre_dam,2026-10-03T03:20:02.888127+00:00,True,2,0.683,0.013,0.056,0.002,DART > 0,low,64.8,1.1,False,False,False
2026-10-01,pre_dam,2026-10-03T03:20:02.888127+00:00,True,3,0.684,0.014,0.051,0.002,DART > 0,low,64.8,1.1,False,False,False
2026-10-01,pre_dam,2026-10-03T03:20:02.888127+00:00,True,4,0.695,0.022,0.055,0.002,DART > 0,low,64.8,1.1,False,False,False
2026-10-01,pre_dam,2026-10-03T03:20:02.888127+00:00,True,5,0.669,0.011,0.066,0.002,DART > 0,low,64.8,1.1,False,False,False
2026-10-01,pre_dam,2026-10-03T03:20:02.888127+00:00,True,6,0.594,0.01,0.073,0.002,DART > 0,low,60.5,1.87,False,False,False
2026-10-01,pre_dam,2026-10-03T03:20:02.888127+00:00,True,7,0.501,0.009,0.173,0.003,DART > 0,low,60.5,1.87,False,True,False
2026-10-01,pre_dam,2026-10-03T03:20:02.888127+00:00,True,8,0.447,0.009,0.203,0.002,DART < 0,low,36.4,3.39,False,True,False
2026-10-01,pre_dam,2026-10-03T03:20:02.888127+00:00,True,9,0.474,0.009,0.258,0.003,DART < 0,low,36.4,3.39,False,True,False
2026-10-01,pre_dam,2026-10-03T03:20:02.888127+00:00,True,10,0.58,0.005,0.245,0.003,DART > 0,low,60.5,1.87,False,True,False
2026-10-01,pre_dam,2026-10-03T03:20:02.888127+00:00,True,11,0.549,0.007,0.246,0.002,DART > 0,low,60.5,1.87,False,True,False
2026-10-01,pre_dam,2026-10-03T03:20:02.888127+00:00,True,12,0.536,0.009,0.234,0.004,DART > 0,low,60.5,1.87,False,True,False
2026-10-01,pre_dam,2026-10-03T03:20:02.888127+00:00,True,13,0.535,0.018,0.226,0.003,DART > 0,low,60.5,1.87,False,True,False
2026-10-01,pre_dam,2026-10-03T03:20:02.888127+00:00,True,14,0.583,0.008,0.178,0.002,DART > 0,low,60.5,1.87,False,True,False
2026-10-01,pre_dam,2026-10-03T03:20:02.888127+00:00,True,15,0.529,0.017,0.188,0.003,DART > 0,low,60.5,1.87,False,True,False
2026-10-01,pre_dam,2026-10-03T03:20:02.888127+00:00,True,16,0.46,0.049,0.212,0.003,DART < 0,low,36.4,3.39,False,True,False
2026-10-01,pre_dam,2026-10-03T03:20:02.888127+00:00,True,17,0.647,0.229,0.26,0.003,DART > 0,low,60.5,1.87,True,True,False
2026-10-01,pre_dam,2026-10-03T03:20:02.888127+00:00,True,18,0.635,0.185,0.184,0.003,DART > 0,low,60.5,1.87,True,True,False
2026-10-01,pre_dam,2026-10-03T03:20:02.888127+00:00,True,19,0.76,0.283,0.167,0.004,DART > 0,low,64.8,1.1,True,True,False
2026-10-01,pre_dam,2026-10-03T03:20:02.888127+00:00,True,20,0.7,0.194,0.147,0.002,DART > 0,low,64.8,1.1,True,False,False
2026-10-01,pre_dam,2026-10-03T03:20:02.888127+00:00,True,21,0.661,0.076,0.162,0.002,DART > 0,low,64.8,1.1,False,True,False
2026-10-01,pre_dam,2026-10-03T03:20:02.888127+00:00,True,22,0.52,0.007,0.172,0.003,DART > 0,low,60.5,1.87,False,True,False
2026-10-01,pre_dam,2026-10-03T03:20:02.888127+00:00,True,23,0.671,0.015,0.066,0.003,DART > 0,low,64.8,1.1,False,False,False
2026-10-01,pre_dam,2026-10-03T03:20:02.888127+00:00,True,24,0.747,0.012,0.068,0.002,DART > 0,low,64.8,1.1,False,False,False
2026-10-02,pre_dam,2026-10-03T03:22:02.832606+00:00,True,1,0.693,0.013,0.07,0.001,DART > 0,medium,65.4,2.47,False,False,False
2026-10-02,pre_dam,2026-10-03T03:22:02.832606+00:00,True,2,0.671,0.005,0.04,0.002,DART > 0,medium,65.4,2.47,False,False,False
2026-10-02,pre_dam,2026-10-03T03:22:02.832606+00:00,True,3,0.695,0.008,0.041,0.002,DART > 0,medium,65.4,2.47,False,False,False
2026-10-02,pre_dam,2026-10-03T03:22:02.832606+00:00,True,4,0.673,0.006,0.027,0.0,DART > 0,medium,65.4,2.47,False,False,False
2026-10-02,pre_dam,2026-10-03T03:22:02.832606+00:00,True,5,0.697,0.014,0.039,0.0,DART > 0,medium,65.4,2.47,False,False,False
2026-10-02,pre_dam,2026-10-03T03:22:02.832606+00:00,True,6,0.672,0.01,0.091,0.0,DART > 0,medium,65.4,2.47,False,False,False
2026-10-02,pre_dam,2026-10-03T03:22:02.832606+00:00,True,7,0.615,0.008,0.121,0.0,DART > 0,low,60.7,0.32,False,False,False
2026-10-02,pre_dam,2026-10-03T03:22:02.832606+00:00,True,8,0.549,0.014,0.184,0.001,DART > 0,low,60.7,0.32,False,True,False
2026-10-02,pre_dam,2026-10-03T03:22:02.832606+00:00,True,9,0.519,0.015,0.167,0.001,DART > 0,low,60.7,0.32,False,True,False
2026-10-02,pre_dam,2026-10-03T03:22:02.832606+00:00,True,10,0.498,0.021,0.175,0.001,DART < 0,low,19.0,3.89,False,True,False
2026-10-02,pre_dam,2026-10-03T03:22:02.832606+00:00,True,11,0.649,0.02,0.196,0.001,DART > 0,low,60.7,0.32,False,True,False
2026-10-02,pre_dam,2026-10-03T03:22:02.832606+00:00,True,12,0.601,0.019,0.078,0.001,DART > 0,low,60.7,0.32,False,False,False
2026-10-02,pre_dam,2026-10-03T03:22:02.832606+00:00,True,13,0.634,0.043,0.049,0.002,DART > 0,low,60.7,0.32,False,False,False
2026-10-02,pre_dam,2026-10-03T03:22:02.832606+00:00,True,14,0.711,0.038,0.051,0.002,DART > 0,medium,65.4,2.47,False,False,False
2026-10-02,pre_dam,2026-10-03T03:22:02.832606+00:00,True,15,0.78,0.037,0.05,0.002,DART > 0,medium,65.4,2.47,False,False,False
2026-10-02,pre_dam,2026-10-03T03:22:02.832606+00:00,True,16,0.666,0.024,0.196,0.001,DART > 0,medium,65.4,2.47,False,True,False
2026-10-02,pre_dam,2026-10-03T03:22:02.832606+00:00,True,17,0.62,0.022,0.239,0.002,DART > 0,low,60.7,0.32,False,True,False
2026-10-02,pre_dam,2026-10-03T03:22:02.832606+00:00,True,18,0.678,0.021,0.259,0.001,DART > 0,medium,65.4,2.47,False,True,False
2026-10-02,pre_dam,2026-10-03T03:22:02.832606+00:00,True,19,0.641,0.041,0.234,0.001,DART > 0,low,60.7,0.32,False,True,False
2026-10-02,pre_dam,2026-10-03T03:22:02.832606+00:00,True,20,0.623,0.095,0.159,0.001,DART > 0,low,60.7,0.32,True,True,False
2026-10-02,pre_dam,2026-10-03T03:22:02.832606+00:00,True,21,0.722,0.013,0.132,0.001,DART > 0,medium,65.4,2.47,False,False,False
2026-10-02,pre_dam,2026-10-03T03:22:02.832606+00:00,True,22,0.689,0.013,0.077,0.001,DART > 0,medium,65.4,2.47,False,False,False
2026-10-02,pre_dam,2026-10-03T03:22:02.832606+00:00,True,23,0.742,0.016,0.07,0.001,DART > 0,medium,65.4,2.47,False,False,False
2026-10-02,pre_dam,2026-10-03T03:22:02.832606+00:00,True,24,0.743,0.009,0.119,0.001,DART > 0,medium,65.4,2.47,False,False,False
2026-10-03,pre_dam,2026-10-03T03:24:07.069292+00:00,True,1,0.376,0.002,0.044,0.001,DART < 0,low,50.0,0.57,False,False,False
2026-10-03,pre_dam,2026-10-03T03:24:07.069292+00:00,True,2,0.402,0.002,0.043,0.0,DART < 0,low,50.0,0.57,False,False,False
2026-10-03,pre_dam,2026-10-03T03:24:07.069292+00:00,True,3,0.377,0.001,0.037,0.0,DART < 0,low,50.0,0.57,False,False,False
2026-10-03,pre_dam,2026-10-03T03:24:07.069292+00:00,True,4,0.381,0.002,0.03,0.001,DART < 0,low,50.0,0.57,False,False,False
2026-10-03,pre_dam,2026-10-03T03:24:07.069292+00:00,True,5,0.357,0.002,0.036,0.001,DART < 0,low,50.0,0.57,False,False,False
2026-10-03,pre_dam,2026-10-03T03:24:07.069292+00:00,True,6,0.401,0.005,0.043,0.001,DART < 0,low,50.0,0.57,False,False,False
2026-10-03,pre_dam,2026-10-03T03:24:07.069292+00:00,True,7,0.531,0.008,0.045,0.001,DART > 0,low,63.0,1.39,False,False,False
2026-10-03,pre_dam,2026-10-03T03:24:07.069292+00:00,True,8,0.455,0.007,0.068,0.001,DART < 0,low,50.0,0.57,False,False,False
2026-10-03,pre_dam,2026-10-03T03:24:07.069292+00:00,True,9,0.403,0.006,0.053,0.001,DART < 0,low,50.0,0.57,False,False,False
2026-10-03,pre_dam,2026-10-03T03:24:07.069292+00:00,True,10,0.419,0.006,0.078,0.001,DART < 0,low,50.0,0.57,False,False,False
2026-10-03,pre_dam,2026-10-03T03:24:07.069292+00:00,True,11,0.411,0.007,0.054,0.001,DART < 0,low,50.0,0.57,False,False,False
2026-10-03,pre_dam,2026-10-03T03:24:07.069292+00:00,True,12,0.421,0.013,0.039,0.001,DART < 0,low,50.0,0.57,False,False,False
2026-10-03,pre_dam,2026-10-03T03:24:07.069292+00:00,True,13,0.431,0.008,0.031,0.001,DART < 0,low,50.0,0.57,False,False,False
2026-10-03,pre_dam,2026-10-03T03:24:07.069292+00:00,True,14,0.467,0.013,0.029,0.0,DART < 0,low,50.0,0.57,False,False,False
2026-10-03,pre_dam,2026-10-03T03:24:07.069292+00:00,True,15,0.482,0.009,0.04,0.001,DART < 0,low,50.0,0.57,False,False,False
2026-10-03,pre_dam,2026-10-03T03:24:07.069292+00:00,True,16,0.41,0.007,0.046,0.001,DART < 0,low,50.0,0.57,False,False,False
2026-10-03,pre_dam,2026-10-03T03:24:07.069292+00:00,True,17,0.466,0.007,0.154,0.001,DART < 0,low,50.0,0.57,False,False,False
2026-10-03,pre_dam,2026-10-03T03:24:07.069292+00:00,True,18,0.558,0.025,0.245,0.001,DART > 0,low,63.0,1.39,False,True,False
2026-10-03,pre_dam,2026-10-03T03:24:07.069292+00:00,True,19,0.683,0.064,0.192,0.001,DART > 0,low,64.5,1.76,False,True,False
2026-10-03,pre_dam,2026-10-03T03:24:07.069292+00:00,True,20,0.564,0.007,0.108,0.001,DART > 0,low,63.0,1.39,False,False,False
2026-10-03,pre_dam,2026-10-03T03:24:07.069292+00:00,True,21,0.433,0.005,0.038,0.001,DART < 0,low,50.0,0.57,False,False,False
2026-10-03,pre_dam,2026-10-03T03:24:07.069292+00:00,True,22,0.419,0.005,0.041,0.001,DART < 0,low,50.0,0.57,False,False,False
2026-10-03,pre_dam,2026-10-03T03:24:07.069292+00:00,True,23,0.396,0.006,0.04,0.001,DART < 0,low,50.0,0.57,False,False,False
2026-10-03,pre_dam,2026-10-03T03:24:07.069292+00:00,True,24,0.48,0.004,0.046,0.001,DART < 0,low,50.0,0.57,False,False,False
