target_date,generated_at,analog_date,analog_date_2,hour,predicted_lmp,analog_lmp,analog_lmp_2,band_err
2026-07-10,2026-07-09T15:54:23.521498+00:00,2026-07-07,,1,-12.41,-0.65,,30.69
2026-07-10,2026-07-09T15:54:23.521498+00:00,2026-07-07,,2,-3.91,-2.51,,9.16
2026-07-10,2026-07-09T15:54:23.521498+00:00,2026-07-07,,3,2.94,-1.59,,10.12
2026-07-10,2026-07-09T15:54:23.521498+00:00,2026-07-07,,4,2.41,-4.35,,9.03
2026-07-10,2026-07-09T15:54:23.521498+00:00,2026-07-07,,5,0.51,-6.02,,12.3
2026-07-10,2026-07-09T15:54:23.521498+00:00,2026-07-07,,6,1.85,-14.05,,12.88
2026-07-10,2026-07-09T15:54:23.521498+00:00,2026-07-07,,7,-9.06,-10.55,,14.87
2026-07-10,2026-07-09T15:54:23.521498+00:00,2026-07-07,,8,-27.41,-3.67,,15.33
2026-07-10,2026-07-09T15:54:23.521498+00:00,2026-07-07,,9,6.51,-0.13,,17.89
2026-07-10,2026-07-09T15:54:23.521498+00:00,2026-07-07,,10,23.58,-12.09,,20.61
2026-07-10,2026-07-09T15:54:23.521498+00:00,2026-07-07,,11,12.97,-4.24,,35.21
2026-07-10,2026-07-09T15:54:23.521498+00:00,2026-07-07,,12,20.06,2.08,,35.36
2026-07-10,2026-07-09T15:54:23.521498+00:00,2026-07-07,,13,10.88,20.46,,57.82
2026-07-10,2026-07-09T15:54:23.521498+00:00,2026-07-07,,14,5.19,10.53,,42.68
2026-07-10,2026-07-09T15:54:23.521498+00:00,2026-07-07,,15,13.93,24.58,,48.99
2026-07-10,2026-07-09T15:54:23.521498+00:00,2026-07-07,,16,-3.11,25.15,,72.92
2026-07-10,2026-07-09T15:54:23.521498+00:00,2026-07-07,,17,72.9,25.55,,97.78
2026-07-10,2026-07-09T15:54:23.521498+00:00,2026-07-07,,18,83.51,6.47,,122.81
2026-07-10,2026-07-09T15:54:23.521498+00:00,2026-07-07,,19,83.41,45.28,,66.62
2026-07-10,2026-07-09T15:54:23.521498+00:00,2026-07-07,,20,49.1,-11.36,,68.73
2026-07-10,2026-07-09T15:54:23.521498+00:00,2026-07-07,,21,16.03,17.86,,49.84
2026-07-10,2026-07-09T15:54:23.521498+00:00,2026-07-07,,22,-5.42,-25.8,,37.9
2026-07-10,2026-07-09T15:54:23.521498+00:00,2026-07-07,,23,10.6,-9.85,,23.48
2026-07-10,2026-07-09T15:54:23.521498+00:00,2026-07-07,,24,15.72,3.97,,13.58
2026-07-11,2026-07-10T13:51:47.874327+00:00,2026-07-05,,1,5.01,-6.59,,31.5
2026-07-11,2026-07-10T13:51:47.874327+00:00,2026-07-05,,2,5.17,-1.54,,9.16
2026-07-11,2026-07-10T13:51:47.874327+00:00,2026-07-05,,3,4.94,-0.61,,8.77
2026-07-11,2026-07-10T13:51:47.874327+00:00,2026-07-05,,4,2.32,-5.67,,8.58
2026-07-11,2026-07-10T13:51:47.874327+00:00,2026-07-05,,5,1.0,-4.18,,9.71
2026-07-11,2026-07-10T13:51:47.874327+00:00,2026-07-05,,6,1.95,-2.66,,13.19
2026-07-11,2026-07-10T13:51:47.874327+00:00,2026-07-05,,7,-3.39,4.69,,15.27
2026-07-11,2026-07-10T13:51:47.874327+00:00,2026-07-05,,8,8.14,0.93,,16.11
2026-07-11,2026-07-10T13:51:47.874327+00:00,2026-07-05,,9,-5.92,4.62,,14.7
2026-07-11,2026-07-10T13:51:47.874327+00:00,2026-07-05,,10,-26.28,0.17,,16.73
2026-07-11,2026-07-10T13:51:47.874327+00:00,2026-07-05,,11,-12.26,-51.34,,32.97
2026-07-11,2026-07-10T13:51:47.874327+00:00,2026-07-05,,12,-3.3,-78.6,,37.74
2026-07-11,2026-07-10T13:51:47.874327+00:00,2026-07-05,,13,-7.69,-33.48,,54.87
2026-07-11,2026-07-10T13:51:47.874327+00:00,2026-07-05,,14,-9.92,-23.6,,43.9
2026-07-11,2026-07-10T13:51:47.874327+00:00,2026-07-05,,15,10.21,-7.27,,60.16
2026-07-11,2026-07-10T13:51:47.874327+00:00,2026-07-05,,16,0.05,22.32,,73.75
2026-07-11,2026-07-10T13:51:47.874327+00:00,2026-07-05,,17,-13.68,26.86,,103.43
2026-07-11,2026-07-10T13:51:47.874327+00:00,2026-07-05,,18,4.97,48.05,,123.09
2026-07-11,2026-07-10T13:51:47.874327+00:00,2026-07-05,,19,58.65,50.76,,76.3
2026-07-11,2026-07-10T13:51:47.874327+00:00,2026-07-05,,20,45.78,43.05,,69.31
2026-07-11,2026-07-10T13:51:47.874327+00:00,2026-07-05,,21,9.4,16.5,,51.82
2026-07-11,2026-07-10T13:51:47.874327+00:00,2026-07-05,,22,11.72,10.97,,31.2
2026-07-11,2026-07-10T13:51:47.874327+00:00,2026-07-05,,23,17.82,12.53,,22.85
2026-07-11,2026-07-10T13:51:47.874327+00:00,2026-07-05,,24,29.25,14.13,,14.95
2026-07-12,2026-07-11T13:23:33.530611+00:00,2026-07-11,,1,-1.42,0.59,,28.88
2026-07-12,2026-07-11T13:23:33.530611+00:00,2026-07-11,,2,-3.6,-11.42,,7.85
2026-07-12,2026-07-11T13:23:33.530611+00:00,2026-07-11,,3,2.89,-8.59,,8.71
2026-07-12,2026-07-11T13:23:33.530611+00:00,2026-07-11,,4,0.39,-12.29,,8.59
2026-07-12,2026-07-11T13:23:33.530611+00:00,2026-07-11,,5,-0.2,-6.52,,10.32
2026-07-12,2026-07-11T13:23:33.530611+00:00,2026-07-11,,6,-0.1,-0.42,,11.47
2026-07-12,2026-07-11T13:23:33.530611+00:00,2026-07-11,,7,11.75,,,12.06
2026-07-12,2026-07-11T13:23:33.530611+00:00,2026-07-11,,8,12.18,,,13.49
2026-07-12,2026-07-11T13:23:33.530611+00:00,2026-07-11,,9,15.14,,,17.57
2026-07-12,2026-07-11T13:23:33.530611+00:00,2026-07-11,,10,14.29,,,23.42
2026-07-12,2026-07-11T13:23:33.530611+00:00,2026-07-11,,11,17.74,,,35.29
2026-07-12,2026-07-11T13:23:33.530611+00:00,2026-07-11,,12,18.35,,,40.44
2026-07-12,2026-07-11T13:23:33.530611+00:00,2026-07-11,,13,13.32,,,66.22
2026-07-12,2026-07-11T13:23:33.530611+00:00,2026-07-11,,14,34.75,,,43.5
2026-07-12,2026-07-11T13:23:33.530611+00:00,2026-07-11,,15,8.65,,,54.44
2026-07-12,2026-07-11T13:23:33.530611+00:00,2026-07-11,,16,32.04,,,72.39
2026-07-12,2026-07-11T13:23:33.530611+00:00,2026-07-11,,17,7.49,,,102.28
2026-07-12,2026-07-11T13:23:33.530611+00:00,2026-07-11,,18,-20.37,,,123.37
2026-07-12,2026-07-11T13:23:33.530611+00:00,2026-07-11,,19,-2.93,,,72.0
2026-07-12,2026-07-11T13:23:33.530611+00:00,2026-07-11,,20,7.75,,,70.41
2026-07-12,2026-07-11T13:23:33.530611+00:00,2026-07-11,,21,3.17,,,51.8
2026-07-12,2026-07-11T13:23:33.530611+00:00,2026-07-11,,22,10.06,,,33.9
2026-07-12,2026-07-11T13:23:33.530611+00:00,2026-07-11,,23,20.15,,,18.55
2026-07-12,2026-07-11T13:23:33.530611+00:00,2026-07-11,,24,16.2,,,14.3
2026-07-13,2026-07-12T13:43:41.381492+00:00,2026-07-08,,1,0.94,-258.75,,30.62
2026-07-13,2026-07-12T13:43:41.381492+00:00,2026-07-08,,2,-1.08,-3.09,,8.0
2026-07-13,2026-07-12T13:43:41.381492+00:00,2026-07-08,,3,2.19,-0.77,,7.8
2026-07-13,2026-07-12T13:43:41.381492+00:00,2026-07-08,,4,3.15,-5.46,,9.58
2026-07-13,2026-07-12T13:43:41.381492+00:00,2026-07-08,,5,2.1,-2.87,,11.06
2026-07-13,2026-07-12T13:43:41.381492+00:00,2026-07-08,,6,-0.16,5.66,,12.29
2026-07-13,2026-07-12T13:43:41.381492+00:00,2026-07-08,,7,-6.2,0.96,,13.07
2026-07-13,2026-07-12T13:43:41.381492+00:00,2026-07-08,,8,9.77,-1.14,,14.1
2026-07-13,2026-07-12T13:43:41.381492+00:00,2026-07-08,,9,20.14,3.32,,17.27
2026-07-13,2026-07-12T13:43:41.381492+00:00,2026-07-08,,10,36.88,3.61,,21.94
2026-07-13,2026-07-12T13:43:41.381492+00:00,2026-07-08,,11,19.41,10.31,,42.77
2026-07-13,2026-07-12T13:43:41.381492+00:00,2026-07-08,,12,27.89,9.97,,47.18
2026-07-13,2026-07-12T13:43:41.381492+00:00,2026-07-08,,13,18.8,24.67,,65.01
2026-07-13,2026-07-12T13:43:41.381492+00:00,2026-07-08,,14,14.44,23.34,,45.51
2026-07-13,2026-07-12T13:43:41.381492+00:00,2026-07-08,,15,39.5,16.03,,61.79
2026-07-13,2026-07-12T13:43:41.381492+00:00,2026-07-08,,16,165.37,54.02,,85.09
2026-07-13,2026-07-12T13:43:41.381492+00:00,2026-07-08,,17,83.75,67.16,,108.71
2026-07-13,2026-07-12T13:43:41.381492+00:00,2026-07-08,,18,57.34,80.43,,126.98
2026-07-13,2026-07-12T13:43:41.381492+00:00,2026-07-08,,19,89.68,83.16,,90.75
2026-07-13,2026-07-12T13:43:41.381492+00:00,2026-07-08,,20,125.85,43.09,,76.74
2026-07-13,2026-07-12T13:43:41.381492+00:00,2026-07-08,,21,84.52,6.93,,52.96
2026-07-13,2026-07-12T13:43:41.381492+00:00,2026-07-08,,22,19.74,-16.25,,25.05
2026-07-13,2026-07-12T13:43:41.381492+00:00,2026-07-08,,23,10.97,-36.62,,18.96
2026-07-13,2026-07-12T13:43:41.381492+00:00,2026-07-08,,24,7.35,-15.04,,13.52
2026-07-14,2026-07-13T13:40:24.725547+00:00,2026-07-02,,1,-48.32,6.6,,30.39
2026-07-14,2026-07-13T13:40:24.725547+00:00,2026-07-02,,2,-20.56,14.96,,8.11
2026-07-14,2026-07-13T13:40:24.725547+00:00,2026-07-02,,3,-24.25,20.64,,8.03
2026-07-14,2026-07-13T13:40:24.725547+00:00,2026-07-02,,4,-17.23,23.28,,8.22
2026-07-14,2026-07-13T13:40:24.725547+00:00,2026-07-02,,5,-18.58,26.65,,11.24
2026-07-14,2026-07-13T13:40:24.725547+00:00,2026-07-02,,6,-37.13,43.44,,12.13
2026-07-14,2026-07-13T13:40:24.725547+00:00,2026-07-02,,7,-82.49,43.1,,13.99
2026-07-14,2026-07-13T13:40:24.725547+00:00,2026-07-02,,8,-37.05,18.96,,16.19
2026-07-14,2026-07-13T13:40:24.725547+00:00,2026-07-02,,9,-16.25,91.63,,18.15
2026-07-14,2026-07-13T13:40:24.725547+00:00,2026-07-02,,10,35.71,142.03,,25.24
2026-07-14,2026-07-13T13:40:24.725547+00:00,2026-07-02,,11,101.94,164.9,,39.62
2026-07-14,2026-07-13T13:40:24.725547+00:00,2026-07-02,,12,-38.91,93.97,,42.53
2026-07-14,2026-07-13T13:40:24.725547+00:00,2026-07-02,,13,75.83,211.28,,64.22
2026-07-14,2026-07-13T13:40:24.725547+00:00,2026-07-02,,14,144.12,181.56,,47.73
2026-07-14,2026-07-13T13:40:24.725547+00:00,2026-07-02,,15,174.37,97.87,,62.08
2026-07-14,2026-07-13T13:40:24.725547+00:00,2026-07-02,,16,169.89,46.06,,80.09
2026-07-14,2026-07-13T13:40:24.725547+00:00,2026-07-02,,17,164.96,-5.18,,101.07
2026-07-14,2026-07-13T13:40:24.725547+00:00,2026-07-02,,18,143.29,40.97,,119.24
2026-07-14,2026-07-13T13:40:24.725547+00:00,2026-07-02,,19,61.66,81.91,,78.71
2026-07-14,2026-07-13T13:40:24.725547+00:00,2026-07-02,,20,-62.86,152.21,,67.32
2026-07-14,2026-07-13T13:40:24.725547+00:00,2026-07-02,,21,-81.25,204.07,,54.38
2026-07-14,2026-07-13T13:40:24.725547+00:00,2026-07-02,,22,-14.97,240.59,,28.69
2026-07-14,2026-07-13T13:40:24.725547+00:00,2026-07-02,,23,-34.91,-31.08,,19.81
2026-07-14,2026-07-13T13:40:24.725547+00:00,2026-07-02,,24,-37.38,-62.9,,15.25
2026-07-16,2026-07-15T13:34:15.955963+00:00,2026-07-15,,1,-4.03,1.89,,29.97
2026-07-16,2026-07-15T13:34:15.955963+00:00,2026-07-15,,2,-4.64,0.24,,7.57
2026-07-16,2026-07-15T13:34:15.955963+00:00,2026-07-15,,3,-4.89,-24.87,,8.43
2026-07-16,2026-07-15T13:34:15.955963+00:00,2026-07-15,,4,-13.73,-22.23,,8.33
2026-07-16,2026-07-15T13:34:15.955963+00:00,2026-07-15,,5,-15.31,-16.68,,9.51
2026-07-16,2026-07-15T13:34:15.955963+00:00,2026-07-15,,6,-19.01,-18.31,,11.59
2026-07-16,2026-07-15T13:34:15.955963+00:00,2026-07-15,,7,1.46,45.7,,17.03
2026-07-16,2026-07-15T13:34:15.955963+00:00,2026-07-15,,8,36.26,,,14.98
2026-07-16,2026-07-15T13:34:15.955963+00:00,2026-07-15,,9,9.67,,,17.45
2026-07-16,2026-07-15T13:34:15.955963+00:00,2026-07-15,,10,44.24,,,30.82
2026-07-16,2026-07-15T13:34:15.955963+00:00,2026-07-15,,11,56.73,,,37.6
2026-07-16,2026-07-15T13:34:15.955963+00:00,2026-07-15,,12,56.01,,,47.05
2026-07-16,2026-07-15T13:34:15.955963+00:00,2026-07-15,,13,-5.26,,,59.1
2026-07-16,2026-07-15T13:34:15.955963+00:00,2026-07-15,,14,-24.58,,,52.78
2026-07-16,2026-07-15T13:34:15.955963+00:00,2026-07-15,,15,-1.24,,,67.15
2026-07-16,2026-07-15T13:34:15.955963+00:00,2026-07-15,,16,1.94,,,85.55
2026-07-16,2026-07-15T13:34:15.955963+00:00,2026-07-15,,17,29.98,,,107.48
2026-07-16,2026-07-15T13:34:15.955963+00:00,2026-07-15,,18,20.28,,,149.55
2026-07-16,2026-07-15T13:34:15.955963+00:00,2026-07-15,,19,22.95,,,98.95
2026-07-16,2026-07-15T13:34:15.955963+00:00,2026-07-15,,20,44.76,,,96.6
2026-07-16,2026-07-15T13:34:15.955963+00:00,2026-07-15,,21,8.94,,,70.41
2026-07-16,2026-07-15T13:34:15.955963+00:00,2026-07-15,,22,4.74,,,34.26
2026-07-16,2026-07-15T13:34:15.955963+00:00,2026-07-15,,23,13.77,,,26.25
2026-07-16,2026-07-15T13:34:15.955963+00:00,2026-07-15,,24,-16.06,,,15.79
2026-07-18,2026-07-17T13:06:39.610979+00:00,2026-07-11,,1,17.95,0.59,,32.88
2026-07-18,2026-07-17T13:06:39.610979+00:00,2026-07-11,,2,24.4,-11.42,,6.55
2026-07-18,2026-07-17T13:06:39.610979+00:00,2026-07-11,,3,24.35,-8.59,,9.51
2026-07-18,2026-07-17T13:06:39.610979+00:00,2026-07-11,,4,30.34,-12.29,,8.43
2026-07-18,2026-07-17T13:06:39.610979+00:00,2026-07-11,,5,29.62,-6.52,,10.43
2026-07-18,2026-07-17T13:06:39.610979+00:00,2026-07-11,,6,29.62,-0.63,,13.14
2026-07-18,2026-07-17T13:06:39.610979+00:00,2026-07-11,,7,17.58,0.89,,15.48
2026-07-18,2026-07-17T13:06:39.610979+00:00,2026-07-11,,8,-7.81,-20.81,,15.52
2026-07-18,2026-07-17T13:06:39.610979+00:00,2026-07-11,,9,-1.8,-26.96,,19.41
2026-07-18,2026-07-17T13:06:39.610979+00:00,2026-07-11,,10,-6.06,-59.0,,39.73
2026-07-18,2026-07-17T13:06:39.610979+00:00,2026-07-11,,11,9.15,-24.26,,46.09
2026-07-18,2026-07-17T13:06:39.610979+00:00,2026-07-11,,12,7.43,-21.07,,49.05
2026-07-18,2026-07-17T13:06:39.610979+00:00,2026-07-11,,13,-10.22,-10.95,,69.14
2026-07-18,2026-07-17T13:06:39.610979+00:00,2026-07-11,,14,5.01,8.34,,55.71
2026-07-18,2026-07-17T13:06:39.610979+00:00,2026-07-11,,15,13.4,-5.74,,76.54
2026-07-18,2026-07-17T13:06:39.610979+00:00,2026-07-11,,16,-5.18,20.3,,103.56
2026-07-18,2026-07-17T13:06:39.610979+00:00,2026-07-11,,17,-1.11,29.88,,121.06
2026-07-18,2026-07-17T13:06:39.610979+00:00,2026-07-11,,18,-5.14,18.66,,148.33
2026-07-18,2026-07-17T13:06:39.610979+00:00,2026-07-11,,19,-20.64,32.22,,111.11
2026-07-18,2026-07-17T13:06:39.610979+00:00,2026-07-11,,20,-1.43,25.82,,113.72
2026-07-18,2026-07-17T13:06:39.610979+00:00,2026-07-11,,21,-25.57,35.94,,74.89
2026-07-18,2026-07-17T13:06:39.610979+00:00,2026-07-11,,22,-28.95,19.59,,39.7
2026-07-18,2026-07-17T13:06:39.610979+00:00,2026-07-11,,23,-25.73,0.4,,32.51
2026-07-18,2026-07-17T13:06:39.610979+00:00,2026-07-11,,24,-43.77,-2.05,,18.93
2026-07-20,2026-07-19T13:04:30.209297+00:00,2026-07-06,,1,-4.99,15.1,,34.04
2026-07-20,2026-07-19T13:04:30.209297+00:00,2026-07-06,,2,1.07,10.52,,10.09
2026-07-20,2026-07-19T13:04:30.209297+00:00,2026-07-06,,3,3.22,13.89,,11.44
2026-07-20,2026-07-19T13:04:30.209297+00:00,2026-07-06,,4,3.49,26.11,,8.57
2026-07-20,2026-07-19T13:04:30.209297+00:00,2026-07-06,,5,2.2,28.22,,15.62
2026-07-20,2026-07-19T13:04:30.209297+00:00,2026-07-06,,6,2.2,15.72,,17.33
2026-07-20,2026-07-19T13:04:30.209297+00:00,2026-07-06,,7,-0.77,0.94,,23.2
2026-07-20,2026-07-19T13:04:30.209297+00:00,2026-07-06,,8,7.61,-1.06,,21.7
2026-07-20,2026-07-19T13:04:30.209297+00:00,2026-07-06,,9,2.94,-6.65,,31.3
2026-07-20,2026-07-19T13:04:30.209297+00:00,2026-07-06,,10,8.07,-16.47,,44.79
2026-07-20,2026-07-19T13:04:30.209297+00:00,2026-07-06,,11,8.43,-13.1,,52.24
2026-07-20,2026-07-19T13:04:30.209297+00:00,2026-07-06,,12,6.7,-39.99,,62.31
2026-07-20,2026-07-19T13:04:30.209297+00:00,2026-07-06,,13,1.86,-30.71,,82.63
2026-07-20,2026-07-19T13:04:30.209297+00:00,2026-07-06,,14,10.0,-31.39,,65.27
2026-07-20,2026-07-19T13:04:30.209297+00:00,2026-07-06,,15,-7.12,-29.3,,91.36
2026-07-20,2026-07-19T13:04:30.209297+00:00,2026-07-06,,16,12.78,12.02,,108.11
2026-07-20,2026-07-19T13:04:30.209297+00:00,2026-07-06,,17,40.6,-631.31,,134.05
2026-07-20,2026-07-19T13:04:30.209297+00:00,2026-07-06,,18,28.88,-71.18,,166.92
2026-07-20,2026-07-19T13:04:30.209297+00:00,2026-07-06,,19,34.56,12.34,,116.65
2026-07-20,2026-07-19T13:04:30.209297+00:00,2026-07-06,,20,15.52,21.19,,110.19
2026-07-20,2026-07-19T13:04:30.209297+00:00,2026-07-06,,21,1.66,2.6,,81.28
2026-07-20,2026-07-19T13:04:30.209297+00:00,2026-07-06,,22,24.96,-28.12,,39.82
2026-07-20,2026-07-19T13:04:30.209297+00:00,2026-07-06,,23,23.24,-16.93,,30.12
2026-07-20,2026-07-19T13:04:30.209297+00:00,2026-07-06,,24,23.48,10.11,,18.37
2026-07-21,2026-07-20T13:28:47.353610+00:00,2026-07-20,,1,18.45,-0.55,,33.45
2026-07-21,2026-07-20T13:28:47.353610+00:00,2026-07-20,,2,20.1,-1.19,,9.49
2026-07-21,2026-07-20T13:28:47.353610+00:00,2026-07-20,,3,20.1,-0.22,,11.59
2026-07-21,2026-07-20T13:28:47.353610+00:00,2026-07-20,,4,18.25,-1.7,,11.03
2026-07-21,2026-07-20T13:28:47.353610+00:00,2026-07-20,,5,17.69,-6.73,,13.22
2026-07-21,2026-07-20T13:28:47.353610+00:00,2026-07-20,,6,16.03,2.18,,17.35
2026-07-21,2026-07-20T13:28:47.353610+00:00,2026-07-20,,7,15.04,5.14,,19.6
2026-07-21,2026-07-20T13:28:47.353610+00:00,2026-07-20,,8,14.94,7.45,,19.93
2026-07-21,2026-07-20T13:28:47.353610+00:00,2026-07-20,,9,12.08,,,21.74
2026-07-21,2026-07-20T13:28:47.353610+00:00,2026-07-20,,10,16.32,,,39.05
2026-07-21,2026-07-20T13:28:47.353610+00:00,2026-07-20,,11,2.99,,,48.02
2026-07-21,2026-07-20T13:28:47.353610+00:00,2026-07-20,,12,7.44,,,54.44
2026-07-21,2026-07-20T13:28:47.353610+00:00,2026-07-20,,13,10.69,,,68.56
2026-07-21,2026-07-20T13:28:47.353610+00:00,2026-07-20,,14,-47.89,,,61.1
2026-07-21,2026-07-20T13:28:47.353610+00:00,2026-07-20,,15,-35.85,,,70.12
2026-07-21,2026-07-20T13:28:47.353610+00:00,2026-07-20,,16,7.35,,,99.1
2026-07-21,2026-07-20T13:28:47.353610+00:00,2026-07-20,,17,32.85,,,124.79
2026-07-21,2026-07-20T13:28:47.353610+00:00,2026-07-20,,18,22.83,,,154.0
2026-07-21,2026-07-20T13:28:47.353610+00:00,2026-07-20,,19,26.02,,,107.97
2026-07-21,2026-07-20T13:28:47.353610+00:00,2026-07-20,,20,31.33,,,102.67
2026-07-21,2026-07-20T13:28:47.353610+00:00,2026-07-20,,21,12.51,,,67.69
2026-07-21,2026-07-20T13:28:47.353610+00:00,2026-07-20,,22,-14.31,,,42.23
2026-07-21,2026-07-20T13:28:47.353610+00:00,2026-07-20,,23,-8.99,,,32.06
2026-07-21,2026-07-20T13:28:47.353610+00:00,2026-07-20,,24,-10.23,,,19.29
2026-07-23,2026-07-22T14:00:15.949071+00:00,2026-07-20,,1,-1.42,-0.55,,30.08
2026-07-23,2026-07-22T14:00:15.949071+00:00,2026-07-20,,2,-1.77,-1.19,,7.71
2026-07-23,2026-07-22T14:00:15.949071+00:00,2026-07-20,,3,-1.77,-0.22,,8.62
2026-07-23,2026-07-22T14:00:15.949071+00:00,2026-07-20,,4,-2.21,-1.7,,7.25
2026-07-23,2026-07-22T14:00:15.949071+00:00,2026-07-20,,5,-3.66,-6.73,,9.62
2026-07-23,2026-07-22T14:00:15.949071+00:00,2026-07-20,,6,-3.66,2.18,,12.16
2026-07-23,2026-07-22T14:00:15.949071+00:00,2026-07-20,,7,-3.66,5.14,,15.96
2026-07-23,2026-07-22T14:00:15.949071+00:00,2026-07-20,,8,-16.01,4.36,,19.7
2026-07-23,2026-07-22T14:00:15.949071+00:00,2026-07-20,,9,-16.01,6.08,,21.75
2026-07-23,2026-07-22T14:00:15.949071+00:00,2026-07-20,,10,-16.72,9.51,,29.35
2026-07-23,2026-07-22T14:00:15.949071+00:00,2026-07-20,,11,-14.94,7.31,,51.86
2026-07-23,2026-07-22T14:00:15.949071+00:00,2026-07-20,,12,-14.94,9.73,,60.05
2026-07-23,2026-07-22T14:00:15.949071+00:00,2026-07-20,,13,-15.51,8.76,,63.5
2026-07-23,2026-07-22T14:00:15.949071+00:00,2026-07-20,,14,-17.63,9.89,,55.53
2026-07-23,2026-07-22T14:00:15.949071+00:00,2026-07-20,,15,-18.93,9.04,,65.69
2026-07-23,2026-07-22T14:00:15.949071+00:00,2026-07-20,,16,-19.72,0.3,,91.9
2026-07-23,2026-07-22T14:00:15.949071+00:00,2026-07-20,,17,-1.29,-104.63,,110.38
2026-07-23,2026-07-22T14:00:15.949071+00:00,2026-07-20,,18,4.92,9.08,,131.75
2026-07-23,2026-07-22T14:00:15.949071+00:00,2026-07-20,,19,-2.1,10.41,,110.28
2026-07-23,2026-07-22T14:00:15.949071+00:00,2026-07-20,,20,-6.53,15.53,,83.38
2026-07-23,2026-07-22T14:00:15.949071+00:00,2026-07-20,,21,-10.64,-32.15,,60.85
2026-07-23,2026-07-22T14:00:15.949071+00:00,2026-07-20,,22,-11.9,-20.5,,33.1
2026-07-23,2026-07-22T14:00:15.949071+00:00,2026-07-20,,23,-8.64,11.31,,22.73
2026-07-23,2026-07-22T14:00:15.949071+00:00,2026-07-20,,24,-16.53,14.08,,15.35
2026-07-25,2026-07-24T13:37:10.237193+00:00,2026-07-11,,1,6.39,0.59,,24.61
2026-07-25,2026-07-24T13:37:10.237193+00:00,2026-07-11,,2,6.48,-11.42,,11.14
2026-07-25,2026-07-24T13:37:10.237193+00:00,2026-07-11,,3,-4.09,-8.59,,14.38
2026-07-25,2026-07-24T13:37:10.237193+00:00,2026-07-11,,4,-6.28,-12.29,,15.3
2026-07-25,2026-07-24T13:37:10.237193+00:00,2026-07-11,,5,-6.89,-6.52,,15.8
2026-07-25,2026-07-24T13:37:10.237193+00:00,2026-07-11,,6,-6.89,-0.63,,21.26
2026-07-25,2026-07-24T13:37:10.237193+00:00,2026-07-11,,7,-6.72,0.89,,19.92
2026-07-25,2026-07-24T13:37:10.237193+00:00,2026-07-11,,8,-5.74,-20.81,,24.84
2026-07-25,2026-07-24T13:37:10.237193+00:00,2026-07-11,,9,-6.21,-26.96,,24.36
2026-07-25,2026-07-24T13:37:10.237193+00:00,2026-07-11,,10,-9.62,-59.0,,30.41
2026-07-25,2026-07-24T13:37:10.237193+00:00,2026-07-11,,11,-13.78,-24.26,,36.75
2026-07-25,2026-07-24T13:37:10.237193+00:00,2026-07-11,,12,0.12,-21.07,,50.55
2026-07-25,2026-07-24T13:37:10.237193+00:00,2026-07-11,,13,5.39,-10.95,,32.75
2026-07-25,2026-07-24T13:37:10.237193+00:00,2026-07-11,,14,5.26,8.34,,36.35
2026-07-25,2026-07-24T13:37:10.237193+00:00,2026-07-11,,15,3.31,-5.74,,42.71
2026-07-25,2026-07-24T13:37:10.237193+00:00,2026-07-11,,16,-6.09,20.3,,55.85
2026-07-25,2026-07-24T13:37:10.237193+00:00,2026-07-11,,17,-31.74,29.88,,84.09
2026-07-25,2026-07-24T13:37:10.237193+00:00,2026-07-11,,18,-42.65,18.66,,117.63
2026-07-25,2026-07-24T13:37:10.237193+00:00,2026-07-11,,19,-7.72,32.22,,86.06
2026-07-25,2026-07-24T13:37:10.237193+00:00,2026-07-11,,20,15.79,25.82,,60.11
2026-07-25,2026-07-24T13:37:10.237193+00:00,2026-07-11,,21,4.73,35.94,,37.39
2026-07-25,2026-07-24T13:37:10.237193+00:00,2026-07-11,,22,-6.58,19.59,,20.7
2026-07-25,2026-07-24T13:37:10.237193+00:00,2026-07-11,,23,-7.96,0.4,,21.12
2026-07-25,2026-07-24T13:37:10.237193+00:00,2026-07-11,,24,-0.64,-2.05,,18.21
2026-07-26,2026-07-25T13:28:20.103015+00:00,2026-07-25,,1,3.35,5.64,,22.99
2026-07-26,2026-07-25T13:28:20.103015+00:00,2026-07-25,,2,-3.39,6.23,,8.18
2026-07-26,2026-07-25T13:28:20.103015+00:00,2026-07-25,,3,-3.39,8.31,,8.94
2026-07-26,2026-07-25T13:28:20.103015+00:00,2026-07-25,,4,-3.75,6.4,,9.91
2026-07-26,2026-07-25T13:28:20.103015+00:00,2026-07-25,,5,-5.11,2.67,,12.78
2026-07-26,2026-07-25T13:28:20.103015+00:00,2026-07-25,,6,-7.17,29.64,,18.38
2026-07-26,2026-07-25T13:28:20.103015+00:00,2026-07-25,,7,2.02,,,16.68
2026-07-26,2026-07-25T13:28:20.103015+00:00,2026-07-25,,8,9.29,,,20.28
2026-07-26,2026-07-25T13:28:20.103015+00:00,2026-07-25,,9,10.39,,,18.51
2026-07-26,2026-07-25T13:28:20.103015+00:00,2026-07-25,,10,-0.93,,,26.15
2026-07-26,2026-07-25T13:28:20.103015+00:00,2026-07-25,,11,-0.93,,,34.96
2026-07-26,2026-07-25T13:28:20.103015+00:00,2026-07-25,,12,-17.09,,,42.96
2026-07-26,2026-07-25T13:28:20.103015+00:00,2026-07-25,,13,-26.04,,,47.6
2026-07-26,2026-07-25T13:28:20.103015+00:00,2026-07-25,,14,-28.8,,,47.51
2026-07-26,2026-07-25T13:28:20.103015+00:00,2026-07-25,,15,-26.38,,,47.04
2026-07-26,2026-07-25T13:28:20.103015+00:00,2026-07-25,,16,-7.49,,,48.27
2026-07-26,2026-07-25T13:28:20.103015+00:00,2026-07-25,,17,-8.23,,,79.34
2026-07-26,2026-07-25T13:28:20.103015+00:00,2026-07-25,,18,-5.99,,,103.87
2026-07-26,2026-07-25T13:28:20.103015+00:00,2026-07-25,,19,-3.51,,,76.37
2026-07-26,2026-07-25T13:28:20.103015+00:00,2026-07-25,,20,2.82,,,61.75
2026-07-26,2026-07-25T13:28:20.103015+00:00,2026-07-25,,21,-13.55,,,41.91
2026-07-26,2026-07-25T13:28:20.103015+00:00,2026-07-25,,22,-16.17,,,23.4
2026-07-26,2026-07-25T13:28:20.103015+00:00,2026-07-25,,23,-14.0,,,23.79
2026-07-26,2026-07-25T13:28:20.103015+00:00,2026-07-25,,24,-9.84,,,14.39
2026-07-27,2026-07-26T13:49:47.251896+00:00,2026-07-09,,1,0.98,-23.42,,24.22
2026-07-27,2026-07-26T13:49:47.251896+00:00,2026-07-09,,2,0.59,-11.82,,10.87
2026-07-27,2026-07-26T13:49:47.251896+00:00,2026-07-09,,3,0.33,-5.17,,10.06
2026-07-27,2026-07-26T13:49:47.251896+00:00,2026-07-09,,4,-1.06,-1.28,,8.63
2026-07-27,2026-07-26T13:49:47.251896+00:00,2026-07-09,,5,-2.95,-9.13,,10.9
2026-07-27,2026-07-26T13:49:47.251896+00:00,2026-07-09,,6,-1.15,-9.05,,17.3
2026-07-27,2026-07-26T13:49:47.251896+00:00,2026-07-09,,7,-1.73,-14.79,,18.61
2026-07-27,2026-07-26T13:49:47.251896+00:00,2026-07-09,,8,-36.62,-34.5,,18.82
2026-07-27,2026-07-26T13:49:47.251896+00:00,2026-07-09,,9,-36.51,-6.98,,15.25
2026-07-27,2026-07-26T13:49:47.251896+00:00,2026-07-09,,10,-18.7,24.74,,28.47
2026-07-27,2026-07-26T13:49:47.251896+00:00,2026-07-09,,11,-16.02,29.24,,37.3
2026-07-27,2026-07-26T13:49:47.251896+00:00,2026-07-09,,12,-54.35,21.86,,46.04
2026-07-27,2026-07-26T13:49:47.251896+00:00,2026-07-09,,13,-38.06,-5.4,,40.54
2026-07-27,2026-07-26T13:49:47.251896+00:00,2026-07-09,,14,-23.6,4.99,,43.8
2026-07-27,2026-07-26T13:49:47.251896+00:00,2026-07-09,,15,-27.75,34.76,,42.58
2026-07-27,2026-07-26T13:49:47.251896+00:00,2026-07-09,,16,9.2,61.44,,40.73
2026-07-27,2026-07-26T13:49:47.251896+00:00,2026-07-09,,17,-6.24,73.61,,78.64
2026-07-27,2026-07-26T13:49:47.251896+00:00,2026-07-09,,18,8.61,64.48,,75.85
2026-07-27,2026-07-26T13:49:47.251896+00:00,2026-07-09,,19,-17.61,63.97,,67.41
2026-07-27,2026-07-26T13:49:47.251896+00:00,2026-07-09,,20,-8.27,59.35,,58.55
2026-07-27,2026-07-26T13:49:47.251896+00:00,2026-07-09,,21,-26.89,41.3,,41.87
2026-07-27,2026-07-26T13:49:47.251896+00:00,2026-07-09,,22,-19.29,26.59,,27.43
2026-07-27,2026-07-26T13:49:47.251896+00:00,2026-07-09,,23,-48.81,-18.28,,24.69
2026-07-27,2026-07-26T13:49:47.251896+00:00,2026-07-09,,24,-61.43,-22.96,,16.3
2026-07-30,2026-07-29T13:33:55.115767+00:00,2026-07-09,,1,5.25,-23.42,,18.07
2026-07-30,2026-07-29T13:33:55.115767+00:00,2026-07-09,,2,-0.37,-11.82,,16.87
2026-07-30,2026-07-29T13:33:55.115767+00:00,2026-07-09,,3,-0.05,-5.17,,11.13
2026-07-30,2026-07-29T13:33:55.115767+00:00,2026-07-09,,4,-0.74,-1.28,,13.47
2026-07-30,2026-07-29T13:33:55.115767+00:00,2026-07-09,,5,0.45,-9.13,,14.15
2026-07-30,2026-07-29T13:33:55.115767+00:00,2026-07-09,,6,2.16,-9.05,,19.87
2026-07-30,2026-07-29T13:33:55.115767+00:00,2026-07-09,,7,2.27,-14.79,,22.72
2026-07-30,2026-07-29T13:33:55.115767+00:00,2026-07-09,,8,15.08,-34.5,,23.97
2026-07-30,2026-07-29T13:33:55.115767+00:00,2026-07-09,,9,19.78,-6.98,,22.07
2026-07-30,2026-07-29T13:33:55.115767+00:00,2026-07-09,,10,20.18,24.74,,30.12
2026-07-30,2026-07-29T13:33:55.115767+00:00,2026-07-09,,11,21.4,29.24,,36.19
2026-07-30,2026-07-29T13:33:55.115767+00:00,2026-07-09,,12,37.4,21.86,,43.37
2026-07-30,2026-07-29T13:33:55.115767+00:00,2026-07-09,,13,9.83,-5.4,,34.69
2026-07-30,2026-07-29T13:33:55.115767+00:00,2026-07-09,,14,6.61,4.99,,45.24
2026-07-30,2026-07-29T13:33:55.115767+00:00,2026-07-09,,15,43.95,34.76,,42.11
2026-07-30,2026-07-29T13:33:55.115767+00:00,2026-07-09,,16,82.86,61.44,,41.15
2026-07-30,2026-07-29T13:33:55.115767+00:00,2026-07-09,,17,52.72,73.61,,48.41
2026-07-30,2026-07-29T13:33:55.115767+00:00,2026-07-09,,18,76.44,64.48,,84.03
2026-07-30,2026-07-29T13:33:55.115767+00:00,2026-07-09,,19,71.96,63.97,,81.75
2026-07-30,2026-07-29T13:33:55.115767+00:00,2026-07-09,,20,78.19,59.35,,61.04
2026-07-30,2026-07-29T13:33:55.115767+00:00,2026-07-09,,21,16.43,41.3,,33.71
2026-07-30,2026-07-29T13:33:55.115767+00:00,2026-07-09,,22,10.29,26.59,,29.3
2026-07-30,2026-07-29T13:33:55.115767+00:00,2026-07-09,,23,15.59,-18.28,,31.6
2026-07-30,2026-07-29T13:33:55.115767+00:00,2026-07-09,,24,15.94,-22.96,,21.03
2026-07-31,2026-07-30T13:31:59.751861+00:00,2026-07-10,2026-07-07,1,-7.17,2.44,-0.65,15.27
2026-07-31,2026-07-30T13:31:59.751861+00:00,2026-07-10,2026-07-07,2,-1.75,0.44,-2.51,14.03
2026-07-31,2026-07-30T13:31:59.751861+00:00,2026-07-10,2026-07-07,3,0.09,8.05,-1.59,10.46
2026-07-31,2026-07-30T13:31:59.751861+00:00,2026-07-10,2026-07-07,4,2.15,3.79,-4.35,12.39
2026-07-31,2026-07-30T13:31:59.751861+00:00,2026-07-10,2026-07-07,5,3.64,7.34,-6.02,12.32
2026-07-31,2026-07-30T13:31:59.751861+00:00,2026-07-10,2026-07-07,6,3.91,15.65,-14.05,17.13
2026-07-31,2026-07-30T13:31:59.751861+00:00,2026-07-10,2026-07-07,7,-1.51,26.86,-10.55,20.0
2026-07-31,2026-07-30T13:31:59.751861+00:00,2026-07-10,2026-07-07,8,-11.95,28.25,-3.67,26.89
2026-07-31,2026-07-30T13:31:59.751861+00:00,2026-07-10,2026-07-07,9,29.35,43.5,-0.13,21.37
2026-07-31,2026-07-30T13:31:59.751861+00:00,2026-07-10,2026-07-07,10,28.86,44.65,-12.09,28.77
2026-07-31,2026-07-30T13:31:59.751861+00:00,2026-07-10,2026-07-07,11,40.03,40.03,-4.24,56.68
2026-07-31,2026-07-30T13:31:59.751861+00:00,2026-07-10,2026-07-07,12,37.64,45.27,2.08,39.77
2026-07-31,2026-07-30T13:31:59.751861+00:00,2026-07-10,2026-07-07,13,42.34,-36.81,20.46,30.57
2026-07-31,2026-07-30T13:31:59.751861+00:00,2026-07-10,2026-07-07,14,32.16,0.14,10.53,44.36
2026-07-31,2026-07-30T13:31:59.751861+00:00,2026-07-10,2026-07-07,15,66.36,13.19,24.58,41.97
2026-07-31,2026-07-30T13:31:59.751861+00:00,2026-07-10,2026-07-07,16,63.55,5.08,25.15,41.07
2026-07-31,2026-07-30T13:31:59.751861+00:00,2026-07-10,2026-07-07,17,68.44,38.67,25.55,48.18
2026-07-31,2026-07-30T13:31:59.751861+00:00,2026-07-10,2026-07-07,18,50.58,62.26,6.47,78.7
2026-07-31,2026-07-30T13:31:59.751861+00:00,2026-07-10,2026-07-07,19,47.0,64.21,45.28,87.63
2026-07-31,2026-07-30T13:31:59.751861+00:00,2026-07-10,2026-07-07,20,68.73,65.34,-11.36,65.42
2026-07-31,2026-07-30T13:31:59.751861+00:00,2026-07-10,2026-07-07,21,33.4,38.79,17.86,31.14
2026-07-31,2026-07-30T13:31:59.751861+00:00,2026-07-10,2026-07-07,22,-8.88,8.27,-25.8,26.48
2026-07-31,2026-07-30T13:31:59.751861+00:00,2026-07-10,2026-07-07,23,-14.38,-11.16,-9.85,27.75
2026-07-31,2026-07-30T13:31:59.751861+00:00,2026-07-10,2026-07-07,24,-44.89,2.27,3.97,17.94
2026-08-01,2026-07-31T12:25:58.982187+00:00,2026-07-26,2026-07-04,1,1.4,-2.74,-17.63,13.68
2026-08-01,2026-07-31T12:25:58.982187+00:00,2026-07-26,2026-07-04,2,-13.82,3.1,-14.49,15.4
2026-08-01,2026-07-31T12:25:58.982187+00:00,2026-07-26,2026-07-04,3,-4.69,1.28,-34.13,10.54
2026-08-01,2026-07-31T12:25:58.982187+00:00,2026-07-26,2026-07-04,4,-1.35,-8.36,-3.26,14.13
2026-08-01,2026-07-31T12:25:58.982187+00:00,2026-07-26,2026-07-04,5,-1.35,-11.71,-2.21,13.56
2026-08-01,2026-07-31T12:25:58.982187+00:00,2026-07-26,2026-07-04,6,-8.53,13.98,1.74,17.93
2026-08-01,2026-07-31T12:25:58.982187+00:00,2026-07-26,2026-07-04,7,-7.26,-6.59,-8.81,21.19
2026-08-01,2026-07-31T12:25:58.982187+00:00,2026-07-26,2026-07-04,8,12.41,0.35,6.09,23.66
2026-08-01,2026-07-31T12:25:58.982187+00:00,2026-07-26,2026-07-04,9,15.0,3.27,23.64,21.03
2026-08-01,2026-07-31T12:25:58.982187+00:00,2026-07-26,2026-07-04,10,2.65,2.89,2.72,23.73
2026-08-01,2026-07-31T12:25:58.982187+00:00,2026-07-26,2026-07-04,11,8.2,-26.29,1.01,54.36
2026-08-01,2026-07-31T12:25:58.982187+00:00,2026-07-26,2026-07-04,12,38.25,-45.12,23.81,43.66
2026-08-01,2026-07-31T12:25:58.982187+00:00,2026-07-26,2026-07-04,13,21.88,-28.54,-38.48,31.07
2026-08-01,2026-07-31T12:25:58.982187+00:00,2026-07-26,2026-07-04,14,28.67,-69.09,23.17,45.62
2026-08-01,2026-07-31T12:25:58.982187+00:00,2026-07-26,2026-07-04,15,35.4,-29.41,34.39,36.89
2026-08-01,2026-07-31T12:25:58.982187+00:00,2026-07-26,2026-07-04,16,52.64,-38.53,32.93,41.18
2026-08-01,2026-07-31T12:25:58.982187+00:00,2026-07-26,2026-07-04,17,31.23,-59.08,-61.46,46.33
2026-08-01,2026-07-31T12:25:58.982187+00:00,2026-07-26,2026-07-04,18,60.97,-9.8,-592.06,74.8
2026-08-01,2026-07-31T12:25:58.982187+00:00,2026-07-26,2026-07-04,19,-18.15,-18.46,95.9,92.71
2026-08-01,2026-07-31T12:25:58.982187+00:00,2026-07-26,2026-07-04,20,20.36,-18.44,-16.43,68.39
2026-08-01,2026-07-31T12:25:58.982187+00:00,2026-07-26,2026-07-04,21,31.81,-61.51,-53.53,27.98
2026-08-01,2026-07-31T12:25:58.982187+00:00,2026-07-26,2026-07-04,22,16.07,-116.38,-53.95,27.47
2026-08-01,2026-07-31T12:25:58.982187+00:00,2026-07-26,2026-07-04,23,19.06,-124.91,-7.71,29.19
2026-08-01,2026-07-31T12:25:58.982187+00:00,2026-07-26,2026-07-04,24,13.19,-103.18,13.64,18.65
2026-08-02,2026-08-01T11:40:03.267665+00:00,2026-07-18,2026-08-01,1,-4.86,6.81,-22.18,17.1
2026-08-02,2026-08-01T11:40:03.267665+00:00,2026-07-18,2026-08-01,2,-1.87,1.21,-0.19,16.46
2026-08-02,2026-08-01T11:40:03.267665+00:00,2026-07-18,2026-08-01,3,5.88,9.53,-0.4,11.25
2026-08-02,2026-08-01T11:40:03.267665+00:00,2026-07-18,2026-08-01,4,5.09,-6.7,0.83,15.36
2026-08-02,2026-08-01T11:40:03.267665+00:00,2026-07-18,2026-08-01,5,3.76,-11.7,2.41,15.21
2026-08-02,2026-08-01T11:40:03.267665+00:00,2026-07-18,2026-08-01,6,3.13,-17.92,-1.69,19.67
2026-08-02,2026-08-01T11:40:03.267665+00:00,2026-07-18,2026-08-01,7,3.54,-5.67,10.58,19.6
2026-08-02,2026-08-01T11:40:03.267665+00:00,2026-07-18,2026-08-01,8,4.76,-6.73,,24.34
2026-08-02,2026-08-01T11:40:03.267665+00:00,2026-07-18,2026-08-01,9,-4.05,-10.9,,22.33
2026-08-02,2026-08-01T11:40:03.267665+00:00,2026-07-18,2026-08-01,10,-8.58,-0.75,,26.54
2026-08-02,2026-08-01T11:40:03.267665+00:00,2026-07-18,2026-08-01,11,-0.27,7.58,,57.65
2026-08-02,2026-08-01T11:40:03.267665+00:00,2026-07-18,2026-08-01,12,-9.79,23.38,,48.07
2026-08-02,2026-08-01T11:40:03.267665+00:00,2026-07-18,2026-08-01,13,-10.86,11.31,,35.09
2026-08-02,2026-08-01T11:40:03.267665+00:00,2026-07-18,2026-08-01,14,-18.34,4.56,,48.02
2026-08-02,2026-08-01T11:40:03.267665+00:00,2026-07-18,2026-08-01,15,0.15,-1.1,,49.05
2026-08-02,2026-08-01T11:40:03.267665+00:00,2026-07-18,2026-08-01,16,3.0,10.01,,47.04
2026-08-02,2026-08-01T11:40:03.267665+00:00,2026-07-18,2026-08-01,17,-50.28,14.28,,53.36
2026-08-02,2026-08-01T11:40:03.267665+00:00,2026-07-18,2026-08-01,18,26.46,20.03,,87.27
2026-08-02,2026-08-01T11:40:03.267665+00:00,2026-07-18,2026-08-01,19,18.9,13.56,,95.15
2026-08-02,2026-08-01T11:40:03.267665+00:00,2026-07-18,2026-08-01,20,24.58,15.17,,63.53
2026-08-02,2026-08-01T11:40:03.267665+00:00,2026-07-18,2026-08-01,21,-6.56,4.73,,33.68
2026-08-02,2026-08-01T11:40:03.267665+00:00,2026-07-18,2026-08-01,22,-1.65,5.61,,28.46
2026-08-02,2026-08-01T11:40:03.267665+00:00,2026-07-18,2026-08-01,23,5.63,5.77,,29.51
2026-08-02,2026-08-01T11:40:03.267665+00:00,2026-07-18,2026-08-01,24,5.74,13.04,,20.01
2026-08-03,2026-08-02T11:40:42.541537+00:00,2026-07-20,2026-07-23,1,8.55,-0.55,8.85,15.98
2026-08-03,2026-08-02T11:40:42.541537+00:00,2026-07-20,2026-07-23,2,7.68,-1.19,5.93,15.75
2026-08-03,2026-08-02T11:40:42.541537+00:00,2026-07-20,2026-07-23,3,4.08,-0.22,-3.41,11.15
2026-08-03,2026-08-02T11:40:42.541537+00:00,2026-07-20,2026-07-23,4,3.85,-1.7,0.13,14.27
2026-08-03,2026-08-02T11:40:42.541537+00:00,2026-07-20,2026-07-23,5,-9.99,-6.73,18.18,14.22
2026-08-03,2026-08-02T11:40:42.541537+00:00,2026-07-20,2026-07-23,6,5.16,2.18,27.14,17.26
2026-08-03,2026-08-02T11:40:42.541537+00:00,2026-07-20,2026-07-23,7,-7.91,5.14,25.97,19.75
2026-08-03,2026-08-02T11:40:42.541537+00:00,2026-07-20,2026-07-23,8,-5.83,4.36,10.43,22.35
2026-08-03,2026-08-02T11:40:42.541537+00:00,2026-07-20,2026-07-23,9,9.58,6.08,7.34,21.4
2026-08-03,2026-08-02T11:40:42.541537+00:00,2026-07-20,2026-07-23,10,12.18,9.51,13.46,28.36
2026-08-03,2026-08-02T11:40:42.541537+00:00,2026-07-20,2026-07-23,11,-20.71,7.31,13.07,56.08
2026-08-03,2026-08-02T11:40:42.541537+00:00,2026-07-20,2026-07-23,12,-7.82,9.73,3.93,46.79
2026-08-03,2026-08-02T11:40:42.541537+00:00,2026-07-20,2026-07-23,13,-13.33,8.76,3.6,31.88
2026-08-03,2026-08-02T11:40:42.541537+00:00,2026-07-20,2026-07-23,14,-3.69,9.89,6.99,48.34
2026-08-03,2026-08-02T11:40:42.541537+00:00,2026-07-20,2026-07-23,15,5.43,9.04,12.21,50.46
2026-08-03,2026-08-02T11:40:42.541537+00:00,2026-07-20,2026-07-23,16,-29.47,0.3,10.25,50.92
2026-08-03,2026-08-02T11:40:42.541537+00:00,2026-07-20,2026-07-23,17,-18.38,-104.63,20.11,53.88
2026-08-03,2026-08-02T11:40:42.541537+00:00,2026-07-20,2026-07-23,18,-46.18,9.08,9.52,83.16
2026-08-03,2026-08-02T11:40:42.541537+00:00,2026-07-20,2026-07-23,19,-48.77,10.41,5.34,95.6
2026-08-03,2026-08-02T11:40:42.541537+00:00,2026-07-20,2026-07-23,20,-36.18,15.53,5.77,69.6
2026-08-03,2026-08-02T11:40:42.541537+00:00,2026-07-20,2026-07-23,21,-27.64,-32.15,4.18,32.38
2026-08-03,2026-08-02T11:40:42.541537+00:00,2026-07-20,2026-07-23,22,-15.82,-20.5,-1.32,28.41
2026-08-03,2026-08-02T11:40:42.541537+00:00,2026-07-20,2026-07-23,23,2.61,11.31,8.95,38.05
2026-08-03,2026-08-02T11:40:42.541537+00:00,2026-07-20,2026-07-23,24,11.68,14.08,14.98,23.95
2026-08-04,2026-08-03T13:16:38.358422+00:00,2026-07-20,2026-07-30,1,-7.89,-0.55,7.17,14.77
2026-08-04,2026-08-03T13:16:38.358422+00:00,2026-07-20,2026-07-30,2,-8.43,-1.19,8.78,12.01
2026-08-04,2026-08-03T13:16:38.358422+00:00,2026-07-20,2026-07-30,3,2.91,-0.22,12.97,9.1
2026-08-04,2026-08-03T13:16:38.358422+00:00,2026-07-20,2026-07-30,4,0.39,-1.7,16.32,11.25
2026-08-04,2026-08-03T13:16:38.358422+00:00,2026-07-20,2026-07-30,5,-1.12,-6.73,14.13,13.6
2026-08-04,2026-08-03T13:16:38.358422+00:00,2026-07-20,2026-07-30,6,-1.41,2.18,16.87,16.23
2026-08-04,2026-08-03T13:16:38.358422+00:00,2026-07-20,2026-07-30,7,-1.82,5.14,14.92,17.87
2026-08-04,2026-08-03T13:16:38.358422+00:00,2026-07-20,2026-07-30,8,-5.52,4.36,2.5,16.3
2026-08-04,2026-08-03T13:16:38.358422+00:00,2026-07-20,2026-07-30,9,-30.56,6.08,1.99,16.34
2026-08-04,2026-08-03T13:16:38.358422+00:00,2026-07-20,2026-07-30,10,6.0,9.51,0.02,22.63
2026-08-04,2026-08-03T13:16:38.358422+00:00,2026-07-20,2026-07-30,11,8.2,7.31,16.07,53.62
2026-08-04,2026-08-03T13:16:38.358422+00:00,2026-07-20,2026-07-30,12,-7.08,9.73,-45.59,42.41
2026-08-04,2026-08-03T13:16:38.358422+00:00,2026-07-20,2026-07-30,13,-7.56,8.76,17.53,30.08
2026-08-04,2026-08-03T13:16:38.358422+00:00,2026-07-20,2026-07-30,14,6.69,9.89,9.92,46.0
2026-08-04,2026-08-03T13:16:38.358422+00:00,2026-07-20,2026-07-30,15,-4.75,9.04,-20.12,47.29
2026-08-04,2026-08-03T13:16:38.358422+00:00,2026-07-20,2026-07-30,16,24.05,0.3,12.12,41.63
2026-08-04,2026-08-03T13:16:38.358422+00:00,2026-07-20,2026-07-30,17,50.33,-104.63,6.73,46.41
2026-08-04,2026-08-03T13:16:38.358422+00:00,2026-07-20,2026-07-30,18,72.98,9.08,3.67,67.93
2026-08-04,2026-08-03T13:16:38.358422+00:00,2026-07-20,2026-07-30,19,59.84,10.41,17.1,73.9
2026-08-04,2026-08-03T13:16:38.358422+00:00,2026-07-20,2026-07-30,20,15.63,15.53,14.1,59.58
2026-08-04,2026-08-03T13:16:38.358422+00:00,2026-07-20,2026-07-30,21,9.74,-32.15,47.99,28.28
2026-08-04,2026-08-03T13:16:38.358422+00:00,2026-07-20,2026-07-30,22,-13.6,-20.5,22.35,27.86
2026-08-04,2026-08-03T13:16:38.358422+00:00,2026-07-20,2026-07-30,23,-25.39,11.31,5.64,29.91
2026-08-04,2026-08-03T13:16:38.358422+00:00,2026-07-20,2026-07-30,24,-3.89,14.08,3.22,16.29
2026-08-05,2026-08-04T12:24:57.959740+00:00,2026-07-10,2026-07-27,1,5.13,2.44,-88.52,11.34
2026-08-05,2026-08-04T12:24:57.959740+00:00,2026-07-10,2026-07-27,2,5.26,0.44,-71.37,10.18
2026-08-05,2026-08-04T12:24:57.959740+00:00,2026-07-10,2026-07-27,3,5.26,8.05,-23.48,9.7
2026-08-05,2026-08-04T12:24:57.959740+00:00,2026-07-10,2026-07-27,4,4.71,3.79,-26.73,12.06
2026-08-05,2026-08-04T12:24:57.959740+00:00,2026-07-10,2026-07-27,5,2.7,7.34,-39.81,13.95
2026-08-05,2026-08-04T12:24:57.959740+00:00,2026-07-10,2026-07-27,6,4.55,15.65,-33.43,15.92
2026-08-05,2026-08-04T12:24:57.959740+00:00,2026-07-10,2026-07-27,7,3.55,26.86,-4.93,17.52
2026-08-05,2026-08-04T12:24:57.959740+00:00,2026-07-10,2026-07-27,8,5.36,28.25,-6.14,18.49
2026-08-05,2026-08-04T12:24:57.959740+00:00,2026-07-10,2026-07-27,9,0.63,43.5,11.77,18.03
2026-08-05,2026-08-04T12:24:57.959740+00:00,2026-07-10,2026-07-27,10,-0.1,44.65,-63.65,18.42
2026-08-05,2026-08-04T12:24:57.959740+00:00,2026-07-10,2026-07-27,11,-45.97,40.03,-40.69,50.24
2026-08-05,2026-08-04T12:24:57.959740+00:00,2026-07-10,2026-07-27,12,14.36,45.27,-19.18,42.14
2026-08-05,2026-08-04T12:24:57.959740+00:00,2026-07-10,2026-07-27,13,24.83,-36.81,-16.59,36.81
2026-08-05,2026-08-04T12:24:57.959740+00:00,2026-07-10,2026-07-27,14,34.9,0.14,0.54,44.95
2026-08-05,2026-08-04T12:24:57.959740+00:00,2026-07-10,2026-07-27,15,52.15,13.19,68.69,40.68
2026-08-05,2026-08-04T12:24:57.959740+00:00,2026-07-10,2026-07-27,16,69.32,5.08,20.79,37.92
2026-08-05,2026-08-04T12:24:57.959740+00:00,2026-07-10,2026-07-27,17,78.11,38.67,-2.72,52.24
2026-08-05,2026-08-04T12:24:57.959740+00:00,2026-07-10,2026-07-27,18,24.52,62.26,-223.84,67.48
2026-08-05,2026-08-04T12:24:57.959740+00:00,2026-07-10,2026-07-27,19,62.87,64.21,-299.23,76.37
2026-08-05,2026-08-04T12:24:57.959740+00:00,2026-07-10,2026-07-27,20,22.58,65.34,-289.72,66.67
2026-08-05,2026-08-04T12:24:57.959740+00:00,2026-07-10,2026-07-27,21,51.66,38.79,5.53,28.33
2026-08-05,2026-08-04T12:24:57.959740+00:00,2026-07-10,2026-07-27,22,-4.26,8.27,-41.73,28.26
2026-08-05,2026-08-04T12:24:57.959740+00:00,2026-07-10,2026-07-27,23,8.3,-11.16,-58.49,29.16
2026-08-05,2026-08-04T12:24:57.959740+00:00,2026-07-10,2026-07-27,24,8.43,2.27,-17.82,16.39
2026-08-06,2026-08-05T12:22:55.125871+00:00,2026-08-05,2026-07-27,1,-0.74,0.22,-88.52,14.53
2026-08-06,2026-08-05T12:22:55.125871+00:00,2026-08-05,2026-07-27,2,1.65,-7.93,-71.37,13.31
2026-08-06,2026-08-05T12:22:55.125871+00:00,2026-08-05,2026-07-27,3,4.93,-4.86,-23.48,8.07
2026-08-06,2026-08-05T12:22:55.125871+00:00,2026-08-05,2026-07-27,4,4.35,-9.12,-26.73,12.14
2026-08-06,2026-08-05T12:22:55.125871+00:00,2026-08-05,2026-07-27,5,3.32,-9.37,-39.81,13.07
2026-08-06,2026-08-05T12:22:55.125871+00:00,2026-08-05,2026-07-27,6,-2.14,-2.21,-33.43,15.17
2026-08-06,2026-08-05T12:22:55.125871+00:00,2026-08-05,2026-07-27,7,-8.97,2.05,-4.93,17.49
2026-08-06,2026-08-05T12:22:55.125871+00:00,2026-08-05,2026-07-27,8,25.68,,-6.14,20.4
2026-08-06,2026-08-05T12:22:55.125871+00:00,2026-08-05,2026-07-27,9,24.19,,11.77,19.47
2026-08-06,2026-08-05T12:22:55.125871+00:00,2026-08-05,2026-07-27,10,24.78,,-63.65,24.17
2026-08-06,2026-08-05T12:22:55.125871+00:00,2026-08-05,2026-07-27,11,13.39,,-40.69,51.06
2026-08-06,2026-08-05T12:22:55.125871+00:00,2026-08-05,2026-07-27,12,-2.32,,-19.18,40.77
2026-08-06,2026-08-05T12:22:55.125871+00:00,2026-08-05,2026-07-27,13,11.06,,-16.59,35.71
2026-08-06,2026-08-05T12:22:55.125871+00:00,2026-08-05,2026-07-27,14,30.3,,0.54,52.3
2026-08-06,2026-08-05T12:22:55.125871+00:00,2026-08-05,2026-07-27,15,47.76,,68.69,40.5
2026-08-06,2026-08-05T12:22:55.125871+00:00,2026-08-05,2026-07-27,16,48.49,,20.79,40.05
2026-08-06,2026-08-05T12:22:55.125871+00:00,2026-08-05,2026-07-27,17,148.59,,-2.72,54.46
2026-08-06,2026-08-05T12:22:55.125871+00:00,2026-08-05,2026-07-27,18,154.57,,-223.84,64.06
2026-08-06,2026-08-05T12:22:55.125871+00:00,2026-08-05,2026-07-27,19,147.84,,-299.23,74.12
2026-08-06,2026-08-05T12:22:55.125871+00:00,2026-08-05,2026-07-27,20,43.88,,-289.72,62.8
2026-08-06,2026-08-05T12:22:55.125871+00:00,2026-08-05,2026-07-27,21,33.36,,5.53,26.55
2026-08-06,2026-08-05T12:22:55.125871+00:00,2026-08-05,2026-07-27,22,29.35,,-41.73,26.92
2026-08-06,2026-08-05T12:22:55.125871+00:00,2026-08-05,2026-07-27,23,15.75,,-58.49,30.58
2026-08-06,2026-08-05T12:22:55.125871+00:00,2026-08-05,2026-07-27,24,18.32,,-17.82,17.31
2026-08-07,2026-08-06T12:24:48.960406+00:00,2026-07-27,2026-08-06,1,1.43,-88.52,-34.85,14.24
2026-08-07,2026-08-06T12:24:48.960406+00:00,2026-07-27,2026-08-06,2,-0.87,-71.37,-20.25,12.38
2026-08-07,2026-08-06T12:24:48.960406+00:00,2026-07-27,2026-08-06,3,0.83,-23.48,-17.71,10.49
2026-08-07,2026-08-06T12:24:48.960406+00:00,2026-07-27,2026-08-06,4,0.34,-26.73,-16.64,10.46
2026-08-07,2026-08-06T12:24:48.960406+00:00,2026-07-27,2026-08-06,5,-0.27,-39.81,-23.94,14.53
2026-08-07,2026-08-06T12:24:48.960406+00:00,2026-07-27,2026-08-06,6,-0.59,-33.43,-17.15,14.46
2026-08-07,2026-08-06T12:24:48.960406+00:00,2026-07-27,2026-08-06,7,1.59,-4.93,12.91,13.59
2026-08-07,2026-08-06T12:24:48.960406+00:00,2026-07-27,2026-08-06,8,22.23,-6.14,,14.65
2026-08-07,2026-08-06T12:24:48.960406+00:00,2026-07-27,2026-08-06,9,24.42,11.77,,12.49
2026-08-07,2026-08-06T12:24:48.960406+00:00,2026-07-27,2026-08-06,10,20.2,-63.65,,16.72
2026-08-07,2026-08-06T12:24:48.960406+00:00,2026-07-27,2026-08-06,11,16.57,-40.69,,49.11
2026-08-07,2026-08-06T12:24:48.960406+00:00,2026-07-27,2026-08-06,12,13.3,-19.18,,43.49
2026-08-07,2026-08-06T12:24:48.960406+00:00,2026-07-27,2026-08-06,13,26.35,-16.59,,27.44
2026-08-07,2026-08-06T12:24:48.960406+00:00,2026-07-27,2026-08-06,14,48.83,0.54,,37.44
2026-08-07,2026-08-06T12:24:48.960406+00:00,2026-07-27,2026-08-06,15,45.07,68.69,,30.38
2026-08-07,2026-08-06T12:24:48.960406+00:00,2026-07-27,2026-08-06,16,34.41,20.79,,30.62
2026-08-07,2026-08-06T12:24:48.960406+00:00,2026-07-27,2026-08-06,17,29.6,-2.72,,35.32
2026-08-07,2026-08-06T12:24:48.960406+00:00,2026-07-27,2026-08-06,18,6.75,-223.84,,48.89
2026-08-07,2026-08-06T12:24:48.960406+00:00,2026-07-27,2026-08-06,19,21.97,-299.23,,66.36
2026-08-07,2026-08-06T12:24:48.960406+00:00,2026-07-27,2026-08-06,20,43.37,-289.72,,42.37
2026-08-07,2026-08-06T12:24:48.960406+00:00,2026-07-27,2026-08-06,21,24.89,5.53,,20.68
2026-08-07,2026-08-06T12:24:48.960406+00:00,2026-07-27,2026-08-06,22,18.49,-41.73,,22.68
2026-08-07,2026-08-06T12:24:48.960406+00:00,2026-07-27,2026-08-06,23,15.74,-58.49,,26.12
2026-08-07,2026-08-06T12:24:48.960406+00:00,2026-07-27,2026-08-06,24,11.58,-17.82,,16.98
2026-08-08,2026-08-07T11:14:43.292500+00:00,2026-08-01,2026-07-04,1,-8.52,-22.18,-17.63,22.8
2026-08-08,2026-08-07T11:14:43.292500+00:00,2026-08-01,2026-07-04,2,1.34,-0.19,-14.49,17.98
2026-08-08,2026-08-07T11:14:43.292500+00:00,2026-08-01,2026-07-04,3,1.56,-0.4,-34.13,12.78
2026-08-08,2026-08-07T11:14:43.292500+00:00,2026-08-01,2026-07-04,4,4.01,0.83,-3.26,13.42
2026-08-08,2026-08-07T11:14:43.292500+00:00,2026-08-01,2026-07-04,5,-4.25,2.41,-2.21,15.19
2026-08-08,2026-08-07T11:14:43.292500+00:00,2026-08-01,2026-07-04,6,-6.27,-1.69,1.74,17.11
2026-08-08,2026-08-07T11:14:43.292500+00:00,2026-08-01,2026-07-04,7,-5.21,10.45,-8.81,15.85
2026-08-08,2026-08-07T11:14:43.292500+00:00,2026-08-01,2026-07-04,8,-4.89,0.98,6.09,16.49
2026-08-08,2026-08-07T11:14:43.292500+00:00,2026-08-01,2026-07-04,9,-23.56,-3.23,23.64,15.47
2026-08-08,2026-08-07T11:14:43.292500+00:00,2026-08-01,2026-07-04,10,-1.04,-0.85,2.72,17.75
2026-08-08,2026-08-07T11:14:43.292500+00:00,2026-08-01,2026-07-04,11,9.18,-17.28,1.01,46.46
2026-08-08,2026-08-07T11:14:43.292500+00:00,2026-08-01,2026-07-04,12,37.78,-27.88,23.81,47.35
2026-08-08,2026-08-07T11:14:43.292500+00:00,2026-08-01,2026-07-04,13,28.07,-13.22,-38.48,30.66
2026-08-08,2026-08-07T11:14:43.292500+00:00,2026-08-01,2026-07-04,14,32.46,-1.36,23.17,39.35
2026-08-08,2026-08-07T11:14:43.292500+00:00,2026-08-01,2026-07-04,15,73.04,-68.12,34.39,36.36
2026-08-08,2026-08-07T11:14:43.292500+00:00,2026-08-01,2026-07-04,16,77.09,-57.03,32.93,37.69
2026-08-08,2026-08-07T11:14:43.292500+00:00,2026-08-01,2026-07-04,17,46.17,-91.12,-61.46,45.71
2026-08-08,2026-08-07T11:14:43.292500+00:00,2026-08-01,2026-07-04,18,86.17,-46.27,-592.06,56.25
2026-08-08,2026-08-07T11:14:43.292500+00:00,2026-08-01,2026-07-04,19,57.04,38.46,95.9,71.52
2026-08-08,2026-08-07T11:14:43.292500+00:00,2026-08-01,2026-07-04,20,48.23,28.5,-16.43,40.06
2026-08-08,2026-08-07T11:14:43.292500+00:00,2026-08-01,2026-07-04,21,21.36,-20.11,-53.53,21.77
2026-08-08,2026-08-07T11:14:43.292500+00:00,2026-08-01,2026-07-04,22,-15.38,-33.49,-53.95,35.05
2026-08-08,2026-08-07T11:14:43.292500+00:00,2026-08-01,2026-07-04,23,-17.16,-53.14,-7.71,33.45
2026-08-08,2026-08-07T11:14:43.292500+00:00,2026-08-01,2026-07-04,24,-18.07,-1.62,13.64,20.95
2026-08-09,2026-08-08T10:59:06.625998+00:00,2026-07-04,2026-07-12,1,-33.21,-17.63,3.93,23.46
2026-08-09,2026-08-08T10:59:06.625998+00:00,2026-07-04,2026-07-12,2,-34.56,-14.49,4.49,13.38
2026-08-09,2026-08-08T10:59:06.625998+00:00,2026-07-04,2026-07-12,3,-14.8,-34.13,1.9,10.65
2026-08-09,2026-08-08T10:59:06.625998+00:00,2026-07-04,2026-07-12,4,-15.15,-3.26,4.34,11.89
2026-08-09,2026-08-08T10:59:06.625998+00:00,2026-07-04,2026-07-12,5,-15.87,-2.21,-4.77,11.59
2026-08-09,2026-08-08T10:59:06.625998+00:00,2026-07-04,2026-07-12,6,-15.87,1.74,6.79,14.13
2026-08-09,2026-08-08T10:59:06.625998+00:00,2026-07-04,2026-07-12,7,-63.16,-8.81,15.12,11.68
2026-08-09,2026-08-08T10:59:06.625998+00:00,2026-07-04,2026-07-12,8,-60.16,6.09,11.67,13.39
2026-08-09,2026-08-08T10:59:06.625998+00:00,2026-07-04,2026-07-12,9,-63.11,23.64,5.01,13.19
2026-08-09,2026-08-08T10:59:06.625998+00:00,2026-07-04,2026-07-12,10,-20.51,2.72,7.36,16.29
2026-08-09,2026-08-08T10:59:06.625998+00:00,2026-07-04,2026-07-12,11,6.69,1.01,9.74,51.21
2026-08-09,2026-08-08T10:59:06.625998+00:00,2026-07-04,2026-07-12,12,26.96,23.81,-11.26,47.9
2026-08-09,2026-08-08T10:59:06.625998+00:00,2026-07-04,2026-07-12,13,17.04,-38.48,-16.19,29.77
2026-08-09,2026-08-08T10:59:06.625998+00:00,2026-07-04,2026-07-12,14,17.35,23.17,-22.33,37.03
2026-08-09,2026-08-08T10:59:06.625998+00:00,2026-07-04,2026-07-12,15,45.66,34.39,9.32,25.86
2026-08-09,2026-08-08T10:59:06.625998+00:00,2026-07-04,2026-07-12,16,42.63,32.93,30.17,34.81
2026-08-09,2026-08-08T10:59:06.625998+00:00,2026-07-04,2026-07-12,17,40.13,-61.46,4.97,55.36
2026-08-09,2026-08-08T10:59:06.625998+00:00,2026-07-04,2026-07-12,18,38.07,-592.06,28.19,60.52
2026-08-09,2026-08-08T10:59:06.625998+00:00,2026-07-04,2026-07-12,19,42.48,95.9,23.19,82.28
2026-08-09,2026-08-08T10:59:06.625998+00:00,2026-07-04,2026-07-12,20,-0.57,-16.43,30.61,39.7
2026-08-09,2026-08-08T10:59:06.625998+00:00,2026-07-04,2026-07-12,21,17.27,-53.53,20.79,27.46
2026-08-09,2026-08-08T10:59:06.625998+00:00,2026-07-04,2026-07-12,22,23.18,-53.95,18.08,30.79
2026-08-09,2026-08-08T10:59:06.625998+00:00,2026-07-04,2026-07-12,23,-24.37,-7.71,6.31,32.45
2026-08-09,2026-08-08T10:59:06.625998+00:00,2026-07-04,2026-07-12,24,-7.43,13.64,0.19,27.34
2026-08-10,2026-08-09T11:01:16.620779+00:00,2026-07-30,2026-07-27,1,5.82,7.17,-88.52,22.01
2026-08-10,2026-08-09T11:01:16.620779+00:00,2026-07-30,2026-07-27,2,4.99,8.78,-71.37,14.01
2026-08-10,2026-08-09T11:01:16.620779+00:00,2026-07-30,2026-07-27,3,4.84,12.97,-23.48,10.07
2026-08-10,2026-08-09T11:01:16.620779+00:00,2026-07-30,2026-07-27,4,4.33,16.32,-26.73,10.63
2026-08-10,2026-08-09T11:01:16.620779+00:00,2026-07-30,2026-07-27,5,3.54,14.13,-39.81,13.42
2026-08-10,2026-08-09T11:01:16.620779+00:00,2026-07-30,2026-07-27,6,2.35,16.87,-33.43,14.22
2026-08-10,2026-08-09T11:01:16.620779+00:00,2026-07-30,2026-07-27,7,-26.28,14.92,-4.93,18.02
2026-08-10,2026-08-09T11:01:16.620779+00:00,2026-07-30,2026-07-27,8,-36.33,2.5,-6.14,13.7
2026-08-10,2026-08-09T11:01:16.620779+00:00,2026-07-30,2026-07-27,9,-51.6,1.99,11.77,14.28
2026-08-10,2026-08-09T11:01:16.620779+00:00,2026-07-30,2026-07-27,10,-23.13,0.02,-63.65,14.6
2026-08-10,2026-08-09T11:01:16.620779+00:00,2026-07-30,2026-07-27,11,6.61,16.07,-40.69,49.29
2026-08-10,2026-08-09T11:01:16.620779+00:00,2026-07-30,2026-07-27,12,22.06,-45.59,-19.18,50.63
2026-08-10,2026-08-09T11:01:16.620779+00:00,2026-07-30,2026-07-27,13,24.85,17.53,-16.59,27.62
2026-08-10,2026-08-09T11:01:16.620779+00:00,2026-07-30,2026-07-27,14,37.26,9.92,0.54,35.82
2026-08-10,2026-08-09T11:01:16.620779+00:00,2026-07-30,2026-07-27,15,39.66,-20.12,68.69,26.49
2026-08-10,2026-08-09T11:01:16.620779+00:00,2026-07-30,2026-07-27,16,31.34,12.12,20.79,39.82
2026-08-10,2026-08-09T11:01:16.620779+00:00,2026-07-30,2026-07-27,17,5.74,6.73,-2.72,47.41
2026-08-10,2026-08-09T11:01:16.620779+00:00,2026-07-30,2026-07-27,18,19.87,3.67,-223.84,61.21
2026-08-10,2026-08-09T11:01:16.620779+00:00,2026-07-30,2026-07-27,19,-68.37,17.1,-299.23,87.31
2026-08-10,2026-08-09T11:01:16.620779+00:00,2026-07-30,2026-07-27,20,-16.6,14.1,-289.72,39.68
2026-08-10,2026-08-09T11:01:16.620779+00:00,2026-07-30,2026-07-27,21,-0.8,47.99,5.53,30.83
2026-08-10,2026-08-09T11:01:16.620779+00:00,2026-07-30,2026-07-27,22,4.25,22.35,-41.73,33.61
2026-08-10,2026-08-09T11:01:16.620779+00:00,2026-07-30,2026-07-27,23,-36.22,5.64,-58.49,31.01
2026-08-10,2026-08-09T11:01:16.620779+00:00,2026-07-30,2026-07-27,24,-17.59,3.22,-17.82,28.43
2026-08-11,2026-08-10T11:30:06.085533+00:00,2026-07-30,2026-07-10,1,0.88,7.17,2.44,21.36
2026-08-11,2026-08-10T11:30:06.085533+00:00,2026-07-30,2026-07-10,2,-1.08,8.78,0.44,15.33
2026-08-11,2026-08-10T11:30:06.085533+00:00,2026-07-30,2026-07-10,3,-1.67,12.97,8.05,10.5
2026-08-11,2026-08-10T11:30:06.085533+00:00,2026-07-30,2026-07-10,4,-0.43,16.32,3.79,10.37
2026-08-11,2026-08-10T11:30:06.085533+00:00,2026-07-30,2026-07-10,5,1.03,14.13,7.34,11.6
2026-08-11,2026-08-10T11:30:06.085533+00:00,2026-07-30,2026-07-10,6,2.49,16.87,15.65,12.67
2026-08-11,2026-08-10T11:30:06.085533+00:00,2026-07-30,2026-07-10,7,-10.64,14.92,26.86,10.23
2026-08-11,2026-08-10T11:30:06.085533+00:00,2026-07-30,2026-07-10,8,-5.82,2.5,28.25,11.71
2026-08-11,2026-08-10T11:30:06.085533+00:00,2026-07-30,2026-07-10,9,6.0,1.99,43.5,14.27
2026-08-11,2026-08-10T11:30:06.085533+00:00,2026-07-30,2026-07-10,10,11.25,0.02,44.65,18.34
2026-08-11,2026-08-10T11:30:06.085533+00:00,2026-07-30,2026-07-10,11,-6.0,16.07,40.03,51.02
2026-08-11,2026-08-10T11:30:06.085533+00:00,2026-07-30,2026-07-10,12,13.03,-45.59,45.27,49.78
2026-08-11,2026-08-10T11:30:06.085533+00:00,2026-07-30,2026-07-10,13,17.47,17.53,-36.81,31.02
2026-08-11,2026-08-10T11:30:06.085533+00:00,2026-07-30,2026-07-10,14,27.2,9.92,0.14,36.72
2026-08-11,2026-08-10T11:30:06.085533+00:00,2026-07-30,2026-07-10,15,19.02,-20.12,13.19,29.84
2026-08-11,2026-08-10T11:30:06.085533+00:00,2026-07-30,2026-07-10,16,37.14,12.12,5.08,38.2
2026-08-11,2026-08-10T11:30:06.085533+00:00,2026-07-30,2026-07-10,17,-0.12,6.73,38.67,60.71
2026-08-11,2026-08-10T11:30:06.085533+00:00,2026-07-30,2026-07-10,18,53.69,3.67,62.26,67.79
2026-08-11,2026-08-10T11:30:06.085533+00:00,2026-07-30,2026-07-10,19,44.72,17.1,64.21,81.77
2026-08-11,2026-08-10T11:30:06.085533+00:00,2026-07-30,2026-07-10,20,35.64,14.1,65.34,38.04
2026-08-11,2026-08-10T11:30:06.085533+00:00,2026-07-30,2026-07-10,21,-41.15,47.99,38.79,24.94
2026-08-11,2026-08-10T11:30:06.085533+00:00,2026-07-30,2026-07-10,22,19.94,22.35,8.27,30.4
2026-08-11,2026-08-10T11:30:06.085533+00:00,2026-07-30,2026-07-10,23,5.36,5.64,-11.16,30.84
2026-08-11,2026-08-10T11:30:06.085533+00:00,2026-07-30,2026-07-10,24,8.99,3.22,2.27,28.05
2026-08-12,2026-08-11T11:13:05.783268+00:00,2026-08-11,2026-08-10,1,-1.77,-17.15,-15.67,20.68
2026-08-12,2026-08-11T11:13:05.783268+00:00,2026-08-11,2026-08-10,2,-1.52,-14.87,-19.69,15.83
2026-08-12,2026-08-11T11:13:05.783268+00:00,2026-08-11,2026-08-10,3,-5.64,-31.19,-23.32,11.11
2026-08-12,2026-08-11T11:13:05.783268+00:00,2026-08-11,2026-08-10,4,0.25,-14.44,-14.4,11.62
2026-08-12,2026-08-11T11:13:05.783268+00:00,2026-08-11,2026-08-10,5,3.25,-8.79,-8.76,14.21
2026-08-12,2026-08-11T11:13:05.783268+00:00,2026-08-11,2026-08-10,6,-2.07,-3.47,-3.44,14.19
2026-08-12,2026-08-11T11:13:05.783268+00:00,2026-08-11,2026-08-10,7,14.77,,5.7,14.26
2026-08-12,2026-08-11T11:13:05.783268+00:00,2026-08-11,2026-08-10,8,26.7,,34.24,16.36
2026-08-12,2026-08-11T11:13:05.783268+00:00,2026-08-11,2026-08-10,9,10.74,,46.1,19.29
2026-08-12,2026-08-11T11:13:05.783268+00:00,2026-08-11,2026-08-10,10,16.17,,46.94,19.86
2026-08-12,2026-08-11T11:13:05.783268+00:00,2026-08-11,2026-08-10,11,22.94,,46.46,53.63
2026-08-12,2026-08-11T11:13:05.783268+00:00,2026-08-11,2026-08-10,12,19.3,,-28.1,50.65
2026-08-12,2026-08-11T11:13:05.783268+00:00,2026-08-11,2026-08-10,13,10.51,,-79.96,34.62
2026-08-12,2026-08-11T11:13:05.783268+00:00,2026-08-11,2026-08-10,14,20.88,,-110.14,41.33
2026-08-12,2026-08-11T11:13:05.783268+00:00,2026-08-11,2026-08-10,15,1.28,,-91.55,28.63
2026-08-12,2026-08-11T11:13:05.783268+00:00,2026-08-11,2026-08-10,16,0.88,,24.29,40.53
2026-08-12,2026-08-11T11:13:05.783268+00:00,2026-08-11,2026-08-10,17,10.99,,-32.1,47.11
2026-08-12,2026-08-11T11:13:05.783268+00:00,2026-08-11,2026-08-10,18,16.35,,14.46,63.32
2026-08-12,2026-08-11T11:13:05.783268+00:00,2026-08-11,2026-08-10,19,23.69,,-83.83,90.65
2026-08-12,2026-08-11T11:13:05.783268+00:00,2026-08-11,2026-08-10,20,40.79,,-31.43,42.47
2026-08-12,2026-08-11T11:13:05.783268+00:00,2026-08-11,2026-08-10,21,14.4,,22.45,28.93
2026-08-12,2026-08-11T11:13:05.783268+00:00,2026-08-11,2026-08-10,22,12.6,,-5.49,32.98
2026-08-12,2026-08-11T11:13:05.783268+00:00,2026-08-11,2026-08-10,23,4.92,,-9.88,32.08
2026-08-12,2026-08-11T11:13:05.783268+00:00,2026-08-11,2026-08-10,24,-1.0,,11.9,29.18
2026-08-13,2026-08-12T11:15:07.220028+00:00,2026-08-12,2026-08-10,1,-16.82,-9.25,-15.67,22.28
2026-08-13,2026-08-12T11:15:07.220028+00:00,2026-08-12,2026-08-10,2,-5.55,-13.96,-19.69,13.91
2026-08-13,2026-08-12T11:15:07.220028+00:00,2026-08-12,2026-08-10,3,0.39,7.1,-23.32,11.92
2026-08-13,2026-08-12T11:15:07.220028+00:00,2026-08-12,2026-08-10,4,2.64,3.54,-14.4,10.19
2026-08-13,2026-08-12T11:15:07.220028+00:00,2026-08-12,2026-08-10,5,0.09,10.33,-8.76,11.89
2026-08-13,2026-08-12T11:15:07.220028+00:00,2026-08-12,2026-08-10,6,0.55,4.57,-3.44,11.24
2026-08-13,2026-08-12T11:15:07.220028+00:00,2026-08-12,2026-08-10,7,10.11,,5.7,11.06
2026-08-13,2026-08-12T11:15:07.220028+00:00,2026-08-12,2026-08-10,8,12.62,,34.24,12.41
2026-08-13,2026-08-12T11:15:07.220028+00:00,2026-08-12,2026-08-10,9,17.24,,46.1,16.67
2026-08-13,2026-08-12T11:15:07.220028+00:00,2026-08-12,2026-08-10,10,21.7,,46.94,14.69
2026-08-13,2026-08-12T11:15:07.220028+00:00,2026-08-12,2026-08-10,11,18.71,,46.46,39.15
2026-08-13,2026-08-12T11:15:07.220028+00:00,2026-08-12,2026-08-10,12,15.83,,-28.1,29.39
2026-08-13,2026-08-12T11:15:07.220028+00:00,2026-08-12,2026-08-10,13,15.78,,-79.96,34.21
2026-08-13,2026-08-12T11:15:07.220028+00:00,2026-08-12,2026-08-10,14,24.68,,-110.14,41.32
2026-08-13,2026-08-12T11:15:07.220028+00:00,2026-08-12,2026-08-10,15,18.17,,-91.55,29.36
2026-08-13,2026-08-12T11:15:07.220028+00:00,2026-08-12,2026-08-10,16,39.94,,24.29,36.72
2026-08-13,2026-08-12T11:15:07.220028+00:00,2026-08-12,2026-08-10,17,39.83,,-32.1,41.16
2026-08-13,2026-08-12T11:15:07.220028+00:00,2026-08-12,2026-08-10,18,45.71,,14.46,54.72
2026-08-13,2026-08-12T11:15:07.220028+00:00,2026-08-12,2026-08-10,19,26.0,,-83.83,85.83
2026-08-13,2026-08-12T11:15:07.220028+00:00,2026-08-12,2026-08-10,20,28.59,,-31.43,36.91
2026-08-13,2026-08-12T11:15:07.220028+00:00,2026-08-12,2026-08-10,21,43.12,,22.45,29.55
2026-08-13,2026-08-12T11:15:07.220028+00:00,2026-08-12,2026-08-10,22,27.9,,-5.49,37.0
2026-08-13,2026-08-12T11:15:07.220028+00:00,2026-08-12,2026-08-10,23,13.55,,-9.88,35.78
2026-08-13,2026-08-12T11:15:07.220028+00:00,2026-08-12,2026-08-10,24,21.01,,11.9,31.02
2026-08-14,2026-08-13T11:15:47.235713+00:00,2026-08-13,2026-08-12,1,-9.65,9.14,-9.25,25.52
2026-08-14,2026-08-13T11:15:47.235713+00:00,2026-08-13,2026-08-12,2,-10.13,8.12,-13.96,17.5
2026-08-14,2026-08-13T11:15:47.235713+00:00,2026-08-13,2026-08-12,3,-4.45,-0.04,7.1,12.16
2026-08-14,2026-08-13T11:15:47.235713+00:00,2026-08-13,2026-08-12,4,2.3,1.41,3.54,11.75
2026-08-14,2026-08-13T11:15:47.235713+00:00,2026-08-13,2026-08-12,5,-0.38,1.59,10.33,10.95
2026-08-14,2026-08-13T11:15:47.235713+00:00,2026-08-13,2026-08-12,6,-1.46,10.74,5.26,15.25
2026-08-14,2026-08-13T11:15:47.235713+00:00,2026-08-13,2026-08-12,7,23.1,,13.93,12.99
2026-08-14,2026-08-13T11:15:47.235713+00:00,2026-08-13,2026-08-12,8,7.26,,33.17,14.49
2026-08-14,2026-08-13T11:15:47.235713+00:00,2026-08-13,2026-08-12,9,22.37,,24.61,19.93
2026-08-14,2026-08-13T11:15:47.235713+00:00,2026-08-13,2026-08-12,10,29.11,,51.4,20.48
2026-08-14,2026-08-13T11:15:47.235713+00:00,2026-08-13,2026-08-12,11,29.32,,41.24,41.94
2026-08-14,2026-08-13T11:15:47.235713+00:00,2026-08-13,2026-08-12,12,50.34,,37.32,33.53
2026-08-14,2026-08-13T11:15:47.235713+00:00,2026-08-13,2026-08-12,13,43.84,,47.3,35.18
2026-08-14,2026-08-13T11:15:47.235713+00:00,2026-08-13,2026-08-12,14,46.5,,79.65,46.68
2026-08-14,2026-08-13T11:15:47.235713+00:00,2026-08-13,2026-08-12,15,52.6,,72.81,37.58
2026-08-14,2026-08-13T11:15:47.235713+00:00,2026-08-13,2026-08-12,16,27.8,,77.44,44.14
2026-08-14,2026-08-13T11:15:47.235713+00:00,2026-08-13,2026-08-12,17,8.84,,61.49,50.03
2026-08-14,2026-08-13T11:15:47.235713+00:00,2026-08-13,2026-08-12,18,0.66,,63.28,57.26
2026-08-14,2026-08-13T11:15:47.235713+00:00,2026-08-13,2026-08-12,19,19.9,,46.55,84.95
2026-08-14,2026-08-13T11:15:47.235713+00:00,2026-08-13,2026-08-12,20,51.08,,46.93,42.3
2026-08-14,2026-08-13T11:15:47.235713+00:00,2026-08-13,2026-08-12,21,37.45,,61.06,33.53
2026-08-14,2026-08-13T11:15:47.235713+00:00,2026-08-13,2026-08-12,22,-16.22,,53.36,35.12
2026-08-14,2026-08-13T11:15:47.235713+00:00,2026-08-13,2026-08-12,23,4.42,,36.21,36.15
2026-08-14,2026-08-13T11:15:47.235713+00:00,2026-08-13,2026-08-12,24,0.79,,19.66,32.98
2026-08-15,2026-08-14T11:13:17.561491+00:00,2026-08-09,2026-07-25,1,-38.18,1.97,5.64,22.18
2026-08-15,2026-08-14T11:13:17.561491+00:00,2026-08-09,2026-07-25,2,-8.9,8.89,6.23,15.25
2026-08-15,2026-08-14T11:13:17.561491+00:00,2026-08-09,2026-07-25,3,-8.76,8.39,8.31,9.83
2026-08-15,2026-08-14T11:13:17.561491+00:00,2026-08-09,2026-07-25,4,-6.62,4.2,6.4,11.46
2026-08-15,2026-08-14T11:13:17.561491+00:00,2026-08-09,2026-07-25,5,-10.33,2.18,2.67,12.89
2026-08-15,2026-08-14T11:13:17.561491+00:00,2026-08-09,2026-07-25,6,-5.28,0.97,29.64,12.08
2026-08-15,2026-08-14T11:13:17.561491+00:00,2026-08-09,2026-07-25,7,-2.48,-1.43,34.13,13.74
2026-08-15,2026-08-14T11:13:17.561491+00:00,2026-08-09,2026-07-25,8,-0.86,0.35,31.08,17.34
2026-08-15,2026-08-14T11:13:17.561491+00:00,2026-08-09,2026-07-25,9,11.46,-10.22,18.17,19.5
2026-08-15,2026-08-14T11:13:17.561491+00:00,2026-08-09,2026-07-25,10,4.72,-9.69,9.98,21.89
2026-08-15,2026-08-14T11:13:17.561491+00:00,2026-08-09,2026-07-25,11,17.74,4.41,3.18,44.82
2026-08-15,2026-08-14T11:13:17.561491+00:00,2026-08-09,2026-07-25,12,19.48,-27.35,-8.08,33.08
2026-08-15,2026-08-14T11:13:17.561491+00:00,2026-08-09,2026-07-25,13,19.67,-55.62,-12.05,32.31
2026-08-15,2026-08-14T11:13:17.561491+00:00,2026-08-09,2026-07-25,14,17.62,3.35,-11.3,43.27
2026-08-15,2026-08-14T11:13:17.561491+00:00,2026-08-09,2026-07-25,15,23.33,7.73,-14.46,27.9
2026-08-15,2026-08-14T11:13:17.561491+00:00,2026-08-09,2026-07-25,16,33.32,-0.12,-17.7,37.31
2026-08-15,2026-08-14T11:13:17.561491+00:00,2026-08-09,2026-07-25,17,40.87,15.55,-0.05,43.27
2026-08-15,2026-08-14T11:13:17.561491+00:00,2026-08-09,2026-07-25,18,36.47,27.93,9.27,57.83
2026-08-15,2026-08-14T11:13:17.561491+00:00,2026-08-09,2026-07-25,19,44.11,35.65,5.01,80.05
2026-08-15,2026-08-14T11:13:17.561491+00:00,2026-08-09,2026-07-25,20,48.11,60.06,-0.69,36.39
2026-08-15,2026-08-14T11:13:17.561491+00:00,2026-08-09,2026-07-25,21,33.08,61.53,-9.05,32.81
2026-08-15,2026-08-14T11:13:17.561491+00:00,2026-08-09,2026-07-25,22,6.54,69.28,-49.16,36.6
2026-08-15,2026-08-14T11:13:17.561491+00:00,2026-08-09,2026-07-25,23,-2.71,48.99,-36.28,34.95
2026-08-15,2026-08-14T11:13:17.561491+00:00,2026-08-09,2026-07-25,24,-0.23,-16.8,8.54,33.68
2026-08-16,2026-08-15T10:46:12.678548+00:00,2026-08-15,2026-08-02,1,3.37,0.34,7.55,25.0
2026-08-16,2026-08-15T10:46:12.678548+00:00,2026-08-15,2026-08-02,2,0.51,-23.83,0.61,19.65
2026-08-16,2026-08-15T10:46:12.678548+00:00,2026-08-15,2026-08-02,3,2.13,-11.96,5.27,14.99
2026-08-16,2026-08-15T10:46:12.678548+00:00,2026-08-15,2026-08-02,4,0.49,-13.13,5.63,11.71
2026-08-16,2026-08-15T10:46:12.678548+00:00,2026-08-15,2026-08-02,5,2.48,-9.58,10.89,12.7
2026-08-16,2026-08-15T10:46:12.678548+00:00,2026-08-15,2026-08-02,6,2.48,1.64,2.94,11.89
2026-08-16,2026-08-15T10:46:12.678548+00:00,2026-08-15,2026-08-02,7,-7.64,,13.15,11.14
2026-08-16,2026-08-15T10:46:12.678548+00:00,2026-08-15,2026-08-02,8,-7.64,,4.3,15.61
2026-08-16,2026-08-15T10:46:12.678548+00:00,2026-08-15,2026-08-02,9,-13.04,,9.38,22.57
2026-08-16,2026-08-15T10:46:12.678548+00:00,2026-08-15,2026-08-02,10,-22.19,,10.47,21.66
2026-08-16,2026-08-15T10:46:12.678548+00:00,2026-08-15,2026-08-02,11,-4.72,,20.38,40.72
2026-08-16,2026-08-15T10:46:12.678548+00:00,2026-08-15,2026-08-02,12,-0.46,,31.44,31.37
2026-08-16,2026-08-15T10:46:12.678548+00:00,2026-08-15,2026-08-02,13,3.61,,35.15,25.52
2026-08-16,2026-08-15T10:46:12.678548+00:00,2026-08-15,2026-08-02,14,13.08,,20.34,31.08
2026-08-16,2026-08-15T10:46:12.678548+00:00,2026-08-15,2026-08-02,15,11.97,,23.73,31.56
2026-08-16,2026-08-15T10:46:12.678548+00:00,2026-08-15,2026-08-02,16,17.08,,20.09,47.93
2026-08-16,2026-08-15T10:46:12.678548+00:00,2026-08-15,2026-08-02,17,24.34,,11.55,56.58
2026-08-16,2026-08-15T10:46:12.678548+00:00,2026-08-15,2026-08-02,18,29.53,,20.81,54.17
2026-08-16,2026-08-15T10:46:12.678548+00:00,2026-08-15,2026-08-02,19,26.93,,24.34,82.18
2026-08-16,2026-08-15T10:46:12.678548+00:00,2026-08-15,2026-08-02,20,41.35,,9.29,45.78
2026-08-16,2026-08-15T10:46:12.678548+00:00,2026-08-15,2026-08-02,21,16.13,,18.48,32.23
2026-08-16,2026-08-15T10:46:12.678548+00:00,2026-08-15,2026-08-02,22,-1.41,,20.02,37.33
2026-08-16,2026-08-15T10:46:12.678548+00:00,2026-08-15,2026-08-02,23,-25.02,,9.67,36.8
2026-08-16,2026-08-15T10:46:12.678548+00:00,2026-08-15,2026-08-02,24,-24.09,,19.87,35.87
2026-08-17,2026-08-16T10:47:07.668182+00:00,2026-08-12,2026-08-13,1,2.65,-9.25,9.14,23.92
2026-08-17,2026-08-16T10:47:07.668182+00:00,2026-08-12,2026-08-13,2,2.49,-13.96,8.12,17.72
2026-08-17,2026-08-16T10:47:07.668182+00:00,2026-08-12,2026-08-13,3,2.98,7.1,-0.04,12.41
2026-08-17,2026-08-16T10:47:07.668182+00:00,2026-08-12,2026-08-13,4,2.15,3.54,1.41,10.86
2026-08-17,2026-08-16T10:47:07.668182+00:00,2026-08-12,2026-08-13,5,3.39,10.33,1.59,13.29
2026-08-17,2026-08-16T10:47:07.668182+00:00,2026-08-12,2026-08-13,6,3.39,5.26,8.94,12.32
2026-08-17,2026-08-16T10:47:07.668182+00:00,2026-08-12,2026-08-13,7,-21.88,13.93,2.82,10.19
2026-08-17,2026-08-16T10:47:07.668182+00:00,2026-08-12,2026-08-13,8,-15.13,33.17,8.77,14.25
2026-08-17,2026-08-16T10:47:07.668182+00:00,2026-08-12,2026-08-13,9,-24.91,24.61,18.91,17.19
2026-08-17,2026-08-16T10:47:07.668182+00:00,2026-08-12,2026-08-13,10,-15.49,51.4,26.34,18.31
2026-08-17,2026-08-16T10:47:07.668182+00:00,2026-08-12,2026-08-13,11,-9.29,41.24,46.07,43.74
2026-08-17,2026-08-16T10:47:07.668182+00:00,2026-08-12,2026-08-13,12,3.77,37.32,23.94,39.44
2026-08-17,2026-08-16T10:47:07.668182+00:00,2026-08-12,2026-08-13,13,6.45,47.3,6.06,28.68
2026-08-17,2026-08-16T10:47:07.668182+00:00,2026-08-12,2026-08-13,14,17.84,79.65,9.46,34.93
2026-08-17,2026-08-16T10:47:07.668182+00:00,2026-08-12,2026-08-13,15,23.99,72.81,17.47,38.38
2026-08-17,2026-08-16T10:47:07.668182+00:00,2026-08-12,2026-08-13,16,31.86,77.44,7.14,44.98
2026-08-17,2026-08-16T10:47:07.668182+00:00,2026-08-12,2026-08-13,17,12.75,61.49,15.15,51.66
2026-08-17,2026-08-16T10:47:07.668182+00:00,2026-08-12,2026-08-13,18,16.08,63.28,31.65,59.43
2026-08-17,2026-08-16T10:47:07.668182+00:00,2026-08-12,2026-08-13,19,23.54,46.55,32.76,86.25
2026-08-17,2026-08-16T10:47:07.668182+00:00,2026-08-12,2026-08-13,20,1.65,46.93,49.3,44.27
2026-08-17,2026-08-16T10:47:07.668182+00:00,2026-08-12,2026-08-13,21,17.42,61.06,25.44,33.99
2026-08-17,2026-08-16T10:47:07.668182+00:00,2026-08-12,2026-08-13,22,6.4,53.36,15.62,37.71
2026-08-17,2026-08-16T10:47:07.668182+00:00,2026-08-12,2026-08-13,23,-26.36,36.21,26.45,40.25
2026-08-17,2026-08-16T10:47:07.668182+00:00,2026-08-12,2026-08-13,24,-14.85,19.66,-8.88,33.95
2026-08-18,2026-08-17T10:55:55.723081+00:00,2026-08-12,2026-08-17,1,-14.47,-9.25,-14.35,19.06
2026-08-18,2026-08-17T10:55:55.723081+00:00,2026-08-12,2026-08-17,2,-6.93,-13.96,-5.36,13.65
2026-08-18,2026-08-17T10:55:55.723081+00:00,2026-08-12,2026-08-17,3,-4.5,7.1,-3.03,11.53
2026-08-18,2026-08-17T10:55:55.723081+00:00,2026-08-12,2026-08-17,4,-7.41,3.54,-1.93,11.73
2026-08-18,2026-08-17T10:55:55.723081+00:00,2026-08-12,2026-08-17,5,-4.97,10.33,2.49,10.32
2026-08-18,2026-08-17T10:55:55.723081+00:00,2026-08-12,2026-08-17,6,-27.82,5.26,-9.07,11.05
2026-08-18,2026-08-17T10:55:55.723081+00:00,2026-08-12,2026-08-17,7,-32.34,13.93,,10.41
2026-08-18,2026-08-17T10:55:55.723081+00:00,2026-08-12,2026-08-17,8,-13.53,33.17,,14.27
2026-08-18,2026-08-17T10:55:55.723081+00:00,2026-08-12,2026-08-17,9,0.28,24.61,,19.22
2026-08-18,2026-08-17T10:55:55.723081+00:00,2026-08-12,2026-08-17,10,30.29,51.4,,23.33
2026-08-18,2026-08-17T10:55:55.723081+00:00,2026-08-12,2026-08-17,11,22.49,41.24,,43.81
2026-08-18,2026-08-17T10:55:55.723081+00:00,2026-08-12,2026-08-17,12,-1.16,37.32,,38.62
2026-08-18,2026-08-17T10:55:55.723081+00:00,2026-08-12,2026-08-17,13,22.62,47.3,,31.43
2026-08-18,2026-08-17T10:55:55.723081+00:00,2026-08-12,2026-08-17,14,54.27,79.65,,30.41
2026-08-18,2026-08-17T10:55:55.723081+00:00,2026-08-12,2026-08-17,15,56.26,72.81,,35.23
2026-08-18,2026-08-17T10:55:55.723081+00:00,2026-08-12,2026-08-17,16,76.93,77.44,,43.5
2026-08-18,2026-08-17T10:55:55.723081+00:00,2026-08-12,2026-08-17,17,36.58,61.49,,50.07
2026-08-18,2026-08-17T10:55:55.723081+00:00,2026-08-12,2026-08-17,18,51.68,63.28,,50.64
2026-08-18,2026-08-17T10:55:55.723081+00:00,2026-08-12,2026-08-17,19,56.55,46.55,,79.89
2026-08-18,2026-08-17T10:55:55.723081+00:00,2026-08-12,2026-08-17,20,51.17,46.93,,46.31
2026-08-18,2026-08-17T10:55:55.723081+00:00,2026-08-12,2026-08-17,21,30.78,61.06,,35.86
2026-08-18,2026-08-17T10:55:55.723081+00:00,2026-08-12,2026-08-17,22,42.12,53.36,,34.68
2026-08-18,2026-08-17T10:55:55.723081+00:00,2026-08-12,2026-08-17,23,1.98,36.21,,33.89
2026-08-18,2026-08-17T10:55:55.723081+00:00,2026-08-12,2026-08-17,24,-23.97,19.66,,29.76
2026-08-19,2026-08-18T10:54:12.545696+00:00,2026-08-12,2026-08-13,1,5.5,-9.25,9.14,18.83
2026-08-19,2026-08-18T10:54:12.545696+00:00,2026-08-12,2026-08-13,2,5.02,-13.96,8.12,13.78
2026-08-19,2026-08-18T10:54:12.545696+00:00,2026-08-12,2026-08-13,3,6.75,7.1,-0.04,12.31
2026-08-19,2026-08-18T10:54:12.545696+00:00,2026-08-12,2026-08-13,4,-4.54,3.54,1.41,11.69
2026-08-19,2026-08-18T10:54:12.545696+00:00,2026-08-12,2026-08-13,5,-4.4,10.33,1.59,10.08
2026-08-19,2026-08-18T10:54:12.545696+00:00,2026-08-12,2026-08-13,6,-9.53,5.26,8.94,11.85
2026-08-19,2026-08-18T10:54:12.545696+00:00,2026-08-12,2026-08-13,7,7.38,13.93,2.82,13.47
2026-08-19,2026-08-18T10:54:12.545696+00:00,2026-08-12,2026-08-13,8,-18.16,33.17,8.77,16.61
2026-08-19,2026-08-18T10:54:12.545696+00:00,2026-08-12,2026-08-13,9,-9.49,24.61,18.91,20.57
2026-08-19,2026-08-18T10:54:12.545696+00:00,2026-08-12,2026-08-13,10,-9.08,51.4,26.34,24.71
2026-08-19,2026-08-18T10:54:12.545696+00:00,2026-08-12,2026-08-13,11,-37.8,41.24,46.07,47.47
2026-08-19,2026-08-18T10:54:12.545696+00:00,2026-08-12,2026-08-13,12,-30.01,37.32,23.94,36.6
2026-08-19,2026-08-18T10:54:12.545696+00:00,2026-08-12,2026-08-13,13,-12.02,47.3,6.06,29.19
2026-08-19,2026-08-18T10:54:12.545696+00:00,2026-08-12,2026-08-13,14,-8.58,79.65,9.46,29.07
2026-08-19,2026-08-18T10:54:12.545696+00:00,2026-08-12,2026-08-13,15,12.3,72.81,17.47,29.93
2026-08-19,2026-08-18T10:54:12.545696+00:00,2026-08-12,2026-08-13,16,29.37,77.44,7.14,43.08
2026-08-19,2026-08-18T10:54:12.545696+00:00,2026-08-12,2026-08-13,17,35.63,61.49,15.15,48.11
2026-08-19,2026-08-18T10:54:12.545696+00:00,2026-08-12,2026-08-13,18,15.35,63.28,31.65,44.7
2026-08-19,2026-08-18T10:54:12.545696+00:00,2026-08-12,2026-08-13,19,-6.27,46.55,32.76,67.38
2026-08-19,2026-08-18T10:54:12.545696+00:00,2026-08-12,2026-08-13,20,-36.84,46.93,49.3,31.93
2026-08-19,2026-08-18T10:54:12.545696+00:00,2026-08-12,2026-08-13,21,-2.79,61.06,25.44,43.8
2026-08-19,2026-08-18T10:54:12.545696+00:00,2026-08-12,2026-08-13,22,-8.94,53.36,15.62,36.39
2026-08-19,2026-08-18T10:54:12.545696+00:00,2026-08-12,2026-08-13,23,-5.71,36.21,26.45,32.04
2026-08-19,2026-08-18T10:54:12.545696+00:00,2026-08-12,2026-08-13,24,0.11,19.66,-8.88,31.07
2026-08-20,2026-08-19T10:54:02.115900+00:00,2026-08-14,2026-08-13,1,-3.17,-17.5,9.14,16.94
2026-08-20,2026-08-19T10:54:02.115900+00:00,2026-08-14,2026-08-13,2,-1.43,-18.94,8.12,10.85
2026-08-20,2026-08-19T10:54:02.115900+00:00,2026-08-14,2026-08-13,3,-9.41,-20.85,-0.04,11.71
2026-08-20,2026-08-19T10:54:02.115900+00:00,2026-08-14,2026-08-13,4,-2.17,-14.12,1.41,9.83
2026-08-20,2026-08-19T10:54:02.115900+00:00,2026-08-14,2026-08-13,5,-2.18,-19.11,1.59,9.03
2026-08-20,2026-08-19T10:54:02.115900+00:00,2026-08-14,2026-08-13,6,-2.18,-1.4,8.94,13.84
2026-08-20,2026-08-19T10:54:02.115900+00:00,2026-08-14,2026-08-13,7,17.65,3.62,2.82,16.28
2026-08-20,2026-08-19T10:54:02.115900+00:00,2026-08-14,2026-08-13,8,10.51,8.17,8.77,18.91
2026-08-20,2026-08-19T10:54:02.115900+00:00,2026-08-14,2026-08-13,9,15.16,17.63,18.91,19.62
2026-08-20,2026-08-19T10:54:02.115900+00:00,2026-08-14,2026-08-13,10,23.56,-27.97,26.34,25.05
2026-08-20,2026-08-19T10:54:02.115900+00:00,2026-08-14,2026-08-13,11,10.79,-16.22,46.07,50.73
2026-08-20,2026-08-19T10:54:02.115900+00:00,2026-08-14,2026-08-13,12,16.12,-77.75,23.94,36.8
2026-08-20,2026-08-19T10:54:02.115900+00:00,2026-08-14,2026-08-13,13,7.97,-12.24,6.06,25.68
2026-08-20,2026-08-19T10:54:02.115900+00:00,2026-08-14,2026-08-13,14,22.59,-8.2,9.46,31.51
2026-08-20,2026-08-19T10:54:02.115900+00:00,2026-08-14,2026-08-13,15,17.19,34.94,17.47,35.69
2026-08-20,2026-08-19T10:54:02.115900+00:00,2026-08-14,2026-08-13,16,14.76,45.46,7.14,48.06
2026-08-20,2026-08-19T10:54:02.115900+00:00,2026-08-14,2026-08-13,17,19.9,36.14,15.15,47.83
2026-08-20,2026-08-19T10:54:02.115900+00:00,2026-08-14,2026-08-13,18,-6.35,40.16,31.65,49.83
2026-08-20,2026-08-19T10:54:02.115900+00:00,2026-08-14,2026-08-13,19,18.05,32.88,32.76,78.18
2026-08-20,2026-08-19T10:54:02.115900+00:00,2026-08-14,2026-08-13,20,12.61,12.18,49.3,32.36
2026-08-20,2026-08-19T10:54:02.115900+00:00,2026-08-14,2026-08-13,21,15.61,21.54,25.44,40.39
2026-08-20,2026-08-19T10:54:02.115900+00:00,2026-08-14,2026-08-13,22,9.72,-16.82,15.62,33.02
2026-08-20,2026-08-19T10:54:02.115900+00:00,2026-08-14,2026-08-13,23,6.95,-23.22,26.45,28.86
2026-08-20,2026-08-19T10:54:02.115900+00:00,2026-08-14,2026-08-13,24,21.07,-24.22,-8.88,28.31
2026-08-21,2026-08-20T10:55:46.054090+00:00,2026-08-20,2026-07-23,1,2.27,3.85,8.85,18.01
2026-08-21,2026-08-20T10:55:46.054090+00:00,2026-08-20,2026-07-23,2,3.01,2.68,5.93,12.26
2026-08-21,2026-08-20T10:55:46.054090+00:00,2026-08-20,2026-07-23,3,2.16,0.57,-3.41,12.6
2026-08-21,2026-08-20T10:55:46.054090+00:00,2026-08-20,2026-07-23,4,1.5,1.33,0.13,9.71
2026-08-21,2026-08-20T10:55:46.054090+00:00,2026-08-20,2026-07-23,5,1.5,4.26,18.18,7.73
2026-08-21,2026-08-20T10:55:46.054090+00:00,2026-08-20,2026-07-23,6,0.77,13.52,27.14,13.12
2026-08-21,2026-08-20T10:55:46.054090+00:00,2026-08-20,2026-07-23,7,9.99,,25.97,15.39
2026-08-21,2026-08-20T10:55:46.054090+00:00,2026-08-20,2026-07-23,8,10.98,,10.43,15.88
2026-08-21,2026-08-20T10:55:46.054090+00:00,2026-08-20,2026-07-23,9,11.28,,7.34,19.17
2026-08-21,2026-08-20T10:55:46.054090+00:00,2026-08-20,2026-07-23,10,12.63,,13.46,29.16
2026-08-21,2026-08-20T10:55:46.054090+00:00,2026-08-20,2026-07-23,11,20.34,,13.07,24.49
2026-08-21,2026-08-20T10:55:46.054090+00:00,2026-08-20,2026-07-23,12,21.93,,3.93,33.5
2026-08-21,2026-08-20T10:55:46.054090+00:00,2026-08-20,2026-07-23,13,-6.12,,3.6,30.76
2026-08-21,2026-08-20T10:55:46.054090+00:00,2026-08-20,2026-07-23,14,0.14,,6.99,32.22
2026-08-21,2026-08-20T10:55:46.054090+00:00,2026-08-20,2026-07-23,15,15.61,,12.21,34.17
2026-08-21,2026-08-20T10:55:46.054090+00:00,2026-08-20,2026-07-23,16,13.84,,10.25,43.85
2026-08-21,2026-08-20T10:55:46.054090+00:00,2026-08-20,2026-07-23,17,17.44,,20.11,48.35
2026-08-21,2026-08-20T10:55:46.054090+00:00,2026-08-20,2026-07-23,18,24.19,,9.52,43.7
2026-08-21,2026-08-20T10:55:46.054090+00:00,2026-08-20,2026-07-23,19,37.03,,5.34,68.05
2026-08-21,2026-08-20T10:55:46.054090+00:00,2026-08-20,2026-07-23,20,42.88,,5.77,32.01
2026-08-21,2026-08-20T10:55:46.054090+00:00,2026-08-20,2026-07-23,21,19.09,,4.18,36.34
2026-08-21,2026-08-20T10:55:46.054090+00:00,2026-08-20,2026-07-23,22,14.87,,-1.32,33.3
2026-08-21,2026-08-20T10:55:46.054090+00:00,2026-08-20,2026-07-23,23,13.84,,8.95,31.15
2026-08-21,2026-08-20T10:55:46.054090+00:00,2026-08-20,2026-07-23,24,11.25,,14.98,30.47
2026-08-22,2026-08-21T10:55:56.141266+00:00,2026-08-15,2026-08-16,1,2.71,0.34,9.74,18.2
2026-08-22,2026-08-21T10:55:56.141266+00:00,2026-08-15,2026-08-16,2,4.16,-23.83,8.09,11.61
2026-08-22,2026-08-21T10:55:56.141266+00:00,2026-08-15,2026-08-16,3,4.16,-11.96,6.12,12.36
2026-08-22,2026-08-21T10:55:56.141266+00:00,2026-08-15,2026-08-16,4,4.94,-13.13,4.12,8.26
2026-08-22,2026-08-21T10:55:56.141266+00:00,2026-08-15,2026-08-16,5,2.19,-9.58,8.48,10.12
2026-08-22,2026-08-21T10:55:56.141266+00:00,2026-08-15,2026-08-16,6,-1.14,-3.85,11.98,14.94
2026-08-22,2026-08-21T10:55:56.141266+00:00,2026-08-15,2026-08-16,7,11.97,-5.44,17.33,15.63
2026-08-22,2026-08-21T10:55:56.141266+00:00,2026-08-15,2026-08-16,8,20.6,2.3,5.24,16.33
2026-08-22,2026-08-21T10:55:56.141266+00:00,2026-08-15,2026-08-16,9,19.13,-7.32,7.14,18.28
2026-08-22,2026-08-21T10:55:56.141266+00:00,2026-08-15,2026-08-16,10,18.66,-5.25,9.53,23.63
2026-08-22,2026-08-21T10:55:56.141266+00:00,2026-08-15,2026-08-16,11,24.07,-41.52,3.6,27.65
2026-08-22,2026-08-21T10:55:56.141266+00:00,2026-08-15,2026-08-16,12,18.89,-36.66,15.87,36.33
2026-08-22,2026-08-21T10:55:56.141266+00:00,2026-08-15,2026-08-16,13,16.91,-21.11,29.03,22.81
2026-08-22,2026-08-21T10:55:56.141266+00:00,2026-08-15,2026-08-16,14,19.56,-8.71,23.9,29.73
2026-08-22,2026-08-21T10:55:56.141266+00:00,2026-08-15,2026-08-16,15,11.24,-8.98,9.29,38.45
2026-08-22,2026-08-21T10:55:56.141266+00:00,2026-08-15,2026-08-16,16,19.03,-2.51,-57.42,51.65
2026-08-22,2026-08-21T10:55:56.141266+00:00,2026-08-15,2026-08-16,17,20.26,-5.93,-52.63,58.37
2026-08-22,2026-08-21T10:55:56.141266+00:00,2026-08-15,2026-08-16,18,20.13,-5.84,-2.03,50.64
2026-08-22,2026-08-21T10:55:56.141266+00:00,2026-08-15,2026-08-16,19,25.76,-6.18,-9.09,71.29
2026-08-22,2026-08-21T10:55:56.141266+00:00,2026-08-15,2026-08-16,20,22.9,7.28,-65.95,28.67
2026-08-22,2026-08-21T10:55:56.141266+00:00,2026-08-15,2026-08-16,21,21.89,10.23,-140.72,39.51
2026-08-22,2026-08-21T10:55:56.141266+00:00,2026-08-15,2026-08-16,22,20.38,19.63,-81.85,35.09
2026-08-22,2026-08-21T10:55:56.141266+00:00,2026-08-15,2026-08-16,23,23.57,7.59,-35.22,32.02
2026-08-22,2026-08-21T10:55:56.141266+00:00,2026-08-15,2026-08-16,24,21.23,7.78,-5.02,31.21
2026-08-23,2026-08-22T10:47:45.582421+00:00,2026-07-18,2026-08-22,1,7.02,6.81,4.08,14.77
2026-08-23,2026-08-22T10:47:45.582421+00:00,2026-07-18,2026-08-22,2,7.41,1.21,3.0,11.45
2026-08-23,2026-08-22T10:47:45.582421+00:00,2026-07-18,2026-08-22,3,3.05,9.53,2.08,11.56
2026-08-23,2026-08-22T10:47:45.582421+00:00,2026-07-18,2026-08-22,4,7.26,-6.7,0.56,9.08
2026-08-23,2026-08-22T10:47:45.582421+00:00,2026-07-18,2026-08-22,5,8.09,-11.7,-3.13,8.32
2026-08-23,2026-08-22T10:47:45.582421+00:00,2026-07-18,2026-08-22,6,8.09,-17.92,-0.44,15.64
2026-08-23,2026-08-22T10:47:45.582421+00:00,2026-07-18,2026-08-22,7,28.43,-5.67,,14.79
2026-08-23,2026-08-22T10:47:45.582421+00:00,2026-07-18,2026-08-22,8,27.65,-6.73,,12.98
2026-08-23,2026-08-22T10:47:45.582421+00:00,2026-07-18,2026-08-22,9,26.4,-10.9,,18.74
2026-08-23,2026-08-22T10:47:45.582421+00:00,2026-07-18,2026-08-22,10,23.59,-0.75,,23.32
2026-08-23,2026-08-22T10:47:45.582421+00:00,2026-07-18,2026-08-22,11,23.85,7.58,,23.8
2026-08-23,2026-08-22T10:47:45.582421+00:00,2026-07-18,2026-08-22,12,16.54,23.38,,35.9
2026-08-23,2026-08-22T10:47:45.582421+00:00,2026-07-18,2026-08-22,13,12.01,11.31,,26.22
2026-08-23,2026-08-22T10:47:45.582421+00:00,2026-07-18,2026-08-22,14,18.72,4.56,,30.41
2026-08-23,2026-08-22T10:47:45.582421+00:00,2026-07-18,2026-08-22,15,22.34,-1.1,,34.04
2026-08-23,2026-08-22T10:47:45.582421+00:00,2026-07-18,2026-08-22,16,24.63,10.01,,46.31
2026-08-23,2026-08-22T10:47:45.582421+00:00,2026-07-18,2026-08-22,17,22.38,14.28,,44.57
2026-08-23,2026-08-22T10:47:45.582421+00:00,2026-07-18,2026-08-22,18,33.18,20.03,,42.15
2026-08-23,2026-08-22T10:47:45.582421+00:00,2026-07-18,2026-08-22,19,37.46,13.56,,60.21
2026-08-23,2026-08-22T10:47:45.582421+00:00,2026-07-18,2026-08-22,20,21.32,15.17,,29.69
2026-08-23,2026-08-22T10:47:45.582421+00:00,2026-07-18,2026-08-22,21,21.04,4.73,,38.52
2026-08-23,2026-08-22T10:47:45.582421+00:00,2026-07-18,2026-08-22,22,12.64,5.61,,32.57
2026-08-23,2026-08-22T10:47:45.582421+00:00,2026-07-18,2026-08-22,23,24.64,5.77,,28.06
2026-08-23,2026-08-22T10:47:45.582421+00:00,2026-07-18,2026-08-22,24,28.9,13.04,,29.42
2026-08-24,2026-08-25T00:20:43.642804+00:00,2025-09-04,2025-06-05,1,-0.16,-3.99,8.97,17.33
2026-08-24,2026-08-25T00:20:43.642804+00:00,2025-09-04,2025-06-05,2,-0.16,-2.68,-8.61,11.72
2026-08-24,2026-08-25T00:20:43.642804+00:00,2025-09-04,2025-06-05,3,-0.16,-9.14,-9.8,11.6
2026-08-24,2026-08-25T00:20:43.642804+00:00,2025-09-04,2025-06-05,4,-0.16,-9.87,-4.64,7.52
2026-08-24,2026-08-25T00:20:43.642804+00:00,2025-09-04,2025-06-05,5,-0.54,-6.72,20.3,9.08
2026-08-24,2026-08-25T00:20:43.642804+00:00,2025-09-04,2025-06-05,6,-0.54,0.76,13.49,11.25
2026-08-24,2026-08-25T00:20:43.642804+00:00,2025-09-04,2025-06-05,7,-0.54,-185.94,1.72,13.8
2026-08-24,2026-08-25T00:20:43.642804+00:00,2025-09-04,2025-06-05,8,-0.54,-118.84,4.77,16.62
2026-08-24,2026-08-25T00:20:43.642804+00:00,2025-09-04,2025-06-05,9,-0.83,-16.08,14.03,19.12
2026-08-24,2026-08-25T00:20:43.642804+00:00,2025-09-04,2025-06-05,10,-21.11,0.13,2.4,28.12
2026-08-24,2026-08-25T00:20:43.642804+00:00,2025-09-04,2025-06-05,11,-0.88,3.37,-4.02,29.68
2026-08-24,2026-08-25T00:20:43.642804+00:00,2025-09-04,2025-06-05,12,1.28,-0.48,-25.03,37.7
2026-08-24,2026-08-25T00:20:43.642804+00:00,2025-09-04,2025-06-05,13,4.22,-9.11,-22.27,26.82
2026-08-24,2026-08-25T00:20:43.642804+00:00,2025-09-04,2025-06-05,14,4.22,-27.28,-101.23,29.68
2026-08-24,2026-08-25T00:20:43.642804+00:00,2025-09-04,2025-06-05,15,4.22,-10.28,-12.68,30.25
2026-08-24,2026-08-25T00:20:43.642804+00:00,2025-09-04,2025-06-05,16,3.71,-19.18,7.54,36.93
2026-08-24,2026-08-25T00:20:43.642804+00:00,2025-09-04,2025-06-05,17,3.79,-32.6,28.77,39.55
2026-08-24,2026-08-25T00:20:43.642804+00:00,2025-09-04,2025-06-05,18,2.44,-53.13,30.24,37.65
2026-08-24,2026-08-25T00:20:43.642804+00:00,2025-09-04,2025-06-05,19,3.58,-94.86,41.24,65.15
2026-08-24,2026-08-25T00:20:43.642804+00:00,2025-09-04,2025-06-05,20,3.58,-17.51,31.04,35.66
2026-08-24,2026-08-25T00:20:43.642804+00:00,2025-09-04,2025-06-05,21,3.58,7.68,10.32,41.73
2026-08-24,2026-08-25T00:20:43.642804+00:00,2025-09-04,2025-06-05,22,4.01,7.27,-4.46,36.18
2026-08-24,2026-08-25T00:20:43.642804+00:00,2025-09-04,2025-06-05,23,4.38,12.02,6.44,24.71
2026-08-24,2026-08-25T00:20:43.642804+00:00,2025-09-04,2025-06-05,24,4.38,9.83,11.42,29.11
2026-08-25,2026-08-25T02:12:17.699325+00:00,2025-09-26,2025-09-25,1,0.31,9.96,10.51,17.77
2026-08-25,2026-08-25T02:12:17.699325+00:00,2025-09-26,2025-09-25,2,0.31,9.09,9.29,12.4
2026-08-25,2026-08-25T02:12:17.699325+00:00,2025-09-26,2025-09-25,3,0.31,5.43,7.75,11.64
2026-08-25,2026-08-25T02:12:17.699325+00:00,2025-09-26,2025-09-25,4,0.31,10.69,8.18,8.31
2026-08-25,2026-08-25T02:12:17.699325+00:00,2025-09-26,2025-09-25,5,-0.02,5.65,3.17,10.26
2026-08-25,2026-08-25T02:12:17.699325+00:00,2025-09-26,2025-09-25,6,-0.02,11.77,1.02,12.19
2026-08-25,2026-08-25T02:12:17.699325+00:00,2025-09-26,2025-09-25,7,-0.02,-10.01,-69.77,14.56
2026-08-25,2026-08-25T02:12:17.699325+00:00,2025-09-26,2025-09-25,8,-0.02,1.76,-152.17,15.41
2026-08-25,2026-08-25T02:12:17.699325+00:00,2025-09-26,2025-09-25,9,-0.02,47.36,-101.3,17.33
2026-08-25,2026-08-25T02:12:17.699325+00:00,2025-09-26,2025-09-25,10,-0.02,31.05,-3.11,23.36
2026-08-25,2026-08-25T02:12:17.699325+00:00,2025-09-26,2025-09-25,11,-0.02,25.92,17.24,25.99
2026-08-25,2026-08-25T02:12:17.699325+00:00,2025-09-26,2025-09-25,12,-0.45,45.84,-6.47,36.43
2026-08-25,2026-08-25T02:12:17.699325+00:00,2025-09-26,2025-09-25,13,-0.45,55.2,27.27,22.53
2026-08-25,2026-08-25T02:12:17.699325+00:00,2025-09-26,2025-09-25,14,-0.45,61.29,30.6,27.41
2026-08-25,2026-08-25T02:12:17.699325+00:00,2025-09-26,2025-09-25,15,-0.45,62.19,-217.08,25.61
2026-08-25,2026-08-25T02:12:17.699325+00:00,2025-09-26,2025-09-25,16,-0.45,45.97,42.79,36.95
2026-08-25,2026-08-25T02:12:17.699325+00:00,2025-09-26,2025-09-25,17,8.78,63.93,63.74,39.96
2026-08-25,2026-08-25T02:12:17.699325+00:00,2025-09-26,2025-09-25,18,8.78,45.19,34.29,38.43
2026-08-25,2026-08-25T02:12:17.699325+00:00,2025-09-26,2025-09-25,19,11.6,66.41,-60.81,63.9
2026-08-25,2026-08-25T02:12:17.699325+00:00,2025-09-26,2025-09-25,20,3.8,51.47,0.42,35.53
2026-08-25,2026-08-25T02:12:17.699325+00:00,2025-09-26,2025-09-25,21,-5.42,31.66,19.57,37.37
2026-08-25,2026-08-25T02:12:17.699325+00:00,2025-09-26,2025-09-25,22,-5.42,-6.95,-3.26,32.63
2026-08-25,2026-08-25T02:12:17.699325+00:00,2025-09-26,2025-09-25,23,-4.67,3.8,-4.18,25.74
2026-08-25,2026-08-25T02:12:17.699325+00:00,2025-09-26,2025-09-25,24,-4.67,12.11,7.07,29.17
2026-08-26,2026-08-25T10:58:06.157198+00:00,2026-08-20,2026-08-12,1,0.78,3.85,-9.25,17.37
2026-08-26,2026-08-25T10:58:06.157198+00:00,2026-08-20,2026-08-12,2,0.78,2.68,-13.96,13.45
2026-08-26,2026-08-25T10:58:06.157198+00:00,2026-08-20,2026-08-12,3,0.78,0.57,7.1,11.55
2026-08-26,2026-08-25T10:58:06.157198+00:00,2026-08-20,2026-08-12,4,0.78,1.33,3.54,8.21
2026-08-26,2026-08-25T10:58:06.157198+00:00,2026-08-20,2026-08-12,5,0.26,4.26,10.33,10.36
2026-08-26,2026-08-25T10:58:06.157198+00:00,2026-08-20,2026-08-12,6,0.26,13.58,5.26,13.57
2026-08-26,2026-08-25T10:58:06.157198+00:00,2026-08-20,2026-08-12,7,3.49,10.05,13.93,16.16
2026-08-26,2026-08-25T10:58:06.157198+00:00,2026-08-20,2026-08-12,8,3.49,4.4,33.17,17.3
2026-08-26,2026-08-25T10:58:06.157198+00:00,2026-08-20,2026-08-12,9,3.49,1.35,24.61,19.27
2026-08-26,2026-08-25T10:58:06.157198+00:00,2026-08-20,2026-08-12,10,3.49,11.92,51.4,26.92
2026-08-26,2026-08-25T10:58:06.157198+00:00,2026-08-20,2026-08-12,11,4.75,12.19,41.24,27.71
2026-08-26,2026-08-25T10:58:06.157198+00:00,2026-08-20,2026-08-12,12,4.75,11.22,37.32,34.68
2026-08-26,2026-08-25T10:58:06.157198+00:00,2026-08-20,2026-08-12,13,4.75,-5.58,47.3,24.99
2026-08-26,2026-08-25T10:58:06.157198+00:00,2026-08-20,2026-08-12,14,3.53,-7.18,79.65,28.92
2026-08-26,2026-08-25T10:58:06.157198+00:00,2026-08-20,2026-08-12,15,2.96,-0.3,72.81,27.55
2026-08-26,2026-08-25T10:58:06.157198+00:00,2026-08-20,2026-08-12,16,3.89,26.39,77.44,36.41
2026-08-26,2026-08-25T10:58:06.157198+00:00,2026-08-20,2026-08-12,17,4.34,10.82,61.49,39.74
2026-08-26,2026-08-25T10:58:06.157198+00:00,2026-08-20,2026-08-12,18,15.8,-1.5,63.28,41.91
2026-08-26,2026-08-25T10:58:06.157198+00:00,2026-08-20,2026-08-12,19,15.8,-55.21,46.55,66.18
2026-08-26,2026-08-25T10:58:06.157198+00:00,2026-08-20,2026-08-12,20,5.68,-7.59,46.93,38.74
2026-08-26,2026-08-25T10:58:06.157198+00:00,2026-08-20,2026-08-12,21,2.81,20.65,61.06,38.23
2026-08-26,2026-08-25T10:58:06.157198+00:00,2026-08-20,2026-08-12,22,3.49,1.08,53.36,33.1
2026-08-26,2026-08-25T10:58:06.157198+00:00,2026-08-20,2026-08-12,23,3.68,-3.05,36.21,25.39
2026-08-26,2026-08-25T10:58:06.157198+00:00,2026-08-20,2026-08-12,24,4.02,-22.56,19.66,30.17
2026-08-27,2026-08-26T10:59:57.442845+00:00,2026-06-22,2025-10-07,1,0.93,-0.02,6.13,17.55
2026-08-27,2026-08-26T10:59:57.442845+00:00,2026-06-22,2025-10-07,2,0.93,-1.83,3.74,10.76
2026-08-27,2026-08-26T10:59:57.442845+00:00,2026-06-22,2025-10-07,3,0.93,-6.01,5.78,10.96
2026-08-27,2026-08-26T10:59:57.442845+00:00,2026-06-22,2025-10-07,4,0.93,-8.63,0.17,6.78
2026-08-27,2026-08-26T10:59:57.442845+00:00,2026-06-22,2025-10-07,5,0.57,-8.05,-2.98,8.76
2026-08-27,2026-08-26T10:59:57.442845+00:00,2026-06-22,2025-10-07,6,0.57,-19.83,-26.23,11.36
2026-08-27,2026-08-26T10:59:57.442845+00:00,2026-06-22,2025-10-07,7,4.28,-30.97,-264.93,14.39
2026-08-27,2026-08-26T10:59:57.442845+00:00,2026-06-22,2025-10-07,8,4.28,-37.28,-245.14,16.76
2026-08-27,2026-08-26T10:59:57.442845+00:00,2026-06-22,2025-10-07,9,3.65,-21.09,-82.86,19.09
2026-08-27,2026-08-26T10:59:57.442845+00:00,2026-06-22,2025-10-07,10,3.65,-11.3,-139.09,26.7
2026-08-27,2026-08-26T10:59:57.442845+00:00,2026-06-22,2025-10-07,11,2.83,-24.32,-161.7,28.33
2026-08-27,2026-08-26T10:59:57.442845+00:00,2026-06-22,2025-10-07,12,2.23,-18.8,-149.97,34.72
2026-08-27,2026-08-26T10:59:57.442845+00:00,2026-06-22,2025-10-07,13,2.83,-35.34,-359.21,24.31
2026-08-27,2026-08-26T10:59:57.442845+00:00,2026-06-22,2025-10-07,14,2.34,-37.97,-224.69,27.19
2026-08-27,2026-08-26T10:59:57.442845+00:00,2026-06-22,2025-10-07,15,4.53,-33.2,25.52,27.49
2026-08-27,2026-08-26T10:59:57.442845+00:00,2026-06-22,2025-10-07,16,6.65,-28.73,53.76,37.59
2026-08-27,2026-08-26T10:59:57.442845+00:00,2026-06-22,2025-10-07,17,-3.87,-25.38,66.92,40.02
2026-08-27,2026-08-26T10:59:57.442845+00:00,2026-06-22,2025-10-07,18,19.63,-10.76,76.46,36.45
2026-08-27,2026-08-26T10:59:57.442845+00:00,2026-06-22,2025-10-07,19,19.63,-19.0,66.18,59.39
2026-08-27,2026-08-26T10:59:57.442845+00:00,2026-06-22,2025-10-07,20,17.44,14.25,30.53,37.14
2026-08-27,2026-08-26T10:59:57.442845+00:00,2026-06-22,2025-10-07,21,3.65,11.06,24.71,41.04
2026-08-27,2026-08-26T10:59:57.442845+00:00,2026-06-22,2025-10-07,22,3.65,-2.35,7.63,34.6
2026-08-27,2026-08-26T10:59:57.442845+00:00,2026-06-22,2025-10-07,23,4.11,0.73,-1.75,23.62
2026-08-27,2026-08-26T10:59:57.442845+00:00,2026-06-22,2025-10-07,24,5.53,8.92,-8.94,29.53
2026-08-28,2026-08-27T13:55:31.895241+00:00,2025-08-04,2025-09-24,1,1.31,23.38,6.31,16.61
2026-08-28,2026-08-27T13:55:31.895241+00:00,2025-08-04,2025-09-24,2,1.31,8.16,8.17,11.85
2026-08-28,2026-08-27T13:55:31.895241+00:00,2025-08-04,2025-09-24,3,1.31,4.28,7.14,11.65
2026-08-28,2026-08-27T13:55:31.895241+00:00,2025-08-04,2025-09-24,4,1.31,2.32,2.38,7.65
2026-08-28,2026-08-27T13:55:31.895241+00:00,2025-08-04,2025-09-24,5,1.31,3.83,5.59,8.33
2026-08-28,2026-08-27T13:55:31.895241+00:00,2025-08-04,2025-09-24,6,-1.96,0.59,21.5,14.55
2026-08-28,2026-08-27T13:55:31.895241+00:00,2025-08-04,2025-09-24,7,-0.62,1.1,-9.47,14.99
2026-08-28,2026-08-27T13:55:31.895241+00:00,2025-08-04,2025-09-24,8,-1.57,6.31,31.2,17.77
2026-08-28,2026-08-27T13:55:31.895241+00:00,2025-08-04,2025-09-24,9,-1.19,-4.3,5.53,18.32
2026-08-28,2026-08-27T13:55:31.895241+00:00,2025-08-04,2025-09-24,10,4.03,-17.77,54.33,25.52
2026-08-28,2026-08-27T13:55:31.895241+00:00,2025-08-04,2025-09-24,11,7.48,-8.6,53.4,26.16
2026-08-28,2026-08-27T13:55:31.895241+00:00,2025-08-04,2025-09-24,12,4.03,2.26,62.27,34.46
2026-08-28,2026-08-27T13:55:31.895241+00:00,2025-08-04,2025-09-24,13,7.12,-22.87,68.76,20.53
2026-08-28,2026-08-27T13:55:31.895241+00:00,2025-08-04,2025-09-24,14,7.12,-13.61,75.3,26.68
2026-08-28,2026-08-27T13:55:31.895241+00:00,2025-08-04,2025-09-24,15,7.12,-20.84,73.86,28.3
2026-08-28,2026-08-27T13:55:31.895241+00:00,2025-08-04,2025-09-24,16,7.12,-116.36,77.74,33.82
2026-08-28,2026-08-27T13:55:31.895241+00:00,2025-08-04,2025-09-24,17,7.12,-216.7,86.4,40.93
2026-08-28,2026-08-27T13:55:31.895241+00:00,2025-08-04,2025-09-24,18,9.01,-36.6,67.97,38.28
2026-08-28,2026-08-27T13:55:31.895241+00:00,2025-08-04,2025-09-24,19,16.25,2.35,72.1,58.61
2026-08-28,2026-08-27T13:55:31.895241+00:00,2025-08-04,2025-09-24,20,16.25,44.85,81.3,36.84
2026-08-28,2026-08-27T13:55:31.895241+00:00,2025-08-04,2025-09-24,21,7.69,39.25,37.62,37.65
2026-08-28,2026-08-27T13:55:31.895241+00:00,2025-08-04,2025-09-24,22,-4.87,23.14,-44.19,30.21
2026-08-28,2026-08-27T13:55:31.895241+00:00,2025-08-04,2025-09-24,23,8.05,3.89,-42.8,23.98
2026-08-28,2026-08-27T13:55:31.895241+00:00,2025-08-04,2025-09-24,24,8.05,6.87,1.03,27.31
2026-08-29,2026-08-28T13:54:32.928950+00:00,2026-06-07,2025-09-14,1,0.21,-0.09,3.69,12.4
2026-08-29,2026-08-28T13:54:32.928950+00:00,2026-06-07,2025-09-14,2,0.21,-8.31,-2.53,9.43
2026-08-29,2026-08-28T13:54:32.928950+00:00,2026-06-07,2025-09-14,3,0.21,-21.1,-6.14,9.46
2026-08-29,2026-08-28T13:54:32.928950+00:00,2026-06-07,2025-09-14,4,0.21,-12.34,-1.0,5.83
2026-08-29,2026-08-28T13:54:32.928950+00:00,2026-06-07,2025-09-14,5,-0.12,-3.18,4.83,7.04
2026-08-29,2026-08-28T13:54:32.928950+00:00,2026-06-07,2025-09-14,6,-0.12,-6.43,-1.12,11.67
2026-08-29,2026-08-28T13:54:32.928950+00:00,2026-06-07,2025-09-14,7,-0.12,7.03,-6.03,14.48
2026-08-29,2026-08-28T13:54:32.928950+00:00,2026-06-07,2025-09-14,8,-0.12,-2.41,6.25,17.14
2026-08-29,2026-08-28T13:54:32.928950+00:00,2026-06-07,2025-09-14,9,-0.12,2.85,13.14,18.59
2026-08-29,2026-08-28T13:54:32.928950+00:00,2026-06-07,2025-09-14,10,4.72,-0.83,4.69,25.26
2026-08-29,2026-08-28T13:54:32.928950+00:00,2026-06-07,2025-09-14,11,4.72,2.96,2.41,26.58
2026-08-29,2026-08-28T13:54:32.928950+00:00,2026-06-07,2025-09-14,12,4.72,2.51,-4.55,27.27
2026-08-29,2026-08-28T13:54:32.928950+00:00,2026-06-07,2025-09-14,13,4.34,7.85,-7.49,21.07
2026-08-29,2026-08-28T13:54:32.928950+00:00,2026-06-07,2025-09-14,14,4.34,22.54,-0.42,26.74
2026-08-29,2026-08-28T13:54:32.928950+00:00,2026-06-07,2025-09-14,15,3.71,9.11,8.37,28.16
2026-08-29,2026-08-28T13:54:32.928950+00:00,2026-06-07,2025-09-14,16,3.71,6.96,7.7,31.28
2026-08-29,2026-08-28T13:54:32.928950+00:00,2026-06-07,2025-09-14,17,3.71,12.56,-58.07,39.56
2026-08-29,2026-08-28T13:54:32.928950+00:00,2026-06-07,2025-09-14,18,3.71,20.91,40.0,35.57
2026-08-29,2026-08-28T13:54:32.928950+00:00,2026-06-07,2025-09-14,19,3.71,27.17,36.96,57.0
2026-08-29,2026-08-28T13:54:32.928950+00:00,2026-06-07,2025-09-14,20,3.71,19.26,20.87,37.37
2026-08-29,2026-08-28T13:54:32.928950+00:00,2026-06-07,2025-09-14,21,3.05,31.83,-3.02,36.98
2026-08-29,2026-08-28T13:54:32.928950+00:00,2026-06-07,2025-09-14,22,3.43,27.78,16.2,26.19
2026-08-29,2026-08-28T13:54:32.928950+00:00,2026-06-07,2025-09-14,23,5.05,23.23,15.77,17.31
2026-08-29,2026-08-28T13:54:32.928950+00:00,2026-06-07,2025-09-14,24,5.05,20.01,12.92,22.89
2026-08-30,2026-08-29T15:12:21.695168+00:00,2025-07-20,2026-08-29,1,0.52,7.13,15.42,9.83
2026-08-30,2026-08-29T15:12:21.695168+00:00,2025-07-20,2026-08-29,2,0.52,-0.18,6.0,9.67
2026-08-30,2026-08-29T15:12:21.695168+00:00,2025-07-20,2026-08-29,3,0.52,-0.08,9.36,10.72
2026-08-30,2026-08-29T15:12:21.695168+00:00,2025-07-20,2026-08-29,4,0.77,-2.37,13.98,6.78
2026-08-30,2026-08-29T15:12:21.695168+00:00,2025-07-20,2026-08-29,5,1.52,-2.63,23.37,9.13
2026-08-30,2026-08-29T15:12:21.695168+00:00,2025-07-20,2026-08-29,6,0.51,3.52,13.9,14.21
2026-08-30,2026-08-29T15:12:21.695168+00:00,2025-07-20,2026-08-29,7,-0.04,-0.86,11.6,16.53
2026-08-30,2026-08-29T15:12:21.695168+00:00,2025-07-20,2026-08-29,8,0.32,-13.19,18.98,17.94
2026-08-30,2026-08-29T15:12:21.695168+00:00,2025-07-20,2026-08-29,9,-0.4,-78.32,9.16,16.14
2026-08-30,2026-08-29T15:12:21.695168+00:00,2025-07-20,2026-08-29,10,0.61,-12.62,27.61,24.41
2026-08-30,2026-08-29T15:12:21.695168+00:00,2025-07-20,2026-08-29,11,0.32,-40.95,26.06,25.35
2026-08-30,2026-08-29T15:12:21.695168+00:00,2025-07-20,2026-08-29,12,5.94,2.27,,23.93
2026-08-30,2026-08-29T15:12:21.695168+00:00,2025-07-20,2026-08-29,13,3.99,-47.57,,22.53
2026-08-30,2026-08-29T15:12:21.695168+00:00,2025-07-20,2026-08-29,14,5.98,0.51,,27.57
2026-08-30,2026-08-29T15:12:21.695168+00:00,2025-07-20,2026-08-29,15,5.27,-11.48,,24.54
2026-08-30,2026-08-29T15:12:21.695168+00:00,2025-07-20,2026-08-29,16,6.95,-7.27,,28.94
2026-08-30,2026-08-29T15:12:21.695168+00:00,2025-07-20,2026-08-29,17,6.95,14.62,,33.49
2026-08-30,2026-08-29T15:12:21.695168+00:00,2025-07-20,2026-08-29,18,7.46,65.54,,30.52
2026-08-30,2026-08-29T15:12:21.695168+00:00,2025-07-20,2026-08-29,19,-12.21,26.27,,43.97
2026-08-30,2026-08-29T15:12:21.695168+00:00,2025-07-20,2026-08-29,20,-11.55,-1.29,,35.31
2026-08-30,2026-08-29T15:12:21.695168+00:00,2025-07-20,2026-08-29,21,-11.55,-2.83,,30.07
2026-08-30,2026-08-29T15:12:21.695168+00:00,2025-07-20,2026-08-29,22,-11.48,-14.54,,23.06
2026-08-30,2026-08-29T15:12:21.695168+00:00,2025-07-20,2026-08-29,23,-10.16,11.33,,17.53
2026-08-30,2026-08-29T15:12:21.695168+00:00,2025-07-20,2026-08-29,24,-10.16,14.42,,18.33
2026-08-31,2026-08-30T14:57:14.707612+00:00,2026-08-27,2026-08-19,1,4.53,5.28,-2.8,8.94
2026-08-31,2026-08-30T14:57:14.707612+00:00,2026-08-27,2026-08-19,2,4.08,0.41,-7.48,8.24
2026-08-31,2026-08-30T14:57:14.707612+00:00,2026-08-27,2026-08-19,3,3.62,0.51,-24.36,9.18
2026-08-31,2026-08-30T14:57:14.707612+00:00,2026-08-27,2026-08-19,4,1.79,-0.62,-4.26,5.38
2026-08-31,2026-08-30T14:57:14.707612+00:00,2026-08-27,2026-08-19,5,2.11,-2.7,2.35,7.67
2026-08-31,2026-08-30T14:57:14.707612+00:00,2026-08-27,2026-08-19,6,1.12,-30.17,12.09,12.96
2026-08-31,2026-08-30T14:57:14.707612+00:00,2026-08-27,2026-08-19,7,-1.23,-17.2,22.83,14.86
2026-08-31,2026-08-30T14:57:14.707612+00:00,2026-08-27,2026-08-19,8,-2.77,-41.78,6.8,18.48
2026-08-31,2026-08-30T14:57:14.707612+00:00,2026-08-27,2026-08-19,9,-7.48,-13.51,-18.92,16.24
2026-08-31,2026-08-30T14:57:14.707612+00:00,2026-08-27,2026-08-19,10,-6.83,-7.77,-8.5,21.83
2026-08-31,2026-08-30T14:57:14.707612+00:00,2026-08-27,2026-08-19,11,-1.26,-20.87,6.05,24.18
2026-08-31,2026-08-30T14:57:14.707612+00:00,2026-08-27,2026-08-19,12,-12.93,-19.35,12.24,22.55
2026-08-31,2026-08-30T14:57:14.707612+00:00,2026-08-27,2026-08-19,13,-5.39,9.43,3.98,21.41
2026-08-31,2026-08-30T14:57:14.707612+00:00,2026-08-27,2026-08-19,14,-2.3,7.57,-19.25,26.84
2026-08-31,2026-08-30T14:57:14.707612+00:00,2026-08-27,2026-08-19,15,-14.13,6.38,8.98,25.08
2026-08-31,2026-08-30T14:57:14.707612+00:00,2026-08-27,2026-08-19,16,-10.27,0.23,-12.35,23.91
2026-08-31,2026-08-30T14:57:14.707612+00:00,2026-08-27,2026-08-19,17,8.9,19.73,10.98,29.26
2026-08-31,2026-08-30T14:57:14.707612+00:00,2026-08-27,2026-08-19,18,8.9,31.75,11.22,27.5
2026-08-31,2026-08-30T14:57:14.707612+00:00,2026-08-27,2026-08-19,19,11.7,60.66,29.28,41.03
2026-08-31,2026-08-30T14:57:14.707612+00:00,2026-08-27,2026-08-19,20,2.22,38.6,8.24,31.56
2026-08-31,2026-08-30T14:57:14.707612+00:00,2026-08-27,2026-08-19,21,-16.91,21.53,46.87,24.63
2026-08-31,2026-08-30T14:57:14.707612+00:00,2026-08-27,2026-08-19,22,-10.46,29.26,45.36,20.74
2026-08-31,2026-08-30T14:57:14.707612+00:00,2026-08-27,2026-08-19,23,-3.1,1.5,22.96,15.46
2026-08-31,2026-08-30T14:57:14.707612+00:00,2026-08-27,2026-08-19,24,-1.01,5.95,3.75,16.84
2026-09-01,2026-08-31T14:36:49.019939+00:00,2025-07-03,2025-06-17,1,2.25,27.86,5.07,8.18
2026-09-01,2026-08-31T14:36:49.019939+00:00,2025-07-03,2025-06-17,2,1.06,-12.86,0.76,7.8
2026-09-01,2026-08-31T14:36:49.019939+00:00,2025-07-03,2025-06-17,3,1.06,4.23,6.5,8.79
2026-09-01,2026-08-31T14:36:49.019939+00:00,2025-07-03,2025-06-17,4,2.25,7.44,9.24,5.79
2026-09-01,2026-08-31T14:36:49.019939+00:00,2025-07-03,2025-06-17,5,-0.73,24.4,13.07,7.94
2026-09-01,2026-08-31T14:36:49.019939+00:00,2025-07-03,2025-06-17,6,-2.84,7.43,19.45,12.59
2026-09-01,2026-08-31T14:36:49.019939+00:00,2025-07-03,2025-06-17,7,-3.44,7.56,-9.95,15.0
2026-09-01,2026-08-31T14:36:49.019939+00:00,2025-07-03,2025-06-17,8,-10.33,8.02,-23.91,18.23
2026-09-01,2026-08-31T14:36:49.019939+00:00,2025-07-03,2025-06-17,9,-10.33,14.32,-2.61,16.73
2026-09-01,2026-08-31T14:36:49.019939+00:00,2025-07-03,2025-06-17,10,-8.97,5.61,6.02,23.26
2026-09-01,2026-08-31T14:36:49.019939+00:00,2025-07-03,2025-06-17,11,11.3,9.87,7.42,23.66
2026-09-01,2026-08-31T14:36:49.019939+00:00,2025-07-03,2025-06-17,12,21.36,16.17,-7.03,20.57
2026-09-01,2026-08-31T14:36:49.019939+00:00,2025-07-03,2025-06-17,13,24.51,3.18,11.09,17.03
2026-09-01,2026-08-31T14:36:49.019939+00:00,2025-07-03,2025-06-17,14,33.08,44.57,11.13,24.33
2026-09-01,2026-08-31T14:36:49.019939+00:00,2025-07-03,2025-06-17,15,33.07,52.75,7.82,22.97
2026-09-01,2026-08-31T14:36:49.019939+00:00,2025-07-03,2025-06-17,16,36.87,52.67,-94.84,20.33
2026-09-01,2026-08-31T14:36:49.019939+00:00,2025-07-03,2025-06-17,17,45.6,-28.18,-255.47,24.72
2026-09-01,2026-08-31T14:36:49.019939+00:00,2025-07-03,2025-06-17,18,24.58,0.33,-117.2,19.85
2026-09-01,2026-08-31T14:36:49.019939+00:00,2025-07-03,2025-06-17,19,22.37,35.48,-181.71,35.19
2026-09-01,2026-08-31T14:36:49.019939+00:00,2025-07-03,2025-06-17,20,12.42,48.23,-53.45,28.14
2026-09-01,2026-08-31T14:36:49.019939+00:00,2025-07-03,2025-06-17,21,12.42,57.91,4.79,27.35
2026-09-01,2026-08-31T14:36:49.019939+00:00,2025-07-03,2025-06-17,22,10.29,27.58,9.34,20.94
2026-09-01,2026-08-31T14:36:49.019939+00:00,2025-07-03,2025-06-17,23,11.23,15.06,12.75,14.98
2026-09-01,2026-08-31T14:36:49.019939+00:00,2025-07-03,2025-06-17,24,11.23,19.61,9.56,15.69
2026-09-02,2026-09-01T15:03:23.566473+00:00,2025-09-22,2025-06-22,1,4.49,5.34,1.87,7.66
2026-09-02,2026-09-01T15:03:23.566473+00:00,2025-09-22,2025-06-22,2,-1.88,9.85,-34.96,7.48
2026-09-02,2026-09-01T15:03:23.566473+00:00,2025-09-22,2025-06-22,3,2.38,9.5,-14.81,7.5
2026-09-02,2026-09-01T15:03:23.566473+00:00,2025-09-22,2025-06-22,4,3.14,-10.08,0.25,5.51
2026-09-02,2026-09-01T15:03:23.566473+00:00,2025-09-22,2025-06-22,5,0.11,-3.18,9.9,7.67
2026-09-02,2026-09-01T15:03:23.566473+00:00,2025-09-22,2025-06-22,6,-0.1,-9.63,13.48,12.72
2026-09-02,2026-09-01T15:03:23.566473+00:00,2025-09-22,2025-06-22,7,-2.27,-23.5,9.64,15.54
2026-09-02,2026-09-01T15:03:23.566473+00:00,2025-09-22,2025-06-22,8,-6.89,6.82,0.59,18.2
2026-09-02,2026-09-01T15:03:23.566473+00:00,2025-09-22,2025-06-22,9,-0.6,6.72,-3.3,15.56
2026-09-02,2026-09-01T15:03:23.566473+00:00,2025-09-22,2025-06-22,10,-3.66,-22.71,-2.92,23.8
2026-09-02,2026-09-01T15:03:23.566473+00:00,2025-09-22,2025-06-22,11,4.64,19.61,-116.2,22.04
2026-09-02,2026-09-01T15:03:23.566473+00:00,2025-09-22,2025-06-22,12,40.09,26.85,-147.75,20.19
2026-09-02,2026-09-01T15:03:23.566473+00:00,2025-09-22,2025-06-22,13,46.46,-1.16,22.85,13.77
2026-09-02,2026-09-01T15:03:23.566473+00:00,2025-09-22,2025-06-22,14,49.58,-36.26,20.59,19.53
2026-09-02,2026-09-01T15:03:23.566473+00:00,2025-09-22,2025-06-22,15,36.55,1.23,28.81,21.29
2026-09-02,2026-09-01T15:03:23.566473+00:00,2025-09-22,2025-06-22,16,13.84,-17.13,43.13,22.06
2026-09-02,2026-09-01T15:03:23.566473+00:00,2025-09-22,2025-06-22,17,29.09,-2.61,44.54,25.92
2026-09-02,2026-09-01T15:03:23.566473+00:00,2025-09-22,2025-06-22,18,23.71,61.59,57.17,25.28
2026-09-02,2026-09-01T15:03:23.566473+00:00,2025-09-22,2025-06-22,19,27.14,66.93,34.72,33.47
2026-09-02,2026-09-01T15:03:23.566473+00:00,2025-09-22,2025-06-22,20,7.76,42.45,-3.6,28.84
2026-09-02,2026-09-01T15:03:23.566473+00:00,2025-09-22,2025-06-22,21,-10.17,40.5,-51.67,29.31
2026-09-02,2026-09-01T15:03:23.566473+00:00,2025-09-22,2025-06-22,22,0.56,-1.21,-3.93,21.64
2026-09-02,2026-09-01T15:03:23.566473+00:00,2025-09-22,2025-06-22,23,-8.67,-8.22,-6.88,15.58
2026-09-02,2026-09-01T15:03:23.566473+00:00,2025-09-22,2025-06-22,24,2.32,-1.49,-7.17,15.54
2026-09-03,2026-09-02T14:38:40.702793+00:00,2026-07-30,2026-08-10,1,1.93,7.17,-15.67,7.27
2026-09-03,2026-09-02T14:38:40.702793+00:00,2026-07-30,2026-08-10,2,1.93,8.78,-19.69,5.9
2026-09-03,2026-09-02T14:38:40.702793+00:00,2026-07-30,2026-08-10,3,1.6,12.97,-23.32,6.35
2026-09-03,2026-09-02T14:38:40.702793+00:00,2026-07-30,2026-08-10,4,0.46,16.32,-14.4,4.76
2026-09-03,2026-09-02T14:38:40.702793+00:00,2026-07-30,2026-08-10,5,1.08,14.13,-8.76,6.63
2026-09-03,2026-09-02T14:38:40.702793+00:00,2026-07-30,2026-08-10,6,1.12,16.87,-3.44,12.9
2026-09-03,2026-09-02T14:38:40.702793+00:00,2026-07-30,2026-08-10,7,0.27,14.92,5.7,15.36
2026-09-03,2026-09-02T14:38:40.702793+00:00,2026-07-30,2026-08-10,8,0.11,2.5,34.24,18.99
2026-09-03,2026-09-02T14:38:40.702793+00:00,2026-07-30,2026-08-10,9,0.27,1.99,46.1,15.01
2026-09-03,2026-09-02T14:38:40.702793+00:00,2026-07-30,2026-08-10,10,1.95,0.02,46.94,24.83
2026-09-03,2026-09-02T14:38:40.702793+00:00,2026-07-30,2026-08-10,11,3.12,16.07,46.46,23.09
2026-09-03,2026-09-02T14:38:40.702793+00:00,2026-07-30,2026-08-10,12,15.8,-45.59,-28.1,22.41
2026-09-03,2026-09-02T14:38:40.702793+00:00,2026-07-30,2026-08-10,13,19.94,17.53,-79.96,16.1
2026-09-03,2026-09-02T14:38:40.702793+00:00,2026-07-30,2026-08-10,14,24.18,9.92,-110.14,20.64
2026-09-03,2026-09-02T14:38:40.702793+00:00,2026-07-30,2026-08-10,15,24.18,-20.12,-91.55,20.01
2026-09-03,2026-09-02T14:38:40.702793+00:00,2026-07-30,2026-08-10,16,24.18,12.12,24.29,24.78
2026-09-03,2026-09-02T14:38:40.702793+00:00,2026-07-30,2026-08-10,17,24.18,6.73,-32.1,28.55
2026-09-03,2026-09-02T14:38:40.702793+00:00,2026-07-30,2026-08-10,18,21.2,3.67,14.46,27.53
2026-09-03,2026-09-02T14:38:40.702793+00:00,2026-07-30,2026-08-10,19,22.46,17.1,-83.83,32.95
2026-09-03,2026-09-02T14:38:40.702793+00:00,2026-07-30,2026-08-10,20,17.83,14.1,-31.43,27.4
2026-09-03,2026-09-02T14:38:40.702793+00:00,2026-07-30,2026-08-10,21,12.92,47.99,22.45,24.95
2026-09-03,2026-09-02T14:38:40.702793+00:00,2026-07-30,2026-08-10,22,-0.72,22.35,-5.49,18.56
2026-09-03,2026-09-02T14:38:40.702793+00:00,2026-07-30,2026-08-10,23,-0.24,5.64,-9.88,13.39
2026-09-03,2026-09-02T14:38:40.702793+00:00,2026-07-30,2026-08-10,24,0.25,3.22,11.9,12.52
2026-09-04,2026-09-03T14:42:16.867127+00:00,2026-08-27,2026-08-19,1,-0.54,5.28,-2.8,6.75
2026-09-04,2026-09-03T14:42:16.867127+00:00,2026-08-27,2026-08-19,2,-0.31,0.41,-7.48,5.76
2026-09-04,2026-09-03T14:42:16.867127+00:00,2026-08-27,2026-08-19,3,-0.31,0.51,-24.36,6.24
2026-09-04,2026-09-03T14:42:16.867127+00:00,2026-08-27,2026-08-19,4,-0.31,-0.62,-4.26,5.46
2026-09-04,2026-09-03T14:42:16.867127+00:00,2026-08-27,2026-08-19,5,-0.31,-2.7,2.35,7.04
2026-09-04,2026-09-03T14:42:16.867127+00:00,2026-08-27,2026-08-19,6,-0.54,-30.17,12.09,12.68
2026-09-04,2026-09-03T14:42:16.867127+00:00,2026-08-27,2026-08-19,7,-1.09,-17.2,22.83,16.75
2026-09-04,2026-09-03T14:42:16.867127+00:00,2026-08-27,2026-08-19,8,-1.09,-41.78,6.8,18.45
2026-09-04,2026-09-03T14:42:16.867127+00:00,2026-08-27,2026-08-19,9,-1.09,-13.51,-18.92,14.18
2026-09-04,2026-09-03T14:42:16.867127+00:00,2026-08-27,2026-08-19,10,-1.09,-7.77,-8.5,22.85
2026-09-04,2026-09-03T14:42:16.867127+00:00,2026-08-27,2026-08-19,11,1.13,-20.87,6.05,23.65
2026-09-04,2026-09-03T14:42:16.867127+00:00,2026-08-27,2026-08-19,12,1.13,-19.35,12.24,21.77
2026-09-04,2026-09-03T14:42:16.867127+00:00,2026-08-27,2026-08-19,13,8.94,9.43,3.98,13.12
2026-09-04,2026-09-03T14:42:16.867127+00:00,2026-08-27,2026-08-19,14,8.94,7.57,-19.25,16.73
2026-09-04,2026-09-03T14:42:16.867127+00:00,2026-08-27,2026-08-19,15,8.94,6.38,8.98,17.25
2026-09-04,2026-09-03T14:42:16.867127+00:00,2026-08-27,2026-08-19,16,8.94,0.23,-12.35,26.24
2026-09-04,2026-09-03T14:42:16.867127+00:00,2026-08-27,2026-08-19,17,9.7,19.73,10.98,27.08
2026-09-04,2026-09-03T14:42:16.867127+00:00,2026-08-27,2026-08-19,18,9.7,31.75,11.22,23.29
2026-09-04,2026-09-03T14:42:16.867127+00:00,2026-08-27,2026-08-19,19,9.7,60.66,29.28,28.68
2026-09-04,2026-09-03T14:42:16.867127+00:00,2026-08-27,2026-08-19,20,9.7,38.6,8.24,24.87
2026-09-04,2026-09-03T14:42:16.867127+00:00,2026-08-27,2026-08-19,21,1.13,21.53,46.87,25.68
2026-09-04,2026-09-03T14:42:16.867127+00:00,2026-08-27,2026-08-19,22,1.68,29.26,45.36,18.59
2026-09-04,2026-09-03T14:42:16.867127+00:00,2026-08-27,2026-08-19,23,1.9,1.5,22.96,12.64
2026-09-04,2026-09-03T14:42:16.867127+00:00,2026-08-27,2026-08-19,24,1.9,5.95,3.75,11.43
2026-09-05,2026-09-04T14:29:15.351829+00:00,2026-08-30,2025-07-20,1,1.51,7.33,7.13,7.12
2026-09-05,2026-09-04T14:29:15.351829+00:00,2026-08-30,2025-07-20,2,1.55,0.71,-0.18,5.21
2026-09-05,2026-09-04T14:29:15.351829+00:00,2026-08-30,2025-07-20,3,1.55,6.78,-0.08,5.71
2026-09-05,2026-09-04T14:29:15.351829+00:00,2026-08-30,2025-07-20,4,1.55,4.82,-2.37,4.44
2026-09-05,2026-09-04T14:29:15.351829+00:00,2026-08-30,2025-07-20,5,1.26,3.93,-2.63,6.17
2026-09-05,2026-09-04T14:29:15.351829+00:00,2026-08-30,2025-07-20,6,-1.9,3.86,3.52,13.21
2026-09-05,2026-09-04T14:29:15.351829+00:00,2026-08-30,2025-07-20,7,0.86,3.06,-0.86,16.48
2026-09-05,2026-09-04T14:29:15.351829+00:00,2026-08-30,2025-07-20,8,-0.08,-6.61,-13.19,18.34
2026-09-05,2026-09-04T14:29:15.351829+00:00,2026-08-30,2025-07-20,9,-0.08,-14.61,-78.32,13.63
2026-09-05,2026-09-04T14:29:15.351829+00:00,2026-08-30,2025-07-20,10,-3.83,-3.94,-12.62,23.12
2026-09-05,2026-09-04T14:29:15.351829+00:00,2026-08-30,2025-07-20,11,-9.82,2.68,-40.95,23.78
2026-09-05,2026-09-04T14:29:15.351829+00:00,2026-08-30,2025-07-20,12,-9.82,0.4,2.27,26.32
2026-09-05,2026-09-04T14:29:15.351829+00:00,2026-08-30,2025-07-20,13,-9.82,3.14,-47.57,14.98
2026-09-05,2026-09-04T14:29:15.351829+00:00,2026-08-30,2025-07-20,14,-9.82,5.66,0.51,16.43
2026-09-05,2026-09-04T14:29:15.351829+00:00,2026-08-30,2025-07-20,15,-8.19,-3.3,-11.48,18.73
2026-09-05,2026-09-04T14:29:15.351829+00:00,2026-08-30,2025-07-20,16,-8.19,1.07,-7.27,25.61
2026-09-05,2026-09-04T14:29:15.351829+00:00,2026-08-30,2025-07-20,17,-5.99,23.84,14.62,31.58
2026-09-05,2026-09-04T14:29:15.351829+00:00,2026-08-30,2025-07-20,18,5.93,16.65,65.54,29.67
2026-09-05,2026-09-04T14:29:15.351829+00:00,2026-08-30,2025-07-20,19,3.91,9.53,26.27,31.89
2026-09-05,2026-09-04T14:29:15.351829+00:00,2026-08-30,2025-07-20,20,-3.25,2.88,-1.29,25.52
2026-09-05,2026-09-04T14:29:15.351829+00:00,2026-08-30,2025-07-20,21,-8.74,19.61,-2.83,26.72
2026-09-05,2026-09-04T14:29:15.351829+00:00,2026-08-30,2025-07-20,22,-7.89,10.5,-14.54,18.7
2026-09-05,2026-09-04T14:29:15.351829+00:00,2026-08-30,2025-07-20,23,-7.6,12.23,11.33,12.33
2026-09-05,2026-09-04T14:29:15.351829+00:00,2026-08-30,2025-07-20,24,-7.6,6.95,14.42,12.53
2026-09-06,2026-09-05T13:32:16.264692+00:00,2025-09-14,2025-09-27,1,1.03,3.69,-1.19,7.47
2026-09-06,2026-09-05T13:32:16.264692+00:00,2025-09-14,2025-09-27,2,1.03,-2.53,-4.97,4.8
2026-09-06,2026-09-05T13:32:16.264692+00:00,2025-09-14,2025-09-27,3,1.03,-6.14,3.48,6.05
2026-09-06,2026-09-05T13:32:16.264692+00:00,2025-09-14,2025-09-27,4,1.03,-1.0,-1.6,4.83
2026-09-06,2026-09-05T13:32:16.264692+00:00,2025-09-14,2025-09-27,5,0.73,4.83,-15.15,6.9
2026-09-06,2026-09-05T13:32:16.264692+00:00,2025-09-14,2025-09-27,6,0.73,-1.12,-71.7,13.61
2026-09-06,2026-09-05T13:32:16.264692+00:00,2025-09-14,2025-09-27,7,0.73,-6.03,21.55,17.37
2026-09-06,2026-09-05T13:32:16.264692+00:00,2025-09-14,2025-09-27,8,0.46,6.25,12.04,19.0
2026-09-06,2026-09-05T13:32:16.264692+00:00,2025-09-14,2025-09-27,9,0.46,13.14,16.22,12.93
2026-09-06,2026-09-05T13:32:16.264692+00:00,2025-09-14,2025-09-27,10,-4.73,4.69,25.95,22.11
2026-09-06,2026-09-05T13:32:16.264692+00:00,2025-09-14,2025-09-27,11,-4.73,2.41,42.0,23.09
2026-09-06,2026-09-05T13:32:16.264692+00:00,2025-09-14,2025-09-27,12,-4.73,-4.55,43.19,21.19
2026-09-06,2026-09-05T13:32:16.264692+00:00,2025-09-14,2025-09-27,13,-4.73,-7.49,23.88,13.71
2026-09-06,2026-09-05T13:32:16.264692+00:00,2025-09-14,2025-09-27,14,-4.73,-0.42,27.77,17.8
2026-09-06,2026-09-05T13:32:16.264692+00:00,2025-09-14,2025-09-27,15,-4.73,8.37,-6.61,22.33
2026-09-06,2026-09-05T13:32:16.264692+00:00,2025-09-14,2025-09-27,16,-4.73,7.7,21.67,26.07
2026-09-06,2026-09-05T13:32:16.264692+00:00,2025-09-14,2025-09-27,17,-4.73,-58.07,-53.48,31.09
2026-09-06,2026-09-05T13:32:16.264692+00:00,2025-09-14,2025-09-27,18,-4.73,40.0,-103.78,30.15
2026-09-06,2026-09-05T13:32:16.264692+00:00,2025-09-14,2025-09-27,19,-4.73,36.96,66.77,34.66
2026-09-06,2026-09-05T13:32:16.264692+00:00,2025-09-14,2025-09-27,20,-4.46,20.87,76.5,27.59
2026-09-06,2026-09-05T13:32:16.264692+00:00,2025-09-14,2025-09-27,21,-4.46,-3.02,37.36,29.24
2026-09-06,2026-09-05T13:32:16.264692+00:00,2025-09-14,2025-09-27,22,-4.46,16.2,10.53,23.13
2026-09-06,2026-09-05T13:32:16.264692+00:00,2025-09-14,2025-09-27,23,-4.16,15.77,10.54,12.34
2026-09-06,2026-09-05T13:32:16.264692+00:00,2025-09-14,2025-09-27,24,-4.16,12.92,13.44,12.0
2026-09-07,2026-09-06T13:47:16.102792+00:00,2025-09-11,2025-06-05,1,0.73,11.11,8.97,7.41
2026-09-07,2026-09-06T13:47:16.102792+00:00,2025-09-11,2025-06-05,2,0.73,14.73,-8.61,3.67
2026-09-07,2026-09-06T13:47:16.102792+00:00,2025-09-11,2025-06-05,3,0.73,13.72,-9.8,4.94
2026-09-07,2026-09-06T13:47:16.102792+00:00,2025-09-11,2025-06-05,4,0.73,12.39,-4.64,4.1
2026-09-07,2026-09-06T13:47:16.102792+00:00,2025-09-11,2025-06-05,5,0.46,7.66,20.3,6.41
2026-09-07,2026-09-06T13:47:16.102792+00:00,2025-09-11,2025-06-05,6,0.46,-3.04,13.49,14.3
2026-09-07,2026-09-06T13:47:16.102792+00:00,2025-09-11,2025-06-05,7,0.07,-1.05,1.72,17.82
2026-09-07,2026-09-06T13:47:16.102792+00:00,2025-09-11,2025-06-05,8,-1.45,8.07,4.77,19.93
2026-09-07,2026-09-06T13:47:16.102792+00:00,2025-09-11,2025-06-05,9,-1.73,3.15,14.03,14.35
2026-09-07,2026-09-06T13:47:16.102792+00:00,2025-09-11,2025-06-05,10,-13.79,0.98,2.4,23.51
2026-09-07,2026-09-06T13:47:16.102792+00:00,2025-09-11,2025-06-05,11,1.57,0.91,-4.02,23.53
2026-09-07,2026-09-06T13:47:16.102792+00:00,2025-09-11,2025-06-05,12,1.37,1.17,-25.03,22.41
2026-09-07,2026-09-06T13:47:16.102792+00:00,2025-09-11,2025-06-05,13,1.37,5.68,-22.27,17.57
2026-09-07,2026-09-06T13:47:16.102792+00:00,2025-09-11,2025-06-05,14,0.55,8.91,-101.23,16.52
2026-09-07,2026-09-06T13:47:16.102792+00:00,2025-09-11,2025-06-05,15,0.55,10.86,-12.68,18.77
2026-09-07,2026-09-06T13:47:16.102792+00:00,2025-09-11,2025-06-05,16,0.55,17.29,7.54,26.39
2026-09-07,2026-09-06T13:47:16.102792+00:00,2025-09-11,2025-06-05,17,1.07,29.88,28.77,32.45
2026-09-07,2026-09-06T13:47:16.102792+00:00,2025-09-11,2025-06-05,18,9.84,40.64,30.24,32.56
2026-09-07,2026-09-06T13:47:16.102792+00:00,2025-09-11,2025-06-05,19,2.12,46.57,41.24,31.92
2026-09-07,2026-09-06T13:47:16.102792+00:00,2025-09-11,2025-06-05,20,1.55,19.72,31.04,30.48
2026-09-07,2026-09-06T13:47:16.102792+00:00,2025-09-11,2025-06-05,21,1.42,8.77,10.32,27.31
2026-09-07,2026-09-06T13:47:16.102792+00:00,2025-09-11,2025-06-05,22,2.24,10.05,-4.46,20.25
2026-09-07,2026-09-06T13:47:16.102792+00:00,2025-09-11,2025-06-05,23,2.51,11.64,6.44,12.17
2026-09-07,2026-09-06T13:47:16.102792+00:00,2025-09-11,2025-06-05,24,2.51,14.76,11.42,11.17
2026-09-08,2026-09-07T15:59:37.287069+00:00,2026-08-25,2026-09-04,1,-0.67,8.66,-9.8,7.32
2026-09-08,2026-09-07T15:59:37.287069+00:00,2026-08-25,2026-09-04,2,-0.67,9.19,1.29,4.92
2026-09-08,2026-09-07T15:59:37.287069+00:00,2026-08-25,2026-09-04,3,-0.67,2.09,1.37,6.66
2026-09-08,2026-09-07T15:59:37.287069+00:00,2026-08-25,2026-09-04,4,-0.67,0.97,3.69,5.5
2026-09-08,2026-09-07T15:59:37.287069+00:00,2026-08-25,2026-09-04,5,-0.67,-3.38,8.45,6.92
2026-09-08,2026-09-07T15:59:37.287069+00:00,2026-08-25,2026-09-04,6,-0.67,-8.68,-17.36,12.12
2026-09-08,2026-09-07T15:59:37.287069+00:00,2026-08-25,2026-09-04,7,-0.67,-2.23,14.45,14.54
2026-09-08,2026-09-07T15:59:37.287069+00:00,2026-08-25,2026-09-04,8,-0.67,5.49,8.87,15.65
2026-09-08,2026-09-07T15:59:37.287069+00:00,2026-08-25,2026-09-04,9,-0.67,-5.1,0.71,12.17
2026-09-08,2026-09-07T15:59:37.287069+00:00,2026-08-25,2026-09-04,10,-0.67,-0.21,-30.87,16.69
2026-09-08,2026-09-07T15:59:37.287069+00:00,2026-08-25,2026-09-04,11,-0.67,-7.76,-47.5,19.85
2026-09-08,2026-09-07T15:59:37.287069+00:00,2026-08-25,2026-09-04,12,-0.67,-5.12,-41.34,19.13
2026-09-08,2026-09-07T15:59:37.287069+00:00,2026-08-25,2026-09-04,13,-0.67,0.76,-39.56,12.14
2026-09-08,2026-09-07T15:59:37.287069+00:00,2026-08-25,2026-09-04,14,-0.67,-4.74,25.22,17.37
2026-09-08,2026-09-07T15:59:37.287069+00:00,2026-08-25,2026-09-04,15,-0.67,1.57,25.8,22.21
2026-09-08,2026-09-07T15:59:37.287069+00:00,2026-08-25,2026-09-04,16,-0.67,7.88,43.93,25.15
2026-09-08,2026-09-07T15:59:37.287069+00:00,2026-08-25,2026-09-04,17,4.22,23.28,21.31,30.02
2026-09-08,2026-09-07T15:59:37.287069+00:00,2026-08-25,2026-09-04,18,5.09,25.16,26.84,32.15
2026-09-08,2026-09-07T15:59:37.287069+00:00,2026-08-25,2026-09-04,19,5.09,25.97,9.52,34.75
2026-09-08,2026-09-07T15:59:37.287069+00:00,2026-08-25,2026-09-04,20,4.22,23.71,8.46,26.64
2026-09-08,2026-09-07T15:59:37.287069+00:00,2026-08-25,2026-09-04,21,-0.67,5.34,-21.99,23.02
2026-09-08,2026-09-07T15:59:37.287069+00:00,2026-08-25,2026-09-04,22,-0.67,-6.35,-47.05,19.57
2026-09-08,2026-09-07T15:59:37.287069+00:00,2026-08-25,2026-09-04,23,-0.67,2.84,-15.41,11.07
2026-09-08,2026-09-07T15:59:37.287069+00:00,2026-08-25,2026-09-04,24,-0.67,10.84,9.4,12.68
2026-09-09,2026-09-08T17:57:16.847839+00:00,2026-07-29,2026-06-10,1,1.15,-3.86,6.37,6.17
2026-09-09,2026-09-08T17:57:16.847839+00:00,2026-07-29,2026-06-10,2,0.4,3.21,24.83,3.8
2026-09-09,2026-09-08T17:57:16.847839+00:00,2026-07-29,2026-06-10,3,1.38,0.98,22.31,5.77
2026-09-09,2026-09-08T17:57:16.847839+00:00,2026-07-29,2026-06-10,4,1.38,9.8,-1.34,4.7
2026-09-09,2026-09-08T17:57:16.847839+00:00,2026-07-29,2026-06-10,5,-0.43,10.55,-2.03,6.3
2026-09-09,2026-09-08T17:57:16.847839+00:00,2026-07-29,2026-06-10,6,0.55,1.96,-15.34,10.7
2026-09-09,2026-09-08T17:57:16.847839+00:00,2026-07-29,2026-06-10,7,0.0,0.37,-63.76,12.42
2026-09-09,2026-09-08T17:57:16.847839+00:00,2026-07-29,2026-06-10,8,-0.86,-21.3,-6.83,14.33
2026-09-09,2026-09-08T17:57:16.847839+00:00,2026-07-29,2026-06-10,9,-4.71,-27.05,-0.09,11.16
2026-09-09,2026-09-08T17:57:16.847839+00:00,2026-07-29,2026-06-10,10,-4.99,-17.42,0.59,16.63
2026-09-09,2026-09-08T17:57:16.847839+00:00,2026-07-29,2026-06-10,11,-4.99,-457.88,2.1,16.56
2026-09-09,2026-09-08T17:57:16.847839+00:00,2026-07-29,2026-06-10,12,2.32,14.3,12.03,17.58
2026-09-09,2026-09-08T17:57:16.847839+00:00,2026-07-29,2026-06-10,13,-1.41,16.3,-8.02,10.12
2026-09-09,2026-09-08T17:57:16.847839+00:00,2026-07-29,2026-06-10,14,11.47,6.97,-36.73,14.56
2026-09-09,2026-09-08T17:57:16.847839+00:00,2026-07-29,2026-06-10,15,11.57,7.62,-38.01,18.31
2026-09-09,2026-09-08T17:57:16.847839+00:00,2026-07-29,2026-06-10,16,9.34,0.95,-47.4,23.2
2026-09-09,2026-09-08T17:57:16.847839+00:00,2026-07-29,2026-06-10,17,18.86,-8.16,-116.3,31.48
2026-09-09,2026-09-08T17:57:16.847839+00:00,2026-07-29,2026-06-10,18,10.63,-39.23,-352.22,31.75
2026-09-09,2026-09-08T17:57:16.847839+00:00,2026-07-29,2026-06-10,19,11.38,-129.42,-240.16,31.39
2026-09-09,2026-09-08T17:57:16.847839+00:00,2026-07-29,2026-06-10,20,3.92,-6.82,-43.27,23.27
2026-09-09,2026-09-08T17:57:16.847839+00:00,2026-07-29,2026-06-10,21,4.46,-1.15,-97.87,20.83
2026-09-09,2026-09-08T17:57:16.847839+00:00,2026-07-29,2026-06-10,22,5.39,2.33,-79.38,17.05
2026-09-09,2026-09-08T17:57:16.847839+00:00,2026-07-29,2026-06-10,23,3.55,10.69,-19.62,9.7
2026-09-09,2026-09-08T17:57:16.847839+00:00,2026-07-29,2026-06-10,24,2.13,5.12,4.0,11.72
2026-09-10,2026-09-09T14:44:25.811110+00:00,2026-08-03,2026-07-22,1,0.96,18.47,11.5,6.85
2026-09-10,2026-09-09T14:44:25.811110+00:00,2026-08-03,2026-07-22,2,0.96,18.01,8.32,4.32
2026-09-10,2026-09-09T14:44:25.811110+00:00,2026-08-03,2026-07-22,3,0.96,14.06,9.74,5.52
2026-09-10,2026-09-09T14:44:25.811110+00:00,2026-08-03,2026-07-22,4,0.96,-2.0,10.03,5.24
2026-09-10,2026-09-09T14:44:25.811110+00:00,2026-08-03,2026-07-22,5,-0.18,-2.72,20.25,6.63
2026-09-10,2026-09-09T14:44:25.811110+00:00,2026-08-03,2026-07-22,6,-1.58,-2.31,10.02,11.14
2026-09-10,2026-09-09T14:44:25.811110+00:00,2026-08-03,2026-07-22,7,-2.06,-3.56,2.88,12.07
2026-09-10,2026-09-09T14:44:25.811110+00:00,2026-08-03,2026-07-22,8,-1.06,-1.39,-0.32,14.17
2026-09-10,2026-09-09T14:44:25.811110+00:00,2026-08-03,2026-07-22,9,-1.35,9.78,5.06,10.91
2026-09-10,2026-09-09T14:44:25.811110+00:00,2026-08-03,2026-07-22,10,-0.24,19.18,6.81,16.02
2026-09-10,2026-09-09T14:44:25.811110+00:00,2026-08-03,2026-07-22,11,4.97,16.61,23.95,16.64
2026-09-10,2026-09-09T14:44:25.811110+00:00,2026-08-03,2026-07-22,12,4.97,11.4,22.74,17.68
2026-09-10,2026-09-09T14:44:25.811110+00:00,2026-08-03,2026-07-22,13,4.97,16.41,21.11,10.74
2026-09-10,2026-09-09T14:44:25.811110+00:00,2026-08-03,2026-07-22,14,4.97,15.7,14.28,14.29
2026-09-10,2026-09-09T14:44:25.811110+00:00,2026-08-03,2026-07-22,15,5.41,2.69,6.89,18.0
2026-09-10,2026-09-09T14:44:25.811110+00:00,2026-08-03,2026-07-22,16,4.35,28.33,2.11,21.82
2026-09-10,2026-09-09T14:44:25.811110+00:00,2026-08-03,2026-07-22,17,5.23,9.31,13.32,27.59
2026-09-10,2026-09-09T14:44:25.811110+00:00,2026-08-03,2026-07-22,18,7.52,-11.04,9.91,29.31
2026-09-10,2026-09-09T14:44:25.811110+00:00,2026-08-03,2026-07-22,19,19.14,-115.57,10.2,30.83
2026-09-10,2026-09-09T14:44:25.811110+00:00,2026-08-03,2026-07-22,20,19.14,-10.25,12.94,22.7
2026-09-10,2026-09-09T14:44:25.811110+00:00,2026-08-03,2026-07-22,21,7.52,21.91,7.65,22.04
2026-09-10,2026-09-09T14:44:25.811110+00:00,2026-08-03,2026-07-22,22,7.24,14.04,6.04,17.68
2026-09-10,2026-09-09T14:44:25.811110+00:00,2026-08-03,2026-07-22,23,8.83,0.6,4.04,10.84
2026-09-10,2026-09-09T14:44:25.811110+00:00,2026-08-03,2026-07-22,24,8.83,7.85,9.66,11.85
2026-09-11,2026-09-10T14:36:06.822185+00:00,2025-09-11,2026-08-28,1,2.25,11.11,-1.89,5.92
2026-09-11,2026-09-10T14:36:06.822185+00:00,2025-09-11,2026-08-28,2,2.76,14.73,2.4,3.15
2026-09-11,2026-09-10T14:36:06.822185+00:00,2025-09-11,2026-08-28,3,1.45,13.72,2.67,4.26
2026-09-11,2026-09-10T14:36:06.822185+00:00,2025-09-11,2026-08-28,4,2.74,12.39,2.99,3.34
2026-09-11,2026-09-10T14:36:06.822185+00:00,2025-09-11,2026-08-28,5,1.71,7.66,3.61,6.49
2026-09-11,2026-09-10T14:36:06.822185+00:00,2025-09-11,2026-08-28,6,1.04,-3.04,1.39,11.02
2026-09-11,2026-09-10T14:36:06.822185+00:00,2025-09-11,2026-08-28,7,-0.31,-1.05,8.59,11.36
2026-09-11,2026-09-10T14:36:06.822185+00:00,2025-09-11,2026-08-28,8,-0.05,8.07,10.85,15.78
2026-09-11,2026-09-10T14:36:06.822185+00:00,2025-09-11,2026-08-28,9,-3.11,3.15,12.36,11.54
2026-09-11,2026-09-10T14:36:06.822185+00:00,2025-09-11,2026-08-28,10,0.58,0.98,8.43,18.17
2026-09-11,2026-09-10T14:36:06.822185+00:00,2025-09-11,2026-08-28,11,16.64,0.91,7.51,19.03
2026-09-11,2026-09-10T14:36:06.822185+00:00,2025-09-11,2026-08-28,12,17.62,1.17,1.09,22.15
2026-09-11,2026-09-10T14:36:06.822185+00:00,2025-09-11,2026-08-28,13,17.34,5.68,7.91,17.94
2026-09-11,2026-09-10T14:36:06.822185+00:00,2025-09-11,2026-08-28,14,17.43,8.91,8.72,11.62
2026-09-11,2026-09-10T14:36:06.822185+00:00,2025-09-11,2026-08-28,15,17.77,10.86,3.6,18.33
2026-09-11,2026-09-10T14:36:06.822185+00:00,2025-09-11,2026-08-28,16,19.52,17.29,1.7,23.94
2026-09-11,2026-09-10T14:36:06.822185+00:00,2025-09-11,2026-08-28,17,25.08,29.88,6.98,26.76
2026-09-11,2026-09-10T14:36:06.822185+00:00,2025-09-11,2026-08-28,18,31.21,40.64,0.14,28.51
2026-09-11,2026-09-10T14:36:06.822185+00:00,2025-09-11,2026-08-28,19,29.77,46.57,20.03,27.3
2026-09-11,2026-09-10T14:36:06.822185+00:00,2025-09-11,2026-08-28,20,25.07,19.72,20.08,24.18
2026-09-11,2026-09-10T14:36:06.822185+00:00,2025-09-11,2026-08-28,21,13.5,8.77,14.24,20.67
2026-09-11,2026-09-10T14:36:06.822185+00:00,2025-09-11,2026-08-28,22,13.85,10.05,15.92,13.69
2026-09-11,2026-09-10T14:36:06.822185+00:00,2025-09-11,2026-08-28,23,15.22,11.64,11.15,10.23
2026-09-11,2026-09-10T14:36:06.822185+00:00,2025-09-11,2026-08-28,24,8.66,14.76,16.52,10.77
2026-09-12,2026-09-11T20:53:24.565510+00:00,2026-08-22,2026-08-29,1,2.25,4.08,15.42,6.35
2026-09-12,2026-09-11T20:53:24.565510+00:00,2026-08-22,2026-08-29,2,2.17,3.0,6.0,3.59
2026-09-12,2026-09-11T20:53:24.565510+00:00,2026-08-22,2026-08-29,3,2.17,2.08,9.36,4.48
2026-09-12,2026-09-11T20:53:24.565510+00:00,2026-08-22,2026-08-29,4,2.17,0.56,13.98,4.68
2026-09-12,2026-09-11T20:53:24.565510+00:00,2026-08-22,2026-08-29,5,1.58,-3.13,23.37,6.1
2026-09-12,2026-09-11T20:53:24.565510+00:00,2026-08-22,2026-08-29,6,0.92,0.9,13.9,9.57
2026-09-12,2026-09-11T20:53:24.565510+00:00,2026-08-22,2026-08-29,7,0.69,4.74,11.6,11.23
2026-09-12,2026-09-11T20:53:24.565510+00:00,2026-08-22,2026-08-29,8,0.21,7.71,18.98,14.01
2026-09-12,2026-09-11T20:53:24.565510+00:00,2026-08-22,2026-08-29,9,-0.33,7.93,9.16,10.63
2026-09-12,2026-09-11T20:53:24.565510+00:00,2026-08-22,2026-08-29,10,-0.33,10.49,27.61,15.05
2026-09-12,2026-09-11T20:53:24.565510+00:00,2026-08-22,2026-08-29,11,-0.27,18.94,23.83,15.14
2026-09-12,2026-09-11T20:53:24.565510+00:00,2026-08-22,2026-08-29,12,-0.48,18.53,17.04,16.19
2026-09-12,2026-09-11T20:53:24.565510+00:00,2026-08-22,2026-08-29,13,-1.21,-31.27,3.5,11.11
2026-09-12,2026-09-11T20:53:24.565510+00:00,2026-08-22,2026-08-29,14,-0.48,-22.33,4.44,14.97
2026-09-12,2026-09-11T20:53:24.565510+00:00,2026-08-22,2026-08-29,15,-1.71,-4.84,4.85,22.27
2026-09-12,2026-09-11T20:53:24.565510+00:00,2026-08-22,2026-08-29,16,-1.76,1.37,-2.58,24.9
2026-09-12,2026-09-11T20:53:24.565510+00:00,2026-08-22,2026-08-29,17,7.37,26.23,14.85,28.85
2026-09-12,2026-09-11T20:53:24.565510+00:00,2026-08-22,2026-08-29,18,9.23,35.49,25.14,30.79
2026-09-12,2026-09-11T20:53:24.565510+00:00,2026-08-22,2026-08-29,19,10.31,26.09,28.19,27.92
2026-09-12,2026-09-11T20:53:24.565510+00:00,2026-08-22,2026-08-29,20,4.83,-6.34,4.76,23.54
2026-09-12,2026-09-11T20:53:24.565510+00:00,2026-08-22,2026-08-29,21,6.01,-7.03,-2.09,19.52
2026-09-12,2026-09-11T20:53:24.565510+00:00,2026-08-22,2026-08-29,22,6.01,-11.66,-2.04,16.06
2026-09-12,2026-09-11T20:53:24.565510+00:00,2026-08-22,2026-08-29,23,6.51,-13.06,15.32,10.17
2026-09-12,2026-09-11T20:53:24.565510+00:00,2026-08-22,2026-08-29,24,6.38,8.88,14.31,10.45
2026-09-13,2026-09-12T13:43:33.341115+00:00,2025-08-24,2026-08-29,1,1.77,8.58,15.42,6.52
2026-09-13,2026-09-12T13:43:33.341115+00:00,2025-08-24,2026-08-29,2,1.77,-3.87,6.0,3.86
2026-09-13,2026-09-12T13:43:33.341115+00:00,2025-08-24,2026-08-29,3,1.77,-0.2,9.36,4.71
2026-09-13,2026-09-12T13:43:33.341115+00:00,2025-08-24,2026-08-29,4,1.77,-23.29,13.98,5.3
2026-09-13,2026-09-12T13:43:33.341115+00:00,2025-08-24,2026-08-29,5,-1.04,-10.53,23.37,6.66
2026-09-13,2026-09-12T13:43:33.341115+00:00,2025-08-24,2026-08-29,6,-0.0,-6.53,13.9,9.09
2026-09-13,2026-09-12T13:43:33.341115+00:00,2025-08-24,2026-08-29,7,-0.29,8.52,11.6,10.95
2026-09-13,2026-09-12T13:43:33.341115+00:00,2025-08-24,2026-08-29,8,-0.51,3.06,18.98,13.26
2026-09-13,2026-09-12T13:43:33.341115+00:00,2025-08-24,2026-08-29,9,-0.61,2.25,9.16,10.39
2026-09-13,2026-09-12T13:43:33.341115+00:00,2025-08-24,2026-08-29,10,1.83,-5.75,27.61,14.7
2026-09-13,2026-09-12T13:43:33.341115+00:00,2025-08-24,2026-08-29,11,3.56,-8.88,23.83,14.88
2026-09-13,2026-09-12T13:43:33.341115+00:00,2025-08-24,2026-08-29,12,3.56,-8.32,17.04,16.0
2026-09-13,2026-09-12T13:43:33.341115+00:00,2025-08-24,2026-08-29,13,3.56,8.73,3.5,11.39
2026-09-13,2026-09-12T13:43:33.341115+00:00,2025-08-24,2026-08-29,14,2.45,13.17,4.44,15.33
2026-09-13,2026-09-12T13:43:33.341115+00:00,2025-08-24,2026-08-29,15,2.45,14.74,4.85,21.44
2026-09-13,2026-09-12T13:43:33.341115+00:00,2025-08-24,2026-08-29,16,3.38,2.73,-2.58,24.78
2026-09-13,2026-09-12T13:43:33.341115+00:00,2025-08-24,2026-08-29,17,3.43,-344.54,14.85,29.95
2026-09-13,2026-09-12T13:43:33.341115+00:00,2025-08-24,2026-08-29,18,10.08,-936.96,25.14,33.84
2026-09-13,2026-09-12T13:43:33.341115+00:00,2025-08-24,2026-08-29,19,1.23,-420.22,28.19,29.15
2026-09-13,2026-09-12T13:43:33.341115+00:00,2025-08-24,2026-08-29,20,5.08,16.26,4.76,23.09
2026-09-13,2026-09-12T13:43:33.341115+00:00,2025-08-24,2026-08-29,21,2.99,-95.1,-2.09,19.45
2026-09-13,2026-09-12T13:43:33.341115+00:00,2025-08-24,2026-08-29,22,3.32,11.36,-2.04,14.22
2026-09-13,2026-09-12T13:43:33.341115+00:00,2025-08-24,2026-08-29,23,4.47,14.2,15.32,10.22
2026-09-13,2026-09-12T13:43:33.341115+00:00,2025-08-24,2026-08-29,24,5.42,4.58,14.31,10.82
2026-09-14,2026-09-13T17:41:31.994476+00:00,2026-05-06,2025-09-19,1,4.66,7.23,5.22,6.08
2026-09-14,2026-09-13T17:41:31.994476+00:00,2026-05-06,2025-09-19,2,4.43,6.5,3.76,3.82
2026-09-14,2026-09-13T17:41:31.994476+00:00,2026-05-06,2025-09-19,3,4.7,6.92,2.17,4.48
2026-09-14,2026-09-13T17:41:31.994476+00:00,2026-05-06,2025-09-19,4,3.4,1.36,6.58,5.41
2026-09-14,2026-09-13T17:41:31.994476+00:00,2026-05-06,2025-09-19,5,2.87,-2.48,0.8,6.54
2026-09-14,2026-09-13T17:41:31.994476+00:00,2026-05-06,2025-09-19,6,2.42,15.86,-9.09,8.85
2026-09-14,2026-09-13T17:41:31.994476+00:00,2026-05-06,2025-09-19,7,0.39,27.62,-56.39,10.77
2026-09-14,2026-09-13T17:41:31.994476+00:00,2026-05-06,2025-09-19,8,-4.31,20.3,-56.68,13.83
2026-09-14,2026-09-13T17:41:31.994476+00:00,2026-05-06,2025-09-19,9,-6.07,18.88,-49.06,11.7
2026-09-14,2026-09-13T17:41:31.994476+00:00,2026-05-06,2025-09-19,10,-4.77,15.45,-25.49,14.29
2026-09-14,2026-09-13T17:41:31.994476+00:00,2026-05-06,2025-09-19,11,-3.63,9.43,-2.61,13.62
2026-09-14,2026-09-13T17:41:31.994476+00:00,2026-05-06,2025-09-19,12,-4.6,2.88,-16.88,14.62
2026-09-14,2026-09-13T17:41:31.994476+00:00,2026-05-06,2025-09-19,13,-0.2,3.62,-4.03,9.65
2026-09-14,2026-09-13T17:41:31.994476+00:00,2026-05-06,2025-09-19,14,5.77,3.32,-35.17,14.7
2026-09-14,2026-09-13T17:41:31.994476+00:00,2026-05-06,2025-09-19,15,5.77,-0.29,-15.14,21.86
2026-09-14,2026-09-13T17:41:31.994476+00:00,2026-05-06,2025-09-19,16,5.65,-25.7,-6.96,24.67
2026-09-14,2026-09-13T17:41:31.994476+00:00,2026-05-06,2025-09-19,17,-9.19,-28.98,-4.48,28.71
2026-09-14,2026-09-13T17:41:31.994476+00:00,2026-05-06,2025-09-19,18,18.94,3.86,27.15,32.16
2026-09-14,2026-09-13T17:41:31.994476+00:00,2026-05-06,2025-09-19,19,15.81,8.37,-14.67,27.36
2026-09-14,2026-09-13T17:41:31.994476+00:00,2026-05-06,2025-09-19,20,6.76,20.1,3.61,22.03
2026-09-14,2026-09-13T17:41:31.994476+00:00,2026-05-06,2025-09-19,21,1.76,-9.89,5.33,18.88
2026-09-14,2026-09-13T17:41:31.994476+00:00,2026-05-06,2025-09-19,22,1.82,-10.4,8.09,14.85
2026-09-14,2026-09-13T17:41:31.994476+00:00,2026-05-06,2025-09-19,23,2.09,9.14,16.54,9.85
2026-09-14,2026-09-13T17:41:31.994476+00:00,2026-05-06,2025-09-19,24,4.02,19.36,18.12,10.76
2026-09-15,2026-09-14T16:30:27.131083+00:00,2026-04-29,2026-08-24,1,4.45,2.26,7.84,6.14
2026-09-15,2026-09-14T16:30:27.131083+00:00,2026-04-29,2026-08-24,2,4.19,10.17,4.99,3.76
2026-09-15,2026-09-14T16:30:27.131083+00:00,2026-04-29,2026-08-24,3,4.02,15.64,9.84,4.45
2026-09-15,2026-09-14T16:30:27.131083+00:00,2026-04-29,2026-08-24,4,4.4,18.44,8.23,5.7
2026-09-15,2026-09-14T16:30:27.131083+00:00,2026-04-29,2026-08-24,5,2.72,15.89,14.15,6.61
2026-09-15,2026-09-14T16:30:27.131083+00:00,2026-04-29,2026-08-24,6,1.27,-3.08,14.67,9.29
2026-09-15,2026-09-14T16:30:27.131083+00:00,2026-04-29,2026-08-24,7,-0.34,-18.96,13.65,10.75
2026-09-15,2026-09-14T16:30:27.131083+00:00,2026-04-29,2026-08-24,8,-1.32,-1.32,7.99,14.12
2026-09-15,2026-09-14T16:30:27.131083+00:00,2026-04-29,2026-08-24,9,0.72,33.33,3.64,11.77
2026-09-15,2026-09-14T16:30:27.131083+00:00,2026-04-29,2026-08-24,10,-0.21,21.9,6.5,14.42
2026-09-15,2026-09-14T16:30:27.131083+00:00,2026-04-29,2026-08-24,11,-0.14,8.53,15.28,12.79
2026-09-15,2026-09-14T16:30:27.131083+00:00,2026-04-29,2026-08-24,12,-2.35,-8.23,18.76,14.3
2026-09-15,2026-09-14T16:30:27.131083+00:00,2026-04-29,2026-08-24,13,3.86,-36.47,13.52,8.85
2026-09-15,2026-09-14T16:30:27.131083+00:00,2026-04-29,2026-08-24,14,9.38,-58.74,6.57,13.65
2026-09-15,2026-09-14T16:30:27.131083+00:00,2026-04-29,2026-08-24,15,9.92,0.86,11.74,21.33
2026-09-15,2026-09-14T16:30:27.131083+00:00,2026-04-29,2026-08-24,16,8.7,-33.11,10.58,25.37
2026-09-15,2026-09-14T16:30:27.131083+00:00,2026-04-29,2026-08-24,17,12.7,4.32,20.67,27.97
2026-09-15,2026-09-14T16:30:27.131083+00:00,2026-04-29,2026-08-24,18,12.79,17.35,23.48,31.51
2026-09-15,2026-09-14T16:30:27.131083+00:00,2026-04-29,2026-08-24,19,13.23,28.29,38.69,26.1
2026-09-15,2026-09-14T16:30:27.131083+00:00,2026-04-29,2026-08-24,20,15.97,17.8,33.03,21.24
2026-09-15,2026-09-14T16:30:27.131083+00:00,2026-04-29,2026-08-24,21,11.23,-22.97,23.15,18.17
2026-09-15,2026-09-14T16:30:27.131083+00:00,2026-04-29,2026-08-24,22,6.31,12.24,4.72,14.57
2026-09-15,2026-09-14T16:30:27.131083+00:00,2026-04-29,2026-08-24,23,3.62,14.83,6.34,9.73
2026-09-15,2026-09-14T16:30:27.131083+00:00,2026-04-29,2026-08-24,24,13.25,15.59,14.69,10.61
2026-09-16,2026-09-15T15:10:13.804763+00:00,2025-09-24,2026-09-04,1,-0.12,6.31,-9.8,4.99
2026-09-16,2026-09-15T15:10:13.804763+00:00,2025-09-24,2026-09-04,2,-0.12,8.17,1.29,3.18
2026-09-16,2026-09-15T15:10:13.804763+00:00,2025-09-24,2026-09-04,3,-0.12,7.14,1.37,3.67
2026-09-16,2026-09-15T15:10:13.804763+00:00,2025-09-24,2026-09-04,4,-0.12,2.38,3.69,5.36
2026-09-16,2026-09-15T15:10:13.804763+00:00,2025-09-24,2026-09-04,5,-0.12,5.59,8.45,6.57
2026-09-16,2026-09-15T15:10:13.804763+00:00,2025-09-24,2026-09-04,6,-0.12,21.5,-17.36,9.07
2026-09-16,2026-09-15T15:10:13.804763+00:00,2025-09-24,2026-09-04,7,-0.12,-9.47,14.45,10.96
2026-09-16,2026-09-15T15:10:13.804763+00:00,2025-09-24,2026-09-04,8,-0.12,31.2,8.87,14.9
2026-09-16,2026-09-15T15:10:13.804763+00:00,2025-09-24,2026-09-04,9,-0.12,5.53,0.71,12.39
2026-09-16,2026-09-15T15:10:13.804763+00:00,2025-09-24,2026-09-04,10,-0.12,54.33,-30.87,15.05
2026-09-16,2026-09-15T15:10:13.804763+00:00,2025-09-24,2026-09-04,11,-0.12,53.4,-47.5,14.22
2026-09-16,2026-09-15T15:10:13.804763+00:00,2025-09-24,2026-09-04,12,1.12,62.27,-41.34,16.04
2026-09-16,2026-09-15T15:10:13.804763+00:00,2025-09-24,2026-09-04,13,1.12,68.76,-39.56,9.78
2026-09-16,2026-09-15T15:10:13.804763+00:00,2025-09-24,2026-09-04,14,1.12,75.3,25.22,11.62
2026-09-16,2026-09-15T15:10:13.804763+00:00,2025-09-24,2026-09-04,15,1.12,73.86,25.8,19.92
2026-09-16,2026-09-15T15:10:13.804763+00:00,2025-09-24,2026-09-04,16,1.12,77.74,43.93,25.74
2026-09-16,2026-09-15T15:10:13.804763+00:00,2025-09-24,2026-09-04,17,1.12,86.4,21.31,30.1
2026-09-16,2026-09-15T15:10:13.804763+00:00,2025-09-24,2026-09-04,18,1.12,67.97,26.84,27.76
2026-09-16,2026-09-15T15:10:13.804763+00:00,2025-09-24,2026-09-04,19,1.12,72.1,9.52,24.05
2026-09-16,2026-09-15T15:10:13.804763+00:00,2025-09-24,2026-09-04,20,1.12,81.3,8.46,18.12
2026-09-16,2026-09-15T15:10:13.804763+00:00,2025-09-24,2026-09-04,21,1.12,37.62,-21.99,17.01
2026-09-16,2026-09-15T15:10:13.804763+00:00,2025-09-24,2026-09-04,22,1.12,-44.19,-47.05,13.32
2026-09-16,2026-09-15T15:10:13.804763+00:00,2025-09-24,2026-09-04,23,1.12,-42.8,-15.41,10.23
2026-09-16,2026-09-15T15:10:13.804763+00:00,2025-09-24,2026-09-04,24,1.12,1.03,9.4,8.96
2026-09-17,2026-09-16T15:06:52.570387+00:00,2026-09-16,2026-08-25,1,0.52,-13.83,8.66,5.98
2026-09-17,2026-09-16T15:06:52.570387+00:00,2026-09-16,2026-08-25,2,0.0,-16.11,9.19,3.48
2026-09-17,2026-09-16T15:06:52.570387+00:00,2026-09-16,2026-08-25,3,2.43,-10.35,2.09,3.91
2026-09-17,2026-09-16T15:06:52.570387+00:00,2026-09-16,2026-08-25,4,1.77,-11.87,0.97,5.2
2026-09-17,2026-09-16T15:06:52.570387+00:00,2026-09-16,2026-08-25,5,1.44,-4.71,-3.38,6.77
2026-09-17,2026-09-16T15:06:52.570387+00:00,2026-09-16,2026-08-25,6,-2.02,-14.79,-8.68,9.69
2026-09-17,2026-09-16T15:06:52.570387+00:00,2026-09-16,2026-08-25,7,-2.5,-25.46,-2.23,12.73
2026-09-17,2026-09-16T15:06:52.570387+00:00,2026-09-16,2026-08-25,8,-3.06,-21.5,5.49,16.36
2026-09-17,2026-09-16T15:06:52.570387+00:00,2026-09-16,2026-08-25,9,0.04,-5.61,-5.1,13.24
2026-09-17,2026-09-16T15:06:52.570387+00:00,2026-09-16,2026-08-25,10,-4.38,-48.35,-0.21,17.13
2026-09-17,2026-09-16T15:06:52.570387+00:00,2026-09-16,2026-08-25,11,-3.56,-32.84,-7.76,15.4
2026-09-17,2026-09-16T15:06:52.570387+00:00,2026-09-16,2026-08-25,12,4.04,,-5.12,16.49
2026-09-17,2026-09-16T15:06:52.570387+00:00,2026-09-16,2026-08-25,13,12.69,,0.76,12.67
2026-09-17,2026-09-16T15:06:52.570387+00:00,2026-09-16,2026-08-25,14,12.69,,-4.74,11.61
2026-09-17,2026-09-16T15:06:52.570387+00:00,2026-09-16,2026-08-25,15,13.54,,1.57,19.31
2026-09-17,2026-09-16T15:06:52.570387+00:00,2026-09-16,2026-08-25,16,12.69,,7.88,24.39
2026-09-17,2026-09-16T15:06:52.570387+00:00,2026-09-16,2026-08-25,17,15.35,,23.28,30.11
2026-09-17,2026-09-16T15:06:52.570387+00:00,2026-09-16,2026-08-25,18,17.45,,25.16,28.48
2026-09-17,2026-09-16T15:06:52.570387+00:00,2026-09-16,2026-08-25,19,16.34,,25.97,26.01
2026-09-17,2026-09-16T15:06:52.570387+00:00,2026-09-16,2026-08-25,20,17.04,,23.71,18.45
2026-09-17,2026-09-16T15:06:52.570387+00:00,2026-09-16,2026-08-25,21,9.17,,5.34,17.21
2026-09-17,2026-09-16T15:06:52.570387+00:00,2026-09-16,2026-08-25,22,9.45,,-6.35,13.91
2026-09-17,2026-09-16T15:06:52.570387+00:00,2026-09-16,2026-08-25,23,12.0,,2.84,10.45
2026-09-17,2026-09-16T15:06:52.570387+00:00,2026-09-16,2026-08-25,24,12.0,,10.84,8.67
2026-09-18,2026-09-17T17:14:11.995499+00:00,2026-09-14,2025-08-26,1,5.02,8.78,8.93,
2026-09-18,2026-09-17T17:14:11.995499+00:00,2026-09-14,2025-08-26,2,5.02,3.01,7.96,
2026-09-18,2026-09-17T17:14:11.995499+00:00,2026-09-14,2025-08-26,3,5.02,8.9,-0.13,
2026-09-18,2026-09-17T17:14:11.995499+00:00,2026-09-14,2025-08-26,4,1.35,14.5,0.25,
2026-09-18,2026-09-17T17:14:11.995499+00:00,2026-09-14,2025-08-26,5,3.63,12.71,15.55,
2026-09-18,2026-09-17T17:14:11.995499+00:00,2026-09-14,2025-08-26,6,3.72,13.93,6.75,
2026-09-18,2026-09-17T17:14:11.995499+00:00,2026-09-14,2025-08-26,7,-1.38,17.35,2.02,
2026-09-18,2026-09-17T17:14:11.995499+00:00,2026-09-14,2025-08-26,8,-3.13,10.9,-1.25,
2026-09-18,2026-09-17T17:14:11.995499+00:00,2026-09-14,2025-08-26,9,-2.71,2.44,3.21,
2026-09-18,2026-09-17T17:14:11.995499+00:00,2026-09-14,2025-08-26,10,0.51,10.52,4.09,
2026-09-18,2026-09-17T17:14:11.995499+00:00,2026-09-14,2025-08-26,11,-2.01,-0.12,2.0,
2026-09-18,2026-09-17T17:14:11.995499+00:00,2026-09-14,2025-08-26,12,-2.01,2.95,3.54,
2026-09-18,2026-09-17T17:14:11.995499+00:00,2026-09-14,2025-08-26,13,18.58,3.02,4.41,
2026-09-18,2026-09-17T17:14:11.995499+00:00,2026-09-14,2025-08-26,14,17.62,6.3,8.12,
2026-09-18,2026-09-17T17:14:11.995499+00:00,2026-09-14,2025-08-26,15,17.62,4.65,9.06,
2026-09-18,2026-09-17T17:14:11.995499+00:00,2026-09-14,2025-08-26,16,15.5,-3.91,14.48,
2026-09-18,2026-09-17T17:14:11.995499+00:00,2026-09-14,2025-08-26,17,15.8,-134.65,27.22,
2026-09-18,2026-09-17T17:14:11.995499+00:00,2026-09-14,2025-08-26,18,16.81,1.44,25.93,
2026-09-18,2026-09-17T17:14:11.995499+00:00,2026-09-14,2025-08-26,19,17.64,-89.32,17.33,
2026-09-18,2026-09-17T17:14:11.995499+00:00,2026-09-14,2025-08-26,20,18.84,-9.5,6.85,
2026-09-18,2026-09-17T17:14:11.995499+00:00,2026-09-14,2025-08-26,21,17.0,-14.95,-9.16,
2026-09-18,2026-09-17T17:14:11.995499+00:00,2026-09-14,2025-08-26,22,17.12,-2.28,1.49,
2026-09-18,2026-09-17T17:14:11.995499+00:00,2026-09-14,2025-08-26,23,18.0,-2.16,3.44,
2026-09-18,2026-09-17T17:14:11.995499+00:00,2026-09-14,2025-08-26,24,15.92,6.87,8.45,
